0.349846	-0.434249	0.000000
-0.178396	-0.515037	0.000000
0.503483	0.337257	0.000000
0.147669	0.408069	0.000000
-0.574869	0.677925	0.000000
0.470083	0.503149	0.000000
-0.009333	0.467320	0.000000
-0.660574	0.565535	0.000000
-0.358531	0.487919	0.000000
-0.382539	-0.819325	0.000000
-0.362417	-0.138150	0.000000
0.372061	0.414416	0.000000
-0.426276	-0.359273	0.000000
0.489601	0.526590	0.000000
0.248227	-0.540114	0.000000
0.581900	-0.308574	0.000000
-0.581895	0.843991	0.000000
0.349120	0.396625	0.000000
-0.313381	0.541824	0.000000
-0.384488	0.665311	0.000000
-0.200726	0.495130	0.000000
0.089179	0.397830	0.000000
-0.196819	-0.054370	0.000000
0.324333	0.454084	0.000000
0.141882	-0.143755	0.000000
0.829791	-0.618597	0.000000
0.938505	0.815298	0.000000
-0.569392	0.732629	0.000000
0.612869	-0.668525	0.000000
-0.118333	0.484636	0.000000
0.902691	0.646507	0.000000
-0.522282	-0.158006	0.000000
0.149204	0.851397	0.000000
0.367749	0.482108	0.000000
0.604904	-0.618170	0.000000
0.358870	-0.133959	0.000000
0.106659	-0.208634	0.000000
0.825473	0.710951	0.000000
-0.122539	0.076657	0.000000
-0.493248	0.671721	0.000000
-0.869952	0.646375	0.000000
0.090380	0.746284	0.000000
0.761819	0.494548	0.000000
0.460718	0.252465	0.000000
-0.351816	-0.138843	0.000000
-0.280912	0.157658	0.000000
0.346494	0.953222	0.000000
-0.272150	0.630192	0.000000
-0.185213	0.684370	0.000000
0.439637	0.660907	0.000000
-0.256023	0.650064	0.000000
0.763179	0.751698	0.000000
0.109041	-0.119406	0.000000
0.648008	0.441136	0.000000
0.714892	-0.514874	0.000000
0.768825	0.332421	0.000000
0.176506	-0.550785	0.000000
0.603322	0.254552	0.000000
0.644944	0.375495	0.000000
0.754233	-0.357080	0.000000
0.059931	0.778470	0.000000
-0.175644	0.660024	0.000000
-0.132122	-0.541721	0.000000
-0.573893	-0.489747	0.000000
0.693860	0.732345	0.000000
-0.656649	0.833999	0.000000
-0.571949	0.785179	0.000000
0.078536	0.743109	0.000000
0.702696	0.599108	0.000000
0.451494	0.601315	0.000000
-0.433595	0.587337	0.000000
0.759782	0.238324	0.000000
-0.300491	0.547980	0.000000
0.127506	0.744255	0.000000
-0.744195	0.361396	0.000000
0.759673	0.436164	0.000000
-0.474899	0.581226	0.000000
0.629077	0.020852	0.000000
0.812595	0.603528	0.000000
0.395560	-0.107987	0.000000
-0.507287	0.759003	0.000000
0.258094	0.546642	0.000000
0.614649	-0.420183	0.000000
-0.807039	0.285053	0.000000
-0.774791	0.763937	0.000000
-0.599510	0.166447	0.000000
-0.604250	-0.883923	0.000000
-0.280614	-0.138187	0.000000
0.547568	0.394499	0.000000
0.514242	0.533948	0.000000
0.747922	0.720097	0.000000
-0.356570	-0.119066	0.000000
0.752034	0.395402	0.000000
0.106069	-0.272734	0.000000
-0.355971	0.635924	0.000000
-0.869148	0.340895	0.000000
0.244133	0.091987	0.000000
0.358864	0.230424	0.000000
0.482169	0.690342	0.000000
-0.658712	0.761410	0.000000
-0.408439	0.393377	0.000000
-0.982506	0.755664	0.000000
-0.814235	0.490258	0.000000
0.634811	0.142363	0.000000
-0.651987	-0.193398	0.000000
-0.819196	0.666917	0.000000
-0.701463	0.059800	0.000000
-0.815222	0.648988	0.000000
0.061433	-0.124880	0.000000
0.699639	0.498775	0.000000
-0.416231	-0.363610	0.000000
-0.559089	-0.475168	0.000000
-0.172388	0.588156	0.000000
0.216042	-0.012651	0.000000
0.577747	0.100514	0.000000
0.696703	0.844025	0.000000
0.833322	-0.583008	0.000000
0.524276	0.686878	0.000000
0.440373	-0.016470	0.000000
-0.260285	0.381219	0.000000
-0.190914	-0.081562	0.000000
0.821568	0.593520	0.000000
0.147680	0.563472	0.000000
0.606501	0.508329	0.000000
0.228656	-0.200119	0.000000
0.488556	-0.364378	0.000000
-0.616720	0.685917	0.000000
-0.415285	0.834134	0.000000
0.113764	0.393644	0.000000
0.717813	0.568453	0.000000
-0.800720	0.722471	0.000000
0.083679	-0.079773	0.000000
-0.230683	0.439778	0.000000
-0.903236	0.626601	0.000000
0.530619	0.507564	0.000000
0.001771	-0.052915	0.000000
-0.682012	-0.485753	0.000000
-0.528074	-0.026704	0.000000
0.228566	0.117024	0.000000
0.711891	0.588363	0.000000
-0.903493	0.509756	0.000000
0.239369	0.417929	0.000000
0.361701	0.785293	0.000000
-0.462777	0.774721	0.000000
-0.572058	0.028251	0.000000
0.094520	-0.018894	0.000000
-0.113248	0.476422	0.000000
-0.695613	-0.077431	0.000000
-0.249261	0.208538	0.000000
-0.221831	0.678556	0.000000
-0.066210	-0.222985	0.000000
0.209075	-0.461451	0.000000
-0.210583	-0.449024	0.000000
0.598624	0.660982	0.000000
-0.020906	-0.127853	0.000000
-0.560676	0.472570	0.000000
0.750371	0.832047	0.000000
-0.115502	-0.351744	0.000000
0.041415	-0.079343	0.000000
0.116487	0.269712	0.000000
-0.870524	0.432146	0.000000
-0.230097	0.372074	0.000000
0.299567	-0.092939	0.000000
0.375273	-0.328181	0.000000
-0.851452	0.338347	0.000000
0.741960	0.639191	0.000000
0.492544	0.249138	0.000000
-0.535989	0.158165	0.000000
-0.514468	-0.443477	0.000000
-0.451717	-0.042164	0.000000
0.260680	0.312035	0.000000
0.571472	0.555022	0.000000
0.385785	0.164312	0.000000
0.485665	-0.000792	0.000000
0.015840	0.653145	0.000000
-0.636870	0.855262	0.000000
0.374444	-0.331544	0.000000
0.371295	-0.158881	0.000000
0.050985	0.244813	0.000000
0.592480	-0.323304	0.000000
0.135714	0.743475	0.000000
-0.145926	0.498739	0.000000
-0.981562	0.781637	0.000000
-0.548821	-0.990039	0.000000
0.767257	0.793148	0.000000
0.776922	0.699966	0.000000
-0.576540	0.411419	0.000000
0.620290	0.137841	0.000000
-0.022218	-0.447870	0.000000
0.198236	0.668005	0.000000
-0.284195	0.633095	0.000000
0.199681	0.489148	0.000000
-0.348084	0.604387	0.000000
0.622536	0.588123	0.000000
0.150731	-0.215908	0.000000
0.781225	0.800166	0.000000
-0.671483	0.501201	0.000000
0.510367	0.564555	0.000000
-0.603348	-0.030330	0.000000
0.505405	0.051135	0.000000
0.021186	0.529992	0.000000
0.696383	0.010279	0.000000
-0.066218	-0.442051	0.000000
0.611587	0.111661	0.000000
-0.601568	-0.609995	0.000000
0.421983	0.149024	0.000000
0.531760	0.129247	0.000000
0.612844	0.648004	0.000000
0.601283	0.107488	0.000000
-0.014000	-0.486678	0.000000
-0.142856	-0.470126	0.000000
-0.764582	0.629884	0.000000
-0.612492	-0.938524	0.000000
0.770618	0.876119	0.000000
0.613017	0.075276	0.000000
0.283198	0.571417	0.000000
0.422986	-0.346845	0.000000
0.066706	-0.105325	0.000000
-0.555125	0.784791	0.000000
0.342336	-0.145623	0.000000
0.774894	-0.477608	0.000000
-0.100833	0.180346	0.000000
-0.929184	0.899308	0.000000
0.161957	0.326440	0.000000
0.846765	0.463493	0.000000
-0.252491	-0.504730	0.000000
-0.730549	0.922500	0.000000
0.326890	0.225920	0.000000
-0.639714	-0.032568	0.000000
0.671733	-0.554418	0.000000
-0.008214	-0.121449	0.000000
0.590493	0.006484	0.000000
0.243087	0.660061	0.000000
0.398670	-0.004374	0.000000
0.759101	0.748085	0.000000
0.427635	0.061540	0.000000
-0.613027	0.221052	0.000000
0.824008	0.733054	0.000000
0.864297	-0.510890	0.000000
0.293819	-0.246396	0.000000
0.667912	0.165554	0.000000
-0.387598	0.639553	0.000000
0.893116	0.654945	0.000000
-0.397628	-0.785228	0.000000
-0.573921	0.053191	0.000000
-0.493175	0.870831	0.000000
0.611611	0.166462	0.000000
-0.445065	0.523347	0.000000
-0.612597	-0.234669	0.000000
0.160457	0.426505	0.000000
-0.238953	0.716156	0.000000
-0.004719	0.728306	0.000000
0.585524	0.141476	0.000000
0.201442	-0.253568	0.000000
-0.448182	-0.032403	0.000000
0.182281	-0.076305	0.000000
-0.473949	-0.783519	0.000000
-0.589754	0.649241	0.000000
0.625966	-0.027877	0.000000
0.355116	0.366803	0.000000
0.606067	-0.543068	0.000000
0.261243	0.739716	0.000000
-0.521412	0.881220	0.000000
0.616573	0.432661	0.000000
0.391724	0.599111	0.000000
-0.832199	0.868405	0.000000
-0.626111	0.307734	0.000000
0.352835	-0.334594	0.000000
-0.607452	-0.033491	0.000000
0.489765	0.404665	0.000000
0.244226	0.175856	0.000000
0.843905	-0.500596	0.000000
-0.296965	-0.711243	0.000000
-0.385475	0.403523	0.000000
0.301728	-0.073146	0.000000
0.481316	0.717634	0.000000
-0.605182	-0.908261	0.000000
-0.478161	-0.880891	0.000000
-0.103661	-0.107439	0.000000
-0.338635	0.790374	0.000000
0.294586	-0.084844	0.000000
0.558626	-0.611418	0.000000
-0.106053	0.514078	0.000000
-0.167265	-0.070470	0.000000
0.581047	0.188509	0.000000
-0.658438	0.457853	0.000000
0.553500	0.377585	0.000000
0.432363	-0.210467	0.000000
-0.466434	-0.874095	0.000000
0.606158	0.101276	0.000000
-0.525342	0.419231	0.000000
0.292967	-0.108498	0.000000
-0.166972	-0.053483	0.000000
0.049856	0.696653	0.000000
-0.588290	-0.982607	0.000000
0.377781	0.584688	0.000000
-0.527576	-0.934392	0.000000
-0.167587	-0.162287	0.000000
0.705438	0.145464	0.000000
0.185380	-0.167607	0.000000
0.888811	0.706008	0.000000
-0.021189	0.713417	0.000000
-0.022849	0.016533	0.000000
-0.341089	0.667276	0.000000
0.660620	0.339900	0.000000
-0.349907	0.434370	0.000000
0.611977	0.144900	0.000000
0.809057	0.358817	0.000000
0.685403	0.196612	0.000000
0.392460	0.680321	0.000000
0.391286	0.747108	0.000000
-0.510658	0.217695	0.000000
0.153518	0.480586	0.000000
-0.375601	-0.657187	0.000000
0.341285	-0.434630	0.000000
-0.373638	-0.246686	0.000000
-0.050611	0.281223	0.000000
0.834355	0.825517	0.000000
0.390973	-0.465971	0.000000
0.110290	0.547956	0.000000
0.574122	0.180248	0.000000
-0.924304	0.645990	0.000000
-0.686338	0.496472	0.000000
0.383604	0.166124	0.000000
0.573108	0.010210	0.000000
0.972191	0.726149	0.000000
-0.512317	0.419333	0.000000
0.461781	0.092798	0.000000
0.121093	-0.427938	0.000000
0.221516	0.523775	0.000000
0.502363	0.010839	0.000000
0.783432	0.572727	0.000000
-0.245899	0.696834	0.000000
0.830218	0.719307	0.000000
-0.162377	0.644103	0.000000
-0.490124	0.071415	0.000000
0.188975	0.409958	0.000000
0.656406	0.421062	0.000000
0.311798	-0.317125	0.000000
0.228426	0.135729	0.000000
-0.633450	-0.348680	0.000000
0.300008	0.262498	0.000000
-0.359278	0.783891	0.000000
0.694227	0.211324	0.000000
0.016910	0.032137	0.000000
-0.577245	0.383318	0.000000
0.094028	0.225478	0.000000
0.472470	-0.668685	0.000000
0.541941	0.004184	0.000000
-0.281136	-0.148963	0.000000
0.517476	0.089983	0.000000
0.233037	-0.271633	0.000000
0.803879	0.739120	0.000000
0.630238	0.553965	0.000000
-0.511304	-0.874369	0.000000
0.553271	0.499934	0.000000
-0.598674	0.795675	0.000000
0.102920	0.701859	0.000000
-0.389185	-0.723232	0.000000
-0.652850	0.243599	0.000000
0.276777	-0.457160	0.000000
0.621747	-0.342028	0.000000
0.543497	-0.633715	0.000000
0.295921	0.627518	0.000000
-0.574075	0.813009	0.000000
-0.181223	-0.109691	0.000000
0.031469	-0.356442	0.000000
-0.118172	-0.476477	0.000000
-0.425946	-0.008253	0.000000
-0.290286	0.112776	0.000000
-0.097723	-0.594602	0.000000
0.014470	0.633852	0.000000
-0.475013	0.598817	0.000000
0.497091	0.102382	0.000000
-0.058495	-0.085135	0.000000
0.002412	0.390489	0.000000
0.208678	0.686763	0.000000
0.496905	-0.529522	0.000000
0.101144	0.523910	0.000000
0.522754	-0.680757	0.000000
-0.986229	0.665625	0.000000
0.784793	-0.438205	0.000000
-0.298648	0.389339	0.000000
-0.625286	-0.840202	0.000000
-0.215486	0.285406	0.000000
0.163381	0.259421	0.000000
0.437536	-0.353244	0.000000
-0.171614	0.620151	0.000000
-0.275818	0.441172	0.000000
0.856452	-0.492874	0.000000
0.178968	-0.174111	0.000000
0.275153	0.059923	0.000000
-0.596499	0.444183	0.000000
-0.567216	-0.442354	0.000000
0.548700	0.357235	0.000000
-0.570742	-0.236361	0.000000
-0.001452	0.693307	0.000000
-0.029048	0.199049	0.000000
-0.366134	0.480196	0.000000
-0.584201	-0.288908	0.000000
0.856417	0.457976	0.000000
0.547209	0.645583	0.000000
-0.518316	0.749826	0.000000
-0.741491	0.705715	0.000000
0.425626	-0.103967	0.000000
-0.785273	0.222980	0.000000
0.518786	0.462952	0.000000
0.909267	0.805109	0.000000
0.325510	0.073379	0.000000
-0.601396	0.892299	0.000000
-0.339599	0.589269	0.000000
-0.455879	-0.779341	0.000000
0.374052	-0.532070	0.000000
0.639242	0.561403	0.000000
-0.126802	0.662424	0.000000
0.543458	0.702913	0.000000
0.623420	0.087066	0.000000
0.414755	0.197474	0.000000
-0.817884	0.161171	0.000000
0.060625	0.573916	0.000000
0.288237	0.892036	0.000000
-0.157814	0.742521	0.000000
0.321909	0.376709	0.000000
0.765556	0.378205	0.000000
0.068841	0.593407	0.000000
0.549885	0.436939	0.000000
0.488612	0.494536	0.000000
0.552383	0.616910	0.000000
-0.732728	0.187522	0.000000
0.860660	0.409010	0.000000
0.739471	0.819099	0.000000
0.053568	0.764657	0.000000
0.017382	0.209589	0.000000
0.556775	-0.508874	0.000000
-0.397396	0.296371	0.000000
0.856339	0.807079	0.000000
-0.185399	-0.041953	0.000000
0.729207	0.244521	0.000000
0.603907	0.358027	0.000000
0.062519	0.575917	0.000000
0.474017	-0.071323	0.000000
-0.658011	-0.500486	0.000000
0.694178	0.547370	0.000000
0.330817	-0.117211	0.000000
0.403190	0.363700	0.000000
0.541659	0.494279	0.000000
-0.790541	0.680740	0.000000
-0.486567	0.753177	0.000000
-0.215119	-0.524045	0.000000
0.089468	0.550693	0.000000
0.208054	0.657183	0.000000
0.471710	0.492979	0.000000
0.531148	0.653244	0.000000
0.279084	-0.014203	0.000000
0.800145	0.621959	0.000000
-0.168319	-0.449759	0.000000
0.323842	0.712694	0.000000
-0.086520	-0.051809	0.000000
0.386988	-0.397803	0.000000
0.589878	0.590568	0.000000
-0.100303	0.003486	0.000000
-0.755078	0.310814	0.000000
-0.279539	0.435722	0.000000
0.418927	0.020217	0.000000
0.533115	-0.048519	0.000000
0.191392	0.578161	0.000000
0.510304	0.594299	0.000000
-0.099262	0.635071	0.000000
0.434215	0.378523	0.000000
-0.062546	-0.363805	0.000000
0.699231	0.559393	0.000000
0.412914	-0.464078	0.000000
-0.507312	-0.656882	0.000000
0.031621	0.826486	0.000000
0.829399	0.795802	0.000000
0.057486	0.717531	0.000000
0.461181	0.155319	0.000000
-0.623933	0.302833	0.000000
0.066323	-0.220855	0.000000
-0.545904	0.844179	0.000000
0.324518	0.513186	0.000000
0.258482	0.615381	0.000000
-0.604279	-0.008216	0.000000
0.402428	0.141294	0.000000
-0.687119	-0.041670	0.000000
0.449415	-0.145342	0.000000
0.671687	-0.453674	0.000000
-0.003171	0.537555	0.000000
-0.126642	0.613764	0.000000
-0.165634	0.663195	0.000000
-0.656424	-0.411186	0.000000
0.913624	0.774754	0.000000
0.728812	0.502733	0.000000
-0.615169	-0.682992	0.000000
0.659662	0.170856	0.000000
0.548193	-0.383638	0.000000
0.807001	0.250847	0.000000
0.414175	0.770530	0.000000
0.099928	-0.022593	0.000000
0.476636	0.244524	0.000000
-0.602617	-0.715114	0.000000
0.542347	0.798666	0.000000
0.498610	0.157544	0.000000
0.180036	-0.023703	0.000000
-0.445509	0.835544	0.000000
0.803868	-0.541423	0.000000
-0.210663	0.612659	0.000000
0.341635	0.951032	0.000000
0.157082	0.696025	0.000000
0.053375	-0.166833	0.000000
0.626867	0.693186	0.000000
-0.174342	0.389055	0.000000
-0.479659	-0.536848	0.000000
0.145364	-0.378940	0.000000
0.690657	0.364097	0.000000
0.354888	-0.296219	0.000000
0.124871	0.657219	0.000000
-0.433001	0.176614	0.000000
-0.281451	0.455889	0.000000
0.514602	0.683978	0.000000
0.668322	0.758103	0.000000
0.633318	0.247177	0.000000
0.233304	0.732730	0.000000
-0.079577	0.150551	0.000000
-0.109592	0.089405	0.000000
0.343206	-0.022325	0.000000
0.322418	0.065030	0.000000
-0.905178	0.871383	0.000000
0.738013	0.339457	0.000000
0.653800	0.151537	0.000000
0.664657	0.647505	0.000000
0.448880	0.381807	0.000000
-0.072038	0.121542	0.000000
0.713183	0.001159	0.000000
-0.246149	0.578582	0.000000
0.799054	0.462855	0.000000
0.740745	0.267988	0.000000
0.167942	0.083848	0.000000
0.326355	-0.058406	0.000000
0.498908	-0.065538	0.000000
0.815055	0.838585	0.000000
-0.879366	0.613110	0.000000
0.526570	-0.417615	0.000000
-0.567455	0.066432	0.000000
0.661945	-0.001480	0.000000
0.169369	0.903655	0.000000
0.401196	-0.198837	0.000000
-0.321935	-0.090497	0.000000
0.587089	-0.547078	0.000000
0.692088	0.162170	0.000000
0.812538	0.750025	0.000000
0.274507	0.775380	0.000000
0.314921	-0.309020	0.000000
-0.637391	0.854406	0.000000
0.476217	0.732849	0.000000
0.052840	-0.457338	0.000000
0.047036	-0.165070	0.000000
0.023188	-0.156160	0.000000
0.923282	0.783871	0.000000
0.656569	-0.685771	0.000000
0.493298	0.789537	0.000000
-0.979837	0.774149	0.000000
-0.983924	0.861106	0.000000
-0.615774	0.918755	0.000000
-0.636401	-0.606078	0.000000
0.650318	0.355146	0.000000
0.711130	0.001094	0.000000
-0.414255	-0.842353	0.000000
0.692283	-0.394240	0.000000
-0.493687	0.033010	0.000000
0.660747	0.478418	0.000000
0.583774	-0.596301	0.000000
0.019670	-0.480323	0.000000
-0.630740	0.523716	0.000000
-0.982865	0.813111	0.000000
-0.201235	0.208723	0.000000
-0.030553	0.291681	0.000000
0.252584	0.187483	0.000000
-0.075235	-0.122815	0.000000
-0.416154	-0.011894	0.000000
0.749066	0.251605	0.000000
-0.153132	0.445320	0.000000
0.639304	0.606434	0.000000
0.967907	0.690939	0.000000
0.404668	-0.000008	0.000000
0.601616	0.553228	0.000000
-0.633028	0.293209	0.000000
0.397930	-0.193621	0.000000
0.397191	-0.001439	0.000000
0.205017	0.922877	0.000000
0.158695	0.343450	0.000000
-0.056677	0.154383	0.000000
0.833490	0.852411	0.000000
-0.412190	-0.855479	0.000000
0.629401	0.457707	0.000000
0.298141	0.202706	0.000000
0.707743	0.603864	0.000000
-0.187850	-0.132726	0.000000
-0.219098	0.639889	0.000000
-0.126830	0.517408	0.000000
0.212680	0.709564	0.000000
-0.570727	0.353561	0.000000
-0.103754	0.441945	0.000000
-0.408557	0.682640	0.000000
-0.085819	0.355342	0.000000
0.551699	0.169369	0.000000
-0.108800	0.025357	0.000000
0.292865	0.881757	0.000000
0.389181	0.162036	0.000000
0.555412	-0.548251	0.000000
-0.540083	-0.729415	0.000000
0.648107	-0.310643	0.000000
-0.367013	0.752233	0.000000
0.762055	0.601646	0.000000
-0.307288	-0.072298	0.000000
-0.797869	0.961766	0.000000
-0.493942	-0.390789	0.000000
0.591630	0.387731	0.000000
0.799108	0.504212	0.000000
-0.267070	-0.138759	0.000000
0.252726	0.106277	0.000000
0.617602	-0.379521	0.000000
-0.265581	0.510882	0.000000
0.749802	0.657630	0.000000
-0.755861	0.876717	0.000000
0.891579	0.721164	0.000000
-0.608712	0.760205	0.000000
0.608477	0.505625	0.000000
0.430926	-0.449119	0.000000
-0.827856	0.353264	0.000000
-0.579638	-0.849169	0.000000
0.305773	0.958669	0.000000
0.693412	-0.549396	0.000000
0.379775	0.500165	0.000000
0.710282	0.019063	0.000000
0.353090	-0.380190	0.000000
-0.209972	0.505302	0.000000
-0.328062	0.114130	0.000000
0.767898	0.401933	0.000000
-0.709191	0.791374	0.000000
0.252901	-0.079953	0.000000
-0.009237	0.700396	0.000000
-0.638247	0.728076	0.000000
0.704306	0.435522	0.000000
-0.080510	-0.236003	0.000000
-0.470804	0.230109	0.000000
0.405207	0.620205	0.000000
0.361774	0.142132	0.000000
-0.038575	0.688381	0.000000
0.683187	0.561558	0.000000
0.802306	0.445305	0.000000
0.028182	0.643023	0.000000
0.361561	0.259819	0.000000
0.947335	0.683766	0.000000
0.765736	0.838604	0.000000
-0.266472	-0.608024	0.000000
0.100343	-0.162619	0.000000
-0.230187	-0.622769	0.000000
0.366638	0.219521	0.000000
-0.047643	-0.080040	0.000000
-0.446381	0.614614	0.000000
-0.334370	0.018318	0.000000
-0.474643	-0.192080	0.000000
-0.369067	0.132001	0.000000
0.503433	-0.047435	0.000000
0.243800	-0.008755	0.000000
0.225845	0.178266	0.000000
0.981465	0.777730	0.000000
0.908366	0.830700	0.000000
-0.363886	0.547711	0.000000
0.064060	0.460347	0.000000
-0.563956	0.817100	0.000000
-0.186285	0.605139	0.000000
0.908216	0.730916	0.000000
-0.328630	-0.061379	0.000000
0.609342	0.386437	0.000000
0.115651	-0.022983	0.000000
-0.240450	0.108710	0.000000
-0.425412	0.584959	0.000000
-0.121571	0.487069	0.000000
0.620779	0.292877	0.000000
0.701429	0.720637	0.000000
-0.632022	0.402695	0.000000
0.929039	0.793962	0.000000
0.497544	-0.488707	0.000000
0.492841	0.485169	0.000000
0.484547	-0.009219	0.000000
0.302287	0.217436	0.000000
0.271600	0.359999	0.000000
-0.651007	0.846665	0.000000
0.566669	0.046161	0.000000
0.325779	0.979022	0.000000
0.146855	-0.363060	0.000000
-0.131685	0.230085	0.000000
0.480153	-0.450827	0.000000
-0.707047	0.792116	0.000000
-0.114918	-0.008712	0.000000
-0.284813	0.099217	0.000000
-0.016027	0.236044	0.000000
-0.579113	-0.163277	0.000000
0.714467	-0.385167	0.000000
0.918390	0.706372	0.000000
0.139379	-0.432228	0.000000
-0.626474	0.405617	0.000000
0.761521	0.228362	0.000000
0.051156	-0.012507	0.000000
0.260219	-0.468773	0.000000
-0.309472	-0.817996	0.000000
0.642338	-0.354279	0.000000
-0.559612	-0.721821	0.000000
-0.242803	0.651707	0.000000
0.771366	0.841923	0.000000
0.379937	0.472145	0.000000
-0.103764	-0.133198	0.000000
-0.493389	0.620002	0.000000
-0.927166	0.517316	0.000000
0.373228	0.158097	0.000000
0.706584	0.450649	0.000000
-0.117569	0.217204	0.000000
0.239990	0.599620	0.000000
0.081365	-0.076120	0.000000
0.312030	0.246700	0.000000
0.334435	0.807899	0.000000
0.921210	0.607478	0.000000
0.124368	0.276701	0.000000
-0.324287	-0.360089	0.000000
0.086267	-0.102449	0.000000
0.965957	0.764745	0.000000
0.534811	0.082519	0.000000
0.612303	0.278801	0.000000
0.706335	0.750923	0.000000
0.493925	0.233982	0.000000
-0.675768	0.657086	0.000000
-0.455300	0.028707	0.000000
-0.572172	-0.494615	0.000000
0.710608	0.678934	0.000000
0.482413	0.445202	0.000000
0.563683	0.658690	0.000000
0.660847	0.122851	0.000000
0.083645	0.658766	0.000000
0.232910	0.586881	0.000000
0.320625	0.014295	0.000000
-0.063024	0.365321	0.000000
-0.471606	0.078116	0.000000
0.463581	0.035047	0.000000
-0.676745	0.590153	0.000000
-0.846105	0.895189	0.000000
-0.054979	0.054720	0.000000
0.834498	0.621096	0.000000
0.461455	0.589541	0.000000
-0.192573	0.466427	0.000000
0.204734	-0.383986	0.000000
0.860433	0.474710	0.000000
-0.627265	0.199311	0.000000
-0.519012	-0.992527	0.000000
-0.602665	0.557000	0.000000
0.761524	-0.606352	0.000000
-0.622291	-0.538479	0.000000
0.781215	0.603969	0.000000
0.582971	0.023729	0.000000
-0.916267	0.795948	0.000000
0.407232	-0.143364	0.000000
0.503835	0.358170	0.000000
0.286632	0.268583	0.000000
0.137438	-0.147094	0.000000
-0.228851	-0.065532	0.000000
0.413811	0.620084	0.000000
-0.033618	0.521423	0.000000
-0.385491	0.391111	0.000000
-0.269757	0.689921	0.000000
-0.278543	-0.482648	0.000000
-0.063543	0.164364	0.000000
0.442191	0.461993	0.000000
0.467239	0.096706	0.000000
0.318981	0.181801	0.000000
-0.056387	0.421904	0.000000
0.561580	0.402163	0.000000
-0.567159	0.500058	0.000000
0.727470	-0.555018	0.000000
0.027226	0.464701	0.000000
-0.095111	0.347489	0.000000
-0.703199	0.949226	0.000000
0.117269	0.414423	0.000000
-0.498397	-0.539195	0.000000
-0.533046	0.151851	0.000000
0.328568	0.162714	0.000000
-0.249221	0.232006	0.000000
0.565012	0.014381	0.000000
-0.754565	0.894579	0.000000
0.778818	0.727959	0.000000
-0.318845	0.229896	0.000000
0.613607	-0.039470	0.000000
0.929050	0.847311	0.000000
0.745354	0.510049	0.000000
-0.334566	0.151130	0.000000
0.373289	0.224385	0.000000
0.359140	-0.160989	0.000000
0.452904	0.227016	0.000000
0.279825	-0.317837	0.000000
-0.230867	0.501105	0.000000
0.863128	-0.519613	0.000000
0.256459	-0.101934	0.000000
0.076643	0.355333	0.000000
0.576742	0.002486	0.000000
0.288002	0.758592	0.000000
0.461670	0.704604	0.000000
-0.384477	0.055613	0.000000
-0.154815	-0.102127	0.000000
0.767275	-0.616963	0.000000
-0.604250	0.920183	0.000000
0.593078	-0.638679	0.000000
-0.561823	0.285369	0.000000
0.407328	-0.194153	0.000000
-0.007116	0.407676	0.000000
-0.076853	-0.320914	0.000000
-0.354992	-0.041031	0.000000
0.355072	-0.046892	0.000000
-0.369437	0.518560	0.000000
-0.648878	0.084247	0.000000
-0.857294	0.480515	0.000000
-0.207131	0.114815	0.000000
0.545122	0.117283	0.000000
-0.815109	0.900072	0.000000
0.665657	0.529972	0.000000
0.009264	-0.018585	0.000000
0.708847	0.275619	0.000000
0.510351	-0.159204	0.000000
0.018523	0.816994	0.000000
0.064089	-0.371691	0.000000
0.599943	0.768574	0.000000
-0.000549	0.526063	0.000000
-0.610446	0.162478	0.000000
-0.310798	-0.184681	0.000000
-0.360295	0.455346	0.000000
0.544254	-0.035687	0.000000
-0.627585	0.451760	0.000000
0.717487	0.472418	0.000000
-0.443259	-0.184217	0.000000
-0.012707	0.632255	0.000000
0.001179	-0.098217	0.000000
-0.321036	0.396579	0.000000
0.599205	-0.050301	0.000000
-0.390417	-0.704749	0.000000
0.374235	-0.318042	0.000000
0.372162	0.600120	0.000000
0.243383	0.794919	0.000000
0.165972	0.687595	0.000000
0.289331	-0.311881	0.000000
-0.241182	0.273916	0.000000
-0.341605	-0.336823	0.000000
0.504397	-0.377162	0.000000
-0.353866	0.709933	0.000000
0.536691	0.654159	0.000000
0.334644	0.213731	0.000000
0.248044	0.360612	0.000000
-0.667985	0.217604	0.000000
-0.759555	0.744057	0.000000
-0.604907	0.599870	0.000000
0.453881	0.604584	0.000000
0.689333	0.140685	0.000000
0.593466	-0.021715	0.000000
-0.049587	-0.395765	0.000000
0.303982	0.171040	0.000000
-0.519049	0.485513	0.000000
0.221016	0.857905	0.000000
-0.430014	-0.943634	0.000000
0.541468	0.120098	0.000000
0.614392	0.575339	0.000000
-0.356269	0.232057	0.000000
-0.528040	0.301092	0.000000
0.447449	-0.402418	0.000000
0.732530	-0.619293	0.000000
0.227812	-0.120451	0.000000
0.354264	0.390292	0.000000
-0.123607	-0.109781	0.000000
0.385820	0.154705	0.000000
0.237122	-0.253277	0.000000
-0.596161	0.811430	0.000000
0.564565	0.260894	0.000000
0.407566	0.231434	0.000000
0.067810	0.792264	0.000000
-0.510291	0.717521	0.000000
0.210492	0.630066	0.000000
0.632556	0.762919	0.000000
0.230014	0.347556	0.000000
-0.289236	-0.108901	0.000000
0.821901	-0.410931	0.000000
0.301882	-0.104855	0.000000
-0.898884	0.739861	0.000000
0.543991	0.120995	0.000000
-0.378253	0.300613	0.000000
-0.588301	0.533135	0.000000
0.661783	-0.328423	0.000000
-0.512127	-0.277990	0.000000
0.087008	0.590066	0.000000
-0.107578	-0.223308	0.000000
-0.157706	0.079041	0.000000
0.236184	0.669190	0.000000
0.754778	0.667111	0.000000
0.375223	0.530513	0.000000
0.398575	-0.602314	0.000000
0.082873	0.388885	0.000000
0.631231	0.322758	0.000000
-0.102654	-0.028348	0.000000
0.712637	0.819722	0.000000
0.701583	-0.496039	0.000000
0.618701	-0.401889	0.000000
0.620856	0.443137	0.000000
-0.104424	0.754295	0.000000
-0.242164	0.673447	0.000000
-0.516325	-0.323677	0.000000
-0.177154	0.312952	0.000000
-0.600984	-0.959563	0.000000
0.666215	-0.008843	0.000000
0.712410	0.002466	0.000000
0.292934	0.622347	0.000000
-0.325301	0.714712	0.000000
0.285142	-0.054676	0.000000
-0.618306	0.166749	0.000000
0.680896	-0.366098	0.000000
-0.137503	0.144188	0.000000
0.208137	0.934661	0.000000
0.158738	0.413288	0.000000
-0.201358	0.033363	0.000000
0.220814	0.707647	0.000000
-0.448766	-0.709839	0.000000
0.843922	0.866835	0.000000
0.752589	0.668788	0.000000
-0.539087	0.155882	0.000000
-0.724405	0.914811	0.000000
0.070242	0.039462	0.000000
-0.887129	0.369366	0.000000
0.312790	-0.409475	0.000000
-0.050938	0.358342	0.000000
0.299565	-0.021391	0.000000
0.332646	0.119433	0.000000
-0.929897	0.606141	0.000000
-0.628422	-0.351054	0.000000
0.639820	-0.539577	0.000000
-0.355733	-0.821576	0.000000
0.763194	-0.675811	0.000000
-0.185605	0.028450	0.000000
-0.695162	-0.256231	0.000000
0.102184	-0.017601	0.000000
-0.476629	-0.756701	0.000000
-0.709533	0.862166	0.000000
0.081463	0.563788	0.000000
0.246268	0.634417	0.000000
-0.425990	0.722898	0.000000
0.082198	-0.393209	0.000000
0.111347	-0.411055	0.000000
0.645448	-0.427811	0.000000
-0.611217	-0.879774	0.000000
0.656145	-0.478711	0.000000
-0.599633	0.443583	0.000000
0.675291	-0.364790	0.000000
-0.180858	0.052692	0.000000
-0.471046	-0.638900	0.000000
-0.110970	0.600369	0.000000
-0.437978	-0.287374	0.000000
-0.139526	0.470122	0.000000
-0.266912	0.608948	0.000000
-0.583613	0.594816	0.000000
0.106461	0.297095	0.000000
-0.942615	0.956489	0.000000
-0.000597	0.002565	0.000000
-0.218724	-0.098946	0.000000
-0.199740	0.617468	0.000000
0.276156	0.175542	0.000000
0.901380	0.789754	0.000000
-0.205659	-0.089431	0.000000
0.697957	0.364434	0.000000
-0.130725	-0.216477	0.000000
-0.779128	0.553843	0.000000
-0.687449	0.553303	0.000000
-0.420111	0.376430	0.000000
0.235381	-0.416804	0.000000
0.537013	0.156872	0.000000
-0.721779	0.618273	0.000000
0.882519	0.815374	0.000000
-0.677273	0.691887	0.000000
-0.472435	0.705375	0.000000
0.729314	0.374572	0.000000
-0.320754	-0.672234	0.000000
0.543090	-0.534797	0.000000
-0.494113	-0.162869	0.000000
-0.100178	-0.537155	0.000000
-0.079946	0.792687	0.000000
0.935492	0.776995	0.000000
-0.317340	0.389641	0.000000
0.833628	-0.486639	0.000000
-0.757009	0.406620	0.000000
0.526884	0.623774	0.000000
0.507575	0.607421	0.000000
-0.426519	-0.935624	0.000000
0.254390	-0.042595	0.000000
0.798603	0.712867	0.000000
-0.514849	0.603159	0.000000
0.160840	0.685264	0.000000
-0.869752	0.488959	0.000000
0.039502	-0.094370	0.000000
0.682099	0.037610	0.000000
-0.306812	-0.121494	0.000000
-0.338278	0.453011	0.000000
-0.664958	0.860779	0.000000
0.559440	0.300927	0.000000
0.799148	0.230149	0.000000
0.354775	0.244614	0.000000
-0.578120	-0.981808	0.000000
-0.874387	0.323494	0.000000
-0.754671	0.784419	0.000000
-0.252622	0.708508	0.000000
-0.842538	0.869042	0.000000
-0.450052	0.655407	0.000000
0.431491	0.298344	0.000000
0.942408	0.839841	0.000000
-0.530984	0.000519	0.000000
0.586985	-0.344094	0.000000
-0.868466	0.684927	0.000000
0.637346	0.768478	0.000000
0.599578	-0.699646	0.000000
-0.801780	0.537926	0.000000
0.508194	0.251203	0.000000
-0.445062	0.068681	0.000000
-0.848196	0.825676	0.000000
-0.281821	0.025274	0.000000
0.410280	0.082195	0.000000
-0.172821	0.270606	0.000000
0.784557	0.554591	0.000000
-0.785294	0.011384	0.000000
0.336055	0.629349	0.000000
0.350921	-0.382632	0.000000
-0.137540	0.334788	0.000000
-0.553540	-0.384079	0.000000
0.190312	-0.524812	0.000000
-0.048846	0.387595	0.000000
0.139312	-0.171190	0.000000
0.135339	-0.165401	0.000000
0.562854	0.160135	0.000000
-0.803685	0.627592	0.000000
0.715908	-0.675402	0.000000
0.728750	0.373378	0.000000
0.202967	0.564405	0.000000
0.416662	0.021511	0.000000
-0.010948	0.017141	0.000000
0.301212	-0.405800	0.000000
-0.653984	-0.197264	0.000000
-0.240923	-0.134358	0.000000
0.510203	0.083028	0.000000
0.596917	-0.641977	0.000000
0.628644	0.147872	0.000000
0.037259	0.747048	0.000000
-0.681213	0.589991	0.000000
-0.155614	-0.088908	0.000000
0.663057	0.617950	0.000000
-0.622331	0.410222	0.000000
-0.662568	-0.457601	0.000000
-0.151887	0.522023	0.000000
0.343691	-0.209452	0.000000
0.765293	-0.437922	0.000000
0.273572	0.304590	0.000000
-0.477981	-0.162187	0.000000
0.099622	0.295094	0.000000
0.636045	0.200651	0.000000
-0.467856	0.860248	0.000000
-0.073797	0.524215	0.000000
-0.299620	0.349652	0.000000
0.122153	0.606555	0.000000
0.417418	0.266786	0.000000
-0.323021	0.254196	0.000000
0.711165	0.754351	0.000000
-0.363131	0.732818	0.000000
-0.429836	0.235816	0.000000
0.075344	0.541420	0.000000
0.109228	-0.158100	0.000000
0.674374	-0.002238	0.000000
0.554007	-0.027345	0.000000
0.222343	0.733499	0.000000
0.421851	-0.165137	0.000000
0.135919	0.830786	0.000000
0.566414	0.423974	0.000000
-0.321077	-0.772733	0.000000
0.777584	0.506907	0.000000
-0.912634	0.379346	0.000000
-0.094092	0.119583	0.000000
-0.261302	0.646524	0.000000
0.621022	0.074203	0.000000
0.158265	0.456183	0.000000
0.708893	0.386140	0.000000
0.085495	0.784171	0.000000
-0.264838	0.319089	0.000000
0.671491	-0.394519	0.000000
-0.260814	-0.707089	0.000000
-0.066323	0.542994	0.000000
-0.794610	0.585646	0.000000
-0.473351	-0.959461	0.000000
0.105575	0.749123	0.000000
0.262796	0.929559	0.000000
0.128004	0.623321	0.000000
0.233145	-0.076689	0.000000
0.477721	-0.034434	0.000000
0.879285	0.763893	0.000000
0.201478	0.818161	0.000000
0.741984	0.448617	0.000000
-0.317451	-0.299468	0.000000
-0.886899	0.510578	0.000000
0.279581	0.216350	0.000000
0.370202	0.143772	0.000000
-0.485576	0.374671	0.000000
0.234278	-0.358456	0.000000
-0.775188	0.525385	0.000000
-0.740074	0.024071	0.000000
0.772879	-0.541710	0.000000
-0.518653	0.444736	0.000000
0.220128	0.011575	0.000000
0.456553	0.331707	0.000000
0.322231	-0.114876	0.000000
0.261570	0.600407	0.000000
0.006245	-0.222011	0.000000
-0.516212	-0.191165	0.000000
0.224277	-0.334443	0.000000
0.019659	0.814011	0.000000
0.409643	0.161256	0.000000
-0.163436	0.034508	0.000000
0.341466	-0.383344	0.000000
0.736225	0.579997	0.000000
-0.336082	-0.858164	0.000000
0.367624	-0.152596	0.000000
-0.350378	-0.784345	0.000000
0.506514	0.768533	0.000000
-0.749826	0.390956	0.000000
0.119314	-0.472303	0.000000
-0.615979	-0.181472	0.000000
0.433409	0.150565	0.000000
0.664455	0.473478	0.000000
0.354803	0.236969	0.000000
0.464635	0.134846	0.000000
-0.288764	0.260914	0.000000
-0.721429	0.372073	0.000000
0.103631	-0.061479	0.000000
0.509264	-0.016219	0.000000
-0.175815	-0.714457	0.000000
0.261915	0.335231	0.000000
0.037547	0.493532	0.000000
-0.376244	0.442486	0.000000
0.656783	0.738444	0.000000
0.704997	-0.007657	0.000000
0.728232	-0.499730	0.000000
0.519417	0.124716	0.000000
0.050986	0.591482	0.000000
-0.112717	0.074336	0.000000
-0.399412	0.133434	0.000000
0.608612	0.105638	0.000000
0.157219	0.278170	0.000000
-0.228564	0.396822	0.000000
0.800215	-0.493146	0.000000
-0.343204	0.440762	0.000000
0.464526	-0.123588	0.000000
0.263355	0.634581	0.000000
-0.295000	-0.095664	0.000000
0.322697	0.996207	0.000000
-0.620929	0.697806	0.000000
-0.702653	0.016034	0.000000
0.767826	0.739245	0.000000
-0.157021	0.559172	0.000000
0.607598	0.163079	0.000000
0.747670	0.383567	0.000000
-0.721910	0.448678	0.000000
0.256115	0.314391	0.000000
-0.797523	0.362089	0.000000
-0.305806	-0.754573	0.000000
-0.853459	0.209770	0.000000
-0.202185	-0.522445	0.000000
-0.469693	0.059651	0.000000
0.546549	0.211863	0.000000
0.545520	0.068636	0.000000
0.271764	-0.066551	0.000000
0.686269	0.181002	0.000000
0.859479	0.597998	0.000000
-0.268796	0.299016	0.000000
-0.403768	0.485373	0.000000
0.276245	0.291038	0.000000
-0.058853	-0.078825	0.000000
-0.056792	-0.148305	0.000000
0.370477	0.303804	0.000000
0.757393	0.456924	0.000000
-0.142203	0.503863	0.000000
-0.658302	0.074204	0.000000
0.638616	0.484759	0.000000
-0.730783	0.806210	0.000000
0.269785	0.282640	0.000000
-0.245005	0.642488	0.000000
0.798337	0.772080	0.000000
0.058448	0.407621	0.000000
0.718974	0.821943	0.000000
-0.277232	-0.025910	0.000000
-0.372610	-0.900513	0.000000
-0.473453	0.541343	0.000000
-0.802949	0.519207	0.000000
0.081271	0.661671	0.000000
0.815315	0.623308	0.000000
0.918895	0.500171	0.000000
0.171757	-0.386457	0.000000
0.304856	0.605807	0.000000
-0.137486	-0.439060	0.000000
-0.227828	0.019450	0.000000
-0.171313	0.386452	0.000000
-0.601915	0.726739	0.000000
-0.352898	0.152737	0.000000
0.353035	-0.115005	0.000000
0.568640	0.546816	0.000000
0.500599	0.745672	0.000000
0.501709	0.629537	0.000000
0.523609	0.040928	0.000000
0.507792	0.582892	0.000000
0.780998	0.350838	0.000000
0.606602	-0.421171	0.000000
0.665201	0.165634	0.000000
0.545930	-0.526424	0.000000
0.500575	0.519396	0.000000
0.666076	-0.406324	0.000000
-0.882380	0.902963	0.000000
0.348801	0.458221	0.000000
-0.673952	0.243850	0.000000
0.349095	0.305083	0.000000
0.671428	0.193621	0.000000
0.884710	0.769818	0.000000
0.819369	0.328899	0.000000
0.595830	-0.623439	0.000000
-0.740730	0.791733	0.000000
-0.672921	-0.021603	0.000000
-0.201343	0.365655	0.000000
0.666302	0.765268	0.000000
-0.845467	0.783259	0.000000
0.741884	0.339032	0.000000
0.197431	-0.425068	0.000000
-0.022150	-0.283874	0.000000
0.082535	0.154838	0.000000
0.093084	0.720791	0.000000
-0.279031	-0.434285	0.000000
0.385823	-0.529695	0.000000
-0.287406	-0.238640	0.000000
-0.085593	0.801162	0.000000
-0.835073	0.525820	0.000000
0.247011	-0.049974	0.000000
0.080546	-0.403926	0.000000
-0.124489	-0.105737	0.000000
0.743102	-0.469146	0.000000
0.520147	0.054946	0.000000
0.131335	0.361557	0.000000
-0.278345	0.243431	0.000000
0.123005	0.376584	0.000000
0.172574	0.858198	0.000000
-0.106221	0.559531	0.000000
-0.476214	-0.337681	0.000000
0.250802	-0.378969	0.000000
0.057703	-0.371837	0.000000
0.521806	0.382327	0.000000
-0.734632	0.209043	0.000000
0.701714	-0.525963	0.000000
-0.253155	-0.178428	0.000000
-0.127660	-0.427203	0.000000
0.279332	-0.573264	0.000000
0.181586	-0.222764	0.000000
0.183322	0.127973	0.000000
-0.666861	0.874207	0.000000
-0.407372	-0.511707	0.000000
-0.200063	-0.739714	0.000000
0.305930	0.407018	0.000000
0.383669	0.666287	0.000000
-0.483986	-0.926907	0.000000
0.049803	-0.057887	0.000000
0.163136	0.374981	0.000000
-0.542645	0.631995	0.000000
-0.521265	0.148200	0.000000
0.567569	0.495700	0.000000
0.248665	0.113333	0.000000
-0.537469	0.822250	0.000000
0.101714	0.671337	0.000000
0.809637	0.659801	0.000000
0.500542	0.003632	0.000000
-0.701838	0.476201	0.000000
-0.569146	0.380111	0.000000
-0.278916	-0.401387	0.000000
-0.225219	-0.086573	0.000000
-0.005039	0.377745	0.000000
0.917281	0.578212	0.000000
0.591419	0.155953	0.000000
0.320491	-0.414077	0.000000
-0.666794	-0.578986	0.000000
-0.541569	0.790614	0.000000
0.442553	0.075998	0.000000
0.192713	0.486148	0.000000
-0.354860	0.076400	0.000000
0.103906	0.561605	0.000000
-0.660557	0.884272	0.000000
0.458053	-0.212888	0.000000
-0.884591	0.614456	0.000000
0.225325	-0.405069	0.000000
0.464393	-0.120876	0.000000
-0.215140	0.711857	0.000000
0.214349	0.898058	0.000000
-0.684233	-0.477676	0.000000
0.790624	0.502298	0.000000
0.331972	-0.059219	0.000000
0.236697	0.955364	0.000000
0.499320	0.506558	0.000000
0.367242	-0.217787	0.000000
0.767714	-0.421769	0.000000
-0.184831	0.409587	0.000000
0.153678	0.590819	0.000000
0.744028	0.436301	0.000000
-0.125389	-0.125179	0.000000
-0.655775	0.561875	0.000000
-0.366589	0.306484	0.000000
0.138180	-0.121147	0.000000
0.806913	0.455502	0.000000
0.593143	0.071556	0.000000
-0.034594	0.526568	0.000000
0.285022	0.574860	0.000000
-0.182632	-0.679786	0.000000
-0.096453	-0.470520	0.000000
0.346312	0.261027	0.000000
0.841729	-0.552792	0.000000
0.631743	0.486802	0.000000
0.145600	0.625148	0.000000
-0.345253	0.249630	0.000000
0.317900	0.997567	0.000000
0.502676	0.106467	0.000000
-0.538107	0.468719	0.000000
0.640714	0.218767	0.000000
0.619875	0.172639	0.000000
-0.386080	-0.184188	0.000000
0.317467	0.660846	0.000000
0.402753	0.328038	0.000000
-0.019675	0.751650	0.000000
0.170070	0.693052	0.000000
-0.083900	0.239882	0.000000
0.283503	0.985894	0.000000
-0.347996	0.655446	0.000000
0.152677	0.309442	0.000000
0.414721	0.032365	0.000000
-0.110910	-0.003156	0.000000
0.596574	0.679402	0.000000
-0.187412	0.092540	0.000000
0.713503	0.500860	0.000000
-0.533089	0.645918	0.000000
0.175779	-0.016381	0.000000
-0.918528	0.394743	0.000000
-0.405472	-0.150944	0.000000
-0.377511	0.322150	0.000000
-0.134086	0.655288	0.000000
0.089590	-0.084609	0.000000
0.146599	-0.430674	0.000000
-0.382208	0.795962	0.000000
-0.309943	-0.515798	0.000000
-0.300386	-0.812245	0.000000
-0.034916	0.548119	0.000000
0.894251	0.801180	0.000000
0.275221	0.295082	0.000000
-0.644100	-0.642032	0.000000
0.328505	-0.182601	0.000000
0.648929	-0.002281	0.000000
-0.727536	0.234402	0.000000
-0.353160	-0.350350	0.000000
0.575657	0.173743	0.000000
0.838451	-0.468649	0.000000
-0.235787	0.466271	0.000000
0.268309	0.345618	0.000000
-0.316585	-0.747541	0.000000
0.344850	0.747222	0.000000
0.789833	0.474487	0.000000
0.814559	0.599103	0.000000
0.604689	-0.018953	0.000000
0.643303	0.200731	0.000000
-0.019166	-0.228831	0.000000
0.369407	0.594663	0.000000
0.297953	0.421763	0.000000
-0.144662	0.586355	0.000000
0.142055	0.350885	0.000000
0.095886	0.789342	0.000000
0.633079	0.157352	0.000000
-0.325106	-0.181353	0.000000
0.541866	-0.333534	0.000000
0.621206	0.104387	0.000000
-0.243640	0.151746	0.000000
0.456484	0.675085	0.000000
0.717961	-0.453482	0.000000
-0.944907	0.706971	0.000000
-0.513613	-0.968758	0.000000
0.708669	0.304833	0.000000
-0.762944	0.651074	0.000000
0.419919	-0.138172	0.000000
0.318468	0.233457	0.000000
0.596015	0.060216	0.000000
-0.259530	0.347902	0.000000
-0.179348	-0.077871	0.000000
0.853526	-0.612879	0.000000
0.654493	-0.594470	0.000000
0.425619	0.308412	0.000000
-0.728053	0.504755	0.000000
0.122539	-0.198602	0.000000
0.241570	0.287224	0.000000
0.705497	0.641283	0.000000
-0.110598	-0.122741	0.000000
0.938411	0.509081	0.000000
0.283236	-0.268474	0.000000
0.755969	-0.410470	0.000000
0.362781	0.407857	0.000000
-0.082656	-0.204433	0.000000
-0.581561	-0.488914	0.000000
0.974880	0.681229	0.000000
-0.813579	0.187821	0.000000
0.902629	0.655104	0.000000
0.535189	0.468225	0.000000
0.517143	0.572330	0.000000
0.370950	-0.389224	0.000000
0.010799	0.715402	0.000000
0.413848	0.626371	0.000000
0.662788	-0.375624	0.000000
0.730233	-0.482156	0.000000
-0.237219	-0.093139	0.000000
0.082438	-0.318589	0.000000
0.132213	0.089149	0.000000
-0.626421	-0.170328	0.000000
0.562042	0.400044	0.000000
-0.326070	0.666116	0.000000
0.079953	-0.450805	0.000000
-0.168527	-0.580698	0.000000
0.335561	0.215369	0.000000
-0.426696	-0.142881	0.000000
0.241420	-0.115187	0.000000
-0.496286	-0.525295	0.000000
0.275755	0.403728	0.000000
-0.121683	-0.532702	0.000000
-0.633432	0.849079	0.000000
0.499539	0.099946	0.000000
-0.488878	-0.871177	0.000000
0.188007	0.714548	0.000000
0.750639	-0.355424	0.000000
-0.376184	0.337558	0.000000
0.069550	0.358543	0.000000
-0.148055	-0.528667	0.000000
0.741654	-0.447242	0.000000
-0.345459	0.070519	0.000000
-0.705411	0.400839	0.000000
0.231737	0.262414	0.000000
-0.180730	-0.663727	0.000000
-0.168382	0.649228	0.000000
-0.276892	0.279920	0.000000
-0.848478	0.933190	0.000000
0.803863	0.720046	0.000000
0.149681	0.546545	0.000000
0.489454	0.754324	0.000000
0.555337	0.120537	0.000000
-0.480821	-0.950742	0.000000
0.434647	-0.243257	0.000000
-0.384971	-0.697649	0.000000
0.809968	0.812335	0.000000
-0.457190	0.386907	0.000000
0.626980	0.117206	0.000000
0.689722	0.313177	0.000000
-0.332770	-0.832011	0.000000
0.513805	0.558607	0.000000
-0.627251	-0.626773	0.000000
-0.549697	0.036581	0.000000
-0.348946	-0.150303	0.000000
-0.528573	-0.938733	0.000000
0.061767	0.774991	0.000000
0.823155	-0.487739	0.000000
0.463662	-0.276699	0.000000
0.030821	0.121720	0.000000
-0.584713	-0.703392	0.000000
-0.121197	-0.362202	0.000000
-0.758307	0.702989	0.000000
-0.333164	0.128491	0.000000
-0.473317	-0.732464	0.000000
-0.256049	0.145741	0.000000
-0.520262	-0.165842	0.000000
-0.419383	-0.251582	0.000000
-0.855005	0.957345	0.000000
-0.508106	0.390718	0.000000
0.283256	0.378489	0.000000
0.801520	-0.376130	0.000000
0.528771	0.604046	0.000000
0.064011	0.629571	0.000000
-0.297759	0.164872	0.000000
0.701619	0.864517	0.000000
0.133930	0.390461	0.000000
-0.213633	-0.157088	0.000000
0.661149	0.805940	0.000000
0.598628	0.159336	0.000000
-0.590501	0.219919	0.000000
0.115155	0.311075	0.000000
0.830115	-0.436522	0.000000
-0.562671	0.152332	0.000000
-0.149481	0.320286	0.000000
-0.375786	-0.013659	0.000000
0.076953	0.272206	0.000000
0.575553	-0.306046	0.000000
-0.675521	0.215305	0.000000
-0.180768	0.266741	0.000000
0.412918	-0.132826	0.000000
0.724204	0.807088	0.000000
-0.287243	-0.285574	0.000000
-0.234961	0.333918	0.000000
-0.382514	0.568877	0.000000
-0.419320	-0.529184	0.000000
0.727461	0.281652	0.000000
0.288889	0.428524	0.000000
0.729647	-0.366992	0.000000
0.649901	0.787091	0.000000
-0.590530	0.771653	0.000000
0.073534	-0.028798	0.000000
0.012623	0.515993	0.000000
0.713072	0.540120	0.000000
-0.401476	-0.169896	0.000000
-0.152339	-0.347797	0.000000
-0.261342	0.513219	0.000000
0.763250	0.794026	0.000000
0.542427	0.032913	0.000000
-0.340555	-0.187129	0.000000
-0.626230	0.696491	0.000000
-0.751804	0.775451	0.000000
-0.395759	-0.413877	0.000000
0.013227	0.768576	0.000000
-0.064246	-0.142214	0.000000
-0.507733	0.478898	0.000000
0.358256	0.860623	0.000000
-0.005874	0.505842	0.000000
-0.750092	0.183024	0.000000
0.292635	-0.412454	0.000000
0.351652	0.896683	0.000000
-0.639044	0.561337	0.000000
-0.272142	0.496041	0.000000
-0.045906	-0.087524	0.000000
-0.515811	0.704279	0.000000
0.617127	0.830112	0.000000
0.283238	-0.160449	0.000000
-0.516035	-0.964879	0.000000
-0.177395	0.502764	0.000000
0.814950	0.520908	0.000000
0.631220	0.473196	0.000000
0.755022	0.622240	0.000000
0.523559	-0.011772	0.000000
-0.228745	0.201660	0.000000
0.442567	0.656460	0.000000
0.631280	0.704717	0.000000
-0.012933	-0.085330	0.000000
-0.486086	0.671642	0.000000
-0.621930	0.459370	0.000000
-0.475749	-0.256447	0.000000
-0.746579	0.946959	0.000000
-0.915096	0.383659	0.000000
-0.560940	0.744869	0.000000
0.381625	0.002372	0.000000
0.912954	0.493613	0.000000
-0.163331	0.524437	0.000000
-0.410967	0.545799	0.000000
-0.021941	0.086636	0.000000
-0.148151	-0.250364	0.000000
0.686630	-0.413825	0.000000
0.421253	-0.355207	0.000000
0.685335	0.355017	0.000000
-0.392167	-0.143035	0.000000
0.292196	-0.078817	0.000000
0.152208	0.557101	0.000000
-0.199255	0.744489	0.000000
0.326557	0.944391	0.000000
-0.198476	-0.285707	0.000000
-0.319635	-0.187414	0.000000
-0.469146	0.039447	0.000000
0.526060	0.479161	0.000000
0.729298	-0.335467	0.000000
-0.503927	0.225345	0.000000
0.634511	0.619227	0.000000
0.187387	0.064466	0.000000
0.159391	-0.103307	0.000000
-0.529695	-0.973864	0.000000
0.776387	0.428260	0.000000
0.443011	0.187832	0.000000
0.083716	-0.418597	0.000000
0.157116	0.557647	0.000000
-0.550421	0.736808	0.000000
0.610442	0.829137	0.000000
-0.537787	0.007534	0.000000
0.560659	-0.001809	0.000000
0.814270	0.402234	0.000000
0.501982	-0.099394	0.000000
0.383839	0.518861	0.000000
0.311804	-0.221767	0.000000
-0.573707	0.551641	0.000000
-0.096035	0.627924	0.000000
0.490893	0.563834	0.000000
0.415072	0.089337	0.000000
-0.472471	-0.776361	0.000000
0.237979	0.334803	0.000000
0.452189	0.100703	0.000000
0.730647	0.865528	0.000000
-0.026559	-0.515971	0.000000
0.499801	-0.006687	0.000000
-0.393974	0.514983	0.000000
0.512040	0.503377	0.000000
0.430496	0.107233	0.000000
0.345598	0.259867	0.000000
0.036836	0.390650	0.000000
0.660188	0.024618	0.000000
0.127763	0.297333	0.000000
-0.735475	0.727230	0.000000
-0.645065	0.211247	0.000000
-0.895742	0.477401	0.000000
0.680218	0.288114	0.000000
0.281051	-0.182550	0.000000
-0.802406	0.894058	0.000000
-0.621097	0.731657	0.000000
-0.393073	-0.002344	0.000000
0.604930	0.764788	0.000000
0.183076	-0.028531	0.000000
0.047054	-0.105839	0.000000
-0.058263	0.484032	0.000000
0.360953	-0.005280	0.000000
0.184587	0.435948	0.000000
-0.488866	0.673770	0.000000
-0.559432	0.773538	0.000000
0.565554	0.616754	0.000000
0.532901	0.268124	0.000000
-0.444468	-0.081835	0.000000
-0.219239	0.390661	0.000000
-0.196600	-0.149004	0.000000
0.098373	-0.522430	0.000000
-0.554055	0.019858	0.000000
0.887489	0.683951	0.000000
0.526627	-0.356733	0.000000
0.284671	0.275520	0.000000
-0.216182	0.436752	0.000000
0.253425	0.865606	0.000000
0.293461	-0.217857	0.000000
-0.504210	0.857009	0.000000
-0.557113	0.189137	0.000000
-0.373040	0.038645	0.000000
0.665310	0.684995	0.000000
0.030493	0.702872	0.000000
-0.689385	-0.033687	0.000000
0.002923	0.016663	0.000000
0.747536	0.380065	0.000000
-0.783170	0.568265	0.000000
-0.708409	0.273309	0.000000
0.219228	-0.167366	0.000000
-0.439202	-0.610716	0.000000
0.151477	0.751807	0.000000
0.603194	-0.035143	0.000000
0.493995	0.456723	0.000000
-0.208353	-0.491577	0.000000
0.102123	0.529340	0.000000
-0.052117	-0.520730	0.000000
-0.000652	0.455077	0.000000
-0.293179	-0.017873	0.000000
-0.147759	-0.093054	0.000000
0.791923	0.254599	0.000000
-0.033386	-0.094572	0.000000
0.855097	0.768066	0.000000
-0.735925	0.704285	0.000000
-0.317303	-0.732246	0.000000
-0.522685	-0.331556	0.000000
-0.089222	0.437069	0.000000
0.355538	-0.326287	0.000000
0.062496	0.173935	0.000000
0.525002	0.580575	0.000000
-0.036857	-0.213773	0.000000
0.798981	0.471542	0.000000
-0.732897	0.027995	0.000000
-0.561147	0.620443	0.000000
0.435588	0.324798	0.000000
-0.534167	-0.165322	0.000000
0.310454	0.235804	0.000000
-0.883874	0.681144	0.000000
-0.003635	-0.095098	0.000000
0.632942	-0.467107	0.000000
0.851314	0.591887	0.000000
-0.587271	0.899074	0.000000
0.454823	-0.257314	0.000000
-0.208686	0.184089	0.000000
-0.572301	0.894604	0.000000
0.848745	0.819725	0.000000
-0.522013	-0.901535	0.000000
-0.268838	0.111737	0.000000
-0.128973	-0.115425	0.000000
0.204079	0.099444	0.000000
0.304952	-0.247699	0.000000
-0.818488	0.801222	0.000000
0.092325	0.684494	0.000000
0.436182	0.569404	0.000000
-0.574944	0.655531	0.000000
0.081628	0.002032	0.000000
-0.575180	0.390283	0.000000
-0.385759	0.206045	0.000000
0.842127	0.760419	0.000000
-0.743834	0.664024	0.000000
0.747749	0.703132	0.000000
0.607792	0.529068	0.000000
-0.458257	-0.802329	0.000000
0.330663	0.975780	0.000000
0.200735	0.911304	0.000000
-0.180535	-0.123491	0.000000
-0.500460	0.614782	0.000000
0.284447	0.049866	0.000000
0.269304	0.405050	0.000000
-0.330309	-0.741299	0.000000
0.026900	-0.058756	0.000000
-0.154446	0.602908	0.000000
-0.583354	0.145874	0.000000
0.114604	-0.031021	0.000000
-0.863564	0.938196	0.000000
-0.105589	0.342068	0.000000
-0.145492	-0.282020	0.000000
0.139088	-0.212185	0.000000
0.074909	-0.179410	0.000000
-0.087517	0.331554	0.000000
0.426657	-0.551551	0.000000
-0.757278	0.955162	0.000000
0.195670	0.904543	0.000000
0.967068	0.718601	0.000000
0.643671	-0.637098	0.000000
-0.522277	-0.468149	0.000000
-0.265373	-0.619404	0.000000
0.201720	-0.385505	0.000000
-0.494811	0.442869	0.000000
0.677511	0.382327	0.000000
0.521537	0.449836	0.000000
0.448308	0.267236	0.000000
0.049907	0.746600	0.000000
0.331865	-0.232586	0.000000
-0.574875	-0.763285	0.000000
-0.263502	-0.155115	0.000000
0.086407	0.282625	0.000000
0.934409	0.839580	0.000000
0.319487	-0.251754	0.000000
-0.147823	-0.507442	0.000000
0.412901	-0.098271	0.000000
-0.105344	-0.114631	0.000000
0.351784	0.234135	0.000000
-0.541819	0.440775	0.000000
0.712873	0.046768	0.000000
-0.428299	-0.063878	0.000000
0.296277	0.610754	0.000000
-0.740344	0.530746	0.000000
0.564205	-0.014238	0.000000
0.390598	0.457518	0.000000
0.254241	-0.016007	0.000000
-0.608245	-0.097898	0.000000
-0.132872	0.697475	0.000000
-0.286547	0.349796	0.000000
0.181624	-0.552480	0.000000
0.523605	0.604965	0.000000
-0.083144	0.409317	0.000000
0.321247	-0.212713	0.000000
-0.597973	-0.464103	0.000000
-0.634284	-0.818441	0.000000
0.330726	0.581582	0.000000
-0.609451	0.607474	0.000000
0.616650	0.649591	0.000000
-0.573525	0.618138	0.000000
0.674290	0.519334	0.000000
0.692418	-0.690869	0.000000
-0.561883	-0.899352	0.000000
-0.211184	-0.537337	0.000000
-0.038770	0.518613	0.000000
0.613840	-0.644660	0.000000
-0.116623	0.691082	0.000000
0.180432	0.577111	0.000000
0.808335	0.663183	0.000000
0.440089	-0.208090	0.000000
-0.475532	0.756395	0.000000
0.779584	0.553896	0.000000
-0.154080	-0.522562	0.000000
0.008860	-0.087054	0.000000
0.862439	0.560148	0.000000
-0.380657	-0.672486	0.000000
-0.345574	-0.171284	0.000000
0.053894	-0.285384	0.000000
-0.657759	0.269797	0.000000
0.906147	0.795737	0.000000
0.094918	0.266575	0.000000
0.012401	-0.120046	0.000000
0.324812	-0.381608	0.000000
0.500946	0.051816	0.000000
-0.492651	0.732972	0.000000
0.542765	0.691049	0.000000
0.225308	0.358569	0.000000
0.230571	0.767018	0.000000
0.716216	0.762856	0.000000
0.445119	-0.269065	0.000000
-0.240384	-0.140511	0.000000
0.485766	-0.003834	0.000000
0.951151	0.647194	0.000000
0.178472	0.696784	0.000000
0.640636	0.401997	0.000000
0.480154	0.516107	0.000000
-0.579546	-0.937569	0.000000
-0.559139	0.446740	0.000000
-0.699131	0.361172	0.000000
-0.448996	0.833130	0.000000
0.325284	0.997117	0.000000
-0.350173	0.013789	0.000000
0.689210	-0.386604	0.000000
0.276638	-0.086734	0.000000
0.619808	-0.680671	0.000000
0.615913	-0.325952	0.000000
0.888120	0.833899	0.000000
0.583273	0.226443	0.000000
0.522491	0.003356	0.000000
0.607961	0.532170	0.000000
-0.054654	-0.367623	0.000000
0.447277	0.035513	0.000000
0.129238	0.047930	0.000000
0.585524	-0.543785	0.000000
0.672591	0.689495	0.000000
0.626619	0.022069	0.000000
-0.157628	-0.306430	0.000000
0.543987	-0.695323	0.000000
0.285669	0.163368	0.000000
0.676660	-0.341518	0.000000
0.400019	0.620850	0.000000
-0.354426	-0.176472	0.000000
-0.472446	0.520727	0.000000
0.229814	0.109848	0.000000
0.784021	0.654648	0.000000
0.083171	0.610953	0.000000
0.050120	-0.436893	0.000000
0.641446	0.175224	0.000000
-0.504733	0.706467	0.000000
-0.445856	0.488033	0.000000
-0.271758	-0.269367	0.000000
0.829299	-0.571963	0.000000
0.794996	0.750653	0.000000
0.302382	-0.199772	0.000000
0.636868	0.625660	0.000000
-0.128979	0.036922	0.000000
0.669233	0.223642	0.000000
0.246547	0.796630	0.000000
0.791638	0.726150	0.000000
0.041082	0.324137	0.000000
-0.119868	0.742355	0.000000
0.768653	-0.402742	0.000000
0.036407	-0.390856	0.000000
-0.798826	0.548806	0.000000
-0.250366	0.387399	0.000000
0.137996	0.249533	0.000000
0.802955	0.605175	0.000000
-0.145626	0.381570	0.000000
0.663434	-0.324222	0.000000
0.404104	-0.538514	0.000000
0.850902	0.486259	0.000000
0.478950	-0.391607	0.000000
0.189928	-0.019002	0.000000
0.404024	-0.298230	0.000000
-0.503046	0.481918	0.000000
0.058806	0.009362	0.000000
0.748323	0.798148	0.000000
0.337068	0.972916	0.000000
0.741917	0.206160	0.000000
-0.198998	0.467844	0.000000
0.605206	0.156099	0.000000
-0.402163	0.382234	0.000000
-0.557044	0.714013	0.000000
-0.732871	0.771588	0.000000
0.859987	0.658324	0.000000
-0.308322	0.443701	0.000000
-0.526708	0.781910	0.000000
0.561436	-0.452382	0.000000
-0.773841	0.648000	0.000000
0.068741	0.399895	0.000000
-0.678798	0.010567	0.000000
-0.253010	0.410634	0.000000
0.114262	-0.101202	0.000000
0.934988	0.796450	0.000000
0.099507	-0.105302	0.000000
0.574636	0.306530	0.000000
-0.096452	-0.533257	0.000000
-0.864784	0.644940	0.000000
-0.130292	0.531764	0.000000
0.210142	-0.226752	0.000000
-0.891571	0.595322	0.000000
-0.494290	0.865640	0.000000
-0.223765	0.638900	0.000000
0.281117	-0.181657	0.000000
0.842485	0.768746	0.000000
0.724863	-0.502439	0.000000
-0.900528	0.585143	0.000000
0.510384	-0.030067	0.000000
0.366606	0.158669	0.000000
0.669848	0.339597	0.000000
0.500787	0.142625	0.000000
0.951208	0.640298	0.000000
-0.482204	0.630735	0.000000
-0.193216	-0.133069	0.000000
-0.607610	0.608663	0.000000
0.469288	0.538976	0.000000
-0.532190	0.464633	0.000000
-0.757659	0.697581	0.000000
0.395013	-0.372864	0.000000
-0.911938	0.817679	0.000000
0.536714	0.325237	0.000000
-0.767532	0.355038	0.000000
0.333345	0.990036	0.000000
-0.641969	-0.641958	0.000000
-0.249543	0.697981	0.000000
0.656463	0.532256	0.000000
0.689670	0.545628	0.000000
-0.300594	-0.130979	0.000000
0.328037	0.585146	0.000000
0.332624	0.943887	0.000000
-0.626887	-0.725352	0.000000
-0.119663	0.099062	0.000000
0.431072	-0.105294	0.000000
0.268121	0.609737	0.000000
0.219966	-0.008380	0.000000
-0.717233	0.660203	0.000000
0.255325	0.853971	0.000000
-0.665619	0.226966	0.000000
-0.573107	0.172149	0.000000
0.674314	-0.016872	0.000000
0.283931	-0.404659	0.000000
-0.222854	0.381467	0.000000
-0.607859	0.239511	0.000000
0.557730	0.123221	0.000000
-0.314008	0.702770	0.000000
0.706630	0.264910	0.000000
0.837834	0.294918	0.000000
0.287756	-0.235041	0.000000
-0.550524	-0.111985	0.000000
0.887796	0.736720	0.000000
-0.047725	0.721495	0.000000
0.132929	0.708757	0.000000
-0.574088	0.652942	0.000000
0.403418	0.159037	0.000000
-0.264848	0.033627	0.000000
-0.117122	0.308057	0.000000
-0.041527	-0.578315	0.000000
-0.669978	-0.429418	0.000000
0.430608	0.618778	0.000000
0.671109	-0.380432	0.000000
0.773348	0.336822	0.000000
-0.261627	0.651903	0.000000
0.795006	0.751247	0.000000
0.116004	-0.146525	0.000000
-0.571573	0.894433	0.000000
0.274687	0.509291	0.000000
-0.760874	0.413647	0.000000
-0.023985	0.555730	0.000000
-0.296787	0.067106	0.000000
0.885271	0.645484	0.000000
-0.365140	0.662963	0.000000
0.581160	0.091439	0.000000
0.471186	0.750000	0.000000
-0.507985	-0.101327	0.000000
0.185393	0.102190	0.000000
0.647024	0.275313	0.000000
0.832122	0.586452	0.000000
0.271779	0.402837	0.000000
0.507323	0.386400	0.000000
0.278870	0.041782	0.000000
-0.771657	0.157302	0.000000
0.492766	0.475881	0.000000
-0.462409	0.755882	0.000000
-0.281631	-0.735773	0.000000
0.681050	0.471351	0.000000
0.712239	0.304722	0.000000
0.434171	0.758465	0.000000
-0.442894	0.418325	0.000000
-0.012712	-0.350298	0.000000
0.677778	0.511084	0.000000
-0.755529	0.212550	0.000000
0.537993	-0.014361	0.000000
-0.631014	0.445863	0.000000
-0.462938	-0.022840	0.000000
-0.073307	0.573736	0.000000
0.441807	-0.145668	0.000000
-0.611139	0.728156	0.000000
0.082976	0.016336	0.000000
-0.981892	0.905974	0.000000
0.505158	0.654199	0.000000
0.253525	0.735339	0.000000
0.448950	0.277010	0.000000
0.930205	0.599787	0.000000
0.285998	-0.248204	0.000000
0.483219	-0.362970	0.000000
0.797873	-0.426669	0.000000
0.729039	0.458048	0.000000
-0.619878	-0.856893	0.000000
0.614908	0.535255	0.000000
0.678596	0.043037	0.000000
0.413581	0.646323	0.000000
-0.290087	0.237917	0.000000
-0.776766	0.294015	0.000000
0.242693	-0.183477	0.000000
0.706332	-0.518425	0.000000
0.895576	0.529522	0.000000
0.332043	0.046639	0.000000
0.708165	0.664732	0.000000
-0.072003	-0.085465	0.000000
-0.439060	0.592346	0.000000
-0.222286	0.159782	0.000000
0.510691	0.720361	0.000000
-0.151215	0.531961	0.000000
0.042873	0.586783	0.000000
-0.397050	-0.455960	0.000000
0.289669	0.306036	0.000000
0.555628	-0.458860	0.000000
-0.092505	0.369557	0.000000
-0.258925	-0.536936	0.000000
0.536829	-0.056165	0.000000
-0.349459	0.495795	0.000000
-0.577850	0.277614	0.000000
0.285314	0.515742	0.000000
-0.315215	-0.266976	0.000000
-0.654944	-0.635970	0.000000
-0.519500	0.570911	0.000000
0.880935	0.860716	0.000000
0.217089	-0.020442	0.000000
-0.022070	-0.085610	0.000000
-0.221495	0.081589	0.000000
-0.407736	0.799205	0.000000
0.737142	-0.395533	0.000000
-0.119143	0.223888	0.000000
-0.602395	0.677443	0.000000
0.056015	0.191200	0.000000
-0.917166	0.637841	0.000000
-0.955294	0.637545	0.000000
-0.134657	0.147958	0.000000
0.335024	0.249857	0.000000
-0.371084	-0.030582	0.000000
0.663280	0.163442	0.000000
-0.352599	-0.626492	0.000000
-0.151922	-0.346552	0.000000
0.510325	0.446035	0.000000
0.457095	0.655112	0.000000
-0.385821	-0.613870	0.000000
0.874112	0.858863	0.000000
-0.422961	0.021809	0.000000
-0.602585	0.389936	0.000000
-0.309586	0.762743	0.000000
0.402218	0.280753	0.000000
-0.471670	-0.012874	0.000000
0.302818	0.199763	0.000000
-0.103272	0.610308	0.000000
0.388357	-0.327569	0.000000
-0.237725	-0.107276	0.000000
0.433580	0.575592	0.000000
0.253999	-0.241222	0.000000
0.465945	0.665332	0.000000
0.725074	0.515630	0.000000
-0.519568	-0.182151	0.000000
-0.803452	0.489145	0.000000
-0.286531	0.298479	0.000000
-0.371304	0.045498	0.000000
0.499140	0.434930	0.000000
0.762431	0.807429	0.000000
0.466936	0.236875	0.000000
-0.607888	0.481299	0.000000
0.553127	0.472922	0.000000
0.865154	0.742345	0.000000
-0.405907	0.778560	0.000000
0.744449	0.709956	0.000000
0.629466	0.320372	0.000000
0.333165	0.505372	0.000000
-0.683778	0.894004	0.000000
0.792639	-0.495191	0.000000
-0.435974	-0.395772	0.000000
0.890968	0.712599	0.000000
-0.150934	-0.351506	0.000000
0.169041	-0.004739	0.000000
0.127800	0.012616	0.000000
0.489374	-0.533300	0.000000
0.525973	0.139506	0.000000
0.547014	0.772913	0.000000
0.399352	-0.084278	0.000000
0.906536	0.619121	0.000000
-0.286072	-0.174302	0.000000
-0.123530	-0.144509	0.000000
0.371754	-0.484610	0.000000
-0.490511	0.126317	0.000000
0.066256	-0.083023	0.000000
0.063232	0.776956	0.000000
-0.405732	0.673197	0.000000
0.188279	-0.481060	0.000000
-0.120733	-0.056120	0.000000
-0.499521	0.122091	0.000000
0.380440	-0.179700	0.000000
-0.257325	-0.678755	0.000000
0.558941	0.320506	0.000000
-0.321212	-0.528561	0.000000
-0.072350	-0.473130	0.000000
-0.049116	-0.257521	0.000000
0.834979	0.692202	0.000000
-0.236841	0.185903	0.000000
0.741203	-0.668728	0.000000
0.447756	0.043113	0.000000
0.338971	-0.023204	0.000000
0.438973	0.753723	0.000000
0.402900	-0.076147	0.000000
0.302088	-0.271994	0.000000
0.071867	-0.392279	0.000000
0.845622	0.377136	0.000000
0.230027	0.281953	0.000000
-0.751921	0.326571	0.000000
-0.123852	-0.620971	0.000000
-0.474508	0.589545	0.000000
-0.125546	-0.421225	0.000000
-0.273653	-0.432737	0.000000
0.427828	-0.055063	0.000000
-0.210268	0.047719	0.000000
0.594164	0.604617	0.000000
-0.178387	-0.487672	0.000000
0.460320	0.209572	0.000000
0.027646	-0.093441	0.000000
-0.378954	0.695971	0.000000
0.124832	0.602017	0.000000
-0.571670	0.465612	0.000000
0.642200	0.347062	0.000000
-0.405945	0.224870	0.000000
-0.494590	0.056353	0.000000
-0.604972	0.898335	0.000000
0.187630	0.652460	0.000000
0.540779	0.083507	0.000000
-0.072817	0.812068	0.000000
-0.124236	-0.121116	0.000000
-0.285267	-0.606514	0.000000
0.449590	0.057071	0.000000
0.231318	0.222770	0.000000
-0.404140	-0.102330	0.000000
-0.914219	0.959752	0.000000
0.820676	-0.607107	0.000000
0.004332	0.518037	0.000000
-0.095036	0.638408	0.000000
-0.614932	0.498570	0.000000
0.329538	-0.317780	0.000000
-0.760494	0.514047	0.000000
-0.330313	0.426572	0.000000
-0.637952	-0.286643	0.000000
-0.911844	0.892063	0.000000
0.321074	-0.271001	0.000000
-0.126581	0.652219	0.000000
-0.480331	-0.525809	0.000000
-0.720920	0.743503	0.000000
0.355592	0.594452	0.000000
-0.431430	0.841200	0.000000
0.011095	0.515258	0.000000
0.342391	0.144884	0.000000
0.707593	0.514930	0.000000
-0.759079	0.043855	0.000000
-0.623607	0.299261	0.000000
0.863492	0.863346	0.000000
-0.631034	0.316778	0.000000
-0.423639	-0.594221	0.000000
0.477403	-0.188890	0.000000
-0.461278	-0.403053	0.000000
0.540568	0.081133	0.000000
-0.543478	-0.502188	0.000000
-0.020401	0.304806	0.000000
0.681838	-0.363269	0.000000
-0.247967	0.457828	0.000000
0.648845	0.664373	0.000000
0.303366	-0.499244	0.000000
0.027038	0.427490	0.000000
0.485595	-0.420449	0.000000
0.693742	0.184236	0.000000
0.782988	0.404134	0.000000
-0.032840	-0.108505	0.000000
0.151454	0.314047	0.000000
0.354600	-0.192833	0.000000
0.801974	0.777774	0.000000
0.356699	-0.386399	0.000000
0.138595	0.735237	0.000000
-0.184341	0.022920	0.000000
0.386360	0.528518	0.000000
0.424155	-0.192931	0.000000
0.735065	-0.618259	0.000000
0.682240	-0.463008	0.000000
-0.198022	0.252994	0.000000
-0.505217	0.719542	0.000000
-0.937610	0.953913	0.000000
0.066969	-0.420125	0.000000
0.232056	-0.189846	0.000000
0.361967	0.351282	0.000000
0.794833	0.847570	0.000000
-0.243894	0.659431	0.000000
0.628753	0.714750	0.000000
-0.036133	0.154283	0.000000
0.353047	0.462423	0.000000
-0.329768	-0.371780	0.000000
-0.420995	-0.024043	0.000000
0.335883	0.484938	0.000000
0.174493	0.353474	0.000000
-0.747117	0.189498	0.000000
0.209733	0.672282	0.000000
-0.011277	0.539770	0.000000
0.279342	-0.537002	0.000000
-0.038184	0.482091	0.000000
0.132018	0.311787	0.000000
-0.636897	0.728369	0.000000
-0.774014	0.401909	0.000000
-0.095115	-0.134508	0.000000
-0.455630	-0.130232	0.000000
-0.312745	0.475419	0.000000
-0.316809	-0.302979	0.000000
0.465561	-0.458405	0.000000
0.597593	-0.010007	0.000000
0.286690	0.228713	0.000000
0.306012	0.352087	0.000000
0.770710	0.736280	0.000000
0.101312	-0.423198	0.000000
-0.279723	0.612449	0.000000
-0.179576	0.139685	0.000000
-0.632888	0.193689	0.000000
0.287572	0.540243	0.000000
0.425652	0.802962	0.000000
0.239722	-0.182611	0.000000
-0.168069	-0.652825	0.000000
0.525662	0.654536	0.000000
-0.094808	-0.098262	0.000000
0.262536	0.057172	0.000000
-0.443617	0.822280	0.000000
0.663411	0.786998	0.000000
-0.403240	-0.433105	0.000000
-0.370678	0.180285	0.000000
0.286081	0.536066	0.000000
0.452832	-0.406782	0.000000
0.787897	-0.603608	0.000000
-0.348572	0.368259	0.000000
-0.448117	-0.401170	0.000000
0.382358	0.511017	0.000000
-0.279839	0.380322	0.000000
0.515520	0.008189	0.000000
-0.659216	0.523729	0.000000
-0.033814	-0.136538	0.000000
0.660271	0.180839	0.000000
-0.593157	-0.414040	0.000000
-0.552688	0.303608	0.000000
-0.407270	-0.009313	0.000000
-0.464283	-0.786202	0.000000
0.500518	0.501094	0.000000
0.437720	-0.182226	0.000000
0.538847	0.580361	0.000000
-0.119040	-0.056172	0.000000
-0.325163	0.196855	0.000000
-0.197293	0.033482	0.000000
0.191418	-0.330723	0.000000
0.872989	0.384760	0.000000
0.722153	0.454721	0.000000
0.620320	-0.419073	0.000000
-0.385672	-0.112189	0.000000
0.111282	0.434145	0.000000
0.116217	0.631280	0.000000
0.918514	0.450649	0.000000
0.036018	0.340820	0.000000
-0.451949	0.262800	0.000000
-0.350302	-0.702741	0.000000
0.018156	0.634059	0.000000
0.456966	-0.262120	0.000000
0.273884	-0.214134	0.000000
-0.488415	0.854025	0.000000
-0.464430	0.296230	0.000000
-0.518000	0.754210	0.000000
0.820776	0.704009	0.000000
-0.397444	0.035926	0.000000
0.309729	0.872867	0.000000
0.935242	0.833390	0.000000
-0.692397	0.555499	0.000000
-0.500637	-0.443209	0.000000
0.692090	-0.492090	0.000000
-0.411454	0.830489	0.000000
-0.430700	0.832522	0.000000
-0.024286	-0.461615	0.000000
-0.785784	0.514535	0.000000
-0.549240	-0.550752	0.000000
0.127933	0.534668	0.000000
0.915184	0.733605	0.000000
0.132546	0.813943	0.000000
0.080105	0.515454	0.000000
-0.638835	-0.556312	0.000000
0.530338	0.178978	0.000000
-0.668561	0.712873	0.000000
0.043901	-0.441576	0.000000
0.644805	-0.635655	0.000000
-0.705417	0.906769	0.000000
0.316706	-0.471730	0.000000
0.522798	0.693804	0.000000
0.336116	0.682776	0.000000
0.035738	-0.078353	0.000000
0.651544	0.244881	0.000000
0.600307	0.590099	0.000000
0.367457	0.679749	0.000000
-0.090336	0.122086	0.000000
0.089783	-0.367268	0.000000
0.368270	-0.367152	0.000000
0.017866	-0.165243	0.000000
0.413607	-0.369975	0.000000
-0.614079	0.725222	0.000000
0.544215	0.602361	0.000000
-0.020053	-0.597969	0.000000
0.341860	0.253211	0.000000
0.648890	0.818001	0.000000
0.580221	-0.048712	0.000000
0.383523	0.023501	0.000000
-0.217506	-0.724909	0.000000
-0.026283	-0.179237	0.000000
0.479362	-0.309807	0.000000
-0.805923	0.824911	0.000000
-0.175527	0.300523	0.000000
0.103797	-0.194383	0.000000
-0.617844	-0.175643	0.000000
-0.455896	0.514903	0.000000
0.325967	0.335070	0.000000
-0.646930	-0.807119	0.000000
0.837412	0.720588	0.000000
0.773948	0.519892	0.000000
0.050773	0.803285	0.000000
-0.040213	0.514766	0.000000
0.434768	0.463668	0.000000
0.957952	0.604743	0.000000
0.517809	0.097731	0.000000
-0.648135	0.445686	0.000000
-0.052807	0.721829	0.000000
-0.577634	-0.985328	0.000000
0.089880	-0.028578	0.000000
-0.566191	0.608710	0.000000
-0.031876	-0.423112	0.000000
0.448875	0.288401	0.000000
-0.504165	-0.965895	0.000000
0.061990	-0.167721	0.000000
0.472356	0.204257	0.000000
0.811017	0.549324	0.000000
0.069169	0.260841	0.000000
0.770017	0.627333	0.000000
-0.421787	0.822616	0.000000
0.418519	0.361346	0.000000
0.131997	0.685203	0.000000
0.215521	0.740735	0.000000
-0.347242	0.677476	0.000000
-0.218525	-0.251305	0.000000
0.548999	-0.404347	0.000000
0.897368	0.653852	0.000000
-0.154026	0.406695	0.000000
0.337176	0.936919	0.000000
0.065130	0.014439	0.000000
-0.940205	0.805123	0.000000
0.882963	0.729732	0.000000
0.627030	0.181930	0.000000
-0.044881	0.090390	0.000000
-0.528828	0.155108	0.000000
0.623631	0.116966	0.000000
0.279071	-0.379632	0.000000
-0.584110	-0.204323	0.000000
-0.271972	0.486803	0.000000
-0.592780	-0.797720	0.000000
-0.334459	0.566998	0.000000
-0.264631	0.681431	0.000000
0.821007	-0.567575	0.000000
0.506366	0.457683	0.000000
-0.323912	0.181313	0.000000
0.775345	0.266387	0.000000
0.099317	-0.144464	0.000000
-0.157056	-0.675015	0.000000
-0.043085	-0.440784	0.000000
-0.060344	0.602705	0.000000
0.520505	0.251522	0.000000
-0.068644	0.809755	0.000000
-0.142915	-0.147436	0.000000
-0.216529	0.679456	0.000000
0.318945	-0.538532	0.000000
-0.325480	0.337559	0.000000
0.055359	0.244077	0.000000
-0.204383	0.704301	0.000000
0.606875	0.624223	0.000000
0.379798	-0.090235	0.000000
-0.494668	-0.866999	0.000000
0.362180	-0.060381	0.000000
-0.082223	0.135224	0.000000
0.071431	-0.178974	0.000000
-0.318958	-0.423077	0.000000
0.697546	0.670687	0.000000
-0.122023	0.164634	0.000000
-0.806787	0.206383	0.000000
-0.246077	0.427080	0.000000
0.616065	0.534368	0.000000
-0.633103	0.547419	0.000000
-0.602596	-0.356645	0.000000
-0.318027	-0.034457	0.000000
-0.402531	-0.080447	0.000000
0.348311	-0.159932	0.000000
-0.091504	-0.297342	0.000000
-0.358615	-0.160465	0.000000
0.309480	0.761292	0.000000
0.652051	-0.413653	0.000000
-0.548302	0.615991	0.000000
-0.477658	-0.380518	0.000000
-0.270824	0.273125	0.000000
0.305024	0.914576	0.000000
-0.665023	0.872023	0.000000
0.544231	-0.300878	0.000000
-0.466358	-0.203471	0.000000
-0.713553	0.437291	0.000000
-0.267372	0.379912	0.000000
-0.159152	0.634759	0.000000
0.218835	-0.177951	0.000000
0.412738	0.605060	0.000000
-0.387295	0.150280	0.000000
-0.806430	0.904274	0.000000
0.734453	0.354478	0.000000
0.046966	-0.045478	0.000000
-0.280122	-0.391785	0.000000
0.180681	-0.207098	0.000000
-0.622752	0.728771	0.000000
0.406499	-0.348679	0.000000
-0.374858	0.065918	0.000000
-0.635017	-0.531662	0.000000
-0.044326	-0.329584	0.000000
0.549077	0.224939	0.000000
0.150047	0.541531	0.000000
0.640789	0.571972	0.000000
-0.756179	0.426433	0.000000
0.779920	-0.394591	0.000000
-0.149689	0.077817	0.000000
0.060616	0.720144	0.000000
0.848064	0.629488	0.000000
-0.328198	-0.165080	0.000000
0.243155	0.487454	0.000000
0.300378	-0.479760	0.000000
0.196337	0.574277	0.000000
0.307940	-0.212948	0.000000
0.550704	-0.422093	0.000000
0.802385	0.701188	0.000000
-0.325127	0.497429	0.000000
-0.177546	0.168587	0.000000
0.823002	0.747338	0.000000
0.670710	-0.322507	0.000000
-0.150245	-0.094384	0.000000
-0.241736	0.469141	0.000000
-0.372535	-0.146086	0.000000
0.233660	0.456203	0.000000
0.968790	0.693408	0.000000
0.589460	-0.670970	0.000000
-0.860663	0.897350	0.000000
-0.186001	-0.405704	0.000000
-0.145474	0.478663	0.000000
-0.365360	0.055778	0.000000
0.293243	-0.579620	0.000000
0.320443	0.649266	0.000000
-0.615866	-0.685817	0.000000
-0.083375	-0.140957	0.000000
-0.944755	0.752552	0.000000
0.492207	0.445984	0.000000
-0.400149	-0.264266	0.000000
-0.138369	0.648103	0.000000
0.462093	0.579527	0.000000
0.797001	0.506302	0.000000
0.637304	0.659113	0.000000
-0.733747	0.238643	0.000000
0.413691	0.573364	0.000000
-0.345906	0.797666	0.000000
-0.203900	0.071906	0.000000
0.598802	0.535835	0.000000
-0.422623	-0.878010	0.000000
0.636934	-0.330789	0.000000
-0.104370	0.791788	0.000000
0.600144	-0.007762	0.000000
-0.532375	0.326567	0.000000
0.844290	0.555374	0.000000
0.505943	-0.543520	0.000000
0.081470	0.458999	0.000000
-0.985472	0.824546	0.000000
0.643001	-0.428981	0.000000
0.179445	0.764321	0.000000
-0.056339	0.143400	0.000000
-0.953135	0.531898	0.000000
0.701073	-0.645634	0.000000
-0.508394	0.508501	0.000000
0.318689	-0.414928	0.000000
0.444315	-0.086645	0.000000
-0.683052	0.547879	0.000000
0.728669	0.440162	0.000000
-0.809950	0.272664	0.000000
-0.127707	0.300585	0.000000
0.559242	-0.385867	0.000000
0.130731	-0.438714	0.000000
-0.017617	0.531214	0.000000
0.671624	0.085181	0.000000
-0.019544	0.598707	0.000000
-0.591626	-0.707753	0.000000
0.531044	-0.573794	0.000000
0.361445	-0.244111	0.000000
0.807007	0.671687	0.000000
-0.229187	0.241717	0.000000
0.725932	0.242708	0.000000
0.164105	0.326149	0.000000
0.771402	0.274163	0.000000
-0.757129	0.172035	0.000000
-0.229909	0.054918	0.000000
-0.322402	0.463540	0.000000
0.329405	0.870102	0.000000
-0.212577	0.430296	0.000000
-0.140850	0.543064	0.000000
-0.050958	0.558981	0.000000
0.045114	-0.118963	0.000000
-0.062176	-0.255020	0.000000
0.715184	0.323817	0.000000
0.359509	0.165634	0.000000
-0.641168	0.730131	0.000000
0.103502	0.602895	0.000000
0.542684	0.343241	0.000000
0.719807	0.010657	0.000000
-0.064019	-0.019590	0.000000
0.358055	-0.261795	0.000000
0.058680	0.322410	0.000000
-0.249638	0.062486	0.000000
-0.411283	0.818139	0.000000
0.689020	-0.015558	0.000000
0.518598	0.106948	0.000000
0.017727	0.488025	0.000000
0.731067	0.689612	0.000000
0.520591	0.142689	0.000000
-0.271073	0.718897	0.000000
0.269207	-0.010537	0.000000
0.536528	0.002851	0.000000
-0.197220	0.572694	0.000000
-0.026712	0.259469	0.000000
0.727889	0.066267	0.000000
-0.298811	0.715187	0.000000
-0.175323	-0.184636	0.000000
0.470721	-0.057055	0.000000
-0.436784	-0.803481	0.000000
0.765311	0.438276	0.000000
0.230931	-0.000226	0.000000
0.283517	0.642612	0.000000
0.392808	-0.608063	0.000000
-0.615039	0.921388	0.000000
0.763277	0.728683	0.000000
0.748988	-0.686293	0.000000
-0.486956	-0.789006	0.000000
-0.079018	-0.079785	0.000000
0.270388	0.270089	0.000000
-0.250280	0.693311	0.000000
0.232412	0.064072	0.000000
-0.414286	0.218774	0.000000
0.318666	0.151360	0.000000
0.675963	0.325609	0.000000
0.758699	-0.670809	0.000000
-0.778624	0.858548	0.000000
0.831891	0.705482	0.000000
0.000249	-0.049234	0.000000
0.369883	0.730176	0.000000
0.483927	-0.371901	0.000000
-0.245928	-0.004036	0.000000
0.483383	-0.101842	0.000000
0.190865	-0.149469	0.000000
-0.155504	0.227511	0.000000
0.789114	-0.509824	0.000000
0.650438	0.352338	0.000000
-0.142855	0.570445	0.000000
0.318840	0.497456	0.000000
-0.027555	-0.498379	0.000000
0.771055	-0.415992	0.000000
-0.615718	0.587050	0.000000
0.318184	-0.360423	0.000000
0.798082	0.448617	0.000000
0.253837	-0.313583	0.000000
0.595451	0.154480	0.000000
0.136316	0.843919	0.000000
0.468986	0.527218	0.000000
0.240610	0.771734	0.000000
-0.456661	-0.021785	0.000000
0.534103	0.655841	0.000000
0.847675	0.538244	0.000000
0.358277	0.323258	0.000000
0.630272	-0.572748	0.000000
-0.965952	0.835656	0.000000
-0.166670	-0.669670	0.000000
-0.300696	-0.135196	0.000000
-0.577179	-0.928849	0.000000
0.477144	-0.448532	0.000000
-0.392625	-0.586984	0.000000
-0.360540	0.241890	0.000000
0.332987	-0.159790	0.000000
-0.742844	0.184639	0.000000
-0.856793	0.926338	0.000000
0.258906	0.284012	0.000000
-0.169702	-0.147596	0.000000
-0.295768	0.193783	0.000000
0.388531	-0.164439	0.000000
0.662386	0.142451	0.000000
0.069125	0.005928	0.000000
0.005662	-0.057433	0.000000
0.380886	-0.014197	0.000000
-0.354388	0.405288	0.000000
0.797872	-0.507735	0.000000
-0.631802	0.923217	0.000000
-0.672649	-0.011843	0.000000
0.496219	0.138856	0.000000
0.186602	0.765014	0.000000
-0.290625	0.232103	0.000000
-0.352781	-0.442437	0.000000
-0.066800	-0.612509	0.000000
0.597982	-0.562210	0.000000
0.682016	0.504931	0.000000
0.385420	0.728236	0.000000
-0.493392	-0.466969	0.000000
-0.547667	0.626849	0.000000
-0.092058	-0.072730	0.000000
0.751615	0.513967	0.000000
0.509769	0.630442	0.000000
0.853743	0.829094	0.000000
-0.106614	0.067305	0.000000
-0.398742	-0.635992	0.000000
0.178529	-0.059532	0.000000
0.957019	0.650866	0.000000
-0.455256	-0.880998	0.000000
-0.654961	0.217556	0.000000
0.540380	-0.629195	0.000000
0.185537	-0.090378	0.000000
0.328546	0.571631	0.000000
-0.581930	0.905307	0.000000
-0.556242	-0.502954	0.000000
0.257996	0.961585	0.000000
0.593554	-0.035358	0.000000
0.638622	0.008503	0.000000
0.616698	0.764109	0.000000
0.715008	-0.498710	0.000000
0.381412	-0.440121	0.000000
0.515244	0.198049	0.000000
0.754752	-0.664869	0.000000
-0.583599	0.429741	0.000000
-0.144267	0.302839	0.000000
0.242998	-0.294444	0.000000
0.312250	-0.270443	0.000000
0.768361	-0.675784	0.000000
0.318580	-0.021307	0.000000
0.622365	0.533771	0.000000
-0.874154	0.600631	0.000000
0.588305	-0.381035	0.000000
0.553365	-0.020561	0.000000
0.774256	-0.591575	0.000000
0.309929	0.384806	0.000000
0.305141	-0.008265	0.000000
-0.475811	0.364518	0.000000
0.628057	0.352071	0.000000
0.692118	-0.380184	0.000000
0.672640	0.420371	0.000000
0.633659	0.143135	0.000000
-0.694246	-0.115278	0.000000
0.592560	0.427705	0.000000
0.030826	0.817686	0.000000
-0.098479	-0.591511	0.000000
0.485149	-0.003042	0.000000
0.634068	0.695084	0.000000
0.699691	0.801520	0.000000
0.185974	-0.195433	0.000000
0.394010	-0.389929	0.000000
-0.276608	0.226888	0.000000
-0.153416	-0.117262	0.000000
-0.421605	0.688730	0.000000
-0.528217	0.875189	0.000000
0.906973	0.812891	0.000000
0.137927	0.592964	0.000000
-0.192328	-0.146288	0.000000
0.060269	-0.192365	0.000000
-0.240708	-0.253354	0.000000
-0.291800	-0.774773	0.000000
-0.361956	0.322656	0.000000
-0.324998	-0.493860	0.000000
-0.563325	0.507662	0.000000
-0.055909	-0.141420	0.000000
-0.317227	-0.479156	0.000000
0.312006	-0.410728	0.000000
-0.076168	0.422083	0.000000
-0.410068	-0.260908	0.000000
-0.421514	0.748585	0.000000
-0.320671	0.672619	0.000000
0.567163	0.652350	0.000000
-0.582576	0.627849	0.000000
-0.573213	0.296557	0.000000
-0.574132	0.658112	0.000000
0.815301	-0.648721	0.000000
0.570350	0.781746	0.000000
0.495507	0.100894	0.000000
-0.092261	0.632100	0.000000
-0.124842	-0.138216	0.000000
0.869303	0.825135	0.000000
0.177485	-0.415063	0.000000
0.835938	0.738452	0.000000
-0.048179	0.515650	0.000000
0.436864	-0.143605	0.000000
0.535364	0.676636	0.000000
-0.187779	0.076644	0.000000
-0.782853	0.838041	0.000000
-0.258841	0.652696	0.000000
-0.066975	0.072648	0.000000
-0.421833	-0.150741	0.000000
0.367941	-0.384749	0.000000
0.281629	0.236317	0.000000
0.328955	0.445498	0.000000
0.714055	0.554220	0.000000
0.405575	-0.160524	0.000000
-0.394061	-0.522356	0.000000
-0.551813	0.807491	0.000000
-0.073272	0.269913	0.000000
0.559100	0.528057	0.000000
0.896854	0.753653	0.000000
-0.703888	0.260150	0.000000
0.953488	0.798096	0.000000
-0.039036	-0.582639	0.000000
0.847610	0.490983	0.000000
-0.825234	0.502873	0.000000
0.061637	-0.121196	0.000000
0.408089	-0.448851	0.000000
0.655239	0.768657	0.000000
0.697375	-0.673830	0.000000
0.235636	0.094147	0.000000
-0.032698	0.756287	0.000000
0.313182	0.283810	0.000000
0.097488	0.526065	0.000000
0.558555	-0.676024	0.000000
0.723846	-0.673488	0.000000
-0.689349	0.280440	0.000000
0.501815	0.621497	0.000000
-0.011895	-0.547385	0.000000
0.277938	-0.176504	0.000000
-0.498977	0.076476	0.000000
0.645491	0.572809	0.000000
0.619151	0.565164	0.000000
0.736495	-0.602805	0.000000
-0.593505	-0.784919	0.000000
0.170141	-0.250911	0.000000
0.411313	-0.308913	0.000000
-0.637728	0.875171	0.000000
0.193735	0.088890	0.000000
-0.571302	0.894324	0.000000
-0.752743	0.878363	0.000000
0.751867	0.727385	0.000000
-0.418123	0.648594	0.000000
-0.631084	0.720014	0.000000
-0.747470	0.764259	0.000000
-0.372386	0.035049	0.000000
0.587641	0.432393	0.000000
-0.302075	0.733196	0.000000
0.650651	0.131733	0.000000
0.611881	-0.467820	0.000000
-0.343972	0.240207	0.000000
0.706926	0.759715	0.000000
-0.386422	-0.208749	0.000000
-0.639525	-0.064035	0.000000
-0.423685	0.551995	0.000000
-0.200551	-0.376119	0.000000
-0.632078	0.117300	0.000000
0.361897	0.270181	0.000000
0.404990	-0.148522	0.000000
-0.564674	-0.834758	0.000000
0.747171	0.432880	0.000000
-0.583471	0.138323	0.000000
0.598535	0.432123	0.000000
0.545006	0.535867	0.000000
-0.750824	0.956385	0.000000
-0.035937	0.037850	0.000000
0.463710	0.115690	0.000000
-0.068323	0.527408	0.000000
-0.062045	0.770455	0.000000
-0.365426	-0.161871	0.000000
0.173009	0.138167	0.000000
0.231937	-0.185911	0.000000
0.401168	-0.541612	0.000000
0.401502	-0.532415	0.000000
0.249896	0.953090	0.000000
0.735667	0.791037	0.000000
-0.635681	-0.874576	0.000000
-0.762560	0.927408	0.000000
-0.241631	-0.520290	0.000000
-0.110821	-0.147787	0.000000
0.522698	0.151844	0.000000
0.049329	-0.494046	0.000000
0.692828	0.460267	0.000000
-0.208820	0.367373	0.000000
0.919673	0.822700	0.000000
-0.406798	0.507134	0.000000
0.130278	-0.221786	0.000000
0.539556	0.406212	0.000000
-0.534624	0.252738	0.000000
-0.439266	0.439232	0.000000
-0.342747	-0.620679	0.000000
0.441516	0.220236	0.000000
-0.084453	-0.117750	0.000000
-0.176723	-0.195138	0.000000
0.069723	0.345169	0.000000
-0.505932	0.146808	0.000000
0.394746	0.474623	0.000000
0.164399	0.261817	0.000000
0.931534	0.716468	0.000000
-0.475036	0.001258	0.000000
0.840951	0.573449	0.000000
0.226397	-0.032482	0.000000
0.173782	-0.131510	0.000000
-0.371173	0.674738	0.000000
0.576761	-0.413865	0.000000
0.135867	-0.419458	0.000000
0.717969	0.721397	0.000000
0.494245	0.600975	0.000000
-0.199489	0.628220	0.000000
0.991729	0.691981	0.000000
0.859460	0.809458	0.000000
-0.014185	0.102464	0.000000
0.571121	0.760079	0.000000
0.188107	-0.480321	0.000000
-0.441135	-0.699390	0.000000
-0.567776	0.640903	0.000000
-0.538070	-0.422011	0.000000
-0.340645	0.266756	0.000000
0.442222	-0.174707	0.000000
-0.302519	0.378392	0.000000
0.812349	0.605669	0.000000
0.349858	0.201162	0.000000
0.789425	0.466680	0.000000
0.029740	0.249835	0.000000
0.529736	0.455439	0.000000
0.699442	0.757213	0.000000
-0.400334	0.595020	0.000000
0.599313	0.336044	0.000000
0.340095	-0.418336	0.000000
0.628175	-0.018859	0.000000
-0.042927	0.371849	0.000000
0.175828	0.684779	0.000000
-0.883149	0.619130	0.000000
-0.250672	-0.144724	0.000000
0.371341	0.017470	0.000000
-0.471163	0.528097	0.000000
0.940915	0.807987	0.000000
-0.524154	-0.688456	0.000000
0.214312	0.355231	0.000000
0.439781	0.571699	0.000000
0.617526	-0.008675	0.000000
0.655003	0.488122	0.000000
0.769758	-0.542697	0.000000
0.914541	0.657245	0.000000
0.507936	0.277146	0.000000
-0.133120	-0.068619	0.000000
0.482989	-0.095572	0.000000
0.251284	0.690688	0.000000
-0.649220	-0.017429	0.000000
-0.732134	0.679113	0.000000
0.781582	-0.533763	0.000000
0.523725	0.446343	0.000000
0.676578	0.583341	0.000000
0.562190	0.682710	0.000000
-0.778302	0.753824	0.000000
0.802060	0.812734	0.000000
-0.281907	0.229894	0.000000
0.003407	-0.464375	0.000000
-0.148250	0.738950	0.000000
-0.561317	0.587142	0.000000
-0.091483	0.013779	0.000000
0.440877	-0.379081	0.000000
-0.805728	0.855465	0.000000
0.331103	0.257196	0.000000
0.187759	0.534810	0.000000
-0.704887	0.089911	0.000000
-0.541693	-0.107417	0.000000
-0.265006	0.667400	0.000000
-0.254902	-0.683616	0.000000
-0.049755	0.421538	0.000000
0.444065	0.587168	0.000000
-0.598895	0.391348	0.000000
0.616582	0.274844	0.000000
-0.099160	0.311022	0.000000
0.658706	0.177288	0.000000
-0.543277	-0.099811	0.000000
0.721599	-0.388749	0.000000
0.215514	0.725412	0.000000
-0.241366	-0.099268	0.000000
0.593370	0.501022	0.000000
-0.538512	-0.151133	0.000000
-0.544120	-0.924162	0.000000
-0.376392	-0.498358	0.000000
-0.032248	-0.376531	0.000000
0.768604	0.735118	0.000000
-0.551386	-0.182271	0.000000
-0.338733	-0.747650	0.000000
-0.679813	0.839261	0.000000
0.559223	0.222823	0.000000
0.648119	0.185298	0.000000
-0.087032	-0.114722	0.000000
0.760375	0.706169	0.000000
0.522458	-0.001245	0.000000
-0.761091	0.911738	0.000000
0.678761	0.007831	0.000000
-0.453378	0.052657	0.000000
0.360061	0.407428	0.000000
0.825026	0.326900	0.000000
-0.082105	0.425087	0.000000
-0.637691	0.831766	0.000000
0.085352	-0.145598	0.000000
0.282313	0.275232	0.000000
-0.284810	0.463819	0.000000
-0.342561	0.508468	0.000000
0.654221	0.422965	0.000000
0.525117	-0.660454	0.000000
0.287606	0.007980	0.000000
0.606612	-0.316541	0.000000
0.342027	-0.022514	0.000000
-0.109808	0.511379	0.000000
0.408382	-0.602963	0.000000
-0.505843	-0.960968	0.000000
-0.121205	0.671044	0.000000
-0.641726	-0.556610	0.000000
0.306471	0.045299	0.000000
0.324043	0.319074	0.000000
0.228117	0.674761	0.000000
0.688884	0.579731	0.000000
0.578471	0.678598	0.000000
0.681917	-0.605801	0.000000
-0.522070	0.462154	0.000000
-0.108978	0.661204	0.000000
0.075063	0.731465	0.000000
0.526808	0.224015	0.000000
0.213742	-0.145143	0.000000
0.430840	0.169111	0.000000
-0.139008	-0.136851	0.000000
0.515943	0.621233	0.000000
-0.582311	-0.529059	0.000000
0.545338	-0.035494	0.000000
-0.490309	0.114972	0.000000
0.599729	0.781502	0.000000
0.604537	0.060075	0.000000
0.909262	0.717779	0.000000
0.288940	0.958963	0.000000
-0.499079	-0.470612	0.000000
-0.538511	-0.794144	0.000000
0.240952	-0.346289	0.000000
0.043501	-0.524032	0.000000
0.654107	0.444495	0.000000
-0.295455	-0.539803	0.000000
-0.184254	-0.727515	0.000000
0.455889	-0.322110	0.000000
-0.341001	0.016214	0.000000
0.839322	0.799793	0.000000
-0.349246	-0.892844	0.000000
-0.388544	-0.781361	0.000000
-0.049473	0.504699	0.000000
-0.986550	0.826737	0.000000
0.169608	-0.513463	0.000000
0.777306	0.871244	0.000000
-0.233633	0.411100	0.000000
0.335512	0.983396	0.000000
0.171076	0.664837	0.000000
0.335142	0.989867	0.000000
0.566774	0.792572	0.000000
0.367929	0.600655	0.000000
-0.845741	0.611930	0.000000
0.705826	-0.003912	0.000000
0.756308	0.699436	0.000000
-0.765240	0.366551	0.000000
0.959673	0.737115	0.000000
-0.536841	-0.087589	0.000000
0.367277	0.384785	0.000000
-0.922591	0.654097	0.000000
-0.696416	0.899007	0.000000
-0.291623	-0.324343	0.000000
0.644804	0.448559	0.000000
0.323626	0.673183	0.000000
-0.744646	0.203519	0.000000
0.543359	0.129636	0.000000
0.069646	-0.024463	0.000000
-0.906911	0.850541	0.000000
-0.860494	0.749217	0.000000
0.189419	-0.114021	0.000000
0.707737	0.344657	0.000000
0.047447	-0.188555	0.000000
-0.908217	0.960366	0.000000
-0.750099	0.056086	0.000000
0.681141	0.635487	0.000000
0.876374	0.664538	0.000000
0.561992	0.289759	0.000000
0.231168	0.546194	0.000000
-0.394355	0.514379	0.000000
-0.860215	0.957250	0.000000
0.456725	0.551685	0.000000
0.695406	0.647532	0.000000
0.764190	0.330542	0.000000
-0.592036	0.286087	0.000000
-0.607570	-0.223610	0.000000
0.461072	0.633204	0.000000
0.951858	0.659555	0.000000
0.251325	0.756053	0.000000
-0.476515	0.564368	0.000000
-0.968446	0.685008	0.000000
-0.622096	-0.538237	0.000000
-0.221057	0.408866	0.000000
0.029951	-0.114030	0.000000
0.074935	0.589629	0.000000
-0.423952	-0.842783	0.000000
0.393350	-0.092690	0.000000
-0.946372	0.764108	0.000000
-0.162732	-0.703204	0.000000
-0.099493	-0.300514	0.000000
-0.803785	0.380699	0.000000
0.064392	-0.054949	0.000000
-0.628859	0.365227	0.000000
0.268631	0.639687	0.000000
0.493450	-0.161858	0.000000
0.317344	0.994953	0.000000
0.835787	0.731404	0.000000
-0.229372	0.577322	0.000000
0.463871	-0.220607	0.000000
0.150848	0.555401	0.000000
-0.064312	0.378666	0.000000
0.042506	0.643944	0.000000
-0.656064	-0.588159	0.000000
-0.452119	0.514459	0.000000
0.262237	-0.004847	0.000000
-0.269331	0.577902	0.000000
-0.618356	0.419380	0.000000
0.475653	-0.511767	0.000000
0.604054	0.762380	0.000000
0.643320	0.124905	0.000000
0.582153	0.186809	0.000000
-0.094988	0.402750	0.000000
0.573732	-0.423157	0.000000
0.241002	-0.344379	0.000000
0.552080	0.503777	0.000000
0.486724	0.316240	0.000000
0.345380	-0.218062	0.000000
-0.511775	0.859533	0.000000
-0.302528	-0.231943	0.000000
-0.557668	-0.805727	0.000000
0.004561	0.825274	0.000000
0.195771	0.651906	0.000000
-0.064962	-0.098170	0.000000
0.684661	0.296406	0.000000
0.024053	0.637015	0.000000
-0.553239	0.527655	0.000000
0.397324	0.180139	0.000000
0.015186	-0.055579	0.000000
0.209110	0.086499	0.000000
0.760372	0.329457	0.000000
0.621705	-0.499297	0.000000
-0.462576	-0.674699	0.000000
0.473483	0.216322	0.000000
0.544631	0.548247	0.000000
0.668374	0.558179	0.000000
-0.267997	0.644435	0.000000
-0.088224	-0.454059	0.000000
-0.420868	0.187071	0.000000
-0.242090	0.709770	0.000000
-0.860887	0.449086	0.000000
-0.435681	-0.224137	0.000000
-0.527541	0.489724	0.000000
0.733959	0.364792	0.000000
0.358648	0.084239	0.000000
-0.443085	-0.020556	0.000000
0.125942	0.558399	0.000000
-0.189087	0.710753	0.000000
0.202305	-0.356203	0.000000
0.520362	0.384840	0.000000
0.694133	0.570313	0.000000
0.086074	-0.138809	0.000000
0.685450	-0.010601	0.000000
-0.355725	0.066698	0.000000
0.777916	-0.511583	0.000000
0.203447	-0.089509	0.000000
-0.352775	0.249853	0.000000
-0.113696	-0.098497	0.000000
-0.434406	-0.346361	0.000000
0.120143	0.452271	0.000000
0.041886	-0.005378	0.000000
0.360848	0.304534	0.000000
0.343297	0.246366	0.000000
-0.761747	0.410568	0.000000
-0.971203	0.605705	0.000000
0.449836	0.645904	0.000000
-0.120153	-0.564069	0.000000
-0.695616	0.871087	0.000000
-0.116281	0.079988	0.000000
0.885670	0.854726	0.000000
0.128722	-0.149062	0.000000
0.261673	0.037968	0.000000
-0.379022	-0.404544	0.000000
0.461372	-0.332135	0.000000
0.173301	-0.018298	0.000000
-0.935609	0.691185	0.000000
0.946869	0.635079	0.000000
0.220929	0.702468	0.000000
0.403532	0.785096	0.000000
-0.329854	0.212019	0.000000
0.081639	-0.054480	0.000000
0.448600	0.129144	0.000000
0.354747	0.355311	0.000000
-0.036484	-0.547256	0.000000
0.049804	0.479025	0.000000
-0.431881	0.447218	0.000000
-0.625539	-0.669228	0.000000
-0.460113	-0.354526	0.000000
0.502240	0.485678	0.000000
0.668331	0.681565	0.000000
0.222087	-0.028059	0.000000
0.488299	0.752260	0.000000
0.827337	0.840617	0.000000
-0.121138	0.204002	0.000000
-0.834705	0.700564	0.000000
-0.856079	0.599266	0.000000
0.592717	0.070564	0.000000
-0.363302	-0.293834	0.000000
-0.189791	0.216504	0.000000
-0.094850	-0.271346	0.000000
-0.634093	-0.405106	0.000000
-0.719603	0.423963	0.000000
-0.708115	0.491330	0.000000
-0.324875	0.142097	0.000000
-0.847022	0.666922	0.000000
0.049842	-0.004977	0.000000
-0.207111	-0.177325	0.000000
0.764035	0.594043	0.000000
0.540106	0.228988	0.000000
-0.520562	-0.394624	0.000000
-0.353158	0.682500	0.000000
-0.364188	-0.591685	0.000000
0.287199	0.136217	0.000000
-0.079750	-0.577609	0.000000
0.774283	0.677745	0.000000
0.386492	-0.515072	0.000000
0.506650	-0.395496	0.000000
0.799120	0.768584	0.000000
0.546953	-0.479788	0.000000
0.337625	0.986685	0.000000
-0.565006	-0.611455	0.000000
-0.942277	0.648718	0.000000
0.782035	0.732293	0.000000
0.548160	-0.498148	0.000000
-0.369220	-0.178542	0.000000
-0.481662	0.672588	0.000000
0.798245	0.506553	0.000000
-0.065504	0.448392	0.000000
-0.079961	-0.338908	0.000000
0.403408	-0.174273	0.000000
0.245419	-0.202835	0.000000
-0.587260	0.401814	0.000000
-0.014937	0.044017	0.000000
0.157180	0.278405	0.000000
0.415792	0.573228	0.000000
0.854930	0.563284	0.000000
-0.339657	0.413966	0.000000
0.888053	0.675694	0.000000
0.702259	-0.333072	0.000000
-0.576603	0.742721	0.000000
0.493625	-0.292473	0.000000
0.271622	0.957429	0.000000
0.713706	-0.346849	0.000000
0.215861	-0.502810	0.000000
0.256821	0.436733	0.000000
0.825677	-0.568233	0.000000
0.261335	0.086782	0.000000
-0.333457	-0.876823	0.000000
0.862110	0.651372	0.000000
-0.507295	-0.617166	0.000000
-0.878562	0.579751	0.000000
-0.963639	0.924742	0.000000
0.186226	0.664908	0.000000
-0.283264	0.680119	0.000000
0.636600	0.516607	0.000000
-0.615803	0.216953	0.000000
0.591156	0.690548	0.000000
0.852732	0.543460	0.000000
-0.712435	0.309822	0.000000
-0.159859	0.415832	0.000000
0.478015	-0.478437	0.000000
0.396803	0.157378	0.000000
-0.155703	-0.559952	0.000000
-0.332546	-0.572490	0.000000
0.166332	-0.055016	0.000000
0.474555	0.550491	0.000000
-0.893773	0.853001	0.000000
0.717724	0.778276	0.000000
-0.631837	0.107403	0.000000
0.603293	-0.053628	0.000000
0.547588	-0.368750	0.000000
0.519227	-0.512090	0.000000
-0.197964	-0.224435	0.000000
-0.848996	0.940562	0.000000
-0.917218	0.606085	0.000000
-0.477737	0.646953	0.000000
-0.294597	0.303464	0.000000
-0.156919	0.595429	0.000000
-0.908033	0.757120	0.000000
0.490100	0.585730	0.000000
-0.039468	0.514051	0.000000
0.571482	0.044549	0.000000
0.205774	0.290346	0.000000
0.638816	-0.614201	0.000000
0.217684	0.002915	0.000000
-0.100092	0.018672	0.000000
0.911703	0.708458	0.000000
0.248126	-0.188837	0.000000
-0.464146	0.505277	0.000000
-0.120455	0.662324	0.000000
0.029123	-0.431813	0.000000
0.016550	-0.103662	0.000000
0.463859	0.312922	0.000000
0.539892	0.000692	0.000000
-0.597315	-0.611926	0.000000
0.687483	0.466499	0.000000
0.694346	0.361618	0.000000
0.512485	-0.588457	0.000000
-0.321068	-0.702791	0.000000
0.798891	0.727282	0.000000
0.906708	0.447426	0.000000
-0.165073	-0.279970	0.000000
0.624068	0.046825	0.000000
-0.547469	-1.000000	0.000000
-0.099271	0.524521	0.000000
-0.361827	0.325854	0.000000
0.934318	0.579631	0.000000
0.051729	0.270365	0.000000
0.568321	-0.480554	0.000000
0.520981	-0.579452	0.000000
-0.235013	0.591705	0.000000
0.814113	0.285106	0.000000
0.375667	0.427184	0.000000
-0.312157	0.054190	0.000000
0.749561	-0.409245	0.000000
0.070160	0.645500	0.000000
0.557102	-0.302481	0.000000
-0.286896	-0.628061	0.000000
0.163984	-0.047729	0.000000
-0.646829	-0.379806	0.000000
-0.204460	0.702658	0.000000
0.569316	-0.593034	0.000000
0.322314	0.117143	0.000000
-0.400261	-0.828207	0.000000
0.766997	0.725371	0.000000
-0.930788	0.770522	0.000000
0.639628	0.454613	0.000000
-0.942718	0.457472	0.000000
-0.204834	-0.075912	0.000000
0.203756	0.669513	0.000000
-0.185638	-0.109155	0.000000
-0.954199	0.676904	0.000000
-0.832727	0.220777	0.000000
-0.026741	-0.351908	0.000000
0.537117	-0.023813	0.000000
-0.324273	-0.438957	0.000000
0.708163	-0.615624	0.000000
0.094703	-0.038422	0.000000
0.561799	0.460577	0.000000
0.499792	0.146547	0.000000
-0.735807	0.427465	0.000000
0.246201	0.068847	0.000000
-0.151852	0.086484	0.000000
0.113404	0.444125	0.000000
0.763983	0.125510	0.000000
-0.475876	-0.370010	0.000000
0.033996	-0.160533	0.000000
-0.574143	0.759433	0.000000
-0.474260	-0.292649	0.000000
0.332114	0.454423	0.000000
0.922115	0.742201	0.000000
-0.290265	-0.797374	0.000000
0.650752	0.572115	0.000000
0.587779	0.633856	0.000000
-0.597993	-0.009467	0.000000
0.199955	0.493510	0.000000
-0.204882	-0.431026	0.000000
0.498069	0.069433	0.000000
-0.702128	0.802128	0.000000
0.581502	-0.550121	0.000000
-0.306534	-0.748050	0.000000
-0.087573	0.437728	0.000000
-0.448426	-0.183679	0.000000
0.186923	0.663315	0.000000
-0.609452	-0.416934	0.000000
-0.011095	-0.139906	0.000000
0.733147	-0.549843	0.000000
-0.808512	0.192439	0.000000
-0.152199	-0.124197	0.000000
-0.201464	-0.264051	0.000000
-0.572427	0.609151	0.000000
-0.436239	0.511520	0.000000
0.014837	0.492260	0.000000
0.659819	0.338661	0.000000
0.259175	0.241406	0.000000
0.532150	-0.499015	0.000000
-0.620227	0.000625	0.000000
0.719092	0.057949	0.000000
-0.524066	0.704410	0.000000
0.005659	-0.400615	0.000000
0.357644	-0.384866	0.000000
-0.474806	0.269291	0.000000
0.051602	0.753456	0.000000
-0.654441	-0.830721	0.000000
-0.028967	-0.084633	0.000000
0.763676	0.835331	0.000000
0.771791	0.689213	0.000000
0.858234	0.660335	0.000000
0.314482	-0.008147	0.000000
0.621210	-0.598381	0.000000
0.164781	0.613677	0.000000
0.785896	0.688314	0.000000
0.069509	0.682075	0.000000
0.083254	-0.323019	0.000000
-0.662700	-0.033114	0.000000
-0.588795	-0.029725	0.000000
0.623826	0.650566	0.000000
-0.361803	-0.639456	0.000000
-0.990673	0.822649	0.000000
-0.412015	0.443670	0.000000
0.764290	0.547448	0.000000
0.485684	0.287698	0.000000
-0.225114	0.732674	0.000000
-0.167164	-0.536378	0.000000
-0.845631	0.468170	0.000000
-0.218779	-0.387124	0.000000
0.597708	-0.034710	0.000000
-0.028196	-0.302408	0.000000
-0.260999	-0.603138	0.000000
0.677541	0.816043	0.000000
-0.585876	-0.376447	0.000000
-0.226245	0.216798	0.000000
0.218241	0.156687	0.000000
-0.706488	0.156904	0.000000
0.157296	0.086157	0.000000
-0.746558	0.873782	0.000000
0.259701	0.791792	0.000000
0.445217	-0.353083	0.000000
-0.145137	-0.656740	0.000000
-0.366847	-0.106878	0.000000
0.725364	0.027179	0.000000
-0.357587	0.157900	0.000000
-0.400614	-0.147290	0.000000
-0.809432	0.931079	0.000000
0.238325	0.428741	0.000000
-0.457127	0.809814	0.000000
0.271393	-0.374811	0.000000
0.013685	0.297606	0.000000
0.088866	0.466700	0.000000
-0.489463	0.735500	0.000000
0.460365	-0.074238	0.000000
0.564734	-0.365478	0.000000
-0.059345	0.573118	0.000000
0.500049	0.265584	0.000000
0.196368	0.676463	0.000000
0.672463	0.492969	0.000000
-0.225596	0.198750	0.000000
-0.598581	0.835483	0.000000
0.464226	-0.139950	0.000000
0.387828	0.207816	0.000000
-0.664816	0.516542	0.000000
0.503840	-0.010221	0.000000
0.112559	-0.264987	0.000000
0.084696	0.725483	0.000000
0.221604	-0.026646	0.000000
-0.614054	0.438864	0.000000
-0.481540	0.276498	0.000000
-0.396442	-0.813735	0.000000
0.906507	0.628337	0.000000
0.035396	-0.237571	0.000000
-0.035553	0.639326	0.000000
0.663829	0.696922	0.000000
-0.777635	0.342174	0.000000
0.134701	-0.115833	0.000000
0.668401	0.540253	0.000000
-0.002810	0.549034	0.000000
-0.604250	-0.870977	0.000000
-0.253189	-0.010487	0.000000
0.279060	0.681110	0.000000
-0.747491	0.211290	0.000000
-0.302507	0.509263	0.000000
-0.750976	0.079030	0.000000
-0.441700	-0.802586	0.000000
0.749331	0.552005	0.000000
-0.164080	-0.061374	0.000000
-0.638044	0.712258	0.000000
0.022877	0.464185	0.000000
0.530817	0.502244	0.000000
-0.362985	0.211897	0.000000
0.312619	0.115143	0.000000
0.337180	-0.401756	0.000000
-0.899092	0.432847	0.000000
-0.243976	-0.286614	0.000000
0.516185	0.037142	0.000000
-0.906909	0.705835	0.000000
-0.219224	0.748003	0.000000
0.021738	0.492476	0.000000
-0.190390	0.366272	0.000000
-0.374997	-0.617933	0.000000
-0.308954	-0.143460	0.000000
0.271945	-0.399138	0.000000
-0.886394	0.715315	0.000000
0.665170	0.325624	0.000000
0.802845	-0.652102	0.000000
0.427425	0.692205	0.000000
-0.973289	0.588356	0.000000
0.633106	0.700119	0.000000
-0.573901	0.080803	0.000000
-0.031749	0.327935	0.000000
0.638021	0.595761	0.000000
-0.593214	0.375214	0.000000
-0.466931	-0.645268	0.000000
0.165260	0.322151	0.000000
-0.305139	-0.104034	0.000000
0.884052	0.518842	0.000000
0.465167	0.312215	0.000000
0.617632	0.153994	0.000000
0.390409	0.179683	0.000000
0.306724	-0.060257	0.000000
0.552545	0.025046	0.000000
-0.176588	-0.023832	0.000000
0.605742	0.410453	0.000000
-0.294183	0.629309	0.000000
-0.262760	-0.606412	0.000000
-0.225734	0.130258	0.000000
0.409121	-0.414685	0.000000
-0.778295	0.852240	0.000000
-0.927424	0.659370	0.000000
0.879939	0.824160	0.000000
0.106863	0.451858	0.000000
-0.233000	-0.582880	0.000000
0.603002	-0.378152	0.000000
0.699329	-0.632718	0.000000
0.520011	0.632277	0.000000
-0.143131	-0.159830	0.000000
-0.339914	0.388056	0.000000
0.229142	0.939821	0.000000
-0.438238	0.407472	0.000000
-0.889651	0.951867	0.000000
0.714754	-0.439784	0.000000
-0.657799	0.003120	0.000000
-0.057383	-0.539723	0.000000
0.429726	0.037212	0.000000
-0.099797	-0.070243	0.000000
0.429401	-0.131577	0.000000
0.064876	-0.512593	0.000000
-0.415513	-0.227568	0.000000
0.060551	0.007038	0.000000
-0.434193	0.824056	0.000000
0.696804	-0.585779	0.000000
0.373400	0.436807	0.000000
-0.183866	-0.338496	0.000000
-0.180112	0.593697	0.000000
0.671614	0.827498	0.000000
0.443931	-0.125274	0.000000
0.415358	0.024495	0.000000
0.662420	0.633574	0.000000
0.419368	-0.121851	0.000000
0.282326	-0.009746	0.000000
0.644125	0.389478	0.000000
0.540460	-0.365003	0.000000
-0.577811	-0.619377	0.000000
0.438815	0.318564	0.000000
0.430352	0.555650	0.000000
0.741283	0.578351	0.000000
-0.598393	-0.656064	0.000000
0.659677	0.778042	0.000000
-0.811760	0.636504	0.000000
0.149390	-0.504058	0.000000
-0.425425	0.402890	0.000000
-0.761278	0.492753	0.000000
-0.531558	-0.441905	0.000000
0.261904	-0.297895	0.000000
0.497692	0.025269	0.000000
0.076602	0.276555	0.000000
0.306089	0.204968	0.000000
0.371207	0.117284	0.000000
-0.546059	-0.287043	0.000000
0.679167	-0.686750	0.000000
0.660529	0.035487	0.000000
0.852601	0.527143	0.000000
-0.329110	-0.216683	0.000000
0.753196	0.277773	0.000000
0.135564	-0.425009	0.000000
0.691044	-0.018351	0.000000
-0.026544	-0.226920	0.000000
0.696236	0.189223	0.000000
-0.198942	0.532988	0.000000
0.241861	0.082287	0.000000
-0.895487	0.961453	0.000000
-0.582772	0.488838	0.000000
0.408811	-0.320591	0.000000
0.770191	0.802695	0.000000
-0.169819	0.651995	0.000000
0.064900	0.663365	0.000000
-0.021013	-0.080709	0.000000
-0.257144	-0.756447	0.000000
-0.418402	0.789755	0.000000
-0.195891	-0.403294	0.000000
0.254885	-0.375823	0.000000
0.231672	-0.139571	0.000000
0.067658	-0.016054	0.000000
0.170311	-0.085178	0.000000
0.496745	-0.031136	0.000000
-0.119025	0.423471	0.000000
-0.730011	0.010422	0.000000
0.024508	0.540847	0.000000
0.714819	-0.570309	0.000000
0.333632	-0.383864	0.000000
0.348042	0.762823	0.000000
0.430606	-0.488620	0.000000
-0.013697	0.500677	0.000000
-0.086089	0.218624	0.000000
0.871934	0.397389	0.000000
0.079995	0.248754	0.000000
-0.640881	0.700452	0.000000
0.254696	0.228715	0.000000
0.656639	-0.380845	0.000000
0.133643	0.347168	0.000000
-0.625679	-0.416477	0.000000
-0.273653	0.097967	0.000000
-0.742003	0.428249	0.000000
0.921305	0.646129	0.000000
-0.533439	0.211750	0.000000
-0.015727	0.781312	0.000000
0.564392	0.038741	0.000000
0.535177	0.092452	0.000000
0.555414	0.509320	0.000000
0.457202	0.649149	0.000000
0.436738	-0.204240	0.000000
-0.434819	-0.327153	0.000000
0.174937	-0.536746	0.000000
0.293691	0.402451	0.000000
0.300983	0.129324	0.000000
0.692637	0.251687	0.000000
-0.009077	-0.046213	0.000000
0.740656	0.824800	0.000000
-0.586967	-0.586935	0.000000
-0.218811	0.180532	0.000000
0.743730	-0.656257	0.000000
-0.458166	0.541927	0.000000
-0.416528	-0.644877	0.000000
0.927922	0.856412	0.000000
0.793792	0.518411	0.000000
0.216115	-0.019634	0.000000
0.799471	0.656385	0.000000
-0.170076	0.712115	0.000000
-0.372424	0.050675	0.000000
0.624607	0.306918	0.000000
0.530385	0.034095	0.000000
-0.284612	-0.075734	0.000000
0.186870	-0.114261	0.000000
0.463296	0.222757	0.000000
-0.213899	0.550585	0.000000
-0.231959	-0.741325	0.000000
-0.117322	-0.130007	0.000000
0.750845	0.183641	0.000000
-0.254165	0.113571	0.000000
0.286457	0.247097	0.000000
0.370997	0.153160	0.000000
-0.392969	0.237924	0.000000
-0.488031	0.177536	0.000000
0.020331	-0.273299	0.000000
-0.581913	-0.806144	0.000000
0.641026	0.547561	0.000000
0.605460	0.123620	0.000000
0.477734	0.552003	0.000000
-0.072011	0.278409	0.000000
0.429348	0.249347	0.000000
-0.122155	-0.133741	0.000000
-0.000871	0.400279	0.000000
-0.309496	0.176844	0.000000
0.184857	0.659676	0.000000
-0.310128	-0.238345	0.000000
-0.047026	-0.132293	0.000000
-0.078705	0.362445	0.000000
0.750788	-0.432468	0.000000
-0.779726	0.464258	0.000000
-0.169524	0.076582	0.000000
-0.864912	0.594315	0.000000
0.807805	0.472345	0.000000
0.836398	0.472626	0.000000
0.627197	0.278296	0.000000
-0.935541	0.849858	0.000000
-0.562726	0.163916	0.000000
0.758389	-0.671499	0.000000
0.157578	0.394023	0.000000
-0.228620	-0.717405	0.000000
0.681947	0.190810	0.000000
-0.455544	-0.156322	0.000000
0.014219	0.113769	0.000000
-0.055336	0.528517	0.000000
0.637695	0.286140	0.000000
0.231592	0.627106	0.000000
0.341771	0.582611	0.000000
0.171026	0.099934	0.000000
0.386114	-0.075818	0.000000
-0.580030	0.506246	0.000000
0.266485	-0.319056	0.000000
-0.053383	0.656989	0.000000
0.770596	-0.437372	0.000000
-0.460813	-0.511528	0.000000
0.284978	-0.061813	0.000000
-0.044053	0.788444	0.000000
0.488166	-0.383443	0.000000
0.398486	0.748225	0.000000
-0.482158	0.491329	0.000000
0.022511	0.668323	0.000000
-0.462274	-0.817951	0.000000
0.396915	0.134670	0.000000
-0.627349	0.582923	0.000000
-0.070920	-0.478983	0.000000
0.826247	0.627566	0.000000
0.003685	0.213694	0.000000
-0.316247	-0.240650	0.000000
-0.240606	-0.133578	0.000000
-0.221153	0.304790	0.000000
-0.310107	0.757410	0.000000
0.150049	0.299535	0.000000
0.734658	0.724653	0.000000
0.342192	-0.343112	0.000000
0.380593	0.060635	0.000000
0.931588	0.686925	0.000000
0.480309	-0.535110	0.000000
0.661494	0.453771	0.000000
-0.013561	-0.385870	0.000000
0.303111	0.774620	0.000000
-0.798645	0.772822	0.000000
-0.199078	-0.497406	0.000000
0.085765	0.017817	0.000000
0.645838	0.835751	0.000000
0.180297	0.454521	0.000000
0.552138	0.037681	0.000000
-0.626386	-0.794815	0.000000
0.516969	0.689966	0.000000
0.011496	-0.108655	0.000000
0.315655	0.239930	0.000000
0.399786	0.081009	0.000000
0.650652	0.746140	0.000000
-0.510800	0.415961	0.000000
0.621479	0.208512	0.000000
-0.669921	0.268546	0.000000
0.125466	-0.039197	0.000000
0.032907	-0.122761	0.000000
-0.603956	0.921008	0.000000
0.608714	0.059438	0.000000
0.376636	0.032664	0.000000
-0.618584	0.525441	0.000000
-0.393994	-0.037746	0.000000
0.230275	0.297368	0.000000
0.350881	0.239596	0.000000
-0.334030	-0.175403	0.000000
-0.179509	0.775242	0.000000
0.506162	-0.003923	0.000000
0.878211	0.824028	0.000000
-0.072045	-0.066469	0.000000
-0.182995	-0.553496	0.000000
-0.537348	-0.941931	0.000000
-0.572329	0.761320	0.000000
-0.407177	0.161191	0.000000
0.673895	-0.409520	0.000000
-0.387555	-0.911961	0.000000
-0.929073	0.744934	0.000000
0.472341	-0.167663	0.000000
0.170653	0.398405	0.000000
-0.033098	0.588048	0.000000
0.540983	0.566892	0.000000
0.524345	0.178958	0.000000
-0.424038	-0.401093	0.000000
0.490899	-0.116321	0.000000
-0.405699	0.516002	0.000000
0.784638	0.847433	0.000000
-0.572608	0.792823	0.000000
-0.718732	0.557985	0.000000
-0.327142	-0.766654	0.000000
0.688848	0.752073	0.000000
0.736154	0.504780	0.000000
0.663720	0.407469	0.000000
-0.384710	0.402867	0.000000
-0.073976	0.531735	0.000000
-0.794900	0.910665	0.000000
0.731822	-0.511829	0.000000
-0.819096	0.535760	0.000000
0.394313	0.348550	0.000000
-0.045694	0.702605	0.000000
-0.217572	0.481550	0.000000
-0.433553	-0.400599	0.000000
0.614236	0.566794	0.000000
0.514403	0.179662	0.000000
0.025765	0.646705	0.000000
0.325576	0.581908	0.000000
-0.697326	0.462027	0.000000
-0.240834	-0.046368	0.000000
-0.773258	0.310672	0.000000
0.089381	-0.011529	0.000000
-0.866933	0.237089	0.000000
-0.648521	0.356357	0.000000
-0.480078	0.850626	0.000000
-0.094328	-0.134490	0.000000
-0.028364	-0.426848	0.000000
0.367450	-0.383609	0.000000
0.304324	0.671688	0.000000
-0.202566	0.387173	0.000000
0.572891	0.203865	0.000000
0.481728	0.571932	0.000000
-0.390975	0.837412	0.000000
-0.458033	0.704915	0.000000
0.738553	0.807468	0.000000
-0.393534	-0.389917	0.000000
0.488079	-0.055883	0.000000
-0.000902	-0.049041	0.000000
0.387082	0.496643	0.000000
0.609741	0.094512	0.000000
-0.281754	-0.693353	0.000000
-0.614753	0.323723	0.000000
0.131013	-0.393741	0.000000
0.148603	0.480298	0.000000
0.410649	0.072875	0.000000
-0.946623	0.550619	0.000000
0.694730	0.642984	0.000000
-0.434312	0.831923	0.000000
0.283063	0.166484	0.000000
-0.457624	-0.942206	0.000000
-0.067230	0.137404	0.000000
-0.478956	-0.474360	0.000000
0.520129	0.290420	0.000000
0.733166	0.551136	0.000000
0.702105	0.761851	0.000000
0.547221	-0.574833	0.000000
0.164334	0.425070	0.000000
0.025301	-0.489672	0.000000
0.201180	0.089350	0.000000
-0.562855	-0.386105	0.000000
-0.383799	0.401677	0.000000
-0.526777	-0.178933	0.000000
-0.330934	0.778510	0.000000
-0.522601	0.357248	0.000000
-0.311266	0.342374	0.000000
0.375402	-0.216071	0.000000
0.754549	0.836816	0.000000
-0.362860	-0.804369	0.000000
-0.037565	-0.456496	0.000000
0.628128	0.671779	0.000000
0.555746	-0.337787	0.000000
-0.319864	0.047383	0.000000
-0.578058	0.584538	0.000000
-0.928277	0.380724	0.000000
-0.242522	0.278126	0.000000
0.202519	-0.169169	0.000000
0.618721	-0.469254	0.000000
-0.350761	-0.301417	0.000000
-0.241649	-0.664218	0.000000
-0.242383	0.258008	0.000000
0.070489	-0.000425	0.000000
0.385390	0.522686	0.000000
0.564304	0.684897	0.000000
-0.646024	-0.191089	0.000000
0.007334	0.606382	0.000000
-0.670028	-0.354427	0.000000
-0.762346	0.844479	0.000000
0.462840	0.659513	0.000000
0.349764	0.386154	0.000000
0.577870	0.458022	0.000000
0.051277	-0.028665	0.000000
-0.687349	-0.065498	0.000000
-0.289097	-0.749319	0.000000
-0.010915	0.410086	0.000000
0.623728	0.575780	0.000000
0.179301	-0.385918	0.000000
-0.109118	-0.100246	0.000000
-0.480318	0.560231	0.000000
-0.166948	0.483313	0.000000
-0.238931	-0.465602	0.000000
0.744010	0.714007	0.000000
0.066031	-0.143250	0.000000
0.699390	-0.001202	0.000000
0.685482	0.449672	0.000000
-0.885263	0.588423	0.000000
0.595620	0.172471	0.000000
0.626064	0.214613	0.000000
0.699348	-0.669203	0.000000
-0.115380	0.141091	0.000000
0.342434	-0.049370	0.000000
-0.717560	0.880591	0.000000
0.365295	0.228953	0.000000
0.320648	0.307400	0.000000
-0.297368	0.501735	0.000000
0.837696	0.725399	0.000000
0.653489	0.111228	0.000000
-0.199149	-0.622096	0.000000
0.080476	0.411642	0.000000
-0.386946	-0.489597	0.000000
0.090286	0.035680	0.000000
0.339493	0.892608	0.000000
0.382289	-0.562075	0.000000
0.457776	-0.259602	0.000000
-0.421501	0.780580	0.000000
-0.543029	-0.053193	0.000000
0.394050	0.295760	0.000000
0.833629	0.500368	0.000000
-0.347285	0.092226	0.000000
-0.010129	0.671123	0.000000
0.740987	0.442272	0.000000
0.982778	0.742710	0.000000
0.655642	0.815904	0.000000
-0.742985	0.853873	0.000000
-0.595990	0.132088	0.000000
-0.139484	0.331121	0.000000
0.743208	-0.435699	0.000000
0.601609	0.319947	0.000000
0.127346	-0.215705	0.000000
-0.446093	-0.897181	0.000000
0.384485	-0.180348	0.000000
0.471598	-0.141806	0.000000
0.904761	0.510247	0.000000
0.449161	0.051947	0.000000
0.495866	0.082265	0.000000
-0.418981	0.308975	0.000000
0.538478	-0.409048	0.000000
-0.508094	-0.247203	0.000000
-0.489303	-0.844585	0.000000
-0.713597	0.268140	0.000000
0.173705	0.854185	0.000000
-0.453223	0.584351	0.000000
-0.569897	0.600593	0.000000
-0.194090	-0.273359	0.000000
0.460970	0.039021	0.000000
0.450240	-0.141938	0.000000
0.043640	-0.075455	0.000000
0.293581	-0.231216	0.000000
0.726193	-0.530840	0.000000
0.161557	0.842966	0.000000
-0.503651	-0.588308	0.000000
0.765758	0.432942	0.000000
-0.567864	0.861490	0.000000
-0.644026	0.166572	0.000000
0.302227	0.140719	0.000000
0.410118	0.095204	0.000000
-0.437294	-0.701448	0.000000
-0.461912	0.406610	0.000000
0.380350	-0.291436	0.000000
0.666065	0.464168	0.000000
0.242589	-0.007282	0.000000
0.321885	0.628384	0.000000
-0.551095	0.129949	0.000000
0.185499	0.576727	0.000000
-0.124210	0.013598	0.000000
-0.033126	0.637770	0.000000
0.554835	0.669584	0.000000
0.089480	0.550762	0.000000
-0.488991	-0.031374	0.000000
-0.574983	-0.189890	0.000000
0.688771	-0.372534	0.000000
0.116683	0.506793	0.000000
-0.574558	0.809780	0.000000
0.115809	0.570331	0.000000
0.924320	0.473323	0.000000
-0.713126	0.914491	0.000000
0.179154	0.347519	0.000000
0.343673	0.974956	0.000000
0.358906	0.083649	0.000000
-0.910710	0.808988	0.000000
-0.479332	-0.535279	0.000000
0.915289	0.525771	0.000000
0.631237	0.025812	0.000000
0.267792	-0.369333	0.000000
-0.137386	-0.432395	0.000000
-0.350144	-0.757260	0.000000
0.251883	-0.474511	0.000000
0.415809	0.421094	0.000000
0.375657	-0.390744	0.000000
-0.810541	0.854507	0.000000
0.173341	0.908397	0.000000
-0.160354	0.221641	0.000000
0.827449	0.717531	0.000000
0.471133	-0.322235	0.000000
-0.510242	0.625376	0.000000
0.767601	0.311102	0.000000
0.564364	-0.694825	0.000000
0.342201	-0.183058	0.000000
-0.166267	0.731711	0.000000
-0.080955	0.386928	0.000000
0.591314	-0.055821	0.000000
-0.098832	-0.284724	0.000000
0.818585	0.535643	0.000000
0.684338	-0.387697	0.000000
0.774358	0.666100	0.000000
-0.590225	0.202688	0.000000
0.822813	-0.581836	0.000000
0.925124	0.804888	0.000000
0.456138	-0.595473	0.000000
0.934211	0.826941	0.000000
0.369796	0.095019	0.000000
0.383459	0.707778	0.000000
-0.160303	0.302680	0.000000
0.405128	-0.397984	0.000000
-0.379790	0.065226	0.000000
-0.910129	0.955467	0.000000
-0.186493	-0.599844	0.000000
-0.365652	0.728864	0.000000
0.707485	-0.380126	0.000000
-0.465702	0.246537	0.000000
0.689800	-0.365429	0.000000
-0.946255	0.654229	0.000000
0.407206	0.127695	0.000000
0.327894	0.245198	0.000000
0.960571	0.802417	0.000000
0.390925	0.065972	0.000000
0.686686	-0.501623	0.000000
-0.030413	0.218625	0.000000
0.308753	0.276353	0.000000
-0.944985	0.926281	0.000000
0.638827	0.655056	0.000000
0.319645	-0.362249	0.000000
0.603758	0.454522	0.000000
0.236726	0.616163	0.000000
0.476861	-0.233321	0.000000
-0.449165	-0.180753	0.000000
-0.561230	-0.245230	0.000000
-0.304963	0.008123	0.000000
0.041046	-0.105833	0.000000
-0.689472	0.681145	0.000000
0.204012	0.698248	0.000000
0.671806	0.121931	0.000000
0.297308	0.716893	0.000000
-0.208381	0.295795	0.000000
0.545547	0.097482	0.000000
0.041130	0.318777	0.000000
-0.158094	-0.423452	0.000000
0.381735	0.145138	0.000000
-0.662667	0.832756	0.000000
0.207231	-0.226656	0.000000
-0.300523	-0.391934	0.000000
0.449421	0.255378	0.000000
-0.586004	-0.712329	0.000000
-0.290330	-0.166872	0.000000
0.022541	0.232407	0.000000
-0.815981	0.444116	0.000000
0.026742	-0.174914	0.000000
0.803511	-0.501172	0.000000
-0.456950	0.597697	0.000000
0.855388	0.394338	0.000000
-0.957625	0.878491	0.000000
0.437847	0.308364	0.000000
0.526748	0.034142	0.000000
0.063623	0.006481	0.000000
-0.543770	0.837162	0.000000
-0.213393	0.547303	0.000000
-0.650309	0.921479	0.000000
0.333277	-0.057628	0.000000
-0.156143	-0.532573	0.000000
-0.491476	0.531654	0.000000
0.621825	0.654502	0.000000
0.154627	-0.331744	0.000000
-0.318602	0.605948	0.000000
-0.648894	-0.365719	0.000000
0.594387	0.766995	0.000000
0.615194	0.560082	0.000000
0.931868	0.709256	0.000000
0.415986	-0.352162	0.000000
-0.641730	-0.619453	0.000000
0.419028	-0.118789	0.000000
-0.271577	0.116603	0.000000
0.717814	-0.339095	0.000000
-0.125610	0.666980	0.000000
-0.312283	-0.443259	0.000000
0.140246	-0.076813	0.000000
0.446431	-0.400468	0.000000
-0.290107	0.737844	0.000000
-0.515987	-0.224531	0.000000
-0.316345	0.737778	0.000000
-0.089536	-0.102602	0.000000
-0.360259	0.238761	0.000000
0.351358	-0.173656	0.000000
0.192970	0.461070	0.000000
-0.012072	0.489461	0.000000
0.418406	-0.204379	0.000000
0.765046	0.468882	0.000000
0.661050	0.463309	0.000000
-0.804820	0.954737	0.000000
0.064926	0.383652	0.000000
0.633989	-0.043288	0.000000
0.303475	0.143652	0.000000
0.449511	0.125749	0.000000
0.636396	0.581415	0.000000
-0.490674	0.867519	0.000000
-0.941984	0.798703	0.000000
-0.255358	-0.609607	0.000000
0.473009	0.434070	0.000000
0.098061	-0.175493	0.000000
-0.551057	0.065072	0.000000
0.344296	-0.042211	0.000000
-0.619906	0.832662	0.000000
0.819207	0.776525	0.000000
0.725637	0.489843	0.000000
-0.328189	0.615178	0.000000
-0.823685	0.884086	0.000000
0.704918	0.689687	0.000000
-0.108893	-0.661919	0.000000
0.290073	0.386684	0.000000
0.248571	0.596340	0.000000
0.179141	0.710349	0.000000
-0.303400	0.681362	0.000000
-0.178706	-0.650170	0.000000
-0.726281	0.487454	0.000000
0.667549	-0.021139	0.000000
0.783413	-0.359290	0.000000
0.196659	0.040790	0.000000
0.399583	0.065310	0.000000
0.600581	0.131235	0.000000
0.517149	-0.639035	0.000000
-0.834018	0.913194	0.000000
-0.215480	0.413727	0.000000
-0.530121	0.600709	0.000000
0.602562	-0.402698	0.000000
-0.354844	0.342677	0.000000
-0.439118	-0.859140	0.000000
-0.127753	-0.329350	0.000000
0.008613	-0.032893	0.000000
-0.056072	0.036570	0.000000
0.199063	0.837263	0.000000
0.618912	0.163199	0.000000
0.309355	0.131797	0.000000
-0.653862	-0.835414	0.000000
-0.228927	-0.056412	0.000000
0.281238	0.254247	0.000000
0.622758	-0.043173	0.000000
-0.740294	0.399738	0.000000
-0.004350	0.080882	0.000000
-0.523944	-0.733720	0.000000
-0.353396	0.655493	0.000000
0.792183	0.760786	0.000000
0.082395	0.641497	0.000000
0.106718	0.507543	0.000000
-0.150566	-0.102896	0.000000
0.129556	0.211388	0.000000
-0.325121	0.706392	0.000000
-0.169415	-0.659982	0.000000
0.165825	0.545192	0.000000
0.733423	0.528629	0.000000
-0.020907	0.494695	0.000000
0.627991	0.240962	0.000000
0.506838	-0.503766	0.000000
-0.040277	-0.279677	0.000000
-0.114132	0.290104	0.000000
-0.955564	0.510018	0.000000
-0.108156	0.447554	0.000000
0.401984	0.088331	0.000000
0.895313	0.566260	0.000000
-0.568065	0.430082	0.000000
-0.423189	0.307364	0.000000
0.981454	0.779584	0.000000
0.530133	-0.346930	0.000000
-0.648398	-0.095888	0.000000
-0.183762	-0.111089	0.000000
0.777112	0.582849	0.000000
-0.694745	0.599027	0.000000
0.527210	0.730996	0.000000
0.365409	0.713258	0.000000
-0.479106	0.523610	0.000000
0.519831	-0.563978	0.000000
0.057017	-0.203588	0.000000
0.885213	0.520108	0.000000
0.845497	0.535613	0.000000
-0.241378	-0.663825	0.000000
-0.351330	-0.135716	0.000000
0.442586	-0.535461	0.000000
0.863220	0.428178	0.000000
0.621320	0.668588	0.000000
0.331473	0.688901	0.000000
0.747349	0.747621	0.000000
0.474235	-0.167884	0.000000
0.801486	-0.514419	0.000000
0.431334	0.171238	0.000000
-0.038926	-0.530892	0.000000
0.193277	0.717913	0.000000
0.864486	-0.476040	0.000000
-0.342951	0.762773	0.000000
-0.868073	0.946018	0.000000
-0.628164	0.415290	0.000000
-0.648584	0.236552	0.000000
-0.473765	-0.712669	0.000000
0.048979	0.199833	0.000000
0.248639	0.630177	0.000000
-0.080456	-0.038755	0.000000
-0.477634	-0.386848	0.000000
-0.009183	0.712559	0.000000
0.696062	0.584775	0.000000
-0.830176	0.448462	0.000000
-0.175548	-0.155645	0.000000
0.247286	-0.160760	0.000000
0.435664	0.007919	0.000000
0.837233	0.866185	0.000000
0.193865	0.002094	0.000000
0.692061	0.584214	0.000000
0.507599	-0.620954	0.000000
-0.699550	0.471468	0.000000
0.533907	-0.679529	0.000000
0.703993	-0.510968	0.000000
0.641761	0.633752	0.000000
0.737926	0.547178	0.000000
-0.373429	0.346967	0.000000
-0.860007	0.481720	0.000000
0.230924	-0.352537	0.000000
-0.601615	-0.842717	0.000000
0.358351	-0.244777	0.000000
-0.544505	0.889703	0.000000
0.311573	-0.463226	0.000000
0.778243	0.322165	0.000000
-0.389860	-0.623216	0.000000
0.589461	-0.349692	0.000000
-0.630201	-0.328600	0.000000
0.722265	0.140102	0.000000
0.194432	-0.179530	0.000000
-0.342685	-0.157484	0.000000
-0.151209	0.526126	0.000000
0.640038	0.613164	0.000000
0.482614	0.452626	0.000000
0.733049	0.718509	0.000000
-0.846054	0.780009	0.000000
0.271358	-0.042755	0.000000
-0.323864	-0.046976	0.000000
0.545885	0.299364	0.000000
0.737236	-0.650963	0.000000
-0.371416	0.535570	0.000000
0.540795	0.342447	0.000000
-0.542020	-0.649111	0.000000
0.249237	0.180532	0.000000
-0.293248	0.541409	0.000000
-0.051945	0.352553	0.000000
0.264943	0.832671	0.000000
-0.010533	0.393028	0.000000
-0.628181	0.444768	0.000000
-0.471769	0.056778	0.000000
0.287233	-0.126697	0.000000
0.196004	-0.425276	0.000000
-0.322147	0.503839	0.000000
0.524828	-0.007811	0.000000
-0.399314	-0.158606	0.000000
0.607818	0.644929	0.000000
-0.361659	0.233231	0.000000
0.175124	0.197651	0.000000
-0.524761	0.825544	0.000000
-0.547576	0.846628	0.000000
0.661676	0.176963	0.000000
-0.156523	0.324318	0.000000
-0.511238	-0.817491	0.000000
0.308003	-0.227883	0.000000
0.799565	-0.573145	0.000000
0.151518	-0.050943	0.000000
-0.829396	0.695306	0.000000
-0.338158	0.592398	0.000000
0.353821	0.837210	0.000000
0.438109	0.590462	0.000000
0.187451	-0.180487	0.000000
0.022301	0.720147	0.000000
0.378905	0.284106	0.000000
-0.365131	0.063290	0.000000
-0.206947	0.617177	0.000000
-0.089360	0.766063	0.000000
0.688494	0.212519	0.000000
-0.538186	-0.650609	0.000000
0.409658	0.039730	0.000000
0.271554	-0.355173	0.000000
0.370143	-0.361074	0.000000
0.383005	0.646613	0.000000
-0.248440	0.730826	0.000000
0.881132	0.581591	0.000000
0.405141	-0.394376	0.000000
-0.532943	-0.783550	0.000000
0.986006	0.646783	0.000000
0.556165	-0.347351	0.000000
-0.323765	-0.162245	0.000000
0.425569	0.338146	0.000000
-0.769706	0.737010	0.000000
0.209691	-0.054487	0.000000
0.150044	0.568433	0.000000
0.575066	-0.501274	0.000000
0.203743	-0.256890	0.000000
-0.116775	-0.351958	0.000000
-0.119633	0.044285	0.000000
0.457731	-0.234671	0.000000
-0.576428	0.478955	0.000000
0.554370	-0.358020	0.000000
0.465106	0.043301	0.000000
0.338166	-0.054073	0.000000
0.434891	0.061700	0.000000
0.701513	0.013710	0.000000
0.889809	0.723618	0.000000
-0.439744	0.430633	0.000000
0.567637	-0.047293	0.000000
0.499957	0.054320	0.000000
0.848942	0.450979	0.000000
-0.739694	0.397951	0.000000
-0.274626	0.184356	0.000000
0.231992	-0.436848	0.000000
-0.789467	0.698416	0.000000
0.218504	0.641458	0.000000
0.890026	0.796890	0.000000
0.675479	-0.012802	0.000000
0.208075	0.768709	0.000000
-0.866408	0.942026	0.000000
-0.177573	0.436923	0.000000
-0.101331	-0.416660	0.000000
0.028406	0.504019	0.000000
0.135035	-0.063014	0.000000
0.749722	0.672814	0.000000
0.420944	-0.188708	0.000000
-0.385970	-0.092859	0.000000
0.338683	0.377235	0.000000
0.311912	0.723150	0.000000
0.330082	0.949038	0.000000
0.411054	-0.176660	0.000000
0.790106	0.497316	0.000000
0.375892	-0.315308	0.000000
0.472506	0.674837	0.000000
-0.251820	0.290658	0.000000
0.806781	0.330840	0.000000
0.677710	0.264144	0.000000
-0.305994	0.378512	0.000000
0.789626	0.699281	0.000000
0.425532	-0.424051	0.000000
0.427559	0.037226	0.000000
-0.713866	0.949715	0.000000
-0.453262	-0.063823	0.000000
-0.389528	-0.438246	0.000000
0.316854	0.083744	0.000000
0.497395	0.307567	0.000000
-0.667868	0.805248	0.000000
0.234368	0.732688	0.000000
-0.678941	-0.696589	0.000000
0.242123	-0.339946	0.000000
0.475451	0.692284	0.000000
-0.661205	0.706519	0.000000
-0.870224	0.703653	0.000000
0.627082	0.732084	0.000000
0.015010	-0.071390	0.000000
0.739360	-0.389603	0.000000
-0.591232	-0.802035	0.000000
0.644083	0.382127	0.000000
0.649303	0.484882	0.000000
0.865738	0.854487	0.000000
0.375656	0.580513	0.000000
0.780647	0.676330	0.000000
0.729099	0.444923	0.000000
0.054766	0.368238	0.000000
0.853871	0.449791	0.000000
-0.401153	0.642796	0.000000
0.841123	-0.550953	0.000000
0.670186	0.459396	0.000000
-0.347144	-0.582146	0.000000
-0.874994	0.593110	0.000000
-0.403878	0.756305	0.000000
0.703205	0.071845	0.000000
0.943970	0.784988	0.000000
-0.512630	0.005502	0.000000
0.044219	-0.246086	0.000000
0.556077	0.502824	0.000000
0.397547	0.629745	0.000000
-0.790203	0.903621	0.000000
-0.025662	0.527528	0.000000
-0.128075	0.146778	0.000000
0.117032	0.717915	0.000000
-0.199314	-0.034101	0.000000
0.405507	0.101693	0.000000
0.363603	0.362257	0.000000
-0.340382	0.727822	0.000000
-0.356862	0.608939	0.000000
0.104680	0.099407	0.000000
0.393227	-0.268464	0.000000
-0.194737	0.216848	0.000000
0.494154	-0.371235	0.000000
0.335473	-0.395941	0.000000
0.104515	0.587363	0.000000
0.741947	0.818134	0.000000
-0.390637	0.206742	0.000000
0.627437	0.732510	0.000000
0.772195	-0.379968	0.000000
-0.863966	0.644116	0.000000
-0.342382	0.362297	0.000000
0.411567	0.187649	0.000000
0.605262	-0.404891	0.000000
0.359783	0.600677	0.000000
0.114066	0.729097	0.000000
0.411806	0.128430	0.000000
0.250708	0.185909	0.000000
-0.013371	-0.071707	0.000000
-0.923719	0.600697	0.000000
-0.204027	-0.341641	0.000000
-0.374986	0.519585	0.000000
-0.126797	-0.196395	0.000000
0.445211	0.262611	0.000000
-0.220044	-0.475402	0.000000
0.498950	0.508537	0.000000
0.461486	0.148421	0.000000
-0.766330	-0.000380	0.000000
-0.270464	-0.330805	0.000000
0.645645	0.811875	0.000000
0.506737	-0.458350	0.000000
0.162951	0.518777	0.000000
-0.373602	0.308271	0.000000
0.424272	0.276687	0.000000
0.666519	0.815736	0.000000
0.510668	0.582024	0.000000
-0.662392	-0.439046	0.000000
0.039382	-0.438736	0.000000
0.355621	0.084886	0.000000
-0.482205	-0.110378	0.000000
-0.449024	0.609588	0.000000
0.734858	0.359466	0.000000
0.203941	0.105615	0.000000
0.682089	-0.019603	0.000000
0.124025	0.394135	0.000000
0.077323	0.239275	0.000000
-0.456307	-0.890164	0.000000
-0.273899	0.102890	0.000000
0.298042	0.651573	0.000000
0.580377	0.312150	0.000000
-0.044522	-0.609032	0.000000
-0.280236	0.644162	0.000000
-0.498329	0.340671	0.000000
-0.402699	-0.888729	0.000000
-0.419077	0.275024	0.000000
-0.819401	0.642237	0.000000
0.455392	0.155872	0.000000
-0.572005	0.063729	0.000000
0.228641	0.813424	0.000000
0.387153	0.076832	0.000000
0.821071	0.406504	0.000000
0.179627	-0.375413	0.000000
0.121097	-0.157733	0.000000
0.404228	0.369140	0.000000
-0.386888	-0.329291	0.000000
-0.257375	0.113104	0.000000
-0.129142	0.144138	0.000000
0.522313	0.049646	0.000000
0.891896	0.629267	0.000000
-0.411650	0.797791	0.000000
0.835030	0.275125	0.000000
0.490832	0.490339	0.000000
-0.310575	0.344295	0.000000
0.606060	0.190069	0.000000
0.625521	0.744483	0.000000
0.218631	0.010761	0.000000
0.079445	0.245132	0.000000
0.227682	-0.336484	0.000000
-0.077585	0.440859	0.000000
-0.505853	0.516706	0.000000
0.775189	0.875071	0.000000
0.452576	0.569094	0.000000
-0.752501	0.764035	0.000000
0.214578	0.453506	0.000000
0.564806	-0.367557	0.000000
0.246224	0.099034	0.000000
-0.676221	-0.520204	0.000000
0.760593	0.226743	0.000000
-0.411061	0.754390	0.000000
0.409215	0.715590	0.000000
-0.742526	0.824455	0.000000
0.643179	-0.554726	0.000000
-0.468475	-0.496409	0.000000
0.840008	-0.560341	0.000000
0.344475	0.255137	0.000000
0.454884	0.483651	0.000000
0.612519	0.684502	0.000000
0.511908	0.480286	0.000000
-0.367776	-0.857837	0.000000
0.730159	0.840653	0.000000
-0.672658	-0.605339	0.000000
0.494658	-0.064599	0.000000
0.239989	-0.284953	0.000000
-0.267378	0.409101	0.000000
-0.724076	0.744464	0.000000
-0.630416	0.470167	0.000000
0.724418	0.582699	0.000000
-0.318726	-0.386083	0.000000
-0.110514	0.404715	0.000000
-0.050463	0.781604	0.000000
0.092876	0.800216	0.000000
-0.572706	-0.425923	0.000000
0.198331	0.135143	0.000000
-0.451515	-0.213817	0.000000
-0.072272	0.023650	0.000000
0.366918	0.659750	0.000000
-0.303420	-0.722990	0.000000
0.307930	0.951975	0.000000
0.250106	-0.263855	0.000000
0.477440	0.615344	0.000000
0.341874	0.103870	0.000000
-0.400855	-0.177954	0.000000
-0.734821	0.388441	0.000000
0.605118	-0.666580	0.000000
-0.130170	-0.542801	0.000000
-0.870808	0.544327	0.000000
0.070274	0.285700	0.000000
-0.280685	-0.657324	0.000000
0.367903	0.589682	0.000000
-0.128384	0.343049	0.000000
0.844810	0.791021	0.000000
0.003626	0.139178	0.000000
0.451417	0.033379	0.000000
-0.586770	0.125582	0.000000
0.115192	0.394185	0.000000
0.711124	0.241701	0.000000
-0.249921	0.543005	0.000000
-0.345117	0.698089	0.000000
-0.406550	0.495281	0.000000
-0.154639	-0.014585	0.000000
-0.723360	0.313076	0.000000
0.135416	-0.085430	0.000000
-0.044798	-0.371534	0.000000
0.408365	0.513147	0.000000
-0.588849	0.359643	0.000000
0.870642	0.465571	0.000000
-0.670242	0.505796	0.000000
0.611701	0.389489	0.000000
0.244221	0.609565	0.000000
-0.902561	0.682251	0.000000
0.462893	-0.124325	0.000000
-0.286729	0.432537	0.000000
-0.030676	0.332548	0.000000
0.541374	0.184599	0.000000
-0.222680	0.583375	0.000000
0.027352	0.541440	0.000000
-0.381012	-0.022173	0.000000
0.815316	0.486997	0.000000
0.195803	0.689874	0.000000
-0.494529	-0.664609	0.000000
0.627767	0.376921	0.000000
0.601504	0.433633	0.000000
-0.368890	-0.154021	0.000000
0.547403	0.401962	0.000000
0.195108	0.673483	0.000000
0.437933	0.608581	0.000000
0.423286	-0.249273	0.000000
0.674549	0.489719	0.000000
-0.355776	0.361967	0.000000
-0.380261	0.408945	0.000000
0.662002	-0.384613	0.000000
0.013982	0.054280	0.000000
0.733434	0.415690	0.000000
-0.349909	0.423394	0.000000
-0.842680	0.236541	0.000000
0.012166	0.562534	0.000000
0.401446	-0.191195	0.000000
-0.465058	-0.404133	0.000000
0.135196	-0.026179	0.000000
0.818111	0.680177	0.000000
-0.672706	-0.086473	0.000000
0.519824	-0.046347	0.000000
0.486451	0.206654	0.000000
-0.194830	0.365119	0.000000
-0.017723	-0.453503	0.000000
-0.532392	-0.980867	0.000000
-0.474263	-0.507581	0.000000
0.303246	-0.407596	0.000000
-0.833968	0.898570	0.000000
-0.246060	0.175411	0.000000
0.607402	0.694619	0.000000
-0.211149	-0.688134	0.000000
0.515193	0.313601	0.000000
-0.732610	-0.162061	0.000000
0.574423	0.290121	0.000000
-0.488170	0.058558	0.000000
0.403262	-0.425193	0.000000
0.459857	0.211773	0.000000
-0.383502	-0.033993	0.000000
0.139335	0.589893	0.000000
0.349627	-0.479761	0.000000
-0.118594	-0.122467	0.000000
0.427929	0.812247	0.000000
0.519633	0.439925	0.000000
-0.595953	0.649170	0.000000
-0.238076	0.216337	0.000000
0.307018	-0.243897	0.000000
0.721679	0.607767	0.000000
0.510130	-0.014786	0.000000
-0.469868	-0.107142	0.000000
-0.032233	0.292904	0.000000
0.572223	-0.322953	0.000000
-0.574177	0.479015	0.000000
0.122630	-0.168749	0.000000
0.776773	0.295409	0.000000
-0.425871	0.576899	0.000000
-0.898921	0.961920	0.000000
0.298226	0.564273	0.000000
-0.446463	0.024136	0.000000
0.433506	-0.236470	0.000000
-0.142341	0.775884	0.000000
0.524074	-0.410503	0.000000
0.434985	0.669597	0.000000
-0.161060	0.772273	0.000000
-0.565817	0.699493	0.000000
0.392325	-0.058551	0.000000
0.171463	-0.265927	0.000000
-0.186774	0.262598	0.000000
0.563970	0.149461	0.000000
0.581527	0.409061	0.000000
0.563025	-0.442991	0.000000
-0.399622	-0.164186	0.000000
0.004663	-0.112338	0.000000
0.703336	-0.634289	0.000000
0.826960	0.477425	0.000000
-0.879044	0.686040	0.000000
0.430506	-0.108778	0.000000
-0.207005	0.739199	0.000000
-0.502262	0.122508	0.000000
-0.307258	-0.188987	0.000000
-0.753882	0.685075	0.000000
0.504814	0.445735	0.000000
0.051628	-0.151812	0.000000
-0.152007	0.449559	0.000000
0.056826	0.613359	0.000000
-0.419619	0.543742	0.000000
-0.303760	-0.672173	0.000000
0.507919	0.350963	0.000000
-0.555881	0.540027	0.000000
-0.848943	0.924301	0.000000
0.888780	0.867324	0.000000
-0.718575	0.454995	0.000000
-0.157176	-0.044271	0.000000
0.321372	0.714741	0.000000
0.693215	0.857391	0.000000
0.263161	-0.420639	0.000000
0.024587	0.198661	0.000000
0.075277	0.282525	0.000000
-0.677971	0.607751	0.000000
0.593312	0.751313	0.000000
-0.004323	0.314925	0.000000
0.340117	-0.150536	0.000000
-0.074183	-0.116953	0.000000
-0.209864	0.415314	0.000000
0.476838	0.276748	0.000000
0.326429	0.372001	0.000000
-0.274082	0.087010	0.000000
-0.441043	0.800422	0.000000
0.398922	0.276761	0.000000
-0.120040	0.275327	0.000000
-0.517793	-0.287672	0.000000
-0.579128	0.570732	0.000000
-0.057631	0.558586	0.000000
0.210733	-0.176637	0.000000
0.385150	-0.251149	0.000000
0.748759	-0.601419	0.000000
0.206495	0.833526	0.000000
0.504383	-0.017324	0.000000
-0.247707	-0.254763	0.000000
0.446332	0.132680	0.000000
-0.155071	0.620011	0.000000
-0.303563	-0.145499	0.000000
0.560333	0.087917	0.000000
-0.952003	0.659243	0.000000
0.319541	0.609425	0.000000
-0.633422	0.855420	0.000000
-0.322164	0.673969	0.000000
0.720105	0.482349	0.000000
-0.418726	0.247138	0.000000
0.339025	0.983520	0.000000
0.025523	0.822102	0.000000
-0.096308	-0.610756	0.000000
0.452639	0.507499	0.000000
0.572886	0.362187	0.000000
-0.521937	-0.876029	0.000000
0.276295	0.203703	0.000000
0.280252	0.496269	0.000000
0.815743	0.362215	0.000000
0.760128	0.248371	0.000000
0.163239	-0.028065	0.000000
0.975588	0.640604	0.000000
0.987293	0.731981	0.000000
0.458791	-0.157720	0.000000
0.781532	-0.431703	0.000000
0.412713	-0.470130	0.000000
-0.725658	0.578715	0.000000
-0.721558	0.734200	0.000000
-0.709515	0.404063	0.000000
0.435928	-0.588741	0.000000
0.619340	-0.043996	0.000000
0.239883	-0.108689	0.000000
0.082322	0.041729	0.000000
-0.632542	-0.553071	0.000000
0.412691	0.300994	0.000000
0.679595	0.753479	0.000000
0.411158	-0.176116	0.000000
-0.607884	-0.207606	0.000000
0.542153	0.014298	0.000000
0.634958	0.761625	0.000000
0.751412	0.361472	0.000000
0.635431	0.167956	0.000000
0.944261	0.767121	0.000000
0.454676	0.633384	0.000000
0.076963	0.493065	0.000000
0.298615	0.953598	0.000000
-0.101534	-0.031571	0.000000
-0.102749	0.133405	0.000000
-0.354996	0.420271	0.000000
0.723745	0.465862	0.000000
-0.286805	0.354928	0.000000
-0.947106	0.693098	0.000000
0.533417	-0.047482	0.000000
0.294778	-0.389245	0.000000
0.059368	0.349377	0.000000
-0.864132	0.583634	0.000000
-0.160700	-0.101688	0.000000
0.312489	-0.257391	0.000000
0.282970	0.066803	0.000000
0.585339	0.086658	0.000000
0.760903	0.068049	0.000000
0.234445	0.046656	0.000000
0.829058	0.659900	0.000000
0.279588	0.906312	0.000000
0.779104	0.677017	0.000000
-0.480247	0.801004	0.000000
0.590896	0.204030	0.000000
0.912015	0.795321	0.000000
-0.582975	0.470553	0.000000
0.588075	-0.510591	0.000000
-0.210202	0.128146	0.000000
-0.472774	0.217242	0.000000
-0.416071	-0.210410	0.000000
-0.406242	-0.217061	0.000000
0.853322	0.760419	0.000000
0.223453	0.806957	0.000000
-0.356090	0.217995	0.000000
-0.046980	-0.106172	0.000000
-0.105476	0.062228	0.000000
-0.692815	0.341704	0.000000
-0.129147	0.086505	0.000000
-0.676406	0.559740	0.000000
-0.397613	0.050967	0.000000
-0.072868	0.362972	0.000000
0.005751	0.636024	0.000000
0.426868	0.447959	0.000000
0.526931	-0.483124	0.000000
-0.455281	0.407372	0.000000
-0.804826	0.594945	0.000000
0.102940	0.787639	0.000000
-0.618662	0.424132	0.000000
0.806348	0.778850	0.000000
0.140175	-0.411941	0.000000
-0.679095	0.654913	0.000000
-0.241713	0.454740	0.000000
0.641158	-0.404105	0.000000
-0.797849	0.540127	0.000000
-0.329769	0.207047	0.000000
0.022009	0.809380	0.000000
-0.593666	-0.467134	0.000000
0.766485	0.448906	0.000000
0.534708	-0.037486	0.000000
0.473940	0.605261	0.000000
-0.378080	0.044831	0.000000
0.473584	-0.003596	0.000000
-0.264022	-0.460760	0.000000
0.107265	0.426407	0.000000
0.855779	0.550768	0.000000
-0.081772	0.330035	0.000000
-0.960068	0.649577	0.000000
0.004187	0.617242	0.000000
-0.145507	0.739916	0.000000
0.849341	0.596774	0.000000
0.333146	0.565663	0.000000
-0.098730	0.424359	0.000000
0.508914	0.444118	0.000000
0.004227	0.197478	0.000000
0.875708	0.457746	0.000000
-0.672855	0.227833	0.000000
-0.885121	0.808459	0.000000
0.116829	-0.434637	0.000000
0.595786	-0.525814	0.000000
-0.795770	0.615370	0.000000
-0.307041	0.683368	0.000000
-0.691177	0.611660	0.000000
-0.662908	-0.423845	0.000000
-0.778461	0.192502	0.000000
-0.007341	0.404835	0.000000
-0.521257	-0.062570	0.000000
-0.030362	-0.272276	0.000000
0.277754	-0.313836	0.000000
-0.405425	0.565684	0.000000
-0.405828	-0.147514	0.000000
-0.860319	0.625631	0.000000
-0.830823	0.823798	0.000000
0.819733	0.769245	0.000000
0.161598	0.569626	0.000000
0.796779	0.313988	0.000000
-0.772052	0.685635	0.000000
-0.549845	0.007121	0.000000
0.391259	-0.153312	0.000000
-0.290340	-0.439177	0.000000
-0.326066	0.296706	0.000000
-0.162616	-0.410655	0.000000
-0.125478	-0.088360	0.000000
0.185226	-0.118696	0.000000
-0.293150	-0.174143	0.000000
-0.127181	-0.036329	0.000000
-0.653653	0.467592	0.000000
0.856319	0.571820	0.000000
0.557430	0.351838	0.000000
-0.401869	-0.270312	0.000000
-0.182414	-0.335706	0.000000
0.182781	-0.447221	0.000000
0.932075	0.496265	0.000000
-0.753259	0.313362	0.000000
-0.005939	-0.464197	0.000000
-0.358888	0.667274	0.000000
-0.112249	0.292153	0.000000
-0.168612	-0.684756	0.000000
0.283216	0.911226	0.000000
0.332816	0.122493	0.000000
0.754510	0.792891	0.000000
0.651871	0.615849	0.000000
0.086611	-0.222821	0.000000
0.357454	0.173424	0.000000
0.713756	0.754134	0.000000
-0.145967	0.203165	0.000000
-0.592686	-0.605761	0.000000
-0.609215	0.459536	0.000000
0.520981	0.676341	0.000000
0.634979	0.286357	0.000000
0.627461	0.341163	0.000000
-0.338191	-0.057692	0.000000
0.383748	-0.569485	0.000000
-0.379698	0.786881	0.000000
-0.451574	0.236748	0.000000
-0.442791	-0.298712	0.000000
0.795908	0.553475	0.000000
-0.459764	-0.747118	0.000000
0.231454	0.270917	0.000000
0.013834	0.456131	0.000000
0.673509	0.672516	0.000000
-0.449546	0.154944	0.000000
-0.923272	0.360354	0.000000
0.079290	0.287560	0.000000
-0.268560	0.557195	0.000000
-0.131466	0.164261	0.000000
0.295567	0.419044	0.000000
0.007018	0.307991	0.000000
-0.278790	-0.722153	0.000000
0.145656	-0.483075	0.000000
0.751109	-0.355580	0.000000
-0.580725	0.601828	0.000000
-0.556061	-0.528352	0.000000
-0.855887	0.738696	0.000000
-0.430694	-0.478851	0.000000
0.665838	0.253963	0.000000
-0.631374	-0.328393	0.000000
-0.902022	0.337835	0.000000
-0.364654	-0.678174	0.000000
-0.628470	0.439977	0.000000
-0.135399	-0.423927	0.000000
0.400046	0.301778	0.000000
-0.180419	-0.639797	0.000000
-0.347480	0.457805	0.000000
0.690747	-0.484984	0.000000
0.576662	0.394265	0.000000
0.377320	0.154847	0.000000
-0.251458	0.583426	0.000000
0.738029	0.731477	0.000000
0.220828	0.635985	0.000000
0.440292	0.309571	0.000000
0.469175	-0.450054	0.000000
-0.091735	-0.597276	0.000000
0.381791	-0.215261	0.000000
0.439615	-0.002876	0.000000
-0.889324	0.841646	0.000000
0.310846	0.206533	0.000000
0.361758	0.099141	0.000000
-0.816772	0.847660	0.000000
0.223770	0.916521	0.000000
-0.413409	0.376220	0.000000
-0.230235	-0.603101	0.000000
-0.489506	-0.333154	0.000000
0.561279	0.627111	0.000000
0.013783	-0.061226	0.000000
-0.197060	0.560456	0.000000
0.959209	0.643747	0.000000
0.661811	0.457275	0.000000
0.746835	0.602609	0.000000
0.844627	0.592537	0.000000
0.883315	0.633669	0.000000
0.774875	-0.482419	0.000000
0.040683	0.730198	0.000000
0.408927	0.161365	0.000000
-0.511734	0.136377	0.000000
0.337772	-0.338834	0.000000
0.090081	-0.031100	0.000000
-0.635829	0.593591	0.000000
-0.136811	0.497340	0.000000
-0.548613	0.388349	0.000000
0.692002	0.413157	0.000000
-0.572353	0.393909	0.000000
0.274849	0.002288	0.000000
-0.546857	-0.453506	0.000000
0.748705	-0.687848	0.000000
-0.003476	0.644351	0.000000
-0.315952	-0.406532	0.000000
-0.364111	0.566811	0.000000
0.421422	0.749728	0.000000
-0.693430	-0.439923	0.000000
0.010157	-0.447116	0.000000
-0.850931	0.179856	0.000000
0.422643	-0.602838	0.000000
0.296517	0.959310	0.000000
0.076718	0.355689	0.000000
-0.109365	-0.380296	0.000000
-0.417053	-0.492145	0.000000
0.331521	-0.201671	0.000000
0.330160	0.979773	0.000000
-0.147080	-0.112082	0.000000
-0.929142	0.688106	0.000000
-0.570560	0.799463	0.000000
0.333087	0.507964	0.000000
0.426205	0.114938	0.000000
0.489155	0.047045	0.000000
0.352934	0.250171	0.000000
-0.248152	0.271941	0.000000
0.260589	-0.046835	0.000000
0.642836	0.426337	0.000000
-0.039183	0.686106	0.000000
-0.355181	0.250495	0.000000
0.356478	-0.476697	0.000000
0.640449	0.543761	0.000000
0.613156	0.097549	0.000000
-0.456579	-0.900309	0.000000
0.362330	-0.092302	0.000000
0.594854	-0.349274	0.000000
-0.323751	-0.317069	0.000000
0.787423	0.465871	0.000000
0.797375	-0.556756	0.000000
0.355447	0.610929	0.000000
-0.636092	0.541450	0.000000
-0.259902	-0.124531	0.000000
-0.692394	0.502203	0.000000
0.821734	0.711051	0.000000
0.600046	0.531986	0.000000
-0.566742	-0.606676	0.000000
-0.588452	-0.168932	0.000000
0.663417	0.035245	0.000000
0.796979	0.752950	0.000000
-0.654330	0.881009	0.000000
0.486863	0.806710	0.000000
0.056815	0.006476	0.000000
0.880797	0.372233	0.000000
-0.117013	0.088710	0.000000
0.862178	0.837917	0.000000
0.199933	0.775260	0.000000
-0.518884	0.876966	0.000000
-0.088792	0.355357	0.000000
0.780279	0.710526	0.000000
-0.293926	-0.148536	0.000000
-0.349859	-0.509537	0.000000
0.703543	-0.457392	0.000000
0.468673	0.089744	0.000000
0.319190	0.650442	0.000000
0.232729	0.787790	0.000000
-0.608703	0.325350	0.000000
0.485864	0.473069	0.000000
0.813898	0.597149	0.000000
0.613606	0.066772	0.000000
0.547698	0.620023	0.000000
0.062355	-0.186373	0.000000
-0.418157	0.459782	0.000000
-0.365558	-0.278465	0.000000
-0.461342	-0.945790	0.000000
0.584656	-0.487056	0.000000
0.513434	-0.009359	0.000000
-0.282064	-0.736691	0.000000
0.310761	-0.014649	0.000000
0.776447	0.518168	0.000000
0.336263	0.456410	0.000000
0.153853	-0.032967	0.000000
-0.770476	0.637937	0.000000
0.313766	0.780272	0.000000
0.591444	0.205290	0.000000
0.817702	0.831886	0.000000
0.012447	0.401295	0.000000
0.459492	0.135031	0.000000
0.524519	0.148761	0.000000
0.406849	-0.439174	0.000000
0.528301	-0.520597	0.000000
-0.907691	0.361074	0.000000
0.547459	-0.020714	0.000000
0.637769	0.760938	0.000000
-0.910568	0.755194	0.000000
0.578412	0.305477	0.000000
-0.271419	0.646688	0.000000
0.679291	0.724597	0.000000
-0.469671	0.146735	0.000000
-0.222291	0.045113	0.000000
0.927986	0.468427	0.000000
-0.071067	0.568393	0.000000
0.515113	0.440861	0.000000
-0.508275	-0.804600	0.000000
-0.558202	0.095761	0.000000
0.957136	0.734253	0.000000
0.352478	0.404243	0.000000
-0.817643	0.619592	0.000000
0.452546	0.089673	0.000000
0.412364	-0.463689	0.000000
0.407342	0.589961	0.000000
0.372622	-0.279696	0.000000
0.765553	0.833334	0.000000
0.459617	-0.157212	0.000000
0.394001	0.701128	0.000000
0.647044	0.529969	0.000000
-0.025696	0.311249	0.000000
-0.371052	0.028111	0.000000
-0.482634	-0.371144	0.000000
0.427268	0.113897	0.000000
0.108208	-0.062556	0.000000
0.612591	0.237913	0.000000
-0.735026	0.833857	0.000000
0.001557	-0.043446	0.000000
0.563583	0.137663	0.000000
0.501169	-0.063314	0.000000
0.113444	-0.034663	0.000000
-0.236804	0.163278	0.000000
-0.274512	-0.605085	0.000000
-0.254138	-0.155548	0.000000
-0.825806	0.696892	0.000000
-0.185962	-0.061662	0.000000
-0.737410	0.926976	0.000000
-0.504642	0.651494	0.000000
-0.258909	-0.714500	0.000000
0.576596	0.629591	0.000000
-0.326083	0.739496	0.000000
0.509362	-0.069313	0.000000
0.340372	0.130934	0.000000
0.362417	-0.270438	0.000000
0.278242	-0.317483	0.000000
-0.764618	0.748111	0.000000
-0.356595	-0.187376	0.000000
0.513580	0.244622	0.000000
0.518532	-0.580387	0.000000
0.236902	0.906125	0.000000
0.619192	-0.497940	0.000000
0.634059	0.084449	0.000000
-0.590350	0.731382	0.000000
0.306338	0.377388	0.000000
0.505444	0.117364	0.000000
0.333535	0.580407	0.000000
0.301213	-0.057144	0.000000
-0.620252	0.920255	0.000000
0.164051	0.595336	0.000000
0.879552	0.565261	0.000000
-0.894007	0.286147	0.000000
0.739913	0.612318	0.000000
0.139442	-0.120086	0.000000
0.873313	0.826325	0.000000
-0.405911	-0.489504	0.000000
0.406913	0.289633	0.000000
-0.584239	-0.559910	0.000000
-0.501441	-0.857245	0.000000
-0.175243	0.156182	0.000000
0.171940	-0.213193	0.000000
0.633996	-0.502399	0.000000
0.651679	0.764321	0.000000
0.805222	0.538158	0.000000
-0.168543	-0.207776	0.000000
-0.923370	0.951261	0.000000
-0.630501	0.206520	0.000000
0.352178	0.300979	0.000000
0.788686	-0.508891	0.000000
0.204843	-0.410464	0.000000
-0.328214	0.371540	0.000000
0.095112	0.606258	0.000000
0.380648	0.586598	0.000000
0.542673	-0.448528	0.000000
0.016380	-0.083472	0.000000
0.507836	-0.688555	0.000000
0.564172	-0.436156	0.000000
0.426367	0.152441	0.000000
-0.658602	0.403759	0.000000
-0.169387	-0.157209	0.000000
-0.204227	0.659910	0.000000
-0.163984	0.099868	0.000000
-0.757800	0.727873	0.000000
0.347756	0.782493	0.000000
-0.349391	-0.620351	0.000000
0.466931	-0.416159	0.000000
-0.221017	0.695310	0.000000
0.853678	-0.527746	0.000000
-0.506323	-0.155123	0.000000
0.803840	0.334258	0.000000
-0.235567	0.382591	0.000000
0.555513	0.149405	0.000000
0.670690	-0.465721	0.000000
-0.560234	-0.820226	0.000000
-0.211075	0.538086	0.000000
0.844120	0.465647	0.000000
-0.127072	0.208120	0.000000
-0.960693	0.690194	0.000000
0.827307	0.791804	0.000000
-0.201302	0.011780	0.000000
-0.418324	-0.249929	0.000000
-0.401471	-0.783778	0.000000
-0.288657	0.566354	0.000000
-0.650450	0.821891	0.000000
-0.340657	-0.541600	0.000000
-0.100124	-0.035553	0.000000
-0.604166	0.619000	0.000000
-0.539124	0.792926	0.000000
-0.349152	-0.602218	0.000000
-0.021781	0.328998	0.000000
0.432629	0.032003	0.000000
-0.643849	0.551372	0.000000
-0.382075	0.041949	0.000000
0.559039	0.109566	0.000000
0.142101	0.426828	0.000000
0.239330	-0.253276	0.000000
0.727757	0.323693	0.000000
-0.548767	-0.713816	0.000000
0.175908	0.428674	0.000000
-0.118940	-0.081093	0.000000
0.361502	0.131537	0.000000
0.343751	0.972338	0.000000
0.263412	0.128343	0.000000
0.813145	0.473019	0.000000
0.251071	0.133419	0.000000
-0.623230	0.506638	0.000000
0.266304	0.393966	0.000000
-0.410815	-0.506787	0.000000
0.471167	0.473605	0.000000
0.289642	-0.264519	0.000000
0.561081	0.033625	0.000000
0.237318	0.192311	0.000000
0.415252	-0.382823	0.000000
-0.042276	-0.127734	0.000000
0.325608	-0.398479	0.000000
0.523467	0.100835	0.000000
-0.127065	-0.589869	0.000000
0.340960	0.373557	0.000000
-0.243676	0.371509	0.000000
-0.793826	0.046583	0.000000
0.593588	-0.565939	0.000000
0.168205	0.572197	0.000000
0.610182	0.498476	0.000000
0.041652	0.483425	0.000000
0.391999	-0.398122	0.000000
0.508352	0.486772	0.000000
-0.039038	-0.052600	0.000000
0.474560	0.538693	0.000000
-0.249004	0.641918	0.000000
0.471408	0.123247	0.000000
-0.638667	-0.010121	0.000000
0.046398	0.603175	0.000000
-0.490371	0.815964	0.000000
-0.215123	0.407192	0.000000
-0.434984	-0.721328	0.000000
0.196895	0.641137	0.000000
0.118727	0.765550	0.000000
0.182928	0.873706	0.000000
0.804224	0.486478	0.000000
0.520467	0.288666	0.000000
0.700706	-0.005416	0.000000
0.158308	0.123348	0.000000
-0.380752	-0.862715	0.000000
0.223155	0.628526	0.000000
-0.617194	0.176940	0.000000
-0.229255	-0.772938	0.000000
0.666504	0.098730	0.000000
-0.057277	0.506633	0.000000
-0.646548	-0.862504	0.000000
-0.061521	-0.609129	0.000000
0.407484	0.283501	0.000000
-0.377149	0.527415	0.000000
0.221762	-0.460844	0.000000
0.714381	0.262936	0.000000
-0.137925	-0.639529	0.000000
-0.062131	0.329396	0.000000
-0.182928	-0.324459	0.000000
-0.415410	0.302951	0.000000
0.901819	0.549819	0.000000
0.001023	0.280337	0.000000
0.046199	-0.069766	0.000000
0.704062	-0.642895	0.000000
0.726073	0.420943	0.000000
0.615876	0.331564	0.000000
-0.719649	0.568477	0.000000
0.700773	0.717150	0.000000
-0.545592	0.712718	0.000000
0.230868	-0.008021	0.000000
0.614441	0.570027	0.000000
-0.711415	0.901957	0.000000
0.785438	0.450199	0.000000
0.183954	0.616614	0.000000
0.734508	-0.390783	0.000000
0.714458	-0.500074	0.000000
-0.410255	-0.363846	0.000000
-0.664456	0.074903	0.000000
-0.899941	0.646862	0.000000
-0.007685	0.124568	0.000000
0.142177	0.625135	0.000000
-0.610666	0.552774	0.000000
-0.151842	-0.615418	0.000000
0.660073	0.665417	0.000000
-0.070462	-0.468160	0.000000
-0.240034	-0.015071	0.000000
0.566973	-0.700729	0.000000
0.261592	-0.369717	0.000000
0.246109	0.263531	0.000000
-0.763885	0.840704	0.000000
-0.576489	-0.710493	0.000000
-0.379106	0.178589	0.000000
0.668281	-0.693294	0.000000
-0.322599	0.355224	0.000000
-0.024804	-0.097614	0.000000
0.614459	-0.427907	0.000000
0.021367	0.368934	0.000000
0.594386	-0.678011	0.000000
-0.482948	-0.748858	0.000000
0.645724	0.466387	0.000000
0.563543	0.542901	0.000000
-0.091203	0.463397	0.000000
0.458186	-0.289530	0.000000
-0.065347	-0.018943	0.000000
0.684998	-0.684072	0.000000
0.300379	-0.418165	0.000000
-0.584885	-0.765713	0.000000
-0.271242	0.373118	0.000000
0.043412	-0.452482	0.000000
0.090696	-0.021994	0.000000
0.527780	0.066578	0.000000
0.186501	0.847142	0.000000
0.118232	-0.082951	0.000000
-0.532709	0.403751	0.000000
0.093377	-0.127753	0.000000
-0.497566	0.082679	0.000000
-0.804627	0.513747	0.000000
-0.086755	0.009620	0.000000
0.823755	0.691313	0.000000
-0.314972	-0.520833	0.000000
0.257228	0.193778	0.000000
-0.248252	-0.183496	0.000000
0.645176	0.508031	0.000000
0.241755	-0.248353	0.000000
-0.396134	0.264035	0.000000
0.352973	-0.185013	0.000000
-0.372052	0.481837	0.000000
0.653496	0.088857	0.000000
0.924443	0.568959	0.000000
0.489856	0.107201	0.000000
0.729594	0.027454	0.000000
0.593263	-0.385390	0.000000
-0.088320	-0.120841	0.000000
0.666876	-0.498506	0.000000
0.795230	-0.565649	0.000000
-0.263179	0.662526	0.000000
0.432111	-0.638184	0.000000
-0.608166	0.673328	0.000000
0.646598	0.214454	0.000000
-0.131432	0.659759	0.000000
-0.411590	0.539791	0.000000
0.245404	-0.250162	0.000000
0.631377	0.617866	0.000000
0.243785	0.394688	0.000000
0.432741	0.020148	0.000000
-0.367244	0.240096	0.000000
0.755661	0.863956	0.000000
0.318144	0.164192	0.000000
0.442141	0.645707	0.000000
0.240101	0.081168	0.000000
0.615437	0.658176	0.000000
0.145828	-0.033389	0.000000
0.710754	0.594868	0.000000
0.199278	-0.007109	0.000000
-0.493777	0.082362	0.000000
-0.243235	-0.176784	0.000000
-0.173133	-0.617245	0.000000
-0.097308	0.032270	0.000000
-0.289720	-0.332212	0.000000
-0.180519	-0.162274	0.000000
0.337930	0.591378	0.000000
-0.860873	0.658988	0.000000
-0.344092	-0.293092	0.000000
-0.202735	0.202583	0.000000
-0.171184	-0.646257	0.000000
-0.963860	0.646788	0.000000
-0.379651	-0.333263	0.000000
-0.888174	0.456689	0.000000
0.354319	0.343073	0.000000
0.582782	-0.546418	0.000000
0.570985	0.786859	0.000000
0.641787	0.367756	0.000000
0.730803	0.328576	0.000000
-0.462405	0.247483	0.000000
0.871411	0.404825	0.000000
-0.470879	-0.448465	0.000000
0.030794	0.256217	0.000000
-0.299332	0.127941	0.000000
-0.235028	0.474851	0.000000
0.486442	-0.186719	0.000000
-0.679008	0.275124	0.000000
0.174279	0.217448	0.000000
-0.112192	-0.536606	0.000000
0.222675	0.351005	0.000000
0.238418	-0.549429	0.000000
0.635574	0.227352	0.000000
-0.121890	-0.127803	0.000000
-0.617927	-0.378692	0.000000
-0.672813	0.695039	0.000000
0.408143	-0.106426	0.000000
0.585400	0.798065	0.000000
0.714309	0.157018	0.000000
0.705807	0.556780	0.000000
-0.527093	0.337490	0.000000
-0.384584	-0.498633	0.000000
0.712959	-0.487107	0.000000
0.553686	0.597840	0.000000
0.429535	0.633412	0.000000
-0.717044	0.462037	0.000000
0.754574	0.433781	0.000000
0.286329	-0.066843	0.000000
-0.068780	-0.462516	0.000000
-0.679040	-0.552257	0.000000
-0.367656	0.239024	0.000000
0.839603	0.859497	0.000000
0.805478	0.704246	0.000000
-0.450608	0.557338	0.000000
-0.168176	-0.627239	0.000000
0.668267	0.273908	0.000000
-0.189302	0.041301	0.000000
0.298782	-0.010133	0.000000
0.433936	0.669023	0.000000
0.768084	0.608866	0.000000
0.774435	0.674751	0.000000
-0.372618	0.130432	0.000000
0.021438	0.384741	0.000000
-0.746971	0.575200	0.000000
-0.079754	0.511225	0.000000
-0.305851	0.120030	0.000000
-0.021734	0.299899	0.000000
-0.586248	-0.870562	0.000000
0.466734	0.737529	0.000000
0.007722	0.132997	0.000000
0.228307	-0.313610	0.000000
0.113818	-0.037105	0.000000
0.561545	0.211296	0.000000
-0.431291	-0.096692	0.000000
-0.189909	-0.679952	0.000000
0.062175	-0.418639	0.000000
-0.140313	-0.534911	0.000000
0.727476	0.730644	0.000000
0.800555	0.798880	0.000000
-0.356143	-0.375375	0.000000
-0.169538	-0.681831	0.000000
0.165591	-0.195960	0.000000
0.582668	0.244368	0.000000
0.655966	0.375582	0.000000
0.007780	-0.050898	0.000000
-0.191484	0.274177	0.000000
0.656972	0.014338	0.000000
0.052082	0.704866	0.000000
-0.637520	-0.267138	0.000000
0.170361	0.567509	0.000000
-0.048828	0.627424	0.000000
-0.213245	-0.747998	0.000000
0.330369	0.212649	0.000000
-0.549174	-0.260760	0.000000
-0.965810	0.547588	0.000000
0.690047	0.252207	0.000000
0.375527	0.393572	0.000000
0.593515	-0.662541	0.000000
0.490889	-0.080282	0.000000
0.421465	0.304885	0.000000
0.090497	0.278894	0.000000
-0.694693	0.850247	0.000000
0.953566	0.802372	0.000000
-0.341901	0.423311	0.000000
0.644233	0.840621	0.000000
0.318060	0.889498	0.000000
0.577935	0.643213	0.000000
0.339751	0.238927	0.000000
-0.743714	0.862042	0.000000
0.683634	0.845938	0.000000
-0.657172	-0.511302	0.000000
0.623459	0.014169	0.000000
0.182421	0.677574	0.000000
0.512677	0.458488	0.000000
-0.114556	0.493670	0.000000
0.289770	0.918162	0.000000
-0.709203	0.553278	0.000000
-0.514440	-0.449439	0.000000
-0.620429	0.650454	0.000000
0.605276	-0.452383	0.000000
0.401321	0.206602	0.000000
-0.889710	0.886140	0.000000
0.012187	0.772930	0.000000
-0.612695	-0.598177	0.000000
-0.543421	-0.420789	0.000000
0.018559	-0.148538	0.000000
-0.055116	0.219459	0.000000
0.049927	0.550271	0.000000
0.802618	0.467959	0.000000
-0.347229	0.053953	0.000000
0.636073	-0.342591	0.000000
-0.046321	-0.595525	0.000000
0.448773	0.668321	0.000000
-0.516997	-0.427186	0.000000
-0.452171	0.838264	0.000000
0.720307	-0.620267	0.000000
0.092940	0.738020	0.000000
0.361873	0.557642	0.000000
0.708381	0.845201	0.000000
0.689712	0.551360	0.000000
0.598260	-0.581819	0.000000
0.099162	-0.084276	0.000000
-0.423505	0.356665	0.000000
-0.286132	-0.335222	0.000000
0.079666	-0.309571	0.000000
-0.180314	0.649033	0.000000
0.832607	0.856580	0.000000
0.493517	0.634355	0.000000
0.354453	-0.114566	0.000000
-0.911113	0.389435	0.000000
0.346419	0.516365	0.000000
0.713992	0.869770	0.000000
0.149151	0.569658	0.000000
-0.152193	-0.543202	0.000000
-0.101695	0.631726	0.000000
-0.033407	-0.016028	0.000000
-0.746976	0.230154	0.000000
0.924165	0.507348	0.000000
-0.031446	-0.351675	0.000000
0.574038	0.384587	0.000000
-0.214905	-0.115789	0.000000
0.320858	0.107362	0.000000
-0.777409	0.845885	0.000000
-0.550692	0.295560	0.000000
-0.426366	-0.719332	0.000000
0.620627	0.451114	0.000000
0.903309	0.514252	0.000000
0.618270	-0.033119	0.000000
0.566816	-0.571232	0.000000
-0.544465	-0.995940	0.000000
-0.057790	-0.047941	0.000000
-0.552481	-0.265372	0.000000
0.321244	0.889962	0.000000
0.745801	0.204834	0.000000
-0.040255	-0.319012	0.000000
0.607935	-0.681057	0.000000
-0.173269	0.080731	0.000000
0.326123	0.199728	0.000000
0.227390	0.552247	0.000000
-0.586789	0.626426	0.000000
0.468184	0.132328	0.000000
0.514993	-0.612367	0.000000
-0.032317	0.250094	0.000000
0.436835	0.068405	0.000000
-0.590414	0.635844	0.000000
-0.573501	0.792345	0.000000
0.348874	0.423429	0.000000
0.643066	0.555400	0.000000
0.202041	0.678789	0.000000
-0.631266	0.932548	0.000000
-0.688822	0.595054	0.000000
-0.685191	-0.302933	0.000000
-0.351566	-0.524857	0.000000
0.147228	-0.058056	0.000000
-0.402432	0.601939	0.000000
0.404757	-0.165312	0.000000
-0.002455	0.698937	0.000000
0.556903	0.634294	0.000000
0.239776	-0.250083	0.000000
0.156706	0.736704	0.000000
0.355355	0.389687	0.000000
0.653953	-0.509542	0.000000
-0.914576	0.961310	0.000000
-0.311670	-0.087900	0.000000
0.290417	0.229652	0.000000
0.584869	-0.532200	0.000000
-0.001497	0.308939	0.000000
-0.295942	-0.680953	0.000000
-0.020372	-0.422706	0.000000
-0.387437	-0.812937	0.000000
-0.387476	-0.382238	0.000000
0.529435	0.784434	0.000000
-0.068906	-0.356865	0.000000
0.002428	0.528349	0.000000
0.350900	0.402949	0.000000
0.309974	-0.392096	0.000000
0.156800	0.567820	0.000000
-0.154334	0.334721	0.000000
-0.379495	-0.758410	0.000000
0.830902	0.723681	0.000000
0.537533	-0.665752	0.000000
0.763781	0.702592	0.000000
-0.083753	0.164226	0.000000
0.282470	-0.466632	0.000000
-0.054897	0.668085	0.000000
-0.081068	0.008624	0.000000
-0.135256	0.719495	0.000000
-0.798732	0.901951	0.000000
0.940537	0.604223	0.000000
0.007288	0.545008	0.000000
0.186783	0.493660	0.000000
0.321327	0.291470	0.000000
-0.679923	-0.457112	0.000000
0.233235	0.706493	0.000000
-0.569562	0.625140	0.000000
-0.189621	-0.484580	0.000000
-0.248210	0.740878	0.000000
-0.066854	0.184590	0.000000
0.918927	0.520276	0.000000
0.508502	0.221464	0.000000
0.743750	0.420124	0.000000
0.031032	0.240335	0.000000
-0.268816	0.286051	0.000000
-0.279026	-0.264148	0.000000
0.533934	0.588059	0.000000
-0.394066	0.345156	0.000000
0.148340	0.526868	0.000000
-0.412189	-0.032374	0.000000
0.959866	0.665740	0.000000
0.360539	0.738491	0.000000
0.495655	-0.225644	0.000000
-0.483746	-0.099742	0.000000
0.613720	-0.331461	0.000000
0.666525	0.444461	0.000000
-0.137521	-0.298837	0.000000
0.774493	-0.446778	0.000000
-0.612590	-0.197067	0.000000
-0.301198	-0.672888	0.000000
-0.776688	0.691489	0.000000
0.382665	-0.258935	0.000000
-0.585745	-0.190769	0.000000
0.852773	0.821922	0.000000
0.254193	0.316955	0.000000
-0.274083	0.457173	0.000000
-0.308700	-0.310158	0.000000
0.500370	0.456465	0.000000
-0.427248	-0.826858	0.000000
-0.332333	-0.512942	0.000000
-0.618915	-0.410212	0.000000
0.731432	0.516885	0.000000
0.692746	0.198289	0.000000
0.349283	0.296945	0.000000
0.133647	0.515211	0.000000
0.678630	-0.015991	0.000000
-0.319613	-0.170976	0.000000
-0.860935	0.748093	0.000000
-0.243123	-0.258130	0.000000
-0.287238	-0.157832	0.000000
0.902188	0.747062	0.000000
0.044521	0.312435	0.000000
0.608187	0.681987	0.000000
-0.525197	-0.174130	0.000000
0.356097	-0.382007	0.000000
0.607251	0.716206	0.000000
0.879353	0.405457	0.000000
0.905687	0.734696	0.000000
0.559656	0.009324	0.000000
0.357977	0.190502	0.000000
0.642776	-0.317236	0.000000
0.149452	0.351332	0.000000
0.416550	-0.468120	0.000000
-0.341599	0.702732	0.000000
0.820483	-0.468556	0.000000
-0.249873	-0.038721	0.000000
0.785541	0.768599	0.000000
-0.651534	-0.200970	0.000000
0.414478	-0.116214	0.000000
-0.022207	-0.559990	0.000000
-0.619182	0.197519	0.000000
0.661798	0.501733	0.000000
-0.096073	0.757647	0.000000
0.647248	0.524065	0.000000
0.920908	0.527593	0.000000
-0.859867	0.218125	0.000000
-0.213392	-0.721421	0.000000
0.255166	-0.392321	0.000000
0.107250	-0.354195	0.000000
0.480597	-0.530740	0.000000
-0.401377	-0.246353	0.000000
-0.270399	-0.147704	0.000000
0.363491	-0.359487	0.000000
0.832291	0.541479	0.000000
0.572796	-0.464786	0.000000
-0.438834	0.150542	0.000000
-0.469493	0.371080	0.000000
-0.248341	-0.799946	0.000000
0.574438	0.719788	0.000000
0.510506	0.309187	0.000000
-0.359964	-0.796267	0.000000
-0.113502	-0.662831	0.000000
0.982067	0.749324	0.000000
-0.120698	0.693771	0.000000
-0.576967	0.235198	0.000000
0.788041	0.796135	0.000000
-0.610315	0.740885	0.000000
-0.314836	-0.667380	0.000000
-0.281428	0.679423	0.000000
0.930219	0.749386	0.000000
-0.502455	0.138207	0.000000
0.763510	-0.669240	0.000000
-0.034212	0.129563	0.000000
-0.415950	0.196820	0.000000
0.613844	0.509192	0.000000
0.318796	0.446564	0.000000
-0.531624	0.522766	0.000000
0.355646	0.330677	0.000000
0.622386	0.690725	0.000000
0.807659	0.525316	0.000000
-0.907118	0.929117	0.000000
0.478794	0.029900	0.000000
-0.577841	-0.594991	0.000000
0.571709	0.660928	0.000000
0.724719	0.664111	0.000000
-0.633438	0.452419	0.000000
-0.599498	-0.726525	0.000000
-0.262194	-0.443899	0.000000
-0.095711	-0.241723	0.000000
0.886750	0.699663	0.000000
0.553154	-0.627125	0.000000
-0.123282	-0.150782	0.000000
-0.262102	-0.464426	0.000000
0.487481	0.234180	0.000000
0.718298	0.802080	0.000000
-0.536564	-0.391499	0.000000
-0.406379	0.476380	0.000000
0.942747	0.756859	0.000000
-0.405909	-0.321791	0.000000
-0.158172	-0.294879	0.000000
0.261075	0.670552	0.000000
-0.545823	0.599921	0.000000
0.497226	0.054514	0.000000
-0.523410	0.717397	0.000000
-0.741464	0.241701	0.000000
-0.097379	0.575495	0.000000
-0.628344	0.161953	0.000000
0.370890	-0.473106	0.000000
0.261412	0.204357	0.000000
-0.285645	-0.673349	0.000000
-0.491514	0.764999	0.000000
0.460339	-0.151042	0.000000
-0.079682	0.122647	0.000000
0.419765	0.289090	0.000000
-0.031727	0.144686	0.000000
0.667776	-0.652061	0.000000
-0.324331	-0.503684	0.000000
-0.878523	0.797128	0.000000
0.099141	0.531377	0.000000
0.766928	0.786574	0.000000
-0.510471	0.338127	0.000000
-0.530260	0.374601	0.000000
0.348523	0.561496	0.000000
-0.807944	0.534182	0.000000
-0.923050	0.364620	0.000000
-0.898776	0.926942	0.000000
-0.777187	0.232693	0.000000
0.283778	0.980385	0.000000
0.649347	0.438981	0.000000
0.830009	0.598790	0.000000
-0.485529	0.363127	0.000000
0.543247	0.514781	0.000000
0.370603	0.074067	0.000000
0.422208	-0.079097	0.000000
0.306379	-0.348375	0.000000
0.610720	0.075418	0.000000
0.443967	-0.464877	0.000000
-0.233759	-0.041562	0.000000
0.666768	0.433322	0.000000
0.565597	0.115066	0.000000
0.118804	0.502092	0.000000
0.480102	-0.462159	0.000000
0.109569	-0.190978	0.000000
-0.288976	0.194160	0.000000
-0.070715	-0.228231	0.000000
-0.232061	0.575316	0.000000
0.240459	0.604736	0.000000
0.261616	0.249129	0.000000
-0.225054	-0.554564	0.000000
-0.465051	-0.161356	0.000000
0.889490	0.732845	0.000000
0.173296	0.690727	0.000000
-0.288542	-0.295295	0.000000
0.493060	-0.036047	0.000000
-0.491776	0.690539	0.000000
-0.206518	0.312016	0.000000
0.026154	-0.220222	0.000000
0.246747	-0.353303	0.000000
0.356444	0.340157	0.000000
-0.671987	0.862899	0.000000
-0.330613	-0.679262	0.000000
-0.474636	-0.541963	0.000000
-0.094381	0.777750	0.000000
-0.325829	-0.042611	0.000000
-0.297390	0.079944	0.000000
-0.420229	0.825793	0.000000
0.559213	-0.027189	0.000000
0.161413	0.493342	0.000000
0.834138	0.787889	0.000000
0.653529	0.141258	0.000000
-0.773189	0.366542	0.000000
-0.148770	-0.135255	0.000000
-0.874065	0.267215	0.000000
0.563937	-0.327178	0.000000
0.714435	0.139454	0.000000
0.330659	-0.444124	0.000000
0.140792	0.629012	0.000000
-0.156017	0.500414	0.000000
-0.567393	0.334021	0.000000
-0.668029	0.882241	0.000000
-0.315741	0.231272	0.000000
0.194577	-0.412330	0.000000
-0.309205	-0.391814	0.000000
0.649012	-0.656604	0.000000
0.479042	0.481770	0.000000
0.053907	-0.053728	0.000000
0.349221	-0.201494	0.000000
0.785980	-0.405240	0.000000
0.014138	-0.122435	0.000000
-0.772861	0.916076	0.000000
0.695608	0.367945	0.000000
0.485910	0.469319	0.000000
-0.575956	-0.690534	0.000000
0.590769	0.056230	0.000000
0.181442	-0.215471	0.000000
-0.299841	0.395875	0.000000
0.727922	0.695885	0.000000
-0.363890	-0.295508	0.000000
0.711328	0.378100	0.000000
0.743538	-0.597379	0.000000
0.219523	0.670267	0.000000
-0.756793	0.615024	0.000000
0.481910	-0.623125	0.000000
0.420714	0.152347	0.000000
0.327532	0.388120	0.000000
0.267239	-0.050475	0.000000
-0.723720	0.277547	0.000000
0.288421	0.953560	0.000000
0.409889	-0.577625	0.000000
0.658022	0.304493	0.000000
-0.098317	-0.089830	0.000000
-0.103061	0.204867	0.000000
0.524071	0.677209	0.000000
-0.599687	-0.494369	0.000000
0.252993	0.156725	0.000000
-0.027138	0.590079	0.000000
-0.171505	-0.107097	0.000000
0.575499	0.669611	0.000000
0.560408	0.142380	0.000000
0.419260	-0.005552	0.000000
0.441216	0.319231	0.000000
0.921942	0.599496	0.000000
0.334995	0.990359	0.000000
0.659857	0.155917	0.000000
0.744897	0.640667	0.000000
0.971953	0.775558	0.000000
-0.433324	0.467369	0.000000
0.523067	-0.635922	0.000000
-0.394144	0.544050	0.000000
-0.179257	-0.506276	0.000000
0.499414	0.094999	0.000000
0.006415	0.685460	0.000000
0.643914	0.053752	0.000000
0.965902	0.609715	0.000000
0.606080	-0.511677	0.000000
-0.376665	-0.135160	0.000000
-0.863356	0.463158	0.000000
-0.589589	0.600306	0.000000
0.362834	0.673201	0.000000
0.333656	0.313192	0.000000
-0.109135	-0.574722	0.000000
0.573016	0.768924	0.000000
0.201054	-0.025536	0.000000
-0.822572	0.695277	0.000000
0.660022	-0.011849	0.000000
-0.179794	0.062385	0.000000
0.540568	0.090199	0.000000
-0.232748	-0.773054	0.000000
0.588368	-0.513376	0.000000
-0.720483	0.762204	0.000000
0.517314	0.481773	0.000000
0.212414	0.934624	0.000000
0.300162	-0.352323	0.000000
0.547346	0.708802	0.000000
0.320235	0.219999	0.000000
-0.081136	-0.282799	0.000000
-0.272963	-0.153662	0.000000
-0.090467	0.432578	0.000000
0.666357	0.371252	0.000000
-0.272063	-0.639451	0.000000
-0.473366	-0.047628	0.000000
0.712987	0.485818	0.000000
-0.070018	-0.590859	0.000000
0.727300	0.609104	0.000000
0.033666	0.022721	0.000000
-0.902137	0.684167	0.000000
0.259708	0.959223	0.000000
0.362355	-0.155510	0.000000
0.466685	-0.243472	0.000000
-0.796096	0.737902	0.000000
0.636939	0.713266	0.000000
0.348972	0.860493	0.000000
-0.301016	0.741986	0.000000
-0.848473	0.397965	0.000000
-0.045613	0.366659	0.000000
-0.419997	0.778690	0.000000
-0.648854	0.795374	0.000000
0.533820	-0.095412	0.000000
0.866171	0.686736	0.000000
0.748862	0.835903	0.000000
-0.123790	-0.533012	0.000000
0.273477	0.680400	0.000000
0.269163	0.336167	0.000000
0.318705	0.254772	0.000000
-0.144248	-0.620983	0.000000
0.935189	0.731447	0.000000
0.595920	-0.029640	0.000000
0.261162	0.967446	0.000000
-0.314291	0.405744	0.000000
-0.255622	-0.072496	0.000000
-0.660519	-0.411191	0.000000
0.542757	0.378108	0.000000
-0.359248	0.181207	0.000000
0.567640	0.011573	0.000000
-0.194874	0.750031	0.000000
-0.256357	-0.413713	0.000000
0.734914	0.708673	0.000000
0.059616	0.761692	0.000000
-0.229940	0.728472	0.000000
-0.846498	0.746993	0.000000
0.185770	0.920369	0.000000
0.737093	0.738828	0.000000
-0.419667	-0.795805	0.000000
-0.163532	-0.640699	0.000000
0.803272	0.604578	0.000000
-0.965612	0.724554	0.000000
-0.539302	0.276254	0.000000
-0.565153	0.344334	0.000000
0.727725	0.679130	0.000000
-0.393928	0.552983	0.000000
0.407946	-0.507955	0.000000
0.565960	-0.355626	0.000000
-0.453011	-0.875754	0.000000
0.195578	-0.449030	0.000000
0.359684	0.214214	0.000000
0.223747	0.016361	0.000000
0.198451	0.314397	0.000000
0.051817	-0.380392	0.000000
0.157251	-0.120394	0.000000
0.521024	0.222010	0.000000
-0.208815	0.529596	0.000000
0.681273	-0.375593	0.000000
0.177393	-0.515944	0.000000
0.283552	-0.188801	0.000000
0.626872	0.550428	0.000000
-0.176288	-0.280320	0.000000
0.165900	0.185327	0.000000
-0.478198	-0.077245	0.000000
0.344037	0.142644	0.000000
-0.578939	-0.600743	0.000000
0.813173	0.613136	0.000000
0.887625	0.749384	0.000000
0.558170	0.509257	0.000000
0.508761	-0.020822	0.000000
0.142125	0.819340	0.000000
0.686450	0.506165	0.000000
-0.737212	0.687630	0.000000
0.037890	0.550782	0.000000
-0.908278	0.633793	0.000000
0.291334	-0.226213	0.000000
0.338071	0.668037	0.000000
0.764914	0.271456	0.000000
0.038120	-0.119100	0.000000
0.647402	0.566004	0.000000
0.621888	0.508098	0.000000
-0.609154	0.833847	0.000000
-0.036131	0.487773	0.000000
0.714457	0.379260	0.000000
0.114799	0.330865	0.000000
-0.609550	-0.362205	0.000000
-0.066317	-0.579565	0.000000
-0.168876	0.363092	0.000000
-0.809939	0.674911	0.000000
0.062328	0.559029	0.000000
0.793282	0.690286	0.000000
0.791256	0.433462	0.000000
-0.012965	0.485780	0.000000
0.815090	0.708732	0.000000
0.223482	-0.225461	0.000000
-0.423369	-0.329048	0.000000
0.520424	-0.065255	0.000000
0.877374	0.568931	0.000000
-0.272030	0.364528	0.000000
-0.119814	0.665814	0.000000
-0.639062	0.543246	0.000000
0.170484	0.373804	0.000000
-0.376823	0.332902	0.000000
-0.750264	0.918496	0.000000
0.699678	-0.393739	0.000000
-0.692254	-0.089092	0.000000
-0.042542	0.615593	0.000000
0.607975	0.274336	0.000000
0.485290	0.443549	0.000000
0.220686	0.736210	0.000000
-0.622485	-0.764085	0.000000
0.282569	0.576350	0.000000
0.648782	0.538489	0.000000
-0.732965	0.560627	0.000000
0.330480	0.470892	0.000000
0.166941	0.794229	0.000000
-0.177507	0.674111	0.000000
-0.091959	0.067512	0.000000
-0.609926	0.431541	0.000000
0.602723	0.698520	0.000000
0.562008	0.628084	0.000000
0.622996	0.729127	0.000000
0.032972	-0.080587	0.000000
-0.578794	0.356372	0.000000
0.661289	0.103679	0.000000
0.615873	-0.370977	0.000000
0.646181	0.151004	0.000000
-0.440021	0.733773	0.000000
0.185066	0.624773	0.000000
-0.571964	0.519668	0.000000
-0.036215	-0.007312	0.000000
0.106145	0.756385	0.000000
-0.712219	0.139356	0.000000
-0.654962	0.416302	0.000000
-0.558601	-0.565558	0.000000
0.780000	0.572224	0.000000
0.718963	0.751368	0.000000
0.417186	0.790078	0.000000
-0.380621	0.321767	0.000000
0.442429	0.679105	0.000000
-0.832620	0.766397	0.000000
0.852710	0.422120	0.000000
0.346722	0.542478	0.000000
-0.016793	0.519623	0.000000
0.689458	0.268962	0.000000
0.781374	0.758832	0.000000
-0.254514	0.399955	0.000000
0.292153	0.903099	0.000000
0.179617	0.033478	0.000000
0.093718	0.814565	0.000000
-0.651772	0.543657	0.000000
0.096022	0.136466	0.000000
-0.214856	0.417277	0.000000
-0.544302	-0.088718	0.000000
0.791940	-0.668485	0.000000
0.393669	0.111864	0.000000
0.248639	-0.354229	0.000000
-0.309799	-0.762816	0.000000
-0.682148	0.860619	0.000000
0.299452	0.085755	0.000000
-0.470715	0.759417	0.000000
0.396547	0.300461	0.000000
-0.368066	0.292433	0.000000
0.795909	-0.500048	0.000000
0.631161	-0.420878	0.000000
0.023946	0.505106	0.000000
0.152410	0.040817	0.000000
-0.187792	0.509478	0.000000
0.506267	0.262605	0.000000
-0.427844	0.480991	0.000000
-0.186786	0.305524	0.000000
0.186264	0.717193	0.000000
0.233711	0.238777	0.000000
0.973258	0.789699	0.000000
0.578205	-0.045311	0.000000
0.412659	0.067291	0.000000
-0.059553	-0.343105	0.000000
0.511667	0.538382	0.000000
-0.644649	-0.551390	0.000000
-0.427170	0.559255	0.000000
-0.567988	-0.291872	0.000000
-0.067260	-0.611432	0.000000
0.250579	0.080853	0.000000
0.319557	-0.510564	0.000000
0.085935	-0.034861	0.000000
-0.328905	-0.440309	0.000000
-0.534002	-0.961769	0.000000
-0.195362	0.357411	0.000000
0.740118	-0.432416	0.000000
-0.641253	0.372359	0.000000
0.361473	0.413632	0.000000
0.480514	0.223233	0.000000
-0.448150	-0.723228	0.000000
-0.992887	0.772447	0.000000
0.750765	0.461606	0.000000
-0.273101	-0.766067	0.000000
0.664227	-0.448661	0.000000
-0.354614	0.544701	0.000000
0.141911	0.021618	0.000000
-0.576358	-0.476467	0.000000
0.302807	0.126045	0.000000
0.610219	0.424349	0.000000
-0.244953	-0.626753	0.000000
0.668359	0.619015	0.000000
0.478326	0.459845	0.000000
-0.518052	0.871891	0.000000
0.913210	0.555270	0.000000
-0.230302	0.050012	0.000000
-0.960469	0.684551	0.000000
-0.499056	-0.838968	0.000000
0.545389	0.500487	0.000000
-0.422703	-0.534537	0.000000
-0.193283	0.245028	0.000000
-0.272615	-0.735261	0.000000
0.877029	0.813658	0.000000
0.851197	0.566353	0.000000
0.357412	0.109192	0.000000
0.167280	0.520968	0.000000
0.441755	-0.658397	0.000000
-0.224869	-0.706911	0.000000
0.527345	0.435897	0.000000
-0.576129	0.825104	0.000000
0.140412	-0.038803	0.000000
0.614729	0.177436	0.000000
0.348119	-0.336168	0.000000
0.320350	-0.286068	0.000000
-0.609712	-0.659337	0.000000
-0.489596	0.735770	0.000000
0.446323	0.254510	0.000000
-0.694295	0.059617	0.000000
0.248191	-0.118468	0.000000
0.061233	-0.171466	0.000000
0.473961	0.059084	0.000000
0.864946	0.578317	0.000000
-0.354866	0.504465	0.000000
0.298733	0.960955	0.000000
-0.372264	0.515254	0.000000
0.031749	-0.073704	0.000000
0.233850	0.696016	0.000000
0.550857	-0.481882	0.000000
-0.409230	-0.748236	0.000000
0.806312	0.627017	0.000000
0.806932	-0.491499	0.000000
0.388879	0.079596	0.000000
0.720125	0.353670	0.000000
0.444502	-0.017993	0.000000
-0.679732	0.807356	0.000000
-0.279089	-0.588237	0.000000
-0.567368	0.395547	0.000000
0.503611	0.096090	0.000000
-0.293634	-0.595941	0.000000
-0.508564	0.366890	0.000000
0.723132	0.761797	0.000000
-0.325097	-0.187174	0.000000
-0.506215	0.758183	0.000000
0.387088	-0.265261	0.000000
0.405374	0.098010	0.000000
0.442342	-0.659759	0.000000
-0.390316	0.543133	0.000000
0.314965	0.924812	0.000000
0.434624	0.026379	0.000000
-0.261968	0.628046	0.000000
0.807395	-0.459695	0.000000
-0.678617	0.163717	0.000000
0.439726	0.784022	0.000000
0.938361	0.786632	0.000000
-0.566649	0.818280	0.000000
0.531211	-0.039272	0.000000
-0.540420	0.813945	0.000000
-0.177122	0.579251	0.000000
-0.986421	0.857359	0.000000
0.645587	-0.657096	0.000000
0.296801	-0.256246	0.000000
-0.728366	-0.185492	0.000000
-0.331273	0.466086	0.000000
-0.500722	0.229410	0.000000
0.618755	-0.441625	0.000000
0.488802	0.160043	0.000000
0.067086	-0.431473	0.000000
-0.626738	0.056858	0.000000
-0.060449	-0.285071	0.000000
0.422287	0.763334	0.000000
0.004524	0.003818	0.000000
-0.372553	0.300107	0.000000
-0.868333	0.862431	0.000000
0.341205	0.923688	0.000000
0.471744	0.015106	0.000000
0.302060	0.608534	0.000000
0.320924	-0.158307	0.000000
0.714008	0.420860	0.000000
-0.043146	-0.016129	0.000000
0.124943	0.428858	0.000000
-0.571894	0.825276	0.000000
0.049558	0.357103	0.000000
0.406942	-0.316510	0.000000
-0.101374	0.418949	0.000000
0.126066	0.620305	0.000000
-0.835575	0.426211	0.000000
-0.759395	0.414910	0.000000
0.838123	0.318372	0.000000
-0.193697	0.559374	0.000000
0.408623	-0.036628	0.000000
0.091130	0.780145	0.000000
0.567791	0.420419	0.000000
0.537037	0.558059	0.000000
-0.901324	0.735157	0.000000
0.700433	0.322709	0.000000
0.505371	-0.096490	0.000000
-0.166416	-0.239616	0.000000
0.104239	0.708530	0.000000
0.531142	0.726147	0.000000
0.595022	-0.690601	0.000000
0.748169	0.703271	0.000000
0.527303	0.262250	0.000000
0.386046	0.169414	0.000000
0.474025	-0.667695	0.000000
0.276511	0.645875	0.000000
0.765057	0.737108	0.000000
0.575684	0.121010	0.000000
0.457627	-0.594284	0.000000
0.615909	-0.352306	0.000000
0.611019	0.618070	0.000000
0.790267	0.749091	0.000000
0.799923	0.649408	0.000000
-0.753873	0.339560	0.000000
0.435276	-0.077458	0.000000
-0.902670	0.711597	0.000000
-0.072497	0.527852	0.000000
0.380602	0.507980	0.000000
0.855596	0.689518	0.000000
-0.063523	-0.321501	0.000000
-0.686664	0.296524	0.000000
-0.645406	-0.656467	0.000000
0.569954	-0.355200	0.000000
-0.456763	0.692802	0.000000
0.480945	0.754560	0.000000
0.395561	0.239409	0.000000
0.058636	0.822597	0.000000
0.037396	0.716555	0.000000
0.133100	0.368911	0.000000
0.596149	-0.686127	0.000000
-0.231903	0.534940	0.000000
0.825296	0.424694	0.000000
0.626406	-0.332641	0.000000
0.435436	-0.402359	0.000000
0.042398	0.699958	0.000000
0.336649	0.187678	0.000000
0.037039	-0.064153	0.000000
0.299581	-0.187668	0.000000
0.496635	0.497322	0.000000
0.330341	-0.136200	0.000000
-0.793051	0.407017	0.000000
0.540800	0.081979	0.000000
0.142551	0.428041	0.000000
0.703756	0.791626	0.000000
-0.521198	0.614156	0.000000
-0.903354	0.503916	0.000000
-0.480184	-0.477646	0.000000
0.469505	-0.182914	0.000000
-0.982917	0.761543	0.000000
-0.105632	-0.099110	0.000000
0.675281	0.487682	0.000000
-0.353639	-0.113601	0.000000
0.769818	-0.441078	0.000000
0.971685	0.756035	0.000000
0.563457	0.706500	0.000000
-0.392943	0.030657	0.000000
-0.356783	0.032904	0.000000
0.430813	0.279781	0.000000
0.634743	0.536936	0.000000
0.619657	0.369315	0.000000
0.452003	-0.607278	0.000000
-0.637612	0.560774	0.000000
0.402124	0.463231	0.000000
0.111920	0.298433	0.000000
0.889356	0.840990	0.000000
0.798965	0.695678	0.000000
0.603671	0.431745	0.000000
-0.288533	0.421407	0.000000
0.357588	-0.466729	0.000000
-0.802287	0.632538	0.000000
0.780928	0.372409	0.000000
-0.344115	0.704855	0.000000
-0.250848	-0.150812	0.000000
-0.654310	0.660507	0.000000
0.196520	0.132265	0.000000
-0.846296	0.754439	0.000000
0.451853	0.710318	0.000000
0.697263	0.125855	0.000000
0.810014	-0.590456	0.000000
0.711760	0.220330	0.000000
0.610052	0.163987	0.000000
-0.691165	0.173915	0.000000
0.136282	-0.101035	0.000000
-0.704957	0.709825	0.000000
-0.590177	0.470265	0.000000
-0.281903	-0.133954	0.000000
-0.507212	0.384114	0.000000
-0.066108	-0.084132	0.000000
0.217438	0.918902	0.000000
0.350125	0.769480	0.000000
-0.181710	-0.051651	0.000000
-0.275546	-0.377376	0.000000
0.445103	-0.226878	0.000000
-0.025379	0.150615	0.000000
-0.149997	0.027982	0.000000
0.183114	-0.032406	0.000000
0.215326	0.935376	0.000000
0.344184	-0.138738	0.000000
-0.551754	0.725311	0.000000
0.517406	-0.416408	0.000000
0.421655	0.749425	0.000000
-0.000184	0.755597	0.000000
-0.841038	0.797567	0.000000
0.218245	0.764398	0.000000
0.679231	0.008606	0.000000
0.605686	0.516290	0.000000
-0.001089	0.824388	0.000000
0.589757	0.612089	0.000000
-0.146341	0.380777	0.000000
0.881729	0.570303	0.000000
0.794291	-0.434491	0.000000
-0.956461	0.862586	0.000000
0.517802	0.174724	0.000000
0.368825	0.573312	0.000000
-0.017950	0.394922	0.000000
-0.059266	-0.094848	0.000000
0.611887	0.483569	0.000000
0.283566	0.580539	0.000000
0.290458	0.150295	0.000000
-0.988383	0.893368	0.000000
-0.151222	0.525809	0.000000
0.970391	0.702340	0.000000
0.803836	0.291707	0.000000
-0.232430	0.729934	0.000000
0.728242	0.367722	0.000000
0.606449	0.292813	0.000000
-0.218372	-0.725781	0.000000
0.748867	0.650556	0.000000
-0.560027	-0.123960	0.000000
-0.222094	0.700745	0.000000
0.284011	0.543351	0.000000
0.719777	0.259165	0.000000
-0.091626	-0.368519	0.000000
-0.442019	-0.309638	0.000000
-0.042497	-0.089582	0.000000
-0.192257	-0.157911	0.000000
-0.090509	-0.397224	0.000000
0.219062	-0.397193	0.000000
0.485249	0.230538	0.000000
-0.055996	0.018138	0.000000
0.539448	0.595677	0.000000
-0.392547	0.180011	0.000000
0.678237	-0.368470	0.000000
0.598050	0.512215	0.000000
0.728744	0.414469	0.000000
-0.125301	0.628184	0.000000
-0.772412	0.354272	0.000000
-0.005767	0.522156	0.000000
0.232740	-0.194121	0.000000
0.715441	-0.645867	0.000000
-0.277517	0.453333	0.000000
0.633079	0.779475	0.000000
-0.284258	-0.393577	0.000000
-0.511468	0.265121	0.000000
0.844224	0.578412	0.000000
0.201992	-0.119458	0.000000
0.278615	0.453748	0.000000
0.761745	-0.463670	0.000000
-0.273983	0.057729	0.000000
-0.321800	0.540462	0.000000
-0.714957	-0.040494	0.000000
0.254193	-0.324358	0.000000
0.165032	-0.366076	0.000000
0.117187	0.338732	0.000000
0.036708	0.820230	0.000000
-0.267953	-0.162139	0.000000
-0.151360	-0.508019	0.000000
0.977708	0.685842	0.000000
-0.339552	0.789871	0.000000
-0.072588	-0.333861	0.000000
0.010564	-0.360497	0.000000
0.270113	0.280447	0.000000
0.596928	0.713873	0.000000
-0.591138	-0.755187	0.000000
-0.270046	-0.324835	0.000000
-0.056024	0.461549	0.000000
0.107747	-0.137080	0.000000
0.461339	-0.119262	0.000000
-0.389566	0.736923	0.000000
0.860123	0.668078	0.000000
-0.463789	-0.403829	0.000000
-0.654261	0.530042	0.000000
-0.351735	0.757148	0.000000
-0.914482	0.545022	0.000000
0.180101	0.415190	0.000000
-0.228518	-0.723880	0.000000
-0.377589	-0.560192	0.000000
0.720099	-0.526608	0.000000
-0.308680	-0.100756	0.000000
-0.215343	-0.228909	0.000000
0.349959	-0.182110	0.000000
-0.435202	-0.060380	0.000000
-0.258923	-0.390234	0.000000
0.429139	0.108894	0.000000
0.851270	0.565860	0.000000
-0.262510	0.394060	0.000000
-0.826173	0.882065	0.000000
0.418849	0.581798	0.000000
-0.320880	-0.295973	0.000000
0.392358	0.177719	0.000000
0.621364	0.821776	0.000000
-0.610554	-0.655771	0.000000
0.120778	0.301920	0.000000
-0.726682	0.123572	0.000000
0.446804	0.646393	0.000000
0.414501	-0.141433	0.000000
0.520074	0.130938	0.000000
0.267419	0.191803	0.000000
0.169795	0.642006	0.000000
0.253132	0.422396	0.000000
0.641352	0.660635	0.000000
-0.620690	0.689307	0.000000
-0.550080	-0.692009	0.000000
-0.919170	0.620836	0.000000
-0.524025	0.553821	0.000000
0.645272	-0.565174	0.000000
0.136818	0.579615	0.000000
0.694958	-0.682497	0.000000
-0.488620	-0.554863	0.000000
0.386305	0.407801	0.000000
0.510442	0.709585	0.000000
0.435444	0.311119	0.000000
0.513456	0.549991	0.000000
-0.699606	0.468921	0.000000
0.411062	0.107570	0.000000
-0.254604	0.535966	0.000000
0.787467	0.688725	0.000000
0.387295	0.343640	0.000000
0.543572	0.137725	0.000000
0.135891	-0.184624	0.000000
0.495946	0.280627	0.000000
-0.864432	0.927318	0.000000
0.790427	0.719250	0.000000
0.632743	0.591434	0.000000
0.678510	0.827181	0.000000
0.714168	-0.410821	0.000000
-0.507558	0.565567	0.000000
0.977443	0.702417	0.000000
0.344049	-0.216327	0.000000
0.652501	-0.371920	0.000000
0.585752	0.143747	0.000000
-0.767790	0.764173	0.000000
-0.260322	0.331215	0.000000
0.323051	-0.027114	0.000000
-0.018345	0.477685	0.000000
0.436638	0.061891	0.000000
-0.622387	0.810730	0.000000
0.347226	0.208426	0.000000
0.119140	0.264790	0.000000
-0.787364	0.461592	0.000000
0.805901	0.377624	0.000000
-0.130219	0.617967	0.000000
-0.122031	0.569643	0.000000
0.449967	-0.088280	0.000000
0.332885	-0.014389	0.000000
-0.555219	0.576062	0.000000
0.472928	-0.123589	0.000000
0.455277	0.201717	0.000000
0.771159	0.800839	0.000000
0.792670	-0.390848	0.000000
0.068418	-0.425728	0.000000
-0.379448	0.627339	0.000000
0.366638	0.617836	0.000000
0.217347	-0.321791	0.000000
0.738182	0.201416	0.000000
0.101365	0.434197	0.000000
0.612264	-0.654220	0.000000
-0.019384	-0.094790	0.000000
-0.323670	-0.049955	0.000000
0.664915	-0.015951	0.000000
-0.899585	0.794969	0.000000
0.556010	0.209917	0.000000
-0.730844	0.342617	0.000000
-0.497835	-0.400324	0.000000
-0.805086	0.715726	0.000000
-0.851818	0.354556	0.000000
0.523420	0.506947	0.000000
0.557048	0.196751	0.000000
0.213196	-0.448459	0.000000
0.151159	0.638678	0.000000
0.606531	0.485561	0.000000
-0.515182	-0.509103	0.000000
-0.292162	-0.252814	0.000000
0.949243	0.826221	0.000000
0.790709	0.439136	0.000000
-0.301119	-0.137138	0.000000
0.704764	0.388204	0.000000
-0.267028	0.680739	0.000000
0.646062	0.576720	0.000000
0.548251	0.588597	0.000000
0.290482	0.080464	0.000000
-0.494686	-0.174412	0.000000
-0.502713	0.292036	0.000000
-0.644209	0.828152	0.000000
0.024990	0.105504	0.000000
0.538565	-0.626475	0.000000
0.241588	0.713462	0.000000
0.587220	-0.481227	0.000000
-0.351872	-0.517239	0.000000
-0.401635	-0.703303	0.000000
-0.435429	0.199720	0.000000
0.438399	0.080836	0.000000
0.132036	0.743692	0.000000
-0.204600	-0.297128	0.000000
-0.534764	0.384164	0.000000
0.064205	-0.352772	0.000000
0.236323	0.210125	0.000000
-0.686198	0.879300	0.000000
-0.441245	0.586133	0.000000
0.177886	0.574749	0.000000
0.709908	0.495492	0.000000
0.105565	0.360541	0.000000
-0.596141	-0.886605	0.000000
0.580840	-0.341470	0.000000
0.135756	0.608608	0.000000
0.365632	0.242470	0.000000
-0.106229	0.015792	0.000000
-0.138674	0.017091	0.000000
0.407502	0.083528	0.000000
-0.824744	0.446957	0.000000
0.782480	0.517467	0.000000
-0.111270	0.313894	0.000000
-0.606884	-0.181944	0.000000
0.518763	0.197650	0.000000
-0.800739	0.831459	0.000000
0.287060	-0.187176	0.000000
0.595728	0.821083	0.000000
0.550077	0.447079	0.000000
-0.270349	0.310391	0.000000
0.715981	-0.470427	0.000000
0.283877	0.174856	0.000000
-0.854674	0.372694	0.000000
0.299730	0.675871	0.000000
-0.355167	-0.133690	0.000000
-0.696378	0.258659	0.000000
0.424399	0.416537	0.000000
0.218519	0.909779	0.000000
0.461784	-0.074169	0.000000
-0.560982	0.659944	0.000000
-0.222250	-0.728225	0.000000
0.712355	0.423594	0.000000
-0.683664	-0.297799	0.000000
0.041962	0.372866	0.000000
-0.756600	0.926778	0.000000
0.453615	-0.632175	0.000000
-0.651932	0.112064	0.000000
-0.355901	0.020806	0.000000
-0.267692	0.228183	0.000000
0.200538	0.627216	0.000000
-0.269732	-0.548546	0.000000
0.773796	0.473647	0.000000
-0.225670	0.644552	0.000000
0.625813	-0.504757	0.000000
0.720837	0.364649	0.000000
-0.102523	-0.331828	0.000000
-0.621451	0.108897	0.000000
-0.279271	0.156588	0.000000
-0.417350	0.616170	0.000000
0.549560	0.107722	0.000000
0.895382	0.472802	0.000000
-0.254717	0.651806	0.000000
-0.435772	-0.913312	0.000000
0.297870	0.326399	0.000000
0.637039	-0.349178	0.000000
0.630636	0.655499	0.000000
0.330579	0.076389	0.000000
0.690384	-0.621285	0.000000
0.985986	0.625134	0.000000
0.252041	-0.094124	0.000000
0.188172	-0.173207	0.000000
0.378989	0.059070	0.000000
0.662457	-0.491959	0.000000
0.409600	0.599110	0.000000
0.428435	0.173650	0.000000
-0.319641	-0.016870	0.000000
0.643343	-0.647887	0.000000
0.457537	0.063120	0.000000
0.694378	0.428035	0.000000
0.306533	0.167288	0.000000
-0.359722	-0.496411	0.000000
0.322045	0.586014	0.000000
-0.015385	-0.483354	0.000000
0.351019	0.110003	0.000000
0.173806	0.666619	0.000000
-0.496759	-0.172209	0.000000
0.843164	0.314583	0.000000
-0.226455	0.189515	0.000000
-0.094510	-0.071877	0.000000
-0.080078	-0.513864	0.000000
-0.621471	-0.866045	0.000000
-0.377406	-0.538674	0.000000
0.383694	0.188567	0.000000
-0.056468	-0.097268	0.000000
0.375387	-0.524745	0.000000
0.435510	0.651908	0.000000
0.429956	0.708071	0.000000
-0.386174	-0.529812	0.000000
-0.629451	0.726094	0.000000
0.517178	0.417307	0.000000
0.290315	0.115196	0.000000
0.235296	-0.042786	0.000000
0.385149	0.629528	0.000000
0.546709	0.571307	0.000000
-0.111147	0.083205	0.000000
0.577965	-0.683155	0.000000
0.772959	0.279922	0.000000
0.312996	0.519674	0.000000
-0.684134	-0.386256	0.000000
0.212141	-0.466045	0.000000
0.043109	-0.062556	0.000000
0.235781	0.222225	0.000000
0.363754	0.577026	0.000000
-0.395802	0.819534	0.000000
-0.274001	-0.579779	0.000000
0.345708	-0.310956	0.000000
-0.696421	0.635291	0.000000
0.539068	0.542678	0.000000
0.069183	0.334767	0.000000
-0.829739	0.955122	0.000000
0.808913	-0.625828	0.000000
0.352783	-0.248401	0.000000
-0.109639	-0.615339	0.000000
-0.529105	-0.475260	0.000000
0.339474	-0.114407	0.000000
-0.571243	0.617913	0.000000
0.325754	0.954324	0.000000
0.597942	0.482736	0.000000
0.622564	0.189481	0.000000
0.953438	0.685857	0.000000
0.329340	-0.036410	0.000000
0.816246	0.536371	0.000000
0.826256	0.399108	0.000000
-0.085433	-0.338075	0.000000
0.334326	0.426704	0.000000
-0.753183	0.053107	0.000000
0.251426	0.084777	0.000000
0.766073	0.761299	0.000000
-0.256469	-0.468841	0.000000
0.607424	-0.415466	0.000000
0.790397	0.855359	0.000000
0.800887	0.542623	0.000000
0.684715	0.195291	0.000000
-0.371270	-0.628018	0.000000
0.468144	0.560979	0.000000
0.288371	0.776673	0.000000
0.763740	0.711231	0.000000
0.664108	0.183235	0.000000
0.791974	-0.551816	0.000000
0.426188	-0.323979	0.000000
-0.429711	0.332242	0.000000
-0.329113	0.233656	0.000000
0.005598	0.470097	0.000000
-0.076882	-0.118714	0.000000
0.847831	0.389613	0.000000
-0.133057	0.529683	0.000000
0.608066	0.612500	0.000000
0.662235	0.703708	0.000000
0.021381	0.624744	0.000000
0.502368	0.220720	0.000000
0.191876	-0.352382	0.000000
0.362935	0.542855	0.000000
-0.469908	0.864225	0.000000
-0.609719	0.371333	0.000000
-0.796874	0.771527	0.000000
-0.075223	-0.134184	0.000000
-0.365530	0.551968	0.000000
-0.511279	-0.421255	0.000000
-0.625482	0.459677	0.000000
0.796290	0.420195	0.000000
-0.326946	-0.167452	0.000000
0.894487	0.609795	0.000000
-0.342392	0.777721	0.000000
0.573648	0.012659	0.000000
0.690638	0.009483	0.000000
-0.331727	-0.334504	0.000000
-0.837102	0.646640	0.000000
0.330141	-0.365488	0.000000
-0.972246	0.585039	0.000000
0.122649	-0.021124	0.000000
0.641925	-0.595553	0.000000
-0.775803	0.016376	0.000000
0.102703	0.353064	0.000000
-0.176334	-0.560265	0.000000
0.571726	0.427771	0.000000
-0.319852	-0.324712	0.000000
0.299771	0.653243	0.000000
-0.424548	0.241886	0.000000
0.554219	0.257769	0.000000
0.049163	0.311778	0.000000
0.267831	-0.234109	0.000000
-0.253305	0.021292	0.000000
0.208727	-0.136046	0.000000
-0.777846	0.784100	0.000000
0.764407	0.310344	0.000000
0.715840	0.655304	0.000000
0.069268	0.713706	0.000000
-0.344002	-0.176356	0.000000
-0.583154	0.080949	0.000000
-0.201445	-0.044234	0.000000
-0.974481	0.832551	0.000000
0.418661	0.240887	0.000000
0.452915	0.173369	0.000000
0.181729	-0.218814	0.000000
0.144414	0.427020	0.000000
0.878790	0.384323	0.000000
0.805082	0.445725	0.000000
-0.734390	0.839614	0.000000
-0.543060	0.294703	0.000000
0.676965	0.344926	0.000000
-0.124153	0.383532	0.000000
0.117475	-0.178217	0.000000
-0.660390	0.797769	0.000000
-0.632141	0.664869	0.000000
-0.283442	0.324020	0.000000
-0.470149	-0.615628	0.000000
0.183517	-0.089774	0.000000
-0.608765	-0.396732	0.000000
0.816828	0.630844	0.000000
0.326272	0.632735	0.000000
0.333955	0.983873	0.000000
0.723328	0.098118	0.000000
0.321615	0.888114	0.000000
-0.094619	0.173202	0.000000
0.422870	-0.514890	0.000000
0.075686	-0.116528	0.000000
-0.008541	-0.063362	0.000000
-0.122669	0.384949	0.000000
0.562678	-0.704026	0.000000
-0.283212	-0.297716	0.000000
0.067043	-0.175914	0.000000
0.145026	0.697550	0.000000
-0.329387	0.393352	0.000000
-0.615118	0.696984	0.000000
0.880374	0.653336	0.000000
0.018125	0.319876	0.000000
-0.043865	0.355029	0.000000
-0.608429	0.528200	0.000000
0.175660	-0.325348	0.000000
0.593980	0.729706	0.000000
-0.209227	-0.186973	0.000000
-0.134037	0.748708	0.000000
0.154389	-0.348982	0.000000
-0.961201	0.802561	0.000000
-0.465008	-0.438030	0.000000
0.366245	-0.530814	0.000000
0.676620	-0.555091	0.000000
0.487018	0.472151	0.000000
0.436285	-0.157695	0.000000
-0.764709	0.791520	0.000000
0.939350	0.771974	0.000000
0.347440	0.642501	0.000000
-0.119660	0.426458	0.000000
0.760548	-0.637824	0.000000
0.836806	0.552119	0.000000
-0.006944	0.646580	0.000000
0.160141	0.444422	0.000000
-0.861899	0.373792	0.000000
0.323089	-0.341793	0.000000
-0.802226	0.583869	0.000000
-0.928886	0.759914	0.000000
0.309700	0.155533	0.000000
0.598861	0.628699	0.000000
0.273756	0.218001	0.000000
0.581121	0.062883	0.000000
0.542618	0.570826	0.000000
0.481201	0.258507	0.000000
0.281597	0.544117	0.000000
-0.160245	0.448805	0.000000
-0.080737	0.538371	0.000000
0.590051	0.279397	0.000000
0.612315	-0.001654	0.000000
0.008175	-0.197470	0.000000
0.916735	0.499104	0.000000
-0.082831	-0.206998	0.000000
-0.405378	0.435309	0.000000
0.785397	-0.650478	0.000000
0.870507	0.484992	0.000000
-0.706776	0.607716	0.000000
-0.161752	-0.637532	0.000000
-0.644578	-0.364094	0.000000
0.506209	0.650239	0.000000
0.017925	0.754989	0.000000
-0.344215	-0.269769	0.000000
0.143091	0.646828	0.000000
-0.362454	-0.176061	0.000000
-0.415572	-0.457178	0.000000
0.339483	-0.380074	0.000000
0.463878	0.445989	0.000000
-0.213402	-0.640237	0.000000
-0.097158	0.201272	0.000000
-0.255471	-0.141340	0.000000
0.440986	0.065010	0.000000
-0.058876	0.027551	0.000000
0.322542	0.536470	0.000000
-0.410149	0.827359	0.000000
0.654202	0.443260	0.000000
-0.127953	0.385282	0.000000
-0.047928	-0.319859	0.000000
0.412396	0.049712	0.000000
-0.083842	0.407985	0.000000
-0.306249	0.534242	0.000000
0.701944	-0.353525	0.000000
0.217451	0.650159	0.000000
-0.644963	0.844811	0.000000
0.703083	0.804662	0.000000
0.538089	0.012584	0.000000
0.747092	0.488065	0.000000
0.578195	0.122911	0.000000
0.399395	0.029480	0.000000
-0.076908	-0.591752	0.000000
0.016664	0.724980	0.000000
-0.186477	-0.589190	0.000000
0.418797	-0.115663	0.000000
0.751060	0.263752	0.000000
0.445990	0.181204	0.000000
-0.894801	0.814292	0.000000
-0.234560	-0.092153	0.000000
0.319640	-0.138096	0.000000
-0.104073	0.445210	0.000000
0.093661	0.580441	0.000000
0.042365	-0.105387	0.000000
-0.164619	0.587923	0.000000
-0.355144	0.644578	0.000000
-0.370850	0.419701	0.000000
0.689233	0.000040	0.000000
-0.655260	-0.151221	0.000000
-0.265204	0.647011	0.000000
-0.175773	0.311659	0.000000
0.061692	0.774701	0.000000
0.850338	0.732962	0.000000
-0.208514	-0.696813	0.000000
-0.271578	0.140145	0.000000
-0.765112	0.737109	0.000000
-0.478054	0.832239	0.000000
-0.624610	-0.527984	0.000000
-0.805897	0.926872	0.000000
0.137347	0.717757	0.000000
-0.239998	-0.152807	0.000000
0.687868	0.788034	0.000000
0.323390	0.192122	0.000000
-0.461365	-0.793915	0.000000
0.688020	0.807350	0.000000
-0.580869	-0.718284	0.000000
-0.058966	0.446685	0.000000
-0.155801	-0.617667	0.000000
0.193803	-0.441743	0.000000
-0.161002	-0.399635	0.000000
-0.727903	0.852200	0.000000
-0.514740	-0.953842	0.000000
0.919432	0.550875	0.000000
-0.270345	-0.770443	0.000000
-0.346166	-0.751079	0.000000
-0.034764	-0.099294	0.000000
-0.146714	-0.077743	0.000000
-0.612850	0.723901	0.000000
-0.390233	0.175542	0.000000
0.186436	0.736017	0.000000
-0.140376	0.111480	0.000000
-0.557622	0.740601	0.000000
-0.102711	0.141934	0.000000
0.664702	0.596423	0.000000
0.866924	0.769039	0.000000
-0.271055	0.077368	0.000000
-0.047613	0.614230	0.000000
-0.398728	0.441499	0.000000
-0.366659	0.245052	0.000000
-0.673779	0.153115	0.000000
-0.838880	0.554151	0.000000
0.667289	0.297717	0.000000
0.773813	0.468593	0.000000
-0.278316	-0.408812	0.000000
-0.434265	-0.524436	0.000000
-0.438108	0.439756	0.000000
0.418491	0.727352	0.000000
-0.359116	0.623020	0.000000
-0.549634	-0.653302	0.000000
0.630690	-0.040622	0.000000
-0.261444	-0.204914	0.000000
-0.272848	-0.352185	0.000000
0.616083	0.078784	0.000000
-0.743074	0.462957	0.000000
0.439976	0.129566	0.000000
-0.535645	0.770928	0.000000
0.304138	-0.217717	0.000000
0.172418	0.637695	0.000000
0.348247	0.076440	0.000000
0.776020	0.343766	0.000000
0.084035	0.191349	0.000000
-0.556921	0.810976	0.000000
0.460309	-0.439442	0.000000
-0.676703	-0.643436	0.000000
-0.063146	0.193385	0.000000
0.660173	0.698629	0.000000
-0.024334	-0.363606	0.000000
-0.368393	0.411734	0.000000
0.277432	0.355982	0.000000
-0.417245	0.757888	0.000000
0.341363	-0.227818	0.000000
-0.450684	0.832290	0.000000
-0.510260	-0.878585	0.000000
-0.421162	0.537904	0.000000
-0.623558	0.409824	0.000000
0.777762	-0.549907	0.000000
0.813939	0.498654	0.000000
0.026577	-0.495729	0.000000
0.580827	0.109113	0.000000
0.859361	0.427772	0.000000
0.641142	0.127624	0.000000
-0.638553	-0.400695	0.000000
0.406076	0.281223	0.000000
-0.745067	0.736628	0.000000
0.306035	-0.074088	0.000000
0.254128	-0.031356	0.000000
0.908988	0.701188	0.000000
0.456060	-0.398790	0.000000
0.024869	0.224797	0.000000
-0.759089	0.813150	0.000000
-0.785662	0.659605	0.000000
-0.252457	-0.157998	0.000000
-0.649160	0.924173	0.000000
-0.576961	-0.710352	0.000000
0.561299	0.055967	0.000000
-0.781122	0.852549	0.000000
0.421781	0.598930	0.000000
-0.032854	-0.303878	0.000000
0.242550	-0.564528	0.000000
-0.147253	-0.132886	0.000000
-0.520503	0.779258	0.000000
-0.537738	0.301791	0.000000
-0.083947	-0.423596	0.000000
-0.637948	-0.056565	0.000000
-0.048343	0.579925	0.000000
-0.300866	0.715001	0.000000
-0.530487	0.212174	0.000000
-0.366931	0.388028	0.000000
0.905093	0.732622	0.000000
0.288175	-0.315610	0.000000
0.551400	-0.479486	0.000000
0.338014	0.223405	0.000000
-0.659600	0.460745	0.000000
-0.151198	0.179710	0.000000
-0.261780	0.484168	0.000000
-0.402186	0.156168	0.000000
0.468091	-0.039283	0.000000
0.437979	-0.105153	0.000000
-0.107878	0.518063	0.000000
-0.858562	0.831242	0.000000
-0.157951	0.537582	0.000000
0.549197	-0.579592	0.000000
0.412949	0.064278	0.000000
0.560772	0.437497	0.000000
-0.300464	-0.196238	0.000000
-0.032166	-0.226202	0.000000
0.697075	0.321090	0.000000
-0.682869	0.775674	0.000000
0.687178	0.745504	0.000000
0.428867	0.637563	0.000000
-0.245747	0.614365	0.000000
0.416502	0.406272	0.000000
-0.114613	0.692918	0.000000
0.794459	0.500134	0.000000
0.125497	-0.470480	0.000000
0.693417	-0.629361	0.000000
-0.453187	-0.223345	0.000000
-0.406835	-0.414170	0.000000
0.443220	-0.350162	0.000000
0.752764	-0.365866	0.000000
0.865682	0.664126	0.000000
0.185814	-0.253110	0.000000
0.589969	0.536301	0.000000
-0.362981	0.003397	0.000000
0.301619	0.932970	0.000000
0.530514	-0.597546	0.000000
-0.065366	0.375213	0.000000
-0.843479	0.196035	0.000000
-0.024025	0.483570	0.000000
-0.506493	0.431765	0.000000
0.625361	0.662270	0.000000
0.336316	0.886104	0.000000
-0.000303	-0.012772	0.000000
-0.343901	0.330268	0.000000
0.872822	0.369797	0.000000
0.471401	0.678330	0.000000
0.319222	0.950322	0.000000
0.563990	0.461696	0.000000
0.175455	0.836445	0.000000
-0.576411	0.835224	0.000000
0.728789	0.325225	0.000000
0.569548	0.630804	0.000000
0.365828	0.160911	0.000000
-0.260488	-0.480159	0.000000
0.691395	0.535721	0.000000
-0.331253	0.229183	0.000000
0.830931	0.786915	0.000000
0.628321	-0.418899	0.000000
-0.720601	0.394276	0.000000
0.103288	-0.146536	0.000000
0.699314	-0.543318	0.000000
0.032898	0.756613	0.000000
-0.856846	0.177646	0.000000
0.669608	0.616381	0.000000
-0.621946	-0.669930	0.000000
-0.533490	-0.969988	0.000000
-0.454597	-0.887295	0.000000
0.678142	0.590098	0.000000
0.671301	0.777513	0.000000
0.937110	0.526821	0.000000
-0.258972	0.651910	0.000000
0.329340	0.020045	0.000000
0.585031	0.700312	0.000000
-0.692004	0.818972	0.000000
0.136775	-0.047304	0.000000
-0.864262	0.651469	0.000000
0.943680	0.831331	0.000000
-0.227648	0.708886	0.000000
0.452911	0.106766	0.000000
0.457558	0.470199	0.000000
0.058934	-0.257093	0.000000
-0.613295	-0.542648	0.000000
0.379879	0.292258	0.000000
-0.377726	-0.487487	0.000000
-0.522948	-0.971857	0.000000
0.088403	0.709722	0.000000
0.224614	0.097019	0.000000
-0.059752	0.278525	0.000000
-0.455789	0.718013	0.000000
0.053186	0.323098	0.000000
0.910030	0.824323	0.000000
0.625603	0.167396	0.000000
0.496547	0.237600	0.000000
0.747461	0.124146	0.000000
0.041333	0.757496	0.000000
-0.066030	-0.566908	0.000000
0.125602	0.183052	0.000000
0.676202	0.835559	0.000000
-0.051986	-0.127891	0.000000
0.412814	0.116731	0.000000
-0.372902	-0.752099	0.000000
0.669806	0.065846	0.000000
0.561267	0.227630	0.000000
-0.837965	0.234066	0.000000
0.895412	0.784856	0.000000
0.740351	0.465948	0.000000
-0.429767	0.627038	0.000000
0.207926	0.203709	0.000000
-0.627886	-0.665257	0.000000
-0.921791	0.486170	0.000000
0.752338	-0.396975	0.000000
0.421582	-0.220924	0.000000
-0.480594	-0.741508	0.000000
-0.327317	0.030549	0.000000
-0.727887	0.541859	0.000000
0.730761	0.781260	0.000000
0.428083	0.307017	0.000000
0.105943	0.048300	0.000000
-0.274419	-0.509156	0.000000
-0.582427	0.469384	0.000000
-0.643734	-0.601788	0.000000
0.342138	0.728265	0.000000
0.083975	-0.187965	0.000000
-0.373872	0.585797	0.000000
-0.060160	-0.081570	0.000000
-0.475023	-0.173954	0.000000
0.316644	0.344974	0.000000
0.831549	0.442029	0.000000
0.981090	0.623735	0.000000
0.393735	0.747013	0.000000
0.496151	-0.027444	0.000000
0.270243	-0.537953	0.000000
-0.405835	-0.627713	0.000000
-0.652125	-0.527572	0.000000
0.294646	0.971808	0.000000
-0.678599	0.839375	0.000000
0.443642	0.034959	0.000000
0.689224	0.809056	0.000000
0.727077	0.830276	0.000000
-0.409065	-0.182339	0.000000
-0.259173	0.484135	0.000000
-0.076331	0.571760	0.000000
0.102238	0.145721	0.000000
0.321068	-0.219170	0.000000
-0.432866	-0.179282	0.000000
0.677322	-0.000337	0.000000
0.018182	-0.017953	0.000000
0.568055	0.548916	0.000000
-0.254659	0.282289	0.000000
-0.211821	-0.664788	0.000000
0.013203	0.784429	0.000000
0.332440	0.168861	0.000000
0.718810	0.772676	0.000000
-0.022913	0.123743	0.000000
-0.472335	0.000218	0.000000
0.348961	0.931817	0.000000
0.678115	0.544674	0.000000
0.952910	0.736544	0.000000
-0.539581	0.235461	0.000000
-0.036645	0.151870	0.000000
0.578047	0.625282	0.000000
-0.371293	-0.737531	0.000000
0.350450	-0.062409	0.000000
-0.641277	0.820003	0.000000
-0.380482	0.520539	0.000000
0.200273	0.676482	0.000000
0.437275	0.191817	0.000000
0.652219	0.425225	0.000000
-0.402007	-0.021694	0.000000
0.655199	0.135603	0.000000
-0.653784	-0.508067	0.000000
0.720130	0.507819	0.000000
0.737479	0.779067	0.000000
-0.966697	0.916973	0.000000
0.700176	0.596253	0.000000
-0.052975	0.528250	0.000000
0.306772	0.184154	0.000000
0.308622	0.976056	0.000000
0.662763	0.555371	0.000000
0.595413	0.394160	0.000000
-0.393092	-0.246482	0.000000
0.082091	-0.035774	0.000000
-0.214969	0.148000	0.000000
-0.385427	0.656131	0.000000
-0.722184	0.637624	0.000000
0.422534	0.308911	0.000000
0.076791	0.740223	0.000000
0.275531	0.090545	0.000000
-0.610059	0.001996	0.000000
-0.082026	-0.128336	0.000000
0.601927	0.630055	0.000000
0.308900	-0.402466	0.000000
-0.023080	0.825138	0.000000
-0.490905	0.641902	0.000000
0.920191	0.586702	0.000000
0.295496	-0.097514	0.000000
-0.905487	0.403696	0.000000
0.777070	0.111411	0.000000
-0.030563	0.299060	0.000000
-0.645532	0.171351	0.000000
-0.539933	0.233469	0.000000
-0.276032	0.071843	0.000000
0.317499	0.192305	0.000000
-0.244338	0.673502	0.000000
0.255548	-0.360290	0.000000
0.489003	0.607877	0.000000
-0.145642	0.704961	0.000000
0.449895	0.589304	0.000000
0.086727	0.718923	0.000000
0.516131	0.608453	0.000000
0.691312	-0.009626	0.000000
0.907889	0.760002	0.000000
-0.271543	-0.440894	0.000000
-0.349147	0.227639	0.000000
0.805499	0.384730	0.000000
-0.395559	-0.838714	0.000000
-0.568372	-0.471768	0.000000
0.367934	-0.399734	0.000000
-0.502247	-0.961744	0.000000
0.355635	-0.009262	0.000000
0.591512	0.641364	0.000000
-0.121646	0.796386	0.000000
-0.249603	-0.068782	0.000000
-0.517201	0.405217	0.000000
0.120178	0.311543	0.000000
-0.828312	0.930271	0.000000
0.281084	0.864219	0.000000
0.660952	0.087138	0.000000
0.535879	0.728889	0.000000
-0.574120	0.145299	0.000000
-0.663411	-0.496021	0.000000
0.626342	0.442151	0.000000
-0.441218	-0.048759	0.000000
0.237163	-0.243287	0.000000
0.474982	-0.590661	0.000000
0.727380	0.167563	0.000000
-0.417017	-0.750720	0.000000
-0.509495	0.775694	0.000000
-0.464489	0.549733	0.000000
-0.641092	0.469850	0.000000
0.198948	0.706777	0.000000
-0.564300	0.813832	0.000000
0.543181	0.585159	0.000000
0.618755	0.704122	0.000000
0.577769	-0.474316	0.000000
0.609892	0.826878	0.000000
-0.058997	0.591933	0.000000
0.740630	0.731837	0.000000
0.697455	0.382625	0.000000
0.381936	0.356268	0.000000
0.754013	0.208168	0.000000
-0.519840	-0.934813	0.000000
0.803496	0.493144	0.000000
0.276615	-0.077318	0.000000
0.513541	0.480505	0.000000
-0.547112	0.632030	0.000000
-0.453799	-0.733335	0.000000
0.048754	0.414998	0.000000
0.103119	-0.084419	0.000000
0.648355	0.735677	0.000000
-0.524077	0.702297	0.000000
-0.852389	0.496053	0.000000
0.747935	0.678959	0.000000
0.255502	0.368677	0.000000
-0.272677	-0.497948	0.000000
0.035166	0.254518	0.000000
-0.670480	-0.654990	0.000000
0.338401	-0.287376	0.000000
0.255395	0.102886	0.000000
-0.782135	0.882912	0.000000
0.169878	0.157839	0.000000
0.368320	0.548197	0.000000
-0.167251	0.398880	0.000000
0.860317	0.555001	0.000000
0.349034	0.200693	0.000000
0.662857	0.641984	0.000000
0.585496	0.085959	0.000000
-0.107951	0.795589	0.000000
0.589510	0.636759	0.000000
0.563479	0.071108	0.000000
0.110023	0.544448	0.000000
-0.745779	0.293482	0.000000
0.560696	-0.486062	0.000000
0.786121	-0.411312	0.000000
-0.895727	0.818763	0.000000
-0.327660	0.428054	0.000000
-0.675631	0.839829	0.000000
-0.317846	0.388687	0.000000
-0.480941	-0.837079	0.000000
0.602530	0.813641	0.000000
0.849371	0.661104	0.000000
-0.354780	0.530301	0.000000
-0.282892	0.249650	0.000000
0.443631	0.181582	0.000000
0.754501	0.564047	0.000000
-0.311158	0.656288	0.000000
-0.868473	0.886119	0.000000
-0.257313	-0.413476	0.000000
0.685886	0.448115	0.000000
-0.594279	0.614655	0.000000
0.689060	-0.691841	0.000000
-0.115265	-0.323556	0.000000
-0.291493	0.306610	0.000000
-0.627294	0.149158	0.000000
0.972010	0.711108	0.000000
0.243374	0.262513	0.000000
0.320108	0.119515	0.000000
-0.663948	-0.236276	0.000000
0.147949	-0.149880	0.000000
0.748923	0.846727	0.000000
0.366666	0.106472	0.000000
0.672363	0.500047	0.000000
-0.172867	-0.002980	0.000000
0.606543	0.269799	0.000000
0.122526	-0.057848	0.000000
0.458962	0.042279	0.000000
0.525288	0.043191	0.000000
0.908344	0.753693	0.000000
0.465858	0.042345	0.000000
0.504805	-0.340277	0.000000
0.715321	0.776065	0.000000
0.553448	0.493096	0.000000
0.068222	0.818907	0.000000
-0.439622	0.482738	0.000000
0.707548	0.799318	0.000000
0.225125	0.335367	0.000000
0.366916	-0.251845	0.000000
0.888605	0.626369	0.000000
-0.347047	0.364802	0.000000
0.679167	-0.014588	0.000000
-0.472508	0.609591	0.000000
0.289254	-0.300781	0.000000
0.270441	0.970451	0.000000
-0.629633	0.857513	0.000000
0.041407	0.324010	0.000000
0.489071	-0.365766	0.000000
-0.634540	-0.194483	0.000000
-0.148967	0.748128	0.000000
-0.416677	-0.726185	0.000000
-0.472456	0.860185	0.000000
0.458861	0.625458	0.000000
-0.312343	-0.131215	0.000000
-0.204218	-0.695736	0.000000
0.002390	-0.494595	0.000000
-0.568404	-0.608434	0.000000
-0.933804	0.868641	0.000000
-0.440621	-0.817777	0.000000
0.736488	0.266741	0.000000
-0.079574	0.329685	0.000000
-0.307437	0.497003	0.000000
-0.613807	-0.077824	0.000000
0.856672	0.758903	0.000000
0.173065	-0.013916	0.000000
0.497817	-0.146043	0.000000
0.133608	-0.029400	0.000000
0.678904	0.201595	0.000000
0.627034	-0.019172	0.000000
0.361347	0.170099	0.000000
-0.337526	0.267291	0.000000
-0.037993	-0.574981	0.000000
0.072221	-0.389119	0.000000
0.503349	0.606420	0.000000
-0.499213	0.790193	0.000000
0.418790	0.567988	0.000000
-0.450844	-0.388180	0.000000
-0.093015	0.409876	0.000000
-0.668864	-0.000305	0.000000
-0.109620	0.003064	0.000000
-0.056700	0.548930	0.000000
-0.156301	-0.574656	0.000000
0.017632	0.540219	0.000000
0.655637	-0.025180	0.000000
0.702632	0.825790	0.000000
-0.445888	0.736558	0.000000
0.895921	0.486139	0.000000
0.453276	0.084635	0.000000
0.390799	-0.149712	0.000000
-0.049134	-0.165909	0.000000
0.019300	0.734998	0.000000
-0.633571	0.842044	0.000000
-0.249310	-0.526669	0.000000
0.316033	0.997352	0.000000
0.404035	-0.119325	0.000000
-0.397312	0.472997	0.000000
-0.313208	-0.096935	0.000000
-0.294295	0.673755	0.000000
0.610650	0.524733	0.000000
0.367895	-0.138081	0.000000
0.409030	-0.129327	0.000000
0.063542	0.719792	0.000000
0.101770	-0.058923	0.000000
0.217074	0.017382	0.000000
-0.145882	0.388186	0.000000
0.192368	-0.261770	0.000000
0.828214	0.818466	0.000000
0.478010	0.032318	0.000000
-0.508002	0.867225	0.000000
0.333035	0.048315	0.000000
0.468207	0.547324	0.000000
0.685791	0.354188	0.000000
0.824966	0.303486	0.000000
-0.283155	0.102114	0.000000
-0.521656	-0.316144	0.000000
0.278254	0.284218	0.000000
0.119899	-0.071311	0.000000
0.692710	0.474393	0.000000
0.283668	0.385210	0.000000
-0.461867	-0.891661	0.000000
0.687843	-0.362285	0.000000
0.407868	0.077945	0.000000
-0.307801	-0.241543	0.000000
0.112570	0.549512	0.000000
-0.159356	0.513993	0.000000
-0.539091	0.270748	0.000000
0.383142	0.118959	0.000000
0.950552	0.622080	0.000000
0.909378	0.803367	0.000000
0.603650	0.391356	0.000000
0.344086	-0.138178	0.000000
-0.447919	0.372924	0.000000
-0.069878	0.497517	0.000000
0.139675	0.062312	0.000000
-0.304240	0.184498	0.000000
0.796924	0.575642	0.000000
0.194228	0.553138	0.000000
-0.532373	-0.024332	0.000000
-0.141750	0.191412	0.000000
-0.788896	0.938223	0.000000
0.710188	-0.453362	0.000000
0.449457	0.317430	0.000000
-0.930089	0.477129	0.000000
0.215626	-0.381891	0.000000
0.682490	-0.012758	0.000000
-0.668744	-0.527664	0.000000
-0.660541	-0.158025	0.000000
0.459172	0.066574	0.000000
-0.544206	-0.412745	0.000000
0.554147	-0.009525	0.000000
0.446392	0.037541	0.000000
-0.527538	-0.031357	0.000000
0.645085	0.033244	0.000000
0.587066	0.056097	0.000000
0.607133	0.608911	0.000000
0.706878	0.753678	0.000000
-0.073021	-0.551935	0.000000
0.274648	0.113941	0.000000
0.209690	0.670232	0.000000
-0.156750	-0.565660	0.000000
0.629514	0.647588	0.000000
0.466271	-0.050374	0.000000
0.854070	0.753641	0.000000
-0.206263	0.356804	0.000000
0.662132	0.446880	0.000000
0.337029	0.209498	0.000000
-0.426859	0.364297	0.000000
0.446936	-0.078826	0.000000
-0.576028	0.571238	0.000000
-0.498605	-0.261220	0.000000
0.007465	0.781131	0.000000
0.299738	-0.265052	0.000000
0.496122	-0.227390	0.000000
-0.233392	-0.775881	0.000000
-0.188626	-0.387216	0.000000
-0.567048	-0.884323	0.000000
-0.337661	0.204342	0.000000
-0.021868	-0.139951	0.000000
0.399000	-0.224404	0.000000
0.439961	-0.147293	0.000000
-0.471323	-0.172376	0.000000
0.813253	0.389727	0.000000
0.870017	0.717203	0.000000
0.857362	0.640709	0.000000
-0.098556	0.251380	0.000000
0.623102	0.109604	0.000000
0.030085	-0.257599	0.000000
0.269802	0.653542	0.000000
0.474287	0.650922	0.000000
0.143499	0.345365	0.000000
0.504285	-0.051831	0.000000
0.718204	-0.411517	0.000000
-0.247633	0.271644	0.000000
-0.834756	0.526798	0.000000
0.114260	-0.113769	0.000000
0.501906	-0.418093	0.000000
0.031129	0.473263	0.000000
0.276700	-0.458615	0.000000
-0.637999	-0.655983	0.000000
-0.427076	-0.183333	0.000000
-0.920405	0.646694	0.000000
0.426767	-0.526111	0.000000
-0.439679	0.558894	0.000000
0.223925	0.385621	0.000000
0.269767	-0.127732	0.000000
0.810400	0.493881	0.000000
-0.599157	-0.107460	0.000000
0.330336	0.338801	0.000000
0.361475	0.584401	0.000000
-0.700412	0.746973	0.000000
-0.378037	-0.867293	0.000000
0.867062	0.595402	0.000000
-0.979992	0.908753	0.000000
-0.427711	0.324827	0.000000
0.041531	-0.070443	0.000000
0.617084	0.736525	0.000000
-0.928919	0.526027	0.000000
0.899724	0.525491	0.000000
-0.526321	-0.649726	0.000000
0.850292	0.647636	0.000000
0.056475	0.297465	0.000000
-0.794103	0.818393	0.000000
-0.828342	0.631109	0.000000
0.070752	0.281384	0.000000
-0.234887	-0.140700	0.000000
-0.844712	0.383219	0.000000
0.741115	0.706799	0.000000
0.750841	0.436239	0.000000
0.766901	-0.450240	0.000000
-0.255627	-0.084967	0.000000
-0.743667	0.906415	0.000000
-0.532873	0.597532	0.000000
-0.650571	-0.355061	0.000000
-0.760810	0.663720	0.000000
-0.766181	0.479324	0.000000
-0.801957	0.394073	0.000000
0.392520	0.537115	0.000000
0.399244	0.564808	0.000000
-0.431051	0.076163	0.000000
0.764107	0.678435	0.000000
-0.575296	-0.185901	0.000000
-0.437822	-0.166358	0.000000
-0.614663	0.430799	0.000000
0.311651	0.793775	0.000000
-0.762603	0.771852	0.000000
-0.333066	0.474373	0.000000
-0.087549	0.244142	0.000000
-0.282392	-0.559996	0.000000
-0.442128	0.455754	0.000000
0.223737	0.562935	0.000000
-0.512866	-0.658769	0.000000
0.377467	-0.388265	0.000000
-0.073399	0.331752	0.000000
-0.622135	-0.180195	0.000000
0.512861	0.166253	0.000000
-0.494190	0.736665	0.000000
-0.837981	0.886247	0.000000
0.403624	0.584878	0.000000
0.129413	0.635178	0.000000
0.763493	0.813066	0.000000
-0.634437	0.718981	0.000000
-0.608164	0.098569	0.000000
0.060173	-0.394883	0.000000
0.978535	0.784948	0.000000
-0.761844	0.614752	0.000000
-0.652465	0.857478	0.000000
-0.801439	0.841089	0.000000
-0.049489	0.202796	0.000000
-0.142988	0.093665	0.000000
0.033684	-0.386722	0.000000
0.748521	0.843789	0.000000
0.702110	-0.359802	0.000000
-0.460955	-0.861876	0.000000
0.020057	0.134431	0.000000
-0.622715	0.890190	0.000000
-0.430617	-0.464876	0.000000
-0.303656	0.351247	0.000000
-0.117158	-0.113957	0.000000
-0.465588	-0.500751	0.000000
0.917184	0.803290	0.000000
0.869137	0.559704	0.000000
0.102728	0.044541	0.000000
-0.631560	0.883960	0.000000
0.510685	-0.129607	0.000000
0.300639	-0.364966	0.000000
0.843056	0.814915	0.000000
-0.316702	-0.425198	0.000000
0.792649	0.296007	0.000000
0.474280	0.275132	0.000000
0.365619	-0.021996	0.000000
-0.453151	0.762264	0.000000
0.505756	0.003047	0.000000
-0.707521	0.245372	0.000000
-0.913824	0.504839	0.000000
-0.233547	0.107952	0.000000
0.843823	0.732038	0.000000
-0.580701	-0.496752	0.000000
0.790240	0.445454	0.000000
-0.469190	-0.539795	0.000000
-0.728872	0.894606	0.000000
-0.481227	0.207449	0.000000
0.384114	-0.101304	0.000000
0.926935	0.487035	0.000000
-0.544236	-0.162472	0.000000
-0.594568	-0.531242	0.000000
0.184293	-0.318811	0.000000
-0.397003	0.799408	0.000000
0.618781	0.089700	0.000000
0.236926	0.083411	0.000000
0.553694	0.351223	0.000000
-0.109560	0.541797	0.000000
0.185922	-0.251918	0.000000
0.353099	-0.170587	0.000000
0.188153	-0.001060	0.000000
0.711829	0.420822	0.000000
0.744503	0.725515	0.000000
0.668720	0.670425	0.000000
-0.505460	-0.962733	0.000000
0.156859	0.732808	0.000000
0.874022	0.509144	0.000000
0.818869	0.673121	0.000000
-0.086334	-0.121178	0.000000
0.368799	0.096927	0.000000
0.895676	0.490407	0.000000
0.563656	-0.418306	0.000000
0.641944	0.437324	0.000000
0.576939	0.604761	0.000000
-0.357938	0.292010	0.000000
-0.617523	-0.173435	0.000000
0.622478	0.393035	0.000000
0.810854	0.752520	0.000000
-0.087979	-0.113928	0.000000
0.526989	0.091534	0.000000
0.321115	0.178055	0.000000
0.444142	0.029370	0.000000
0.330222	0.914509	0.000000
-0.374948	-0.690962	0.000000
0.310147	-0.372754	0.000000
-0.104733	0.616628	0.000000
0.022900	0.258685	0.000000
-0.232528	0.485749	0.000000
-0.609677	0.132811	0.000000
-0.358507	0.753370	0.000000
-0.839289	0.844186	0.000000
-0.952484	0.930240	0.000000
-0.738962	0.823058	0.000000
-0.258937	-0.627221	0.000000
0.422773	0.496529	0.000000
-0.286784	0.478119	0.000000
-0.277706	0.488994	0.000000
-0.576822	0.128795	0.000000
0.443838	0.744739	0.000000
0.560851	0.421442	0.000000
0.762762	0.284018	0.000000
0.463080	0.051595	0.000000
0.628665	-0.360977	0.000000
0.242754	0.541106	0.000000
-0.333913	-0.035140	0.000000
0.606801	0.273150	0.000000
0.036608	-0.131766	0.000000
-0.431550	-0.866223	0.000000
-0.465351	-0.643248	0.000000
0.651663	0.764404	0.000000
-0.115676	-0.342449	0.000000
0.370939	0.307878	0.000000
0.669827	0.712673	0.000000
0.416569	0.534239	0.000000
-0.716725	0.682740	0.000000
-0.217843	0.182303	0.000000
-0.010095	0.518954	0.000000
0.239679	0.649029	0.000000
0.108003	-0.022133	0.000000
-0.991613	0.714344	0.000000
-0.800224	0.849597	0.000000
-0.648669	-0.180399	0.000000
-0.612002	-0.199568	0.000000
-0.527044	-0.075574	0.000000
-0.243075	-0.725110	0.000000
0.485058	0.122877	0.000000
-0.357612	-0.686883	0.000000
0.165531	-0.024192	0.000000
0.072222	-0.176239	0.000000
0.218933	-0.391142	0.000000
0.694662	0.825569	0.000000
0.793081	-0.513521	0.000000
-0.564972	0.518168	0.000000
0.394287	0.498018	0.000000
-0.299362	-0.181342	0.000000
-0.564040	0.342592	0.000000
-0.128040	-0.395267	0.000000
0.369585	-0.314213	0.000000
0.406087	0.201853	0.000000
0.485294	0.268030	0.000000
-0.421031	0.194131	0.000000
0.225344	0.738831	0.000000
-0.406870	-0.618970	0.000000
-0.518095	-0.011813	0.000000
-0.272774	0.021546	0.000000
0.603287	0.628069	0.000000
-0.314524	-0.040237	0.000000
0.125870	0.206088	0.000000
0.213644	-0.177623	0.000000
0.272289	-0.336928	0.000000
-0.489717	0.334646	0.000000
-0.906620	0.959118	0.000000
0.115944	0.406230	0.000000
0.343333	0.943946	0.000000
-0.320358	-0.863414	0.000000
-0.190981	0.262718	0.000000
-0.590152	-0.456196	0.000000
-0.366567	-0.187804	0.000000
-0.230470	-0.031822	0.000000
0.021664	-0.063830	0.000000
0.204917	0.660663	0.000000
0.693282	0.630487	0.000000
-0.223545	0.599769	0.000000
-0.528463	0.365647	0.000000
0.621702	0.424219	0.000000
0.058126	-0.510140	0.000000
0.522058	-0.563250	0.000000
0.986983	0.633168	0.000000
-0.050535	0.645867	0.000000
0.271032	0.204564	0.000000
-0.529861	0.753903	0.000000
0.946878	0.625145	0.000000
0.082757	-0.186610	0.000000
0.579506	0.395810	0.000000
0.304197	0.444175	0.000000
-0.047886	0.227054	0.000000
-0.305874	0.446103	0.000000
0.578953	0.382502	0.000000
0.063950	-0.407028	0.000000
0.539372	0.731287	0.000000
0.433542	-0.408228	0.000000
-0.038735	0.057144	0.000000
0.056450	0.228787	0.000000
0.537466	-0.015506	0.000000
-0.038224	0.283399	0.000000
-0.421666	-0.354911	0.000000
-0.162939	-0.402526	0.000000
0.610981	0.267645	0.000000
-0.079734	0.681294	0.000000
-0.270051	-0.090380	0.000000
-0.949356	0.950754	0.000000
-0.251278	-0.419694	0.000000
0.897625	0.737323	0.000000
-0.019521	-0.413863	0.000000
-0.518141	-0.636048	0.000000
0.684169	0.519732	0.000000
0.128289	0.739622	0.000000
-0.125535	0.378478	0.000000
-0.421357	0.514533	0.000000
-0.051225	-0.006502	0.000000
0.910348	0.805335	0.000000
0.069619	0.294035	0.000000
0.263755	0.589629	0.000000
0.756256	0.484478	0.000000
0.611940	0.580434	0.000000
-0.039186	-0.595919	0.000000
-0.444520	0.335196	0.000000
-0.215335	0.789420	0.000000
0.005671	0.393675	0.000000
0.481999	-0.397758	0.000000
0.647109	-0.019648	0.000000
0.590056	0.380132	0.000000
0.572111	0.028273	0.000000
0.212533	-0.450993	0.000000
-0.137327	0.356471	0.000000
-0.876071	0.677628	0.000000
-0.191929	-0.202615	0.000000
-0.513708	-0.887114	0.000000
0.349601	-0.430170	0.000000
0.590334	-0.548795	0.000000
-0.117264	0.150204	0.000000
0.618449	-0.588175	0.000000
0.038993	0.547683	0.000000
-0.377081	-0.588093	0.000000
0.985162	0.690381	0.000000
0.510485	0.462499	0.000000
-0.962846	0.547656	0.000000
-0.258372	0.372691	0.000000
0.943332	0.837610	0.000000
0.175677	-0.248834	0.000000
-0.357381	0.771960	0.000000
0.553209	0.595556	0.000000
0.349023	0.168546	0.000000
-0.276813	-0.108988	0.000000
-0.299467	-0.295715	0.000000
-0.815315	0.863702	0.000000
-0.252300	-0.125862	0.000000
-0.480516	-0.085089	0.000000
-0.651444	0.099246	0.000000
-0.584584	0.511467	0.000000
0.671940	0.047407	0.000000
-0.407759	-0.035830	0.000000
-0.013657	0.469832	0.000000
0.708033	0.775597	0.000000
-0.050300	0.802833	0.000000
0.161637	0.579742	0.000000
0.342506	0.209597	0.000000
-0.331404	-0.323060	0.000000
0.067637	0.695650	0.000000
0.103629	0.209203	0.000000
0.864518	0.507088	0.000000
0.479507	0.033873	0.000000
0.074093	0.197063	0.000000
0.665839	-0.329530	0.000000
-0.388482	0.740821	0.000000
0.863583	0.446907	0.000000
0.531688	0.344207	0.000000
0.864882	0.452733	0.000000
0.302155	0.322913	0.000000
0.377062	0.331928	0.000000
0.700042	0.399634	0.000000
0.348682	0.353892	0.000000
0.322543	0.419052	0.000000
0.563936	0.019771	0.000000
0.127522	0.553095	0.000000
0.072183	0.079942	0.000000
0.807357	-0.463018	0.000000
0.711306	-0.492997	0.000000
-0.352492	0.550309	0.000000
0.494695	-0.168913	0.000000
-0.045505	0.332489	0.000000
0.293897	0.615407	0.000000
0.469608	-0.211875	0.000000
0.082191	0.225965	0.000000
0.145381	0.670541	0.000000
0.155310	0.577898	0.000000
-0.259548	-0.118826	0.000000
-0.113174	-0.346608	0.000000
-0.192495	0.099383	0.000000
-0.921533	0.774212	0.000000
-0.415017	-0.331151	0.000000
0.338624	0.372839	0.000000
0.730485	0.488610	0.000000
0.703952	-0.470267	0.000000
-0.692168	-0.118405	0.000000
-0.503665	-0.574225	0.000000
0.852357	0.713169	0.000000
-0.648001	0.445055	0.000000
0.075695	0.670757	0.000000
-0.973687	0.855918	0.000000
0.830287	0.832224	0.000000
-0.519377	0.774384	0.000000
0.539388	-0.515345	0.000000
0.670640	-0.418167	0.000000
0.692776	-0.573058	0.000000
0.278601	0.809164	0.000000
-0.291690	0.454976	0.000000
0.368803	-0.599546	0.000000
-0.358302	0.286319	0.000000
-0.643433	0.456636	0.000000
0.598941	-0.509876	0.000000
0.841767	-0.466408	0.000000
0.594219	0.016354	0.000000
-0.452740	-0.747941	0.000000
0.860922	-0.584968	0.000000
-0.008718	0.016995	0.000000
0.852128	0.618910	0.000000
-0.808358	0.191811	0.000000
0.194513	-0.075530	0.000000
0.040658	-0.159735	0.000000
0.780828	0.803872	0.000000
0.476652	-0.137850	0.000000
-0.086115	0.602995	0.000000
-0.223913	-0.141226	0.000000
-0.585146	-0.644560	0.000000
0.178963	0.206397	0.000000
-0.908651	0.852009	0.000000
0.351307	0.943770	0.000000
0.884997	0.656364	0.000000
0.563806	0.172139	0.000000
0.704015	0.617440	0.000000
0.870202	0.582721	0.000000
0.633651	0.014300	0.000000
0.783689	-0.544932	0.000000
-0.243563	0.166882	0.000000
-0.469342	0.502003	0.000000
-0.462454	0.596863	0.000000
0.534122	-0.407009	0.000000
-0.104875	-0.089521	0.000000
0.955012	0.690391	0.000000
-0.534710	-0.785838	0.000000
0.698455	0.685667	0.000000
0.392073	0.356684	0.000000
-0.352164	-0.863964	0.000000
-0.628705	0.357689	0.000000
-0.636917	0.691919	0.000000
0.632953	0.447828	0.000000
-0.182314	-0.061816	0.000000
-0.682794	0.560692	0.000000
0.312530	-0.326702	0.000000
0.622258	-0.328648	0.000000
-0.670270	0.499656	0.000000
-0.398939	0.633181	0.000000
0.531820	0.419771	0.000000
-0.013021	0.269054	0.000000
0.080296	0.765729	0.000000
-0.987385	0.846369	0.000000
-0.878871	0.925851	0.000000
-0.404625	0.019227	0.000000
-0.232398	0.374703	0.000000
0.279885	-0.174851	0.000000
0.370722	-0.596529	0.000000
0.712570	0.400147	0.000000
-0.542554	0.304478	0.000000
-0.891618	0.309339	0.000000
-0.505905	-0.068164	0.000000
-0.428376	0.680142	0.000000
0.402126	0.175519	0.000000
-0.463768	-0.964495	0.000000
-0.576859	0.894662	0.000000
0.684812	0.695536	0.000000
0.995385	0.747759	0.000000
0.173816	0.218757	0.000000
-0.910351	0.516653	0.000000
0.046624	-0.454646	0.000000
0.354702	0.166483	0.000000
0.571536	0.181913	0.000000
-0.308812	0.432448	0.000000
0.393212	0.418751	0.000000
0.593949	0.653980	0.000000
-0.212155	0.568788	0.000000
-0.120644	-0.561447	0.000000
-0.300199	-0.211753	0.000000
0.148408	0.414253	0.000000
0.556545	0.022866	0.000000
0.319956	0.333461	0.000000
0.679281	0.035555	0.000000
0.644510	0.498791	0.000000
0.277701	-0.489704	0.000000
-0.906708	0.548468	0.000000
0.550831	0.288779	0.000000
-0.921381	0.348837	0.000000
-0.242520	0.474158	0.000000
-0.248221	0.103820	0.000000
0.596525	0.557262	0.000000
0.121430	0.567972	0.000000
-0.512473	0.488861	0.000000
-0.185541	0.672077	0.000000
-0.465085	0.624465	0.000000
0.241074	0.428989	0.000000
0.280727	0.442319	0.000000
0.725815	0.320744	0.000000
-0.534457	-0.502652	0.000000
0.156669	-0.015975	0.000000
-0.876909	0.571931	0.000000
-0.155443	-0.526762	0.000000
0.804315	-0.595860	0.000000
0.305044	-0.522152	0.000000
0.729683	-0.393624	0.000000
0.471589	0.766944	0.000000
-0.219129	0.165412	0.000000
-0.103660	-0.377808	0.000000
-0.062638	0.717058	0.000000
0.431285	-0.600971	0.000000
0.309181	-0.368548	0.000000
-0.369834	0.307492	0.000000
-0.343818	-0.160088	0.000000
0.444729	-0.276517	0.000000
0.577347	0.181784	0.000000
0.480509	0.765015	0.000000
-0.586993	-0.858018	0.000000
-0.032977	-0.280627	0.000000
-0.147228	0.231713	0.000000
0.961222	0.670176	0.000000
-0.585751	0.642310	0.000000
-0.034136	0.802523	0.000000
-0.965049	0.653204	0.000000
0.551340	0.093711	0.000000
0.501728	-0.391953	0.000000
0.181643	-0.366427	0.000000
0.790184	0.357797	0.000000
-0.075802	0.108519	0.000000
-0.489482	-0.362849	0.000000
-0.273105	-0.135851	0.000000
-0.225604	0.184800	0.000000
-0.192288	0.581876	0.000000
0.639442	0.758759	0.000000
-0.835684	0.195760	0.000000
0.513972	0.201904	0.000000
-0.152778	0.577797	0.000000
0.440659	0.008306	0.000000
0.640228	0.552927	0.000000
-0.421495	0.823539	0.000000
-0.443623	-0.502847	0.000000
0.151645	0.259911	0.000000
-0.590366	0.530493	0.000000
0.501750	0.309669	0.000000
-0.950678	0.836057	0.000000
0.789559	0.484056	0.000000
-0.837300	0.667310	0.000000
0.268144	-0.231815	0.000000
-0.545652	-0.953162	0.000000
-0.483054	0.595412	0.000000
-0.081768	0.762995	0.000000
-0.127336	-0.098752	0.000000
-0.196907	-0.148694	0.000000
-0.280624	-0.722246	0.000000
0.084825	-0.034647	0.000000
-0.137529	-0.572841	0.000000
-0.540556	0.334279	0.000000
0.028853	-0.334315	0.000000
-0.149715	0.536570	0.000000
-0.275354	0.658430	0.000000
-0.110831	-0.041935	0.000000
0.003823	0.677685	0.000000
0.215161	0.815922	0.000000
0.565860	0.509649	0.000000
0.679451	-0.340513	0.000000
0.145397	0.759633	0.000000
0.150476	-0.021132	0.000000
-0.322888	0.762933	0.000000
-0.684721	0.898109	0.000000
0.167632	-0.400308	0.000000
0.282028	-0.050808	0.000000
0.218045	-0.345756	0.000000
-0.316675	0.719912	0.000000
-0.277325	-0.739982	0.000000
0.947287	0.695547	0.000000
0.578568	-0.547396	0.000000
0.445826	0.478950	0.000000
-0.626946	0.841232	0.000000
0.588699	0.178006	0.000000
0.580101	-0.018436	0.000000
-0.899121	0.782460	0.000000
-0.228687	0.070639	0.000000
0.461631	0.454784	0.000000
0.347256	0.582273	0.000000
0.425833	0.034383	0.000000
0.059569	-0.467157	0.000000
-0.378094	0.359917	0.000000
0.433495	0.801843	0.000000
-0.947464	0.781906	0.000000
0.780579	0.461580	0.000000
0.113324	-0.013819	0.000000
0.364347	-0.004150	0.000000
0.171384	-0.433548	0.000000
-0.344323	-0.728489	0.000000
-0.603244	0.833087	0.000000
-0.630770	0.677630	0.000000
-0.189700	-0.422391	0.000000
0.806301	-0.462696	0.000000
-0.735895	0.611173	0.000000
-0.679417	-0.361286	0.000000
0.536244	-0.682534	0.000000
-0.191021	-0.112916	0.000000
0.689021	0.254803	0.000000
-0.440305	0.573019	0.000000
0.128114	-0.227922	0.000000
0.727382	0.328629	0.000000
0.000136	0.567631	0.000000
0.429193	0.503955	0.000000
0.383713	0.122650	0.000000
0.621877	0.135302	0.000000
0.638476	0.076643	0.000000
0.622477	0.706064	0.000000
-0.150220	-0.125698	0.000000
-0.643880	0.003369	0.000000
0.172617	0.005839	0.000000
0.306974	0.946442	0.000000
0.601499	-0.038835	0.000000
0.640080	0.431558	0.000000
0.310708	0.988912	0.000000
0.308811	-0.098612	0.000000
0.223266	0.807334	0.000000
0.847670	-0.565340	0.000000
-0.231109	-0.064496	0.000000
0.120822	0.339816	0.000000
-0.387940	0.693510	0.000000
0.366163	0.560044	0.000000
0.830255	-0.534852	0.000000
-0.316200	-0.100495	0.000000
0.175081	0.556147	0.000000
-0.302755	0.560228	0.000000
-0.727129	-0.181645	0.000000
0.590638	0.364127	0.000000
-0.639902	0.528598	0.000000
0.444010	-0.229789	0.000000
-0.398298	0.544983	0.000000
-0.236509	0.382254	0.000000
0.824563	0.737836	0.000000
-0.430358	0.777037	0.000000
-0.070546	0.326408	0.000000
-0.288146	0.279660	0.000000
0.136330	-0.092845	0.000000
0.381531	0.232236	0.000000
0.527254	0.668855	0.000000
0.769133	0.475619	0.000000
0.242783	-0.249575	0.000000
-0.313013	0.426773	0.000000
0.155717	0.599505	0.000000
-0.759133	0.460574	0.000000
0.351632	0.797115	0.000000
0.971370	0.755402	0.000000
-0.691721	0.471306	0.000000
0.953718	0.702121	0.000000
-0.369629	0.347032	0.000000
0.830566	-0.638914	0.000000
-0.157478	0.631347	0.000000
-0.050763	-0.338740	0.000000
-0.104235	0.337470	0.000000
-0.233474	0.494089	0.000000
-0.768620	0.776371	0.000000
0.191128	-0.474794	0.000000
-0.532458	-0.891998	0.000000
-0.131832	0.307380	0.000000
0.322338	0.412811	0.000000
-0.383627	0.527602	0.000000
0.409626	-0.408691	0.000000
-0.163702	-0.060194	0.000000
0.122433	0.234977	0.000000
0.364762	0.188712	0.000000
-0.139056	0.311044	0.000000
-0.672083	-0.375739	0.000000
0.276773	0.174026	0.000000
0.718848	0.722700	0.000000
-0.147256	-0.663399	0.000000
0.783485	0.646602	0.000000
-0.773252	0.498195	0.000000
-0.345913	0.616947	0.000000
-0.013099	0.752893	0.000000
0.683381	0.037487	0.000000
0.804710	-0.495872	0.000000
0.349299	0.185181	0.000000
0.544376	0.416075	0.000000
-0.178410	-0.318048	0.000000
-0.462007	-0.002479	0.000000
0.079807	-0.055933	0.000000
-0.389154	0.218557	0.000000
-0.448639	-0.394625	0.000000
-0.440224	-0.026547	0.000000
-0.013870	0.230890	0.000000
0.540400	0.175864	0.000000
-0.332244	-0.507920	0.000000
0.570607	0.175363	0.000000
-0.367546	-0.541215	0.000000
-0.866711	0.381817	0.000000
0.488697	0.150051	0.000000
-0.577196	0.806753	0.000000
0.512270	-0.007181	0.000000
-0.588486	0.552340	0.000000
0.144202	0.242398	0.000000
-0.954921	0.767039	0.000000
-0.201827	0.622008	0.000000
-0.064723	0.546222	0.000000
0.301267	0.194128	0.000000
-0.112220	-0.606978	0.000000
-0.457930	-0.746020	0.000000
-0.248896	0.176084	0.000000
-0.395048	0.348182	0.000000
0.823440	-0.423860	0.000000
0.327409	-0.442632	0.000000
-0.643626	0.087540	0.000000
0.220402	0.667523	0.000000
-0.253769	-0.633130	0.000000
0.622545	0.564088	0.000000
0.336074	-0.338336	0.000000
0.430400	0.188494	0.000000
-0.090844	-0.313058	0.000000
-0.692720	-0.073191	0.000000
0.625895	0.016968	0.000000
-0.874580	0.798928	0.000000
0.724832	0.731000	0.000000
-0.758048	0.182285	0.000000
0.638650	0.722594	0.000000
-0.150589	-0.111333	0.000000
-0.597452	0.367251	0.000000
0.452960	-0.417342	0.000000
-0.445851	0.774291	0.000000
-0.353731	0.398790	0.000000
-0.899835	0.406914	0.000000
0.417587	-0.263152	0.000000
0.317308	0.465889	0.000000
0.377047	0.615627	0.000000
-0.296296	0.555860	0.000000
0.632250	0.542695	0.000000
0.140133	-0.046675	0.000000
-0.101924	0.450110	0.000000
-0.437014	-0.909663	0.000000
-0.007755	-0.047654	0.000000
0.809438	0.687995	0.000000
0.353718	0.166867	0.000000
0.713743	-0.357817	0.000000
0.363045	-0.501447	0.000000
0.201441	-0.097895	0.000000
0.604182	0.757939	0.000000
-0.690146	0.349595	0.000000
0.084925	0.334612	0.000000
0.154830	0.281845	0.000000
-0.813729	0.225498	0.000000
0.936217	0.515298	0.000000
0.137418	0.516732	0.000000
-0.372436	-0.790419	0.000000
0.368388	0.753007	0.000000
0.816788	-0.532938	0.000000
0.340990	-0.309862	0.000000
-0.754045	0.471188	0.000000
0.409012	0.081438	0.000000
-0.344536	-0.604234	0.000000
-0.459979	-0.346390	0.000000
-0.676942	-0.225429	0.000000
-0.831316	0.945223	0.000000
0.013771	0.579299	0.000000
-0.433278	-0.703931	0.000000
-0.316494	0.226534	0.000000
0.437053	-0.239569	0.000000
0.117782	-0.159948	0.000000
0.345328	-0.032151	0.000000
-0.555912	-0.392327	0.000000
0.562574	-0.034765	0.000000
0.330513	-0.407205	0.000000
-0.292628	-0.046757	0.000000
0.264491	0.035419	0.000000
-0.912247	0.401020	0.000000
0.227133	0.678397	0.000000
0.740159	0.542538	0.000000
0.199253	0.532453	0.000000
0.577371	0.615226	0.000000
0.679053	0.514216	0.000000
-0.306192	-0.250809	0.000000
-0.162055	0.479699	0.000000
-0.476040	0.228423	0.000000
0.684602	0.625077	0.000000
0.455912	-0.425347	0.000000
-0.080115	0.353839	0.000000
0.376284	0.601059	0.000000
0.406091	0.597959	0.000000
0.394818	0.352830	0.000000
0.516168	-0.006443	0.000000
0.545715	0.324957	0.000000
-0.302301	0.579511	0.000000
0.694181	0.471969	0.000000
0.382771	0.611398	0.000000
-0.393739	0.814549	0.000000
0.367118	-0.432743	0.000000
-0.248541	0.409801	0.000000
-0.663726	0.276807	0.000000
0.319919	0.275222	0.000000
0.213420	-0.256984	0.000000
-0.309892	0.168833	0.000000
-0.087955	-0.457593	0.000000
-0.399985	-0.841709	0.000000
-0.413130	-0.598792	0.000000
0.104205	-0.063989	0.000000
-0.143416	-0.392947	0.000000
-0.335328	-0.132892	0.000000
-0.273662	-0.077944	0.000000
0.349439	-0.179272	0.000000
-0.652946	-0.049189	0.000000
0.060270	0.450791	0.000000
0.734554	0.696214	0.000000
0.966508	0.782310	0.000000
0.109440	0.793502	0.000000
-0.471461	-0.948181	0.000000
0.478663	-0.402169	0.000000
0.522593	0.479797	0.000000
0.480031	0.632671	0.000000
0.477378	-0.441908	0.000000
0.642934	0.167481	0.000000
-0.542720	0.091605	0.000000
0.277634	0.283680	0.000000
-0.947221	0.562893	0.000000
0.451050	-0.074009	0.000000
-0.377152	-0.370355	0.000000
0.036092	-0.116029	0.000000
-0.310818	0.770047	0.000000
-0.286494	-0.035994	0.000000
-0.040346	0.104819	0.000000
-0.388439	-0.818491	0.000000
-0.872983	0.783850	0.000000
0.658040	0.761292	0.000000
-0.517489	-0.611946	0.000000
0.549732	0.616868	0.000000
-0.523134	-0.178560	0.000000
-0.109651	0.172337	0.000000
-0.260721	0.540800	0.000000
-0.189816	0.207380	0.000000
-0.170470	0.426785	0.000000
-0.621556	-0.188630	0.000000
0.871091	0.514301	0.000000
0.190979	0.394671	0.000000
0.512162	0.284920	0.000000
-0.489092	-0.420760	0.000000
0.228753	0.468232	0.000000
0.874079	0.598465	0.000000
0.226445	0.154161	0.000000
0.299216	-0.102685	0.000000
-0.546563	-0.788421	0.000000
0.043029	0.051008	0.000000
-0.031141	0.023657	0.000000
-0.619854	-0.013845	0.000000
-0.561237	-0.302334	0.000000
-0.341072	0.031145	0.000000
0.565759	0.340419	0.000000
0.461331	-0.457387	0.000000
0.403456	-0.451181	0.000000
0.688229	0.146290	0.000000
0.672580	0.587961	0.000000
-0.136382	0.254441	0.000000
-0.126447	0.186638	0.000000
-0.367693	0.813094	0.000000
-0.244888	0.646418	0.000000
0.342662	0.645366	0.000000
0.071414	0.745413	0.000000
-0.511260	-0.966074	0.000000
-0.592352	-0.369071	0.000000
0.281763	-0.296415	0.000000
0.424190	0.036751	0.000000
0.270302	0.275829	0.000000
-0.121245	0.478383	0.000000
0.294919	-0.298294	0.000000
-0.426594	-0.744125	0.000000
-0.000330	0.006796	0.000000
0.738968	0.360307	0.000000
-0.443570	0.133242	0.000000
0.828111	0.554096	0.000000
0.475115	0.125903	0.000000
-0.328471	0.671630	0.000000
-0.468458	0.390317	0.000000
0.257854	0.105514	0.000000
0.056374	0.711974	0.000000
-0.654692	0.494690	0.000000
0.924234	0.775909	0.000000
0.006128	0.811119	0.000000
0.410794	0.758642	0.000000
0.774653	0.426534	0.000000
-0.191524	0.674171	0.000000
-0.523477	-0.730866	0.000000
-0.627084	0.356064	0.000000
0.150215	0.328856	0.000000
0.173685	-0.494445	0.000000
-0.513208	-0.992282	0.000000
-0.457688	0.518068	0.000000
0.536261	0.595091	0.000000
0.246134	0.137338	0.000000
-0.692805	0.154468	0.000000
-0.597115	0.065895	0.000000
0.653072	0.159735	0.000000
0.776911	0.694934	0.000000
-0.007593	0.269305	0.000000
0.555531	-0.383834	0.000000
0.786338	0.874093	0.000000
0.763001	0.598291	0.000000
0.399918	0.303238	0.000000
-0.515322	-0.990915	0.000000
0.153375	0.538907	0.000000
0.621284	0.209835	0.000000
0.608205	0.701919	0.000000
-0.005910	0.710483	0.000000
0.167665	0.583745	0.000000
0.144163	0.718581	0.000000
0.586670	0.305232	0.000000
0.131859	0.688113	0.000000
0.154425	-0.065498	0.000000
-0.883358	0.853296	0.000000
-0.697014	0.581258	0.000000
-0.220467	0.408341	0.000000
-0.563147	-0.958574	0.000000
-0.790952	0.707076	0.000000
0.618301	-0.495918	0.000000
0.398765	-0.462289	0.000000
0.894799	0.782130	0.000000
0.246840	-0.190141	0.000000
0.859560	0.592390	0.000000
-0.860086	0.770660	0.000000
0.327963	0.362462	0.000000
-0.093238	-0.313020	0.000000
-0.418061	0.587020	0.000000
0.430149	0.159516	0.000000
-0.123738	-0.303680	0.000000
-0.904487	0.879135	0.000000
0.646825	0.232268	0.000000
-0.576319	0.722882	0.000000
0.081750	0.000396	0.000000
-0.318198	0.404683	0.000000
0.407944	0.453839	0.000000
-0.471251	0.436151	0.000000
0.702427	-0.394608	0.000000
0.671170	-0.468637	0.000000
-0.374190	0.056004	0.000000
0.693508	0.178363	0.000000
0.310608	0.294318	0.000000
-0.410883	-0.459751	0.000000
0.684060	0.693745	0.000000
-0.189537	0.559975	0.000000
-0.409988	-0.323938	0.000000
0.544968	-0.032368	0.000000
-0.162427	0.569447	0.000000
0.595359	0.666948	0.000000
0.450785	-0.091884	0.000000
0.881332	0.464429	0.000000
0.045295	-0.170494	0.000000
-0.282889	0.155898	0.000000
0.272419	-0.153443	0.000000
0.729128	-0.621165	0.000000
-0.352788	0.693922	0.000000
0.727021	-0.317603	0.000000
0.482901	0.510158	0.000000
-0.116776	-0.337760	0.000000
-0.317779	0.718249	0.000000
0.132769	0.370254	0.000000
0.507885	0.262225	0.000000
-0.037984	0.280620	0.000000
-0.375182	-0.744339	0.000000
-0.309454	0.447229	0.000000
-0.210879	-0.424687	0.000000
-0.721556	0.672324	0.000000
0.234007	0.684213	0.000000
-0.251649	-0.278638	0.000000
-0.726197	0.600679	0.000000
-0.993687	0.829157	0.000000
-0.736637	0.329623	0.000000
0.761715	0.446485	0.000000
0.265126	-0.223703	0.000000
0.494447	-0.386444	0.000000
-0.273071	-0.106285	0.000000
-0.745834	0.648252	0.000000
-0.114183	-0.050067	0.000000
-0.276271	-0.162880	0.000000
-0.889649	0.815266	0.000000
-0.309006	-0.634398	0.000000
0.760663	0.711887	0.000000
-0.592713	-0.923158	0.000000
-0.769502	0.860519	0.000000
-0.301184	0.659357	0.000000
0.654174	0.116418	0.000000
0.784513	0.510314	0.000000
-0.812613	0.421080	0.000000
0.685755	0.679192	0.000000
0.509359	0.344884	0.000000
0.168222	0.265735	0.000000
-0.018688	-0.146026	0.000000
-0.842177	0.713746	0.000000
0.047422	0.115281	0.000000
0.058205	0.735022	0.000000
-0.076110	-0.148749	0.000000
0.493981	-0.405910	0.000000
0.164000	0.711441	0.000000
0.190961	0.010461	0.000000
-0.821231	0.366799	0.000000
0.660444	-0.560619	0.000000
-0.928899	0.823823	0.000000
-0.610168	-0.473128	0.000000
-0.143111	0.665101	0.000000
-0.267278	-0.115205	0.000000
0.714379	0.342944	0.000000
-0.182410	-0.574909	0.000000
-0.378085	0.582999	0.000000
0.713044	0.703074	0.000000
0.372975	-0.168390	0.000000
0.406305	0.164766	0.000000
-0.551900	0.765174	0.000000
-0.490553	-0.827754	0.000000
0.093081	-0.185970	0.000000
0.405966	0.041956	0.000000
-0.508540	-0.001577	0.000000
-0.003680	-0.032968	0.000000
-0.234279	-0.707184	0.000000
0.393603	-0.325520	0.000000
-0.549516	0.643615	0.000000
-0.091522	0.218876	0.000000
-0.389314	-0.462686	0.000000
0.740706	0.186876	0.000000
0.055947	-0.031392	0.000000
0.448566	0.480949	0.000000
0.245514	-0.383332	0.000000
0.186895	0.492707	0.000000
0.654521	0.711613	0.000000
-0.110813	0.486187	0.000000
-0.592890	0.035334	0.000000
-0.506049	0.848684	0.000000
-0.806185	0.848874	0.000000
-0.610226	-0.087755	0.000000
-0.155568	0.117335	0.000000
-0.152088	-0.140827	0.000000
0.034648	-0.320686	0.000000
-0.487615	-0.804181	0.000000
0.592611	0.798604	0.000000
0.129651	0.654023	0.000000
0.715267	0.069003	0.000000
-0.280368	-0.769010	0.000000
-0.265378	0.725237	0.000000
-0.814582	0.180586	0.000000
-0.258356	-0.492201	0.000000
0.383266	0.731581	0.000000
0.572166	0.485838	0.000000
0.617216	0.438700	0.000000
-0.871274	0.855044	0.000000
0.712930	-0.481010	0.000000
-0.491665	0.847085	0.000000
0.221705	0.358909	0.000000
0.341236	0.904925	0.000000
-0.045347	0.128101	0.000000
-0.100914	-0.065492	0.000000
-0.306352	0.729000	0.000000
-0.346593	0.329961	0.000000
-0.127606	-0.083557	0.000000
0.628878	-0.336326	0.000000
0.751827	0.073745	0.000000
0.907615	0.797234	0.000000
-0.472409	-0.160668	0.000000
0.455562	-0.209783	0.000000
0.787575	-0.389401	0.000000
-0.146256	-0.481091	0.000000
0.424647	-0.224715	0.000000
-0.315493	0.414502	0.000000
-0.869164	0.478374	0.000000
0.697978	0.433985	0.000000
0.598527	-0.018402	0.000000
0.611136	0.373852	0.000000
-0.016232	0.137113	0.000000
0.543969	-0.033093	0.000000
0.185581	0.839347	0.000000
-0.318539	0.055580	0.000000
-0.030295	0.079302	0.000000
-0.506243	0.196803	0.000000
-0.250078	0.585585	0.000000
-0.294067	-0.827596	0.000000
0.432319	0.749615	0.000000
-0.420674	0.368237	0.000000
0.116960	-0.001960	0.000000
-0.360213	-0.428998	0.000000
-0.454339	0.120432	0.000000
-0.767786	0.477912	0.000000
-0.373531	-0.456963	0.000000
0.552368	0.636601	0.000000
0.178122	0.446104	0.000000
0.018380	0.617106	0.000000
0.339814	0.231590	0.000000
0.462450	-0.352041	0.000000
0.628396	0.822638	0.000000
0.589515	-0.489206	0.000000
-0.218067	0.306345	0.000000
0.747390	0.810458	0.000000
-0.762928	0.218622	0.000000
-0.350102	0.789147	0.000000
0.545820	0.613868	0.000000
-0.770923	0.681112	0.000000
0.515137	-0.617976	0.000000
-0.508931	-0.459526	0.000000
0.615034	0.709861	0.000000
0.472672	0.378053	0.000000
0.363857	-0.258772	0.000000
0.209408	0.381380	0.000000
0.588526	-0.357772	0.000000
0.644695	0.746744	0.000000
-0.493650	0.853274	0.000000
-0.246647	-0.047758	0.000000
-0.130863	-0.024542	0.000000
-0.473523	0.331677	0.000000
-0.201071	0.656941	0.000000
-0.697922	-0.038225	0.000000
0.383157	0.767977	0.000000
0.708365	0.635589	0.000000
0.258132	0.549135	0.000000
0.295850	-0.041157	0.000000
0.562617	-0.409857	0.000000
-0.002285	-0.103769	0.000000
-0.392097	0.148265	0.000000
0.769187	0.637708	0.000000
0.730355	0.667272	0.000000
0.113731	-0.025273	0.000000
0.379606	-0.021214	0.000000
-0.243294	-0.646200	0.000000
-0.501116	0.831122	0.000000
0.676795	0.563352	0.000000
0.279774	-0.316725	0.000000
-0.203261	-0.135380	0.000000
-0.472919	-0.084773	0.000000
0.565490	0.069671	0.000000
-0.106113	0.100253	0.000000
-0.050799	-0.566418	0.000000
0.431113	0.042230	0.000000
-0.500245	0.704482	0.000000
-0.727359	0.803182	0.000000
-0.447632	0.297629	0.000000
-0.597061	-0.733077	0.000000
-0.598809	0.565101	0.000000
0.154831	0.337066	0.000000
0.590591	0.130260	0.000000
0.130215	0.102342	0.000000
-0.353132	-0.181140	0.000000
-0.260630	-0.360217	0.000000
-0.431353	-0.035068	0.000000
0.386008	0.101314	0.000000
0.299280	-0.316546	0.000000
-0.854846	0.413557	0.000000
-0.890387	0.334643	0.000000
0.450947	0.114933	0.000000
-0.656035	0.876910	0.000000
0.581179	-0.389540	0.000000
0.060147	-0.386055	0.000000
-0.654653	0.805745	0.000000
-0.359364	-0.145007	0.000000
-0.174035	-0.016893	0.000000
0.311604	0.352069	0.000000
-0.178073	0.111947	0.000000
-0.052380	0.044846	0.000000
0.675367	0.012374	0.000000
-0.465016	0.129263	0.000000
-0.916021	0.705804	0.000000
-0.736282	0.335942	0.000000
0.173144	-0.005180	0.000000
-0.383849	0.805082	0.000000
-0.985064	0.712525	0.000000
0.752052	0.665560	0.000000
-0.319632	0.093555	0.000000
-0.746873	0.878847	0.000000
0.077814	-0.026695	0.000000
0.680561	0.511850	0.000000
-0.433106	-0.459956	0.000000
0.515308	-0.109389	0.000000
0.836201	0.630500	0.000000
0.810065	0.492574	0.000000
0.686783	0.219246	0.000000
-0.229574	0.410524	0.000000
0.551046	0.468457	0.000000
0.574003	0.425738	0.000000
0.105227	0.339184	0.000000
0.480998	0.276563	0.000000
0.196887	0.769357	0.000000
-0.822571	0.342448	0.000000
0.429792	0.534265	0.000000
-0.234490	-0.671865	0.000000
-0.551915	-0.455440	0.000000
-0.177485	-0.229357	0.000000
0.210044	0.721401	0.000000
-0.099636	-0.639903	0.000000
-0.709650	0.133999	0.000000
0.145971	-0.414850	0.000000
0.539348	0.036199	0.000000
-0.320511	0.496863	0.000000
-0.900485	0.698444	0.000000
-0.029619	-0.598467	0.000000
-0.447397	0.555243	0.000000
-0.307564	-0.145333	0.000000
0.445171	0.263323	0.000000
-0.731619	0.818708	0.000000
-0.052632	-0.074490	0.000000
-0.400942	0.794055	0.000000
-0.401759	-0.843753	0.000000
0.952828	0.609838	0.000000
-0.421359	-0.088414	0.000000
-0.602485	-0.419831	0.000000
0.767923	0.636001	0.000000
-0.316036	0.191594	0.000000
-0.100743	0.049904	0.000000
-0.894843	0.602977	0.000000
0.381206	-0.273560	0.000000
-0.336834	0.773989	0.000000
0.461911	0.633423	0.000000
0.058117	0.679094	0.000000
-0.138476	-0.559713	0.000000
0.247060	0.468019	0.000000
-0.441115	0.779556	0.000000
-0.798447	0.940254	0.000000
-0.155485	0.355614	0.000000
-0.557487	-0.629850	0.000000
0.490853	0.008850	0.000000
-0.539360	0.123195	0.000000
0.176018	-0.127023	0.000000
-0.190633	0.314169	0.000000
0.832290	0.515117	0.000000
-0.184382	-0.150041	0.000000
0.087720	-0.180690	0.000000
0.360003	-0.260965	0.000000
0.416018	0.130295	0.000000
-0.132224	0.677168	0.000000
0.878881	0.850411	0.000000
0.644853	-0.466643	0.000000
-0.170399	-0.116152	0.000000
-0.296379	0.016630	0.000000
0.928836	0.724179	0.000000
-0.894622	0.291176	0.000000
0.451406	0.344323	0.000000
0.761948	0.854593	0.000000
0.515475	0.485797	0.000000
0.271837	0.765954	0.000000
0.922584	0.853251	0.000000
-0.421780	-0.510145	0.000000
0.162219	-0.012827	0.000000
0.036973	0.393873	0.000000
0.552961	0.545439	0.000000
0.866521	0.671648	0.000000
-0.058835	-0.020348	0.000000
-0.259612	-0.412704	0.000000
-0.512710	0.817025	0.000000
0.625781	0.525876	0.000000
0.715392	0.592568	0.000000
0.508503	-0.342508	0.000000
0.344229	-0.191171	0.000000
0.411825	-0.555164	0.000000
-0.097479	0.637951	0.000000
-0.071280	-0.125713	0.000000
0.317814	0.703302	0.000000
-0.678654	0.826593	0.000000
-0.724736	0.793707	0.000000
0.024868	-0.511608	0.000000
0.247563	0.101840	0.000000
0.133962	-0.229238	0.000000
0.414165	0.211831	0.000000
-0.010818	0.118046	0.000000
-0.961364	0.941267	0.000000
0.532137	0.571278	0.000000
0.740303	0.159226	0.000000
0.602268	0.124367	0.000000
-0.003624	0.061102	0.000000
0.312598	-0.270405	0.000000
-0.445329	0.777551	0.000000
-0.537363	-0.804415	0.000000
-0.192908	-0.069325	0.000000
0.766148	0.441318	0.000000
0.057620	0.205137	0.000000
-0.472047	-0.180508	0.000000
-0.787610	0.849380	0.000000
0.572625	-0.019844	0.000000
0.290625	0.005549	0.000000
0.650695	0.687120	0.000000
0.255882	0.779725	0.000000
-0.013046	0.538052	0.000000
0.021952	-0.087979	0.000000
0.302207	-0.300140	0.000000
-0.626945	-0.660756	0.000000
0.717490	-0.509594	0.000000
-0.627894	-0.548306	0.000000
0.335568	0.143315	0.000000
-0.893269	0.805433	0.000000
0.261193	-0.096980	0.000000
-0.331998	-0.382304	0.000000
-0.002334	0.788091	0.000000
0.636377	-0.325921	0.000000
0.390522	0.605688	0.000000
0.331398	-0.602810	0.000000
-0.931989	0.834417	0.000000
0.586104	-0.036686	0.000000
0.338402	0.834486	0.000000
0.167978	-0.083484	0.000000
0.341156	0.342931	0.000000
0.355757	-0.020096	0.000000
-0.309738	0.672879	0.000000
0.607035	-0.043078	0.000000
-0.445440	-0.041836	0.000000
-0.928660	0.922177	0.000000
0.240050	0.676519	0.000000
-0.349526	0.066483	0.000000
-0.799542	0.668105	0.000000
0.286228	0.098333	0.000000
-0.663105	0.660486	0.000000
0.243466	-0.013029	0.000000
-0.177601	-0.349736	0.000000
-0.945180	0.793865	0.000000
0.765408	-0.371327	0.000000
0.743644	-0.591034	0.000000
-0.606838	0.383210	0.000000
-0.197663	-0.169832	0.000000
-0.579385	0.275221	0.000000
-0.064204	-0.198952	0.000000
0.743079	0.448788	0.000000
-0.530194	0.559731	0.000000
0.573774	-0.417738	0.000000
0.605764	0.014610	0.000000
-0.000575	0.372180	0.000000
-0.480784	-0.404107	0.000000
-0.719711	0.536424	0.000000
-0.418594	0.388676	0.000000
0.433006	0.401275	0.000000
0.541848	0.086662	0.000000
0.669910	0.721666	0.000000
0.619280	0.082152	0.000000
0.690406	-0.475631	0.000000
0.463817	0.033291	0.000000
0.196749	-0.228917	0.000000
0.409364	-0.116470	0.000000
0.345286	-0.181757	0.000000
0.405736	0.049072	0.000000
-0.337254	-0.226063	0.000000
0.553803	0.093410	0.000000
-0.703319	0.222905	0.000000
0.009526	-0.076132	0.000000
0.709149	0.322188	0.000000
-0.823710	0.956487	0.000000
0.547754	-0.379810	0.000000
-0.666737	0.617486	0.000000
0.281320	-0.538263	0.000000
-0.163436	0.587263	0.000000
0.773718	0.417833	0.000000
-0.275019	-0.055006	0.000000
0.178858	-0.020321	0.000000
0.001787	-0.474014	0.000000
-0.109735	-0.348131	0.000000
0.390837	-0.215524	0.000000
0.438012	0.065855	0.000000
0.092629	0.693218	0.000000
0.767744	0.821504	0.000000
-0.878321	0.543656	0.000000
0.862907	0.763870	0.000000
-0.063260	-0.282791	0.000000
0.129889	-0.015381	0.000000
-0.725803	0.887705	0.000000
-0.186917	0.217516	0.000000
0.009065	-0.368826	0.000000
-0.625698	-0.352065	0.000000
0.654928	0.612593	0.000000
-0.743501	0.910398	0.000000
-0.131339	0.592143	0.000000
-0.180102	0.666050	0.000000
0.430204	-0.111154	0.000000
-0.172997	-0.647607	0.000000
-0.885540	0.581749	0.000000
0.076765	0.421996	0.000000
-0.418622	-0.324759	0.000000
0.293877	-0.073759	0.000000
0.031324	0.301828	0.000000
0.825445	0.495866	0.000000
0.524288	0.224777	0.000000
-0.279140	-0.368808	0.000000
-0.131899	-0.557554	0.000000
-0.270332	-0.672900	0.000000
0.340062	0.285395	0.000000
-0.493538	0.089712	0.000000
0.242946	-0.024117	0.000000
0.079520	0.207189	0.000000
0.782244	-0.673220	0.000000
-0.569789	0.294097	0.000000
0.961741	0.576677	0.000000
0.460351	-0.338630	0.000000
-0.545321	0.587158	0.000000
0.855851	0.635518	0.000000
-0.493564	-0.720866	0.000000
-0.186412	0.597835	0.000000
0.201077	0.521926	0.000000
0.371832	-0.249502	0.000000
-0.457183	0.227310	0.000000
-0.270851	-0.464506	0.000000
-0.350504	0.769758	0.000000
0.881967	0.837027	0.000000
0.471902	0.628699	0.000000
-0.272238	0.562215	0.000000
0.596930	0.432064	0.000000
0.332041	0.328021	0.000000
0.288054	-0.316859	0.000000
-0.471337	0.376818	0.000000
-0.576068	0.418819	0.000000
-0.539815	0.648969	0.000000
0.587416	0.335672	0.000000
-0.363539	0.704114	0.000000
-0.277414	-0.283204	0.000000
0.140835	0.531221	0.000000
-0.395193	-0.878010	0.000000
-0.284865	-0.176295	0.000000
0.300563	0.156732	0.000000
-0.650322	0.705748	0.000000
0.677777	0.257630	0.000000
0.614336	0.451525	0.000000
-0.493043	0.229208	0.000000
-0.280652	-0.162593	0.000000
0.630148	-0.388856	0.000000
0.549475	0.101213	0.000000
0.294614	0.097427	0.000000
0.807993	-0.467478	0.000000
0.572278	0.646702	0.000000
0.710895	-0.599979	0.000000
-0.882070	0.745987	0.000000
0.396442	0.590538	0.000000
0.314887	-0.310444	0.000000
-0.412056	0.773316	0.000000
-0.315772	-0.342261	0.000000
0.769183	0.732200	0.000000
-0.295467	-0.387656	0.000000
-0.168483	-0.481957	0.000000
-0.357650	0.113367	0.000000
0.255922	0.172328	0.000000
0.252593	0.019609	0.000000
-0.486555	-0.549874	0.000000
0.367981	0.550875	0.000000
0.382864	0.599623	0.000000
-0.249733	-0.801650	0.000000
-0.162642	0.381630	0.000000
0.720818	-0.643478	0.000000
-0.530050	0.771307	0.000000
-0.359280	0.435422	0.000000
0.475735	0.014269	0.000000
0.240235	0.139861	0.000000
0.820903	0.829408	0.000000
-0.588550	0.674721	0.000000
0.115272	-0.203311	0.000000
0.095605	-0.493279	0.000000
0.684250	0.186313	0.000000
0.188825	-0.391170	0.000000
0.170735	0.275863	0.000000
0.039495	-0.352648	0.000000
0.100056	-0.099501	0.000000
-0.357200	-0.146817	0.000000
0.350959	0.758722	0.000000
0.576725	-0.285111	0.000000
0.244549	0.736236	0.000000
0.506822	0.067801	0.000000
0.237747	-0.074375	0.000000
0.516034	0.437453	0.000000
0.286613	0.955065	0.000000
0.622371	0.418781	0.000000
0.047508	-0.428400	0.000000
0.688067	0.171273	0.000000
0.653614	0.373017	0.000000
-0.796500	0.946326	0.000000
-0.144696	0.258107	0.000000
-0.654483	0.418500	0.000000
-0.387711	0.737734	0.000000
-0.152912	-0.060205	0.000000
-0.906141	0.759572	0.000000
-0.085181	-0.366914	0.000000
0.173612	0.782253	0.000000
0.188232	0.794851	0.000000
-0.340017	-0.508179	0.000000
0.445625	0.112262	0.000000
-0.315783	-0.439363	0.000000
0.474678	0.249686	0.000000
-0.581210	-0.464763	0.000000
-0.480981	-0.941493	0.000000
-0.685458	0.767651	0.000000
-0.492024	-0.037786	0.000000
0.651865	0.601469	0.000000
0.506812	-0.380429	0.000000
-0.095768	-0.152190	0.000000
0.739715	-0.444422	0.000000
0.452737	-0.139452	0.000000
-0.465811	-0.798300	0.000000
0.099661	0.667168	0.000000
0.351219	-0.116002	0.000000
0.462076	0.581930	0.000000
-0.366044	-0.155106	0.000000
0.694896	0.103597	0.000000
0.328809	-0.454156	0.000000
-0.643293	0.081697	0.000000
0.014420	-0.339365	0.000000
-0.353553	0.217447	0.000000
0.536561	0.487510	0.000000
0.324812	-0.129804	0.000000
0.604368	0.061779	0.000000
-0.591559	0.333828	0.000000
-0.732989	0.444111	0.000000
0.303009	0.167666	0.000000
-0.046626	0.636935	0.000000
-0.456327	-0.020969	0.000000
0.329563	0.372815	0.000000
0.507609	0.180818	0.000000
0.661819	0.483086	0.000000
0.843613	0.838085	0.000000
-0.506550	0.182678	0.000000
-0.548285	-0.784888	0.000000
0.829732	0.736588	0.000000
-0.856971	0.761322	0.000000
-0.053150	0.177104	0.000000
-0.551724	0.197388	0.000000
0.716543	-0.688107	0.000000
-0.572896	0.520565	0.000000
-0.606470	0.210520	0.000000
0.320226	1.000000	0.000000
0.241539	0.084924	0.000000
0.668637	0.577412	0.000000
0.667206	-0.371682	0.000000
0.029761	0.558274	0.000000
-0.754798	0.114756	0.000000
0.915168	0.673627	0.000000
0.420750	-0.067779	0.000000
0.297218	0.576718	0.000000
-0.499283	0.537116	0.000000
-0.395932	0.127517	0.000000
-0.432612	-0.927275	0.000000
0.855682	0.403917	0.000000
0.895192	0.739106	0.000000
-0.556012	0.750936	0.000000
0.240836	-0.275644	0.000000
-0.796311	0.350654	0.000000
0.573979	0.051364	0.000000
0.695641	0.063444	0.000000
-0.919291	0.611905	0.000000
0.644424	-0.635713	0.000000
-0.860731	0.383523	0.000000
-0.318586	-0.754249	0.000000
0.403573	0.020195	0.000000
-0.803059	0.844090	0.000000
-0.743753	0.192060	0.000000
0.241226	-0.230799	0.000000
0.708758	0.603076	0.000000
-0.309683	-0.275271	0.000000
-0.113418	0.482270	0.000000
-0.707479	0.698883	0.000000
0.686387	0.168855	0.000000
0.241730	0.376892	0.000000
0.335175	0.256666	0.000000
-0.990167	0.855808	0.000000
-0.029336	-0.544210	0.000000
-0.302162	-0.512712	0.000000
-0.568915	0.857271	0.000000
-0.474039	-0.537425	0.000000
-0.400471	-0.048093	0.000000
0.654443	0.492066	0.000000
0.476882	0.037729	0.000000
0.381215	-0.383194	0.000000
-0.600079	0.817815	0.000000
0.351839	0.005168	0.000000
-0.743608	0.914307	0.000000
0.280900	-0.340356	0.000000
0.456982	0.275528	0.000000
0.887131	0.442036	0.000000
0.785663	-0.615897	0.000000
0.465124	0.201672	0.000000
0.209262	-0.234373	0.000000
0.558010	0.076511	0.000000
0.430729	-0.161220	0.000000
0.104973	-0.025755	0.000000
-0.386541	-0.406997	0.000000
-0.401565	0.785868	0.000000
-0.405679	0.068184	0.000000
0.097192	-0.059453	0.000000
-0.370915	0.583191	0.000000
-0.269845	0.626389	0.000000
-0.344092	0.748526	0.000000
0.277515	0.053527	0.000000
0.638428	0.070431	0.000000
0.890517	0.471465	0.000000
0.938016	0.834124	0.000000
-0.368587	-0.692734	0.000000
0.388766	-0.383184	0.000000
0.350741	-0.506776	0.000000
-0.622955	0.831852	0.000000
0.270291	-0.535764	0.000000
0.925259	0.542156	0.000000
0.874927	0.811096	0.000000
-0.163653	0.268972	0.000000
0.254287	0.478530	0.000000
-0.079588	0.441472	0.000000
0.409271	0.059159	0.000000
-0.594653	-0.868368	0.000000
-0.242916	0.390876	0.000000
0.805140	0.727302	0.000000
0.448012	0.166134	0.000000
-0.937391	0.891952	0.000000
-0.277106	0.628599	0.000000
0.345207	0.361841	0.000000
-0.875406	0.777192	0.000000
-0.298427	0.201083	0.000000
0.564529	0.768306	0.000000
-0.219965	0.624231	0.000000
-0.476716	-0.108245	0.000000
0.332208	-0.528891	0.000000
0.947251	0.773077	0.000000
0.517690	0.016749	0.000000
-0.090598	0.303020	0.000000
-0.577624	0.564048	0.000000
-0.770921	0.588680	0.000000
-0.364644	-0.441955	0.000000
-0.413781	-0.728950	0.000000
0.426344	-0.362544	0.000000
0.416225	0.365263	0.000000
-0.333691	0.521530	0.000000
0.712671	0.283066	0.000000
-0.669424	0.559620	0.000000
-0.638936	0.864754	0.000000
-0.175468	0.522703	0.000000
0.449397	-0.270585	0.000000
-0.599693	0.274316	0.000000
0.293334	0.628535	0.000000
0.824845	0.666124	0.000000
0.830328	-0.467411	0.000000
0.342552	-0.214086	0.000000
0.535567	0.260584	0.000000
0.729845	0.043345	0.000000
0.799122	0.522451	0.000000
0.677661	-0.370418	0.000000
0.921068	0.675241	0.000000
-0.499139	-0.395151	0.000000
0.609121	0.705309	0.000000
0.114776	-0.143083	0.000000
0.277494	-0.038566	0.000000
-0.281717	-0.378303	0.000000
0.032981	0.714463	0.000000
-0.332965	-0.187872	0.000000
0.407106	0.117518	0.000000
0.650401	0.722072	0.000000
0.323403	0.293553	0.000000
0.678233	-0.370621	0.000000
-0.284678	-0.120554	0.000000
-0.315008	0.210481	0.000000
-0.776448	0.593335	0.000000
0.169737	-0.174591	0.000000
0.509033	0.113992	0.000000
0.275304	0.336481	0.000000
0.749813	0.195878	0.000000
-0.546035	-0.994555	0.000000
-0.439957	0.430320	0.000000
0.374461	0.271023	0.000000
-0.433560	0.623435	0.000000
-0.480641	0.037605	0.000000
0.402222	0.688141	0.000000
0.315956	0.700707	0.000000
-0.016907	0.658006	0.000000
-0.251136	0.481233	0.000000
-0.090271	-0.108609	0.000000
0.702972	0.815056	0.000000
0.613332	-0.345293	0.000000
-0.201499	0.083548	0.000000
-0.352505	0.404312	0.000000
-0.617176	0.723618	0.000000
-0.857049	0.207618	0.000000
-0.312945	-0.576489	0.000000
0.376387	0.613515	0.000000
-0.526366	-0.896592	0.000000
-0.102228	-0.072546	0.000000
-0.579863	0.393193	0.000000
-0.548715	-0.134801	0.000000
0.646927	0.340069	0.000000
-0.462926	-0.263965	0.000000
0.330707	0.987461	0.000000
0.836169	0.866357	0.000000
-0.016223	-0.441647	0.000000
-0.042777	0.672378	0.000000
0.187371	0.112524	0.000000
0.035881	0.151897	0.000000
0.100542	-0.433630	0.000000
-0.064656	-0.616787	0.000000
-0.431787	-0.323437	0.000000
-0.466839	-0.563196	0.000000
-0.401522	0.346795	0.000000
0.606901	0.743897	0.000000
0.359893	0.501106	0.000000
-0.436823	-0.023336	0.000000
-0.384688	0.661626	0.000000
-0.667535	0.875291	0.000000
0.172974	-0.145463	0.000000
0.848007	-0.525185	0.000000
-0.037434	-0.111810	0.000000
0.737504	0.587379	0.000000
-0.584276	0.568352	0.000000
0.465076	-0.410018	0.000000
-0.359563	-0.137659	0.000000
0.264067	0.330258	0.000000
0.276227	0.261825	0.000000
0.414873	0.316844	0.000000
0.599425	-0.323226	0.000000
0.565409	0.314695	0.000000
-0.517693	0.226938	0.000000
-0.223338	0.015496	0.000000
-0.438239	-0.053935	0.000000
-0.065735	-0.324328	0.000000
-0.429726	0.569094	0.000000
-0.120954	0.739510	0.000000
0.240469	0.430816	0.000000
0.088184	0.659110	0.000000
-0.874128	0.783406	0.000000
0.216147	0.320288	0.000000
0.726581	0.305295	0.000000
-0.522669	0.399033	0.000000
0.912851	0.479603	0.000000
-0.787225	0.489673	0.000000
-0.578801	-0.526579	0.000000
-0.962392	0.939225	0.000000
-0.631737	-0.408636	0.000000
-0.122606	-0.123510	0.000000
-0.311143	-0.234239	0.000000
-0.848569	0.398115	0.000000
-0.389924	0.374784	0.000000
0.094591	0.406192	0.000000
0.805955	0.570897	0.000000
0.458357	0.006984	0.000000
-0.479341	-0.937574	0.000000
-0.459571	0.113632	0.000000
0.690218	0.393556	0.000000
0.026583	-0.111769	0.000000
-0.320865	-0.090855	0.000000
0.260539	-0.262104	0.000000
0.655548	0.164914	0.000000
-0.299118	-0.169278	0.000000
-0.345162	0.651647	0.000000
-0.424625	-0.793418	0.000000
0.382914	-0.374968	0.000000
-0.556333	-0.565300	0.000000
-0.318556	0.574680	0.000000
0.127823	0.454005	0.000000
0.121960	-0.413820	0.000000
0.303620	0.202953	0.000000
-0.748149	0.573808	0.000000
-0.533286	0.140597	0.000000
0.239254	0.308313	0.000000
-0.052200	-0.589498	0.000000
-0.667123	-0.060057	0.000000
-0.039445	-0.100008	0.000000
0.463434	-0.243727	0.000000
0.625354	0.249184	0.000000
-0.148824	0.642334	0.000000
0.539198	0.481934	0.000000
-0.629129	0.264613	0.000000
0.583234	0.651105	0.000000
0.471071	0.068621	0.000000
-0.609446	0.693450	0.000000
0.523399	-0.374660	0.000000
-0.543677	0.567264	0.000000
0.885876	0.760222	0.000000
-0.301822	-0.374812	0.000000
0.987775	0.628201	0.000000
0.473523	-0.459806	0.000000
-0.386539	0.812889	0.000000
-0.441479	0.618580	0.000000
-0.415693	-0.580154	0.000000
-0.308018	0.684068	0.000000
-0.422167	-0.887039	0.000000
-0.133389	0.174841	0.000000
0.189463	-0.165426	0.000000
-0.493206	0.845744	0.000000
0.530478	0.685054	0.000000
0.020094	-0.075273	0.000000
0.383092	-0.015718	0.000000
0.532484	-0.658018	0.000000
0.137313	0.527645	0.000000
0.053658	-0.199491	0.000000
0.514671	0.478877	0.000000
0.771513	-0.544297	0.000000
-0.390859	-0.347405	0.000000
0.748262	0.763827	0.000000
-0.248106	-0.135889	0.000000
0.728571	0.409438	0.000000
-0.486955	0.201163	0.000000
-0.407272	-0.576108	0.000000
-0.551767	-0.590407	0.000000
-0.702135	0.008955	0.000000
-0.220701	0.502013	0.000000
-0.228295	0.627778	0.000000
0.631660	-0.678112	0.000000
-0.576235	0.439999	0.000000
-0.342767	-0.438243	0.000000
0.425221	-0.341586	0.000000
-0.424685	-0.055608	0.000000
-0.495295	-0.800964	0.000000
-0.711150	0.892660	0.000000
-0.362378	-0.477302	0.000000
-0.239614	0.241169	0.000000
-0.345266	-0.556392	0.000000
-0.104699	0.520274	0.000000
0.668591	0.416654	0.000000
-0.898421	0.747835	0.000000
-0.549905	0.486153	0.000000
-0.693974	0.816074	0.000000
-0.220792	-0.739996	0.000000
-0.343307	0.754232	0.000000
-0.545873	0.546185	0.000000
-0.137100	-0.278783	0.000000
0.588621	0.145633	0.000000
-0.535403	0.391670	0.000000
0.361299	-0.398064	0.000000
-0.502503	0.884818	0.000000
0.092318	0.403466	0.000000
-0.622443	-0.836073	0.000000
0.467121	0.331854	0.000000
-0.129519	-0.252272	0.000000
0.542842	-0.375543	0.000000
-0.523890	-0.378168	0.000000
0.813674	0.833544	0.000000
0.585080	0.595463	0.000000
0.368516	0.703135	0.000000
0.933726	0.564708	0.000000
0.414325	-0.474927	0.000000
0.523597	0.524727	0.000000
-0.028537	-0.549168	0.000000
0.829054	0.654086	0.000000
-0.567363	0.242803	0.000000
-0.114313	-0.034354	0.000000
0.360209	-0.335290	0.000000
0.609232	0.162628	0.000000
-0.535638	-0.171615	0.000000
0.376485	-0.307917	0.000000
0.231195	0.841136	0.000000
0.455115	-0.244535	0.000000
-0.964573	0.836781	0.000000
0.759276	0.338922	0.000000
-0.062249	-0.573353	0.000000
-0.353614	-0.135836	0.000000
-0.014638	0.282852	0.000000
0.689765	0.523401	0.000000
-0.274537	0.103075	0.000000
0.177601	0.202598	0.000000
-0.389674	-0.295235	0.000000
0.351815	0.636341	0.000000
0.338323	0.257350	0.000000
0.587766	0.086891	0.000000
0.357960	0.322357	0.000000
-0.458016	0.581255	0.000000
-0.387571	0.591536	0.000000
0.410293	0.291839	0.000000
-0.603734	0.592408	0.000000
0.596220	0.045635	0.000000
0.051196	-0.185473	0.000000
-0.463722	0.688696	0.000000
0.636138	0.108375	0.000000
0.747494	0.659847	0.000000
0.168946	0.769348	0.000000
0.434854	-0.411715	0.000000
0.610637	0.160227	0.000000
0.682162	0.549047	0.000000
-0.672896	-0.670976	0.000000
-0.077436	0.749207	0.000000
0.577803	-0.287907	0.000000
0.038035	-0.078610	0.000000
0.670218	-0.632339	0.000000
0.761421	0.704523	0.000000
-0.531419	0.347365	0.000000
-0.040465	0.095524	0.000000
0.737147	-0.396299	0.000000
0.312936	-0.382407	0.000000
-0.130860	-0.101978	0.000000
-0.143892	0.289536	0.000000
-0.367133	-0.860326	0.000000
0.156296	0.032839	0.000000
0.638730	0.689396	0.000000
0.068759	-0.038721	0.000000
-0.345655	-0.166543	0.000000
0.296082	0.160875	0.000000
0.386536	-0.384118	0.000000
0.115792	0.066170	0.000000
0.924529	0.707909	0.000000
0.865457	0.865799	0.000000
0.665762	0.485192	0.000000
0.787022	0.241878	0.000000
0.668575	0.551789	0.000000
0.812985	0.666392	0.000000
-0.527231	-0.806129	0.000000
0.194493	-0.244328	0.000000
-0.083464	0.271603	0.000000
0.574079	-0.007074	0.000000
-0.124696	-0.336683	0.000000
-0.341871	0.661630	0.000000
-0.580708	-0.801757	0.000000
0.006521	-0.227529	0.000000
0.986153	0.773798	0.000000
-0.320242	-0.464544	0.000000
-0.117002	-0.088065	0.000000
0.436183	0.648155	0.000000
0.982920	0.763979	0.000000
0.072302	-0.041658	0.000000
0.305692	0.416672	0.000000
-0.809339	0.632447	0.000000
0.412240	-0.609901	0.000000
-0.435196	0.216864	0.000000
0.342116	0.979743	0.000000
0.567556	-0.692690	0.000000
-0.620285	-0.762762	0.000000
-0.465549	0.150250	0.000000
-0.906103	0.612936	0.000000
0.540046	0.508834	0.000000
0.158068	-0.383160	0.000000
-0.142523	0.480846	0.000000
-0.786820	0.022675	0.000000
-0.947276	0.947578	0.000000
-0.433446	0.808611	0.000000
0.052213	-0.008895	0.000000
-0.231700	0.627974	0.000000
0.541505	-0.474795	0.000000
0.564233	0.075178	0.000000
0.479637	0.612659	0.000000
-0.253954	0.004906	0.000000
0.113535	0.037012	0.000000
-0.751904	0.443808	0.000000
0.666676	0.512030	0.000000
0.670644	-0.014621	0.000000
0.000335	0.762702	0.000000
0.134542	-0.016671	0.000000
-0.813683	0.677780	0.000000
-0.237189	0.527956	0.000000
0.464523	0.594988	0.000000
-0.271966	0.769413	0.000000
-0.148413	-0.643327	0.000000
0.558333	0.257550	0.000000
0.141350	0.582796	0.000000
0.342388	0.909521	0.000000
0.001284	0.085284	0.000000
0.711240	0.727813	0.000000
0.664824	-0.474909	0.000000
-0.654744	0.016145	0.000000
-0.700041	0.012329	0.000000
-0.260962	0.721749	0.000000
-0.736654	0.289653	0.000000
0.555033	0.024434	0.000000
0.659416	0.672724	0.000000
0.623121	0.111825	0.000000
0.485329	-0.087930	0.000000
0.197877	0.644508	0.000000
-0.610240	-0.663483	0.000000
-0.082590	0.152593	0.000000
-0.218268	-0.537011	0.000000
0.589631	-0.620029	0.000000
-0.535489	0.012780	0.000000
0.506667	0.496894	0.000000
0.313458	0.658143	0.000000
-0.163960	0.425627	0.000000
-0.040112	0.467526	0.000000
-0.276518	-0.729189	0.000000
0.250676	-0.147261	0.000000
-0.163240	0.448184	0.000000
-0.498156	-0.675094	0.000000
-0.640259	0.729362	0.000000
-0.272953	0.488888	0.000000
0.271586	-0.341401	0.000000
0.811452	-0.647213	0.000000
-0.330317	0.170377	0.000000
0.180219	0.196542	0.000000
0.191659	0.544195	0.000000
-0.251200	0.583069	0.000000
0.299634	0.015214	0.000000
-0.388347	0.192983	0.000000
-0.626616	0.532533	0.000000
0.223535	0.503219	0.000000
-0.403286	-0.122241	0.000000
0.538983	0.517212	0.000000
0.083909	-0.138546	0.000000
0.770031	0.524936	0.000000
-0.540278	-0.574027	0.000000
-0.647540	-0.520504	0.000000
-0.630770	0.894304	0.000000
0.303066	0.877768	0.000000
0.590833	0.088718	0.000000
0.589704	-0.665253	0.000000
0.088869	-0.181924	0.000000
-0.098455	-0.413756	0.000000
0.606665	0.525446	0.000000
-0.338583	-0.256219	0.000000
-0.290276	0.295907	0.000000
0.534363	0.496164	0.000000
0.593186	-0.343077	0.000000
0.782680	0.493138	0.000000
-0.945920	0.954585	0.000000
-0.381376	-0.635559	0.000000
-0.313856	-0.158863	0.000000
0.075116	0.216909	0.000000
0.338695	0.622560	0.000000
0.037840	-0.159416	0.000000
0.639622	-0.316998	0.000000
-0.615519	0.812419	0.000000
-0.004921	-0.525637	0.000000
0.144384	0.566587	0.000000
0.674238	0.619991	0.000000
-0.618986	-0.664503	0.000000
-0.490455	0.564287	0.000000
-0.442970	-0.101148	0.000000
-0.224002	0.331915	0.000000
-0.231378	-0.135501	0.000000
-0.986534	0.797418	0.000000
-0.037459	0.365891	0.000000
0.771523	0.757945	0.000000
0.153477	-0.131453	0.000000
0.379588	-0.355669	0.000000
0.204486	-0.020775	0.000000
-0.487026	-0.767410	0.000000
0.676241	0.676167	0.000000
0.741252	0.739302	0.000000
0.580649	0.821927	0.000000
0.567273	0.576971	0.000000
0.143480	0.491477	0.000000
0.311961	0.179032	0.000000
-0.117949	-0.318337	0.000000
0.466433	-0.043652	0.000000
0.788506	0.508228	0.000000
-0.828292	0.459212	0.000000
0.162792	0.438715	0.000000
0.717764	0.304712	0.000000
-0.442379	-0.316437	0.000000
0.511765	0.363955	0.000000
0.793932	0.830261	0.000000
0.238645	-0.318865	0.000000
0.134661	-0.171235	0.000000
0.458179	-0.131960	0.000000
-0.570344	0.417191	0.000000
0.452019	0.505608	0.000000
0.395491	0.151655	0.000000
0.556220	0.645070	0.000000
0.048440	0.585951	0.000000
0.405958	0.229463	0.000000
0.040333	-0.282441	0.000000
0.348172	0.127464	0.000000
-0.188448	0.568778	0.000000
-0.095517	0.596589	0.000000
0.983186	0.673624	0.000000
0.718340	0.242924	0.000000
0.201609	0.334096	0.000000
-0.597053	-0.453661	0.000000
0.328008	-0.197337	0.000000
0.267914	0.793324	0.000000
0.402606	0.560380	0.000000
-0.416895	-0.555887	0.000000
0.838063	0.532060	0.000000
-0.576499	0.114593	0.000000
-0.438339	-0.398630	0.000000
-0.105511	0.185011	0.000000
0.255910	0.574358	0.000000
-0.632734	-0.755392	0.000000
0.542360	-0.338721	0.000000
-0.369094	0.642110	0.000000
-0.361503	-0.037949	0.000000
0.647156	0.365731	0.000000
-0.901554	0.429817	0.000000
0.643103	0.048522	0.000000
0.726720	0.558107	0.000000
0.690351	-0.010350	0.000000
-0.063451	0.136106	0.000000
-0.356281	-0.438945	0.000000
-0.443101	-0.306900	0.000000
0.687427	-0.470079	0.000000
-0.039466	-0.075910	0.000000
-0.606867	-0.665222	0.000000
-0.973611	0.911621	0.000000
-0.583238	-0.464704	0.000000
0.215994	-0.051315	0.000000
0.423014	0.018979	0.000000
0.546989	-0.430444	0.000000
-0.492489	0.592052	0.000000
0.422225	-0.399975	0.000000
0.523462	-0.691090	0.000000
-0.481461	-0.174793	0.000000
0.848383	-0.549147	0.000000
0.869657	0.836251	0.000000
-0.438772	0.228659	0.000000
-0.507592	0.131849	0.000000
0.189582	0.637592	0.000000
0.627668	0.694626	0.000000
0.320936	-0.232635	0.000000
-0.478298	-0.299665	0.000000
0.421497	0.625244	0.000000
0.402045	0.337352	0.000000
-0.519513	0.313435	0.000000
-0.384548	0.061909	0.000000
0.070877	0.667791	0.000000
0.647231	0.480986	0.000000
0.357615	0.537065	0.000000
-0.152305	-0.496240	0.000000
0.010935	0.385264	0.000000
0.544692	0.120666	0.000000
-0.540063	0.188064	0.000000
-0.567413	0.549360	0.000000
0.256552	0.902868	0.000000
-0.511291	-0.142598	0.000000
0.344808	0.506881	0.000000
-0.885392	0.483973	0.000000
-0.045667	-0.317320	0.000000
-0.272479	-0.544861	0.000000
-0.025232	-0.602244	0.000000
-0.384291	0.764292	0.000000
-0.483970	0.424384	0.000000
0.240932	-0.123902	0.000000
0.556229	0.597003	0.000000
0.573887	0.374609	0.000000
-0.415140	0.388928	0.000000
-0.448547	0.311572	0.000000
0.584394	0.060543	0.000000
-0.754023	0.903365	0.000000
-0.222589	-0.150992	0.000000
0.646713	0.514900	0.000000
0.342050	0.942605	0.000000
-0.082012	-0.472138	0.000000
0.271575	0.866216	0.000000
-0.768798	0.755683	0.000000
-0.792508	0.223271	0.000000
0.482438	-0.465723	0.000000
-0.050664	0.235471	0.000000
0.555368	0.539261	0.000000
0.739214	-0.608686	0.000000
0.431173	0.649513	0.000000
-0.180629	0.653181	0.000000
0.207932	-0.018055	0.000000
-0.832240	0.837339	0.000000
-0.492753	0.428178	0.000000
-0.718890	0.541118	0.000000
0.762774	-0.475038	0.000000
-0.179567	0.627914	0.000000
-0.555577	0.275404	0.000000
0.557713	0.374315	0.000000
-0.679794	-0.318890	0.000000
-0.517756	0.209414	0.000000
0.142166	0.872054	0.000000
0.256408	0.225634	0.000000
-0.283510	0.199131	0.000000
0.815692	0.407791	0.000000
-0.026181	0.610120	0.000000
0.641013	0.254605	0.000000
-0.592759	0.771537	0.000000
-0.036138	0.685723	0.000000
0.212257	0.179345	0.000000
0.247706	0.792807	0.000000
-0.405510	0.683275	0.000000
-0.225360	-0.630279	0.000000
0.840632	0.541868	0.000000
0.980957	0.649141	0.000000
0.789717	0.643541	0.000000
0.057333	0.829961	0.000000
0.383946	-0.169754	0.000000
0.849070	-0.462195	0.000000
-0.451307	0.326488	0.000000
0.740953	0.287325	0.000000
0.793362	0.559152	0.000000
0.857110	0.512833	0.000000
-0.367544	-0.857338	0.000000
0.173279	0.681063	0.000000
-0.411868	0.641545	0.000000
0.127412	0.188180	0.000000
0.829717	0.737166	0.000000
-0.497948	0.023129	0.000000
0.365898	-0.195158	0.000000
-0.395639	0.027158	0.000000
-0.707224	0.785250	0.000000
-0.322934	0.790115	0.000000
0.331372	-0.358001	0.000000
0.683957	-0.405487	0.000000
-0.631070	-0.183648	0.000000
0.782294	0.542440	0.000000
0.838196	0.830191	0.000000
0.416130	0.593131	0.000000
-0.534682	0.193308	0.000000
-0.277666	-0.172783	0.000000
-0.308082	0.432833	0.000000
0.615611	0.704349	0.000000
0.481399	0.236722	0.000000
0.263622	0.545821	0.000000
-0.270755	-0.542266	0.000000
-0.578862	0.411439	0.000000
0.407865	0.188919	0.000000
0.512528	0.075806	0.000000
-0.260973	-0.060278	0.000000
0.546994	0.703956	0.000000
0.534741	0.553036	0.000000
-0.533761	0.123847	0.000000
-0.289902	-0.152068	0.000000
-0.950060	0.657024	0.000000
-0.632697	-0.872953	0.000000
0.246234	0.406874	0.000000
0.226604	-0.037047	0.000000
0.929113	0.535079	0.000000
-0.827075	0.306565	0.000000
0.471753	-0.497576	0.000000
0.863966	0.637147	0.000000
0.364283	0.132760	0.000000
0.848741	0.655130	0.000000
-0.517107	0.118676	0.000000
0.429078	-0.450647	0.000000
-0.397252	-0.335915	0.000000
-0.313573	0.592580	0.000000
-0.762854	0.637874	0.000000
0.656529	0.557983	0.000000
0.246650	0.287683	0.000000
0.014420	-0.274304	0.000000
-0.421112	0.036620	0.000000
-0.442838	-0.532954	0.000000
0.082691	0.815778	0.000000
0.394752	0.068910	0.000000
0.459404	-0.133185	0.000000
-0.482975	0.065749	0.000000
-0.191315	-0.190503	0.000000
0.642011	0.719020	0.000000
-0.218748	-0.162084	0.000000
-0.627288	-0.838661	0.000000
-0.834614	0.893801	0.000000
0.785623	0.478992	0.000000
-0.615986	-0.030445	0.000000
0.440790	-0.135718	0.000000
-0.803204	0.624717	0.000000
0.567538	-0.359113	0.000000
-0.590522	0.795660	0.000000
-0.469952	-0.241887	0.000000
0.531609	-0.013374	0.000000
0.277928	0.372469	0.000000
-0.445723	-0.410844	0.000000
-0.306564	0.487729	0.000000
0.795060	-0.424596	0.000000
0.898752	0.850462	0.000000
0.106755	-0.031331	0.000000
-0.401620	0.228447	0.000000
0.476575	0.082699	0.000000
0.064664	0.004680	0.000000
-0.819327	0.934655	0.000000
0.675640	0.175781	0.000000
0.575828	0.485419	0.000000
0.650293	0.023655	0.000000
0.150702	0.456345	0.000000
0.170708	0.137285	0.000000
-0.016821	0.711252	0.000000
-0.197483	0.393135	0.000000
0.355719	0.368569	0.000000
-0.145112	-0.036219	0.000000
0.318956	0.951548	0.000000
0.537485	-0.005907	0.000000
0.575472	0.465302	0.000000
-0.672542	0.688852	0.000000
0.494217	-0.177946	0.000000
0.264198	0.129484	0.000000
-0.023342	0.252187	0.000000
-0.219390	0.378999	0.000000
-0.750109	0.763783	0.000000
0.689992	0.151507	0.000000
0.606486	-0.506334	0.000000
0.804251	0.513771	0.000000
-0.271387	0.417000	0.000000
0.378880	0.107039	0.000000
-0.693575	0.152360	0.000000
-0.573149	-0.678559	0.000000
-0.618585	0.721963	0.000000
0.150536	-0.209252	0.000000
-0.201482	-0.375317	0.000000
0.788761	0.503479	0.000000
-0.275151	-0.000380	0.000000
0.954628	0.665850	0.000000
-0.026343	-0.234399	0.000000
0.425769	0.711935	0.000000
0.851120	-0.598296	0.000000
-0.512832	-0.468497	0.000000
-0.630414	0.396056	0.000000
0.111455	0.642364	0.000000
-0.295537	0.532451	0.000000
0.454308	0.613362	0.000000
-0.598258	-0.591116	0.000000
-0.545796	0.582072	0.000000
0.204042	0.073753	0.000000
-0.539508	-0.102457	0.000000
0.742765	0.472663	0.000000
0.412691	-0.240968	0.000000
0.797123	0.330325	0.000000
-0.276059	0.047453	0.000000
-0.291851	0.249178	0.000000
0.775374	0.607040	0.000000
0.869589	-0.518752	0.000000
-0.937764	0.750044	0.000000
0.667110	0.791448	0.000000
-0.828558	0.131138	0.000000
-0.307002	-0.388735	0.000000
0.060021	-0.336291	0.000000
0.421597	-0.086758	0.000000
0.445459	0.058568	0.000000
-0.613907	0.564706	0.000000
-0.361984	0.211520	0.000000
0.586144	0.147242	0.000000
0.371194	0.114820	0.000000
-0.847853	0.604445	0.000000
-0.567169	0.643119	0.000000
-0.065341	-0.463601	0.000000
0.257784	-0.206566	0.000000
-0.539218	0.468376	0.000000
0.060627	-0.395674	0.000000
0.616631	0.738819	0.000000
0.324644	0.455363	0.000000
0.399303	-0.055746	0.000000
0.624108	0.431127	0.000000
-0.834869	0.234403	0.000000
0.003922	0.266692	0.000000
0.423735	0.240211	0.000000
-0.138511	0.676919	0.000000
-0.748956	0.514728	0.000000
0.312651	0.752578	0.000000
0.718384	0.573833	0.000000
0.520481	0.153239	0.000000
0.130436	0.750063	0.000000
-0.402134	-0.429156	0.000000
-0.511539	-0.805182	0.000000
0.229820	0.930185	0.000000
-0.067278	-0.072180	0.000000
0.298298	-0.272393	0.000000
0.761099	-0.503843	0.000000
0.843303	0.839282	0.000000
0.315866	-0.561605	0.000000
0.111592	0.406175	0.000000
-0.159781	0.514511	0.000000
-0.122714	0.626620	0.000000
0.741700	0.754055	0.000000
0.454923	-0.204531	0.000000
0.340071	0.741028	0.000000
0.347467	0.211987	0.000000
0.253923	-0.122393	0.000000
0.829697	0.501532	0.000000
0.198329	0.515443	0.000000
0.584252	-0.417607	0.000000
0.931018	0.532572	0.000000
0.464988	0.070727	0.000000
-0.904677	0.908132	0.000000
-0.039056	0.756142	0.000000
0.553435	0.425950	0.000000
0.894268	0.544878	0.000000
0.476094	-0.012213	0.000000
-0.260167	0.095078	0.000000
-0.189992	0.705920	0.000000
0.479191	0.721699	0.000000
-0.071002	-0.143963	0.000000
0.729633	-0.610176	0.000000
-0.334723	0.570089	0.000000
-0.350444	-0.821813	0.000000
-0.504661	0.341460	0.000000
0.372001	-0.525643	0.000000
0.487985	-0.383321	0.000000
-0.778737	0.659823	0.000000
0.678489	-0.020913	0.000000
-0.914519	0.960908	0.000000
0.148703	0.644274	0.000000
-0.489378	0.286647	0.000000
0.524381	0.505686	0.000000
0.763769	0.842721	0.000000
-0.572327	-0.840951	0.000000
0.876492	0.626483	0.000000
-0.626321	-0.778240	0.000000
0.936478	0.820267	0.000000
0.386189	-0.406428	0.000000
0.521478	0.485940	0.000000
0.847729	0.454292	0.000000
-0.382515	-0.502468	0.000000
-0.784119	0.025439	0.000000
0.176808	-0.200477	0.000000
0.665309	0.069411	0.000000
0.745734	0.774643	0.000000
-0.060670	0.096769	0.000000
0.651178	0.713224	0.000000
0.195182	-0.214720	0.000000
-0.227661	0.551807	0.000000
0.444061	0.078424	0.000000
-0.164264	-0.094426	0.000000
-0.543533	0.285167	0.000000
0.688090	0.671982	0.000000
-0.563373	0.857817	0.000000
-0.691934	0.702824	0.000000
0.318034	-0.143414	0.000000
0.803856	0.848873	0.000000
-0.720283	0.849011	0.000000
-0.743796	0.502186	0.000000
-0.318762	-0.842301	0.000000
-0.792324	0.515212	0.000000
-0.516394	0.719519	0.000000
0.859262	-0.535277	0.000000
0.245358	0.165978	0.000000
-0.218445	-0.753812	0.000000
-0.253519	-0.136320	0.000000
0.425126	-0.483788	0.000000
-0.510591	-0.407682	0.000000
0.903502	0.441435	0.000000
-0.592290	0.789075	0.000000
-0.348325	0.769922	0.000000
0.184980	-0.404695	0.000000
0.320745	0.001008	0.000000
-0.336711	0.437011	0.000000
0.486054	0.594440	0.000000
0.963145	0.664710	0.000000
0.959478	0.810217	0.000000
0.110492	0.421566	0.000000
-0.414784	-0.458550	0.000000
-0.374759	0.545752	0.000000
-0.926931	0.740236	0.000000
0.419164	0.051286	0.000000
0.328379	0.400680	0.000000
-0.002865	0.753530	0.000000
-0.442510	-0.914567	0.000000
0.131511	0.189165	0.000000
-0.249689	0.620260	0.000000
0.335853	-0.308117	0.000000
0.624349	0.739162	0.000000
0.273703	0.917287	0.000000
0.011519	0.342801	0.000000
-0.583376	0.076165	0.000000
0.817245	0.499831	0.000000
0.232103	-0.436093	0.000000
-0.284530	0.560148	0.000000
-0.242910	0.366116	0.000000
0.762986	0.797628	0.000000
-0.237064	0.234345	0.000000
-0.419043	0.816870	0.000000
-0.332170	-0.249229	0.000000
0.089276	0.695828	0.000000
0.869963	-0.523756	0.000000
0.277547	-0.334908	0.000000
-0.182972	0.177783	0.000000
-0.625917	0.297924	0.000000
-0.384145	-0.256066	0.000000
-0.168747	-0.403022	0.000000
-0.232673	0.379305	0.000000
0.618018	0.390261	0.000000
0.815302	0.548647	0.000000
0.013431	0.558173	0.000000
0.307106	0.510687	0.000000
0.845898	-0.594095	0.000000
0.269184	0.562441	0.000000
-0.159170	0.089435	0.000000
0.010671	0.178434	0.000000
-0.610070	-0.053130	0.000000
-0.841613	0.759158	0.000000
-0.451493	0.200357	0.000000
0.405840	-0.155013	0.000000
0.247078	0.187720	0.000000
0.575228	0.489922	0.000000
0.709055	0.641874	0.000000
0.601095	0.590854	0.000000
0.344643	0.605463	0.000000
-0.212793	0.645130	0.000000
0.678827	-0.366023	0.000000
0.674979	0.718120	0.000000
0.339323	0.445122	0.000000
-0.383365	-0.735051	0.000000
0.829555	0.797067	0.000000
-0.424037	0.346566	0.000000
0.274535	0.001974	0.000000
-0.607014	0.580570	0.000000
0.456500	-0.606293	0.000000
0.765466	0.566723	0.000000
-0.228712	-0.712920	0.000000
-0.303533	-0.593557	0.000000
0.453860	0.300402	0.000000
-0.603228	-0.165812	0.000000
0.662253	-0.403496	0.000000
0.220290	-0.198090	0.000000
-0.192826	0.513633	0.000000
-0.689298	0.515937	0.000000
0.570570	0.514490	0.000000
-0.075033	0.581883	0.000000
0.041607	0.662125	0.000000
-0.170542	-0.175394	0.000000
0.679087	0.846289	0.000000
0.803360	-0.645775	0.000000
0.830677	0.782339	0.000000
-0.032682	-0.081815	0.000000
0.087805	0.354512	0.000000
-0.981477	0.699017	0.000000
0.167848	0.594069	0.000000
-0.281142	0.714364	0.000000
0.378425	0.597081	0.000000
0.120905	0.600229	0.000000
-0.379438	0.252614	0.000000
-0.565148	0.886449	0.000000
0.703015	0.562041	0.000000
0.126069	-0.144025	0.000000
0.694677	0.843808	0.000000
-0.377666	0.186359	0.000000
-0.308353	-0.357330	0.000000
0.290897	0.216922	0.000000
0.620422	-0.610950	0.000000
0.198985	0.630999	0.000000
0.736280	0.427338	0.000000
0.608013	0.171256	0.000000
-0.131840	0.293841	0.000000
0.111235	-0.359945	0.000000
0.815759	0.690435	0.000000
-0.619124	-0.173228	0.000000
-0.472072	0.321598	0.000000
-0.681775	-0.340693	0.000000
-0.316533	-0.312688	0.000000
0.773545	0.707981	0.000000
0.451356	0.436854	0.000000
-0.119600	-0.386998	0.000000
0.366005	-0.356080	0.000000
-0.692268	0.159678	0.000000
0.704611	-0.389396	0.000000
-0.445971	0.367027	0.000000
0.766157	0.671161	0.000000
0.502716	0.114233	0.000000
0.445161	-0.410252	0.000000
-0.803300	0.714123	0.000000
-0.416411	-0.715077	0.000000
0.710355	0.036593	0.000000
0.179514	0.519944	0.000000
-0.778940	0.351643	0.000000
0.341126	0.633850	0.000000
-0.012076	-0.139301	0.000000
0.087272	0.515484	0.000000
0.634116	-0.340234	0.000000
0.944161	0.702070	0.000000
-0.529860	-0.956786	0.000000
0.172169	-0.089508	0.000000
-0.974769	0.923684	0.000000
-0.169403	-0.425490	0.000000
-0.287181	-0.037532	0.000000
-0.844110	0.474523	0.000000
-0.292753	-0.044088	0.000000
-0.269116	0.655873	0.000000
0.676850	-0.013314	0.000000
-0.942741	0.512646	0.000000
0.356086	0.213789	0.000000
0.320350	0.412745	0.000000
0.155943	-0.445336	0.000000
-0.576953	-0.501302	0.000000
-0.553117	-0.248112	0.000000
0.724612	0.261266	0.000000
-0.824234	0.929653	0.000000
-0.433085	-0.039360	0.000000
0.059442	-0.375680	0.000000
0.472798	0.707271	0.000000
-0.489749	0.502529	0.000000
0.420374	0.405253	0.000000
-0.425887	0.830795	0.000000
0.718988	-0.512967	0.000000
0.585725	-0.358268	0.000000
-0.228122	0.586320	0.000000
0.467387	0.046664	0.000000
0.263235	0.693370	0.000000
-0.823079	0.605243	0.000000
0.539882	0.593876	0.000000
0.975233	0.682029	0.000000
-0.983781	0.837980	0.000000
0.228011	-0.310720	0.000000
-0.099369	-0.498296	0.000000
-0.114451	0.265023	0.000000
-0.022109	-0.032659	0.000000
0.649450	0.318936	0.000000
0.191914	0.014701	0.000000
-0.108636	0.402317	0.000000
-0.375060	0.226424	0.000000
0.270252	-0.169772	0.000000
0.837384	0.653390	0.000000
-0.389254	0.690555	0.000000
0.637922	0.421104	0.000000
-0.559767	0.791323	0.000000
-0.563331	-0.518910	0.000000
0.846873	0.754291	0.000000
0.205747	0.652279	0.000000
-0.309831	-0.450896	0.000000
-0.644227	-0.424347	0.000000
0.889372	0.841975	0.000000
0.149536	-0.545178	0.000000
-0.648692	0.549622	0.000000
0.619739	0.752837	0.000000
-0.277374	0.422037	0.000000
0.500900	0.248313	0.000000
-0.666703	-0.524243	0.000000
-0.636177	0.870844	0.000000
0.340362	-0.526386	0.000000
0.024096	0.553784	0.000000
0.457763	0.577892	0.000000
-0.514594	0.812261	0.000000
0.901419	0.545351	0.000000
0.085230	0.856674	0.000000
-0.708237	0.737230	0.000000
-0.274694	0.542675	0.000000
-0.055023	0.728358	0.000000
0.293056	0.489192	0.000000
0.004838	0.629160	0.000000
-0.553756	-0.319771	0.000000
0.718484	-0.334410	0.000000
0.209874	0.673500	0.000000
0.136677	0.223626	0.000000
0.721029	-0.505892	0.000000
-0.265482	-0.542076	0.000000
-0.386866	0.698723	0.000000
-0.390804	-0.563244	0.000000
0.519926	0.256266	0.000000
-0.942920	0.518881	0.000000
0.578338	0.593336	0.000000
0.186482	0.749225	0.000000
-0.752975	0.212116	0.000000
-0.366978	0.048992	0.000000
-0.394857	-0.555476	0.000000
0.540814	-0.518594	0.000000
-0.917978	0.368300	0.000000
0.669280	0.288485	0.000000
-0.599969	-0.864245	0.000000
0.063530	-0.170334	0.000000
0.604383	0.369721	0.000000
0.655276	-0.685584	0.000000
-0.160323	-0.118507	0.000000
0.064144	0.742617	0.000000
0.701743	0.537296	0.000000
0.660244	0.767580	0.000000
-0.484699	-0.372129	0.000000
0.056035	-0.002873	0.000000
-0.227757	0.180581	0.000000
0.461396	-0.079447	0.000000
-0.310593	-0.592198	0.000000
-0.297165	0.643012	0.000000
-0.211054	-0.096733	0.000000
0.796125	0.635624	0.000000
-0.080988	0.264701	0.000000
-0.185980	0.701921	0.000000
-0.519339	-0.449133	0.000000
-0.904014	0.777940	0.000000
-0.493993	0.042000	0.000000
-0.619634	-0.783228	0.000000
-0.406119	0.500767	0.000000
0.276500	0.369061	0.000000
0.289632	-0.069873	0.000000
-0.964144	0.934199	0.000000
0.862034	0.598210	0.000000
-0.725680	0.489840	0.000000
0.429779	-0.259876	0.000000
-0.640960	-0.755343	0.000000
0.506512	0.572777	0.000000
-0.386862	0.481037	0.000000
0.818786	0.509909	0.000000
0.502774	0.753323	0.000000
0.855743	0.599889	0.000000
0.245556	-0.127496	0.000000
0.320790	0.726132	0.000000
-0.657035	0.878533	0.000000
0.111218	0.353895	0.000000
-0.895264	0.786524	0.000000
-0.189279	0.673154	0.000000
0.562415	0.595282	0.000000
0.468302	0.426901	0.000000
0.305092	-0.428446	0.000000
-0.274566	0.430767	0.000000
0.351889	0.584217	0.000000
0.366548	-0.307849	0.000000
0.115204	0.517695	0.000000
0.309593	-0.306746	0.000000
0.149150	-0.321692	0.000000
-0.857488	0.781728	0.000000
0.277759	0.152275	0.000000
-0.227538	-0.116965	0.000000
0.185712	-0.193350	0.000000
-0.430228	0.823739	0.000000
0.172413	0.807336	0.000000
-0.627635	-0.661176	0.000000
-0.092902	0.462063	0.000000
0.552871	0.038952	0.000000
0.642989	0.046843	0.000000
-0.015540	0.782589	0.000000
0.761929	-0.616339	0.000000
-0.360515	0.686992	0.000000
0.754202	0.478646	0.000000
0.793453	0.661070	0.000000
-0.312537	0.487590	0.000000
-0.169858	-0.105774	0.000000
0.323949	-0.318132	0.000000
0.297826	0.309582	0.000000
-0.551617	0.537149	0.000000
0.484052	0.677442	0.000000
-0.562262	-0.838996	0.000000
0.647985	0.316235	0.000000
0.485066	0.628353	0.000000
0.708228	0.321310	0.000000
0.455306	0.671609	0.000000
0.520397	-0.385152	0.000000
-0.346627	-0.067789	0.000000
0.634555	-0.004187	0.000000
0.628083	0.346300	0.000000
0.313761	-0.388974	0.000000
0.303889	-0.210901	0.000000
0.774785	0.441637	0.000000
0.580117	0.102026	0.000000
-0.126018	-0.453225	0.000000
0.533926	-0.000811	0.000000
0.789460	0.268858	0.000000
0.289705	-0.316060	0.000000
0.487399	-0.285612	0.000000
0.406123	-0.134388	0.000000
0.642431	-0.520172	0.000000
0.679693	-0.376880	0.000000
-0.417912	-0.344935	0.000000
0.280371	0.150566	0.000000
0.513886	0.644614	0.000000
-0.503420	-0.836990	0.000000
0.739529	-0.394899	0.000000
-0.218138	-0.114552	0.000000
0.527427	0.474897	0.000000
-0.274948	0.706397	0.000000
-0.678167	0.155445	0.000000
0.696708	0.565757	0.000000
0.723388	0.803442	0.000000
0.335432	0.485982	0.000000
-0.742261	0.437941	0.000000
-0.660101	-0.574610	0.000000
-0.907678	0.687890	0.000000
0.612082	0.681614	0.000000
0.369857	0.125754	0.000000
-0.824427	0.552128	0.000000
-0.357720	-0.137232	0.000000
0.167046	0.442507	0.000000
0.722822	-0.459806	0.000000
0.765655	-0.431208	0.000000
0.684852	0.711895	0.000000
0.490747	-0.068379	0.000000
0.562172	0.203339	0.000000
-0.938642	0.623758	0.000000
0.655389	0.492220	0.000000
-0.347339	-0.164017	0.000000
0.972274	0.719904	0.000000
0.279433	-0.397872	0.000000
-0.311075	-0.803725	0.000000
-0.913681	0.904335	0.000000
0.703431	-0.642798	0.000000
-0.656363	0.051764	0.000000
0.061242	0.578039	0.000000
0.450822	0.347103	0.000000
0.883558	0.468896	0.000000
0.536815	-0.474801	0.000000
0.794876	0.673492	0.000000
0.563121	0.664598	0.000000
0.207763	-0.558019	0.000000
0.676178	-0.029985	0.000000
0.677815	0.586127	0.000000
0.286369	0.410521	0.000000
0.395556	-0.282728	0.000000
-0.500332	-0.187089	0.000000
-0.901888	0.783413	0.000000
0.532127	0.030839	0.000000
-0.292549	-0.398638	0.000000
0.105251	-0.208746	0.000000
0.582437	-0.648332	0.000000
0.189398	0.277545	0.000000
-0.295733	0.405423	0.000000
0.417951	0.628608	0.000000
-0.231326	-0.137468	0.000000
-0.145373	-0.446840	0.000000
0.284410	-0.001903	0.000000
0.494616	0.599580	0.000000
0.934780	0.807249	0.000000
-0.921816	0.804967	0.000000
0.679294	0.002401	0.000000
0.712132	0.472289	0.000000
-0.037874	-0.085314	0.000000
-0.218769	0.714672	0.000000
-0.741800	0.183938	0.000000
-0.171825	-0.564259	0.000000
-0.545591	-0.281344	0.000000
-0.223518	-0.121201	0.000000
0.900112	0.479151	0.000000
0.282853	0.093228	0.000000
-0.967191	0.817405	0.000000
-0.105807	0.397231	0.000000
-0.222034	0.551011	0.000000
0.653075	0.625060	0.000000
0.039468	0.202157	0.000000
-0.219206	0.741271	0.000000
0.129839	0.747180	0.000000
0.613679	0.547259	0.000000
0.570589	0.658712	0.000000
-0.444852	-0.486694	0.000000
0.432353	0.283252	0.000000
0.169561	0.392264	0.000000
-0.321639	0.746128	0.000000
0.424166	0.002806	0.000000
0.789565	0.570701	0.000000
0.660840	-0.355903	0.000000
-0.489878	0.844709	0.000000
0.201748	-0.115450	0.000000
-0.256397	0.119657	0.000000
0.461311	-0.461570	0.000000
0.596586	0.044736	0.000000
0.236518	-0.256493	0.000000
0.656108	0.252733	0.000000
0.526429	-0.531733	0.000000
0.698798	0.416447	0.000000
-0.307051	-0.334997	0.000000
-0.253851	-0.084305	0.000000
-0.071144	0.740679	0.000000
-0.239949	0.745083	0.000000
0.373566	0.601444	0.000000
0.602646	-0.319890	0.000000
0.393806	-0.268510	0.000000
0.639228	0.435489	0.000000
-0.673512	-0.535544	0.000000
-0.014928	0.190426	0.000000
0.372090	0.383158	0.000000
0.541621	0.133679	0.000000
0.378169	0.039570	0.000000
-0.140256	0.674490	0.000000
-0.099567	0.756150	0.000000
0.003668	-0.125258	0.000000
0.613113	0.732736	0.000000
0.581390	0.231486	0.000000
0.260122	-0.481617	0.000000
-0.498658	-0.957356	0.000000
0.555238	0.186784	0.000000
-0.100772	-0.547421	0.000000
-0.459869	0.449673	0.000000
0.558552	-0.411213	0.000000
0.146296	0.812717	0.000000
0.485271	0.624383	0.000000
0.224190	0.838293	0.000000
0.396579	0.335297	0.000000
0.472288	0.435036	0.000000
-0.026696	0.500141	0.000000
0.012193	0.405215	0.000000
-0.613277	-0.501595	0.000000
0.121880	0.431109	0.000000
-0.588156	-0.706265	0.000000
-0.140970	-0.110418	0.000000
-0.429829	-0.335331	0.000000
0.541955	0.195701	0.000000
0.289311	0.298123	0.000000
0.855003	0.518245	0.000000
-0.575099	0.881178	0.000000
-0.729886	-0.023829	0.000000
-0.358428	-0.885425	0.000000
-0.652887	-0.079335	0.000000
0.350734	0.270100	0.000000
-0.356484	0.302216	0.000000
-0.222234	-0.557015	0.000000
0.615457	0.130646	0.000000
0.756024	-0.618046	0.000000
-0.268509	0.136326	0.000000
0.649515	0.280289	0.000000
-0.479115	0.140542	0.000000
0.631909	-0.028232	0.000000
-0.637059	0.172725	0.000000
-0.271485	-0.186420	0.000000
0.686641	0.226922	0.000000
-0.326707	0.471587	0.000000
0.275292	0.621233	0.000000
0.438388	-0.182196	0.000000
-0.107979	-0.542562	0.000000
-0.753918	0.557837	0.000000
0.448342	0.034658	0.000000
-0.724343	0.493824	0.000000
0.384808	0.118768	0.000000
0.325903	0.516161	0.000000
0.579433	-0.477075	0.000000
0.627306	-0.609814	0.000000
-0.335319	0.295748	0.000000
0.765741	0.554367	0.000000
-0.906457	0.364987	0.000000
-0.062989	-0.462614	0.000000
-0.606713	0.261973	0.000000
-0.620160	-0.174586	0.000000
-0.392522	-0.496175	0.000000
0.885135	0.412811	0.000000
0.282126	0.538127	0.000000
0.897332	0.788261	0.000000
-0.238824	-0.475173	0.000000
0.448268	0.085043	0.000000
0.147417	0.418374	0.000000
0.429054	-0.093834	0.000000
-0.421122	0.765516	0.000000
0.213188	0.312930	0.000000
0.785263	0.543048	0.000000
0.512360	0.650339	0.000000
-0.489594	-0.724580	0.000000
-0.818256	0.350652	0.000000
0.661063	0.328660	0.000000
0.117397	0.307706	0.000000
0.456716	0.231941	0.000000
0.347511	-0.306846	0.000000
0.792355	-0.519292	0.000000
-0.418910	0.278036	0.000000
-0.508926	-0.932766	0.000000
0.457203	-0.382562	0.000000
0.172425	-0.015070	0.000000
-0.395753	0.512825	0.000000
0.114508	-0.215781	0.000000
-0.226925	0.437471	0.000000
-0.499855	0.708888	0.000000
0.428395	0.558941	0.000000
0.787204	-0.539551	0.000000
0.400765	0.106512	0.000000
-0.508812	0.133976	0.000000
-0.798840	0.562049	0.000000
-0.191529	0.562085	0.000000
-0.017688	0.047287	0.000000
-0.809435	0.241780	0.000000
-0.050578	-0.071194	0.000000
0.800202	0.499553	0.000000
-0.709588	0.041605	0.000000
0.489817	0.466059	0.000000
0.338008	0.986343	0.000000
-0.090396	0.201504	0.000000
-0.129828	-0.185672	0.000000
-0.377227	0.169709	0.000000
-0.518731	0.171686	0.000000
-0.228583	0.118635	0.000000
-0.134270	-0.341193	0.000000
0.124140	0.486911	0.000000
-0.041948	0.792553	0.000000
-0.374707	0.568758	0.000000
0.312773	0.589961	0.000000
0.481800	-0.538802	0.000000
0.574931	-0.475998	0.000000
0.729593	0.266202	0.000000
0.052083	-0.042089	0.000000
-0.177792	-0.658515	0.000000
0.338783	0.979589	0.000000
0.447849	0.083450	0.000000
0.251702	0.103322	0.000000
0.620184	-0.027178	0.000000
0.329926	-0.124817	0.000000
-0.574182	0.192000	0.000000
0.617502	0.331948	0.000000
0.729106	0.395761	0.000000
-0.809481	0.261851	0.000000
0.966910	0.704593	0.000000
0.332816	-0.269009	0.000000
-0.285818	-0.119157	0.000000
0.300971	0.195968	0.000000
-0.777133	0.437793	0.000000
0.824933	0.804266	0.000000
0.555133	0.697548	0.000000
-0.158775	0.482927	0.000000
-0.384403	0.473408	0.000000
0.476865	-0.467144	0.000000
0.437066	0.706043	0.000000
0.532308	0.489308	0.000000
0.582421	0.515858	0.000000
-0.610947	0.313220	0.000000
-0.540455	-0.997028	0.000000
0.461647	0.036306	0.000000
-0.115905	0.157495	0.000000
-0.660748	-0.241855	0.000000
0.693708	0.613922	0.000000
-0.396386	0.042255	0.000000
0.197871	-0.225350	0.000000
-0.159534	-0.530873	0.000000
-0.580169	-0.506319	0.000000
0.443846	-0.252370	0.000000
-0.380320	0.072106	0.000000
0.854391	0.623168	0.000000
0.900821	0.559897	0.000000
0.381970	0.378264	0.000000
0.691460	-0.379462	0.000000
0.144979	0.532093	0.000000
0.697855	0.659980	0.000000
0.092222	0.661866	0.000000
0.520847	-0.129079	0.000000
0.406194	0.115189	0.000000
0.504825	0.255686	0.000000
-0.066372	-0.575875	0.000000
-0.569176	-0.919762	0.000000
0.172405	0.112635	0.000000
-0.108119	-0.411607	0.000000
0.557606	-0.413251	0.000000
0.103922	0.472441	0.000000
0.551433	0.537139	0.000000
-0.383426	0.212933	0.000000
-0.430609	0.835150	0.000000
0.675238	0.667041	0.000000
0.508665	-0.405031	0.000000
0.211257	0.154040	0.000000
0.702597	0.770443	0.000000
-0.168907	0.513439	0.000000
-0.800192	0.633843	0.000000
0.911946	0.591586	0.000000
-0.352911	0.676716	0.000000
-0.910997	0.636833	0.000000
-0.010237	-0.113244	0.000000
-0.907389	0.793002	0.000000
0.240940	-0.548610	0.000000
0.518639	-0.554389	0.000000
-0.274519	-0.437094	0.000000
-0.041243	0.169476	0.000000
-0.253934	-0.415530	0.000000
0.530372	0.003158	0.000000
-0.401049	-0.569644	0.000000
0.374406	-0.046496	0.000000
0.414873	-0.067478	0.000000
0.711761	-0.692940	0.000000
0.489147	0.546072	0.000000
-0.247782	0.705127	0.000000
0.593957	0.202781	0.000000
-0.091991	0.804699	0.000000
-0.013235	0.603440	0.000000
-0.177874	0.634655	0.000000
-0.341433	0.254934	0.000000
-0.747711	0.595684	0.000000
0.125674	0.473150	0.000000
-0.479024	0.408297	0.000000
-0.948097	0.638682	0.000000
-0.080372	0.418077	0.000000
0.745222	-0.381403	0.000000
-0.527727	0.888723	0.000000
-0.516736	0.127272	0.000000
0.636989	0.312084	0.000000
0.622707	-0.403607	0.000000
-0.453896	-0.693323	0.000000
0.289264	0.580635	0.000000
-0.126564	-0.100794	0.000000
-0.545048	-0.742159	0.000000
0.799973	0.307129	0.000000
0.360509	0.082285	0.000000
-0.444587	-0.316053	0.000000
-0.474010	0.808807	0.000000
-0.432657	0.675084	0.000000
-0.453408	-0.159165	0.000000
-0.426225	0.747603	0.000000
0.758914	0.766825	0.000000
-0.807188	0.792079	0.000000
-0.593519	0.458558	0.000000
-0.529430	-0.987235	0.000000
0.543647	0.290930	0.000000
-0.560543	0.673954	0.000000
-0.070007	0.435639	0.000000
-0.288528	-0.388737	0.000000
-0.558108	0.568527	0.000000
-0.566463	0.026558	0.000000
-0.534083	0.528006	0.000000
-0.204476	0.694739	0.000000
0.933214	0.811281	0.000000
0.853792	-0.610451	0.000000
0.417510	-0.091539	0.000000
-0.634907	0.544716	0.000000
-0.143384	-0.474412	0.000000
0.608975	0.667422	0.000000
0.505498	-0.533816	0.000000
0.384456	0.281544	0.000000
0.299236	-0.330050	0.000000
0.816369	0.789799	0.000000
-0.730937	0.549707	0.000000
-0.330597	-0.770492	0.000000
0.630757	-0.330241	0.000000
-0.400710	-0.290440	0.000000
0.610504	-0.412622	0.000000
-0.498566	0.861856	0.000000
0.690358	0.421305	0.000000
-0.435991	0.428508	0.000000
-0.156464	-0.148767	0.000000
-0.622255	0.195304	0.000000
0.192269	0.626295	0.000000
0.635505	0.053827	0.000000
-0.827593	0.556098	0.000000
0.376592	0.151180	0.000000
0.327076	0.391686	0.000000
0.423195	0.121818	0.000000
0.087271	-0.010322	0.000000
-0.816635	0.330185	0.000000
-0.757795	0.559139	0.000000
0.504844	0.664458	0.000000
0.345806	0.873248	0.000000
-0.153336	0.568389	0.000000
0.557102	-0.298477	0.000000
0.862364	0.808455	0.000000
-0.003831	-0.033801	0.000000
0.719744	0.576959	0.000000
0.009214	0.389041	0.000000
0.704201	0.555217	0.000000
0.364184	-0.146341	0.000000
-0.096350	0.775099	0.000000
0.087302	0.704302	0.000000
-0.806151	0.132837	0.000000
-0.379873	-0.646999	0.000000
0.284328	-0.460456	0.000000
-0.301599	0.546794	0.000000
-0.111422	0.342255	0.000000
-0.542916	-0.656175	0.000000
-0.800273	0.812804	0.000000
0.499511	0.643199	0.000000
0.403949	0.400047	0.000000
0.590474	0.106607	0.000000
-0.853093	0.677974	0.000000
0.718670	0.108471	0.000000
-0.547491	-0.527578	0.000000
0.615436	0.375821	0.000000
0.691348	-0.346514	0.000000
0.587338	0.293348	0.000000
-0.886434	0.575473	0.000000
-0.022414	-0.310742	0.000000
-0.653873	-0.299391	0.000000
0.686114	0.287707	0.000000
-0.314461	-0.090720	0.000000
0.864520	0.733041	0.000000
-0.337314	0.687585	0.000000
-0.288754	-0.802564	0.000000
0.557406	-0.353862	0.000000
0.799346	0.720919	0.000000
0.448918	0.211502	0.000000
-0.582523	0.802385	0.000000
-0.237201	-0.169963	0.000000
-0.888773	0.808979	0.000000
-0.433170	-0.290528	0.000000
-0.137430	0.272335	0.000000
-0.064316	0.813716	0.000000
0.926579	0.749743	0.000000
-0.570802	-0.450838	0.000000
-0.093869	-0.444781	0.000000
-0.619222	0.904213	0.000000
-0.641197	0.215451	0.000000
0.805789	0.767735	0.000000
0.810704	0.698137	0.000000
-0.946375	0.479502	0.000000
0.066748	0.325047	0.000000
-0.328093	0.707404	0.000000
0.439422	0.601692	0.000000
0.713929	0.087925	0.000000
0.149507	0.535624	0.000000
0.613789	0.161883	0.000000
-0.066514	0.784288	0.000000
0.518951	0.603972	0.000000
-0.089539	0.165210	0.000000
0.874101	0.820559	0.000000
0.521099	-0.044996	0.000000
0.465885	0.247991	0.000000
-0.517807	0.614568	0.000000
0.907488	0.814175	0.000000
0.694927	-0.004205	0.000000
0.241832	0.329516	0.000000
0.208458	0.633097	0.000000
-0.301095	0.338522	0.000000
0.055987	-0.022656	0.000000
-0.101967	-0.466772	0.000000
-0.621438	-0.567442	0.000000
0.211028	0.529199	0.000000
-0.299248	-0.600666	0.000000
-0.314136	-0.504186	0.000000
0.382374	0.355678	0.000000
-0.626085	0.842417	0.000000
0.187987	0.924698	0.000000
0.634673	0.343136	0.000000
0.432386	0.248311	0.000000
0.757182	0.305078	0.000000
0.471662	-0.555056	0.000000
0.509815	0.778699	0.000000
0.017992	-0.063419	0.000000
-0.149624	-0.608351	0.000000
0.646924	0.816760	0.000000
0.254813	-0.344193	0.000000
0.336386	0.968716	0.000000
-0.136795	0.665498	0.000000
-0.639745	0.718072	0.000000
-0.467726	0.315411	0.000000
0.012540	0.634207	0.000000
-0.388149	0.568840	0.000000
-0.039386	-0.506474	0.000000
0.328998	-0.151752	0.000000
-0.005986	0.815599	0.000000
0.625237	0.227424	0.000000
0.683220	-0.424435	0.000000
-0.195410	0.622000	0.000000
-0.044265	-0.555607	0.000000
0.356525	-0.009741	0.000000
-0.596587	0.873038	0.000000
0.752030	-0.470737	0.000000
-0.820686	0.450172	0.000000
0.822849	0.723504	0.000000
0.435646	0.106798	0.000000
0.863754	-0.555454	0.000000
0.331053	0.430136	0.000000
0.672551	-0.353955	0.000000
-0.080588	0.562881	0.000000
0.339739	-0.052237	0.000000
-0.401142	-0.395796	0.000000
0.050587	0.529353	0.000000
-0.361605	0.627596	0.000000
0.547319	0.162387	0.000000
-0.785120	0.443883	0.000000
0.717884	0.658491	0.000000
-0.513730	-0.665617	0.000000
0.411808	-0.056004	0.000000
-0.201501	-0.078039	0.000000
0.287711	0.338930	0.000000
-0.151086	-0.507109	0.000000
0.516347	0.294917	0.000000
-0.666948	-0.212405	0.000000
0.877037	0.551637	0.000000
-0.583715	0.369672	0.000000
0.211915	-0.336385	0.000000
0.030196	-0.066807	0.000000
-0.884097	0.316591	0.000000
-0.653842	0.819852	0.000000
0.535807	-0.003668	0.000000
-0.648991	0.204868	0.000000
0.251558	-0.269236	0.000000
0.470031	0.765937	0.000000
0.697424	0.594128	0.000000
-0.236243	0.562787	0.000000
0.689340	0.820025	0.000000
0.814353	0.426951	0.000000
-0.025771	0.739027	0.000000
-0.693174	0.657367	0.000000
0.789209	0.488741	0.000000
0.422052	-0.271405	0.000000
-0.146021	-0.471817	0.000000
0.450967	-0.043055	0.000000
0.010509	0.103584	0.000000
-0.930082	0.881211	0.000000
0.867184	-0.482088	0.000000
-0.489965	0.819359	0.000000
0.880939	0.726174	0.000000
0.186233	0.680894	0.000000
-0.521161	-0.415379	0.000000
-0.129234	0.365718	0.000000
0.887947	0.852471	0.000000
0.063580	0.515804	0.000000
-0.232498	0.206608	0.000000
0.294158	0.232759	0.000000
0.522856	0.263639	0.000000
-0.370020	-0.751920	0.000000
0.764362	0.850535	0.000000
-0.485393	-0.164892	0.000000
0.394794	0.549825	0.000000
-0.259725	0.715614	0.000000
0.561591	0.177302	0.000000
-0.807754	0.946400	0.000000
-0.301147	-0.009919	0.000000
-0.803058	0.954209	0.000000
0.780740	-0.375095	0.000000
0.488113	-0.192242	0.000000
0.759240	0.279858	0.000000
0.659529	0.579055	0.000000
-0.383581	0.498967	0.000000
0.517800	0.279291	0.000000
0.567010	0.798895	0.000000
-0.659501	0.306188	0.000000
-0.174635	0.754648	0.000000
-0.539049	0.216499	0.000000
-0.616283	0.510133	0.000000
0.017210	-0.024047	0.000000
-0.509482	0.370109	0.000000
0.684044	0.525196	0.000000
0.076280	-0.180474	0.000000
0.236600	0.147994	0.000000
-0.014206	-0.287465	0.000000
0.022830	0.616790	0.000000
-0.156063	0.486726	0.000000
0.448773	-0.136533	0.000000
-0.689370	0.893705	0.000000
0.531660	-0.019771	0.000000
0.879826	0.608576	0.000000
0.324888	0.459363	0.000000
0.340003	0.948558	0.000000
0.778269	0.763310	0.000000
0.945353	0.586290	0.000000
0.469763	-0.203862	0.000000
-0.201364	-0.740980	0.000000
0.486365	0.251429	0.000000
0.409297	0.030847	0.000000
0.385346	0.210725	0.000000
0.181759	0.813064	0.000000
-0.022456	0.496679	0.000000
0.192437	-0.224292	0.000000
0.373313	0.127172	0.000000
0.284889	0.318302	0.000000
0.686819	0.378832	0.000000
0.800079	0.520359	0.000000
-0.113362	0.774482	0.000000
0.539513	-0.373384	0.000000
0.317209	-0.338800	0.000000
0.373118	0.787373	0.000000
0.777903	-0.540949	0.000000
0.667706	0.821961	0.000000
-0.569642	0.616459	0.000000
0.548296	0.152824	0.000000
-0.192935	0.593964	0.000000
0.394822	0.711026	0.000000
-0.621817	-0.667920	0.000000
-0.176289	-0.676403	0.000000
-0.081972	0.112036	0.000000
-0.431316	0.034386	0.000000
0.443847	0.453602	0.000000
0.231647	-0.043476	0.000000
0.347129	0.132053	0.000000
-0.387226	-0.445654	0.000000
0.338824	0.378966	0.000000
0.708958	-0.399110	0.000000
-0.288345	0.291029	0.000000
0.917112	0.820989	0.000000
-0.393159	-0.151571	0.000000
-0.252924	0.656326	0.000000
-0.227712	0.084247	0.000000
0.156160	0.738378	0.000000
-0.826119	0.840663	0.000000
-0.456969	0.475880	0.000000
0.391635	-0.254207	0.000000
0.799302	0.800201	0.000000
-0.467294	0.758490	0.000000
-0.353780	-0.591421	0.000000
-0.038404	0.640030	0.000000
-0.278256	-0.149956	0.000000
0.800423	-0.392917	0.000000
0.804106	0.798172	0.000000
-0.502473	0.399943	0.000000
0.497036	0.040965	0.000000
-0.236776	-0.088339	0.000000
-0.148168	0.335435	0.000000
-0.151094	-0.543155	0.000000
-0.364760	-0.625621	0.000000
0.159518	0.346984	0.000000
0.032013	0.537604	0.000000
-0.774059	0.414988	0.000000
0.275605	0.235806	0.000000
-0.885405	0.557323	0.000000
0.699069	-0.395679	0.000000
-0.201132	-0.654133	0.000000
-0.943790	0.487773	0.000000
-0.203556	-0.084792	0.000000
0.071405	-0.298084	0.000000
-0.524850	0.733943	0.000000
0.727013	0.501062	0.000000
-0.726897	0.492554	0.000000
0.121632	-0.078489	0.000000
0.364502	0.578453	0.000000
-0.615278	-0.026333	0.000000
0.514382	-0.020809	0.000000
-0.607639	0.619601	0.000000
-0.563548	0.496090	0.000000
-0.435947	0.576276	0.000000
0.457641	-0.004236	0.000000
0.518147	0.408917	0.000000
0.319528	0.955245	0.000000
0.419448	0.270729	0.000000
-0.069102	0.195462	0.000000
0.671923	-0.481670	0.000000
0.202472	-0.037052	0.000000
-0.034171	0.533882	0.000000
-0.398411	0.340252	0.000000
0.656229	0.599642	0.000000
0.891907	0.594660	0.000000
0.121682	-0.141083	0.000000
0.946405	0.827985	0.000000
0.830054	0.865802	0.000000
0.321214	0.131037	0.000000
0.787906	0.540331	0.000000
-0.561493	0.756298	0.000000
0.107197	-0.184494	0.000000
-0.426497	0.530718	0.000000
0.391526	-0.030506	0.000000
-0.059071	0.398775	0.000000
0.484086	0.747549	0.000000
0.360786	0.089158	0.000000
0.308080	0.972123	0.000000
0.095043	0.643127	0.000000
-0.805069	0.837133	0.000000
0.859803	0.574023	0.000000
-0.403016	-0.897217	0.000000
-0.889859	0.915355	0.000000
0.705049	-0.379913	0.000000
-0.203061	0.308977	0.000000
0.801227	0.767428	0.000000
-0.251673	-0.127245	0.000000
-0.170978	-0.094990	0.000000
0.197271	0.200481	0.000000
-0.357318	-0.146903	0.000000
-0.399734	0.619356	0.000000
-0.556310	0.107304	0.000000
-0.849564	0.875067	0.000000
0.846442	-0.584616	0.000000
-0.112755	0.548718	0.000000
0.544610	0.587629	0.000000
0.629569	0.328854	0.000000
-0.270600	-0.720421	0.000000
0.740508	0.610092	0.000000
0.602241	0.842107	0.000000
-0.067669	0.726634	0.000000
-0.194344	0.251640	0.000000
-0.638098	-0.437496	0.000000
0.501410	-0.357860	0.000000
-0.558034	0.882181	0.000000
-0.541230	0.432404	0.000000
0.708807	-0.572559	0.000000
-0.670674	0.842260	0.000000
0.017589	-0.033458	0.000000
-0.474442	-0.825717	0.000000
-0.575071	-0.485409	0.000000
-0.714443	0.906037	0.000000
0.276658	-0.271169	0.000000
0.525474	0.517073	0.000000
-0.922942	0.771854	0.000000
-0.428475	-0.044426	0.000000
-0.033905	0.334057	0.000000
-0.578220	-0.009623	0.000000
-0.402809	-0.255250	0.000000
-0.647062	-0.037206	0.000000
0.740934	-0.519770	0.000000
-0.139552	-0.345847	0.000000
-0.822985	0.531157	0.000000
0.351589	0.668185	0.000000
-0.509325	0.099811	0.000000
-0.396751	0.678056	0.000000
0.527214	0.590381	0.000000
0.014409	0.220359	0.000000
0.583805	0.247858	0.000000
0.547486	-0.405492	0.000000
0.514259	0.383417	0.000000
-0.725003	0.351281	0.000000
0.406933	0.687443	0.000000
-0.707392	-0.002019	0.000000
1.000000	0.738946	0.000000
0.282915	-0.193716	0.000000
-0.389991	-0.906473	0.000000
0.197785	-0.140040	0.000000
0.653746	0.741004	0.000000
0.438100	0.122405	0.000000
0.824007	-0.459301	0.000000
-0.220790	0.326530	0.000000
-0.276506	0.257721	0.000000
-0.714231	0.094873	0.000000
0.581450	0.548425	0.000000
0.650878	0.550472	0.000000
0.787916	0.552220	0.000000
0.811678	0.679285	0.000000
-0.547609	0.514221	0.000000
0.717092	-0.514622	0.000000
0.335719	0.983478	0.000000
0.835197	-0.485273	0.000000
0.339905	0.854246	0.000000
0.370648	-0.538280	0.000000
0.688438	0.630121	0.000000
-0.105509	0.291415	0.000000
0.082053	-0.432241	0.000000
-0.706534	0.527254	0.000000
-0.183020	0.367091	0.000000
0.128811	-0.025020	0.000000
-0.949523	0.950661	0.000000
-0.720527	0.147057	0.000000
0.871482	0.429359	0.000000
-0.885898	0.748195	0.000000
-0.241419	0.428871	0.000000
-0.523907	0.774858	0.000000
0.538889	0.338940	0.000000
-0.008133	0.194441	0.000000
0.496177	0.234288	0.000000
0.838521	0.738411	0.000000
-0.308205	0.182766	0.000000
0.329391	0.301525	0.000000
0.572437	0.379763	0.000000
0.498720	-0.317865	0.000000
-0.435110	-0.042825	0.000000
0.810959	0.628640	0.000000
0.143815	0.662640	0.000000
0.409631	0.551431	0.000000
-0.565014	-0.175031	0.000000
0.438932	-0.054394	0.000000
0.130033	-0.083192	0.000000
0.171961	-0.079902	0.000000
0.098774	0.352497	0.000000
-0.507172	0.782700	0.000000
-0.140097	0.665938	0.000000
0.832636	0.388994	0.000000
-0.536147	0.362732	0.000000
-0.841550	0.947181	0.000000
0.913900	0.506866	0.000000
0.439316	-0.544672	0.000000
0.980762	0.786896	0.000000
0.788881	0.748597	0.000000
0.023320	0.340243	0.000000
0.510173	0.612812	0.000000
-0.030263	0.672893	0.000000
0.738259	0.817750	0.000000
0.867321	0.599950	0.000000
0.467232	-0.179057	0.000000
0.464201	-0.341183	0.000000
0.197988	-0.011746	0.000000
0.303619	-0.322919	0.000000
-0.848132	0.553107	0.000000
-0.093509	-0.366168	0.000000
0.676287	-0.000204	0.000000
0.357620	-0.137199	0.000000
-0.310514	-0.320307	0.000000
0.737432	-0.469932	0.000000
-0.435885	-0.893623	0.000000
0.270879	0.090380	0.000000
-0.014412	-0.428822	0.000000
-0.380483	0.066373	0.000000
0.588325	-0.008058	0.000000
-0.127337	-0.277400	0.000000
0.184662	0.612524	0.000000
0.194181	0.638286	0.000000
0.612246	0.616612	0.000000
0.952561	0.747233	0.000000
-0.884232	0.886009	0.000000
-0.380118	0.582853	0.000000
0.801886	0.807293	0.000000
-0.530625	-0.718654	0.000000
0.396754	0.135746	0.000000
-0.740789	0.888660	0.000000
0.263023	-0.566976	0.000000
-0.783587	0.790303	0.000000
0.495042	-0.270072	0.000000
0.040663	0.346615	0.000000
-0.784949	0.115812	0.000000
-0.841182	0.461378	0.000000
0.911317	0.469976	0.000000
-0.868596	0.866300	0.000000
-0.448440	-0.830936	0.000000
-0.181854	0.047851	0.000000
0.684697	0.578490	0.000000
0.432140	0.404795	0.000000
0.521632	0.163736	0.000000
-0.401174	0.807310	0.000000
0.401287	0.592613	0.000000
-0.833434	0.249359	0.000000
-0.845782	0.147908	0.000000
0.473788	-0.184323	0.000000
0.246765	-0.246124	0.000000
0.300718	0.230616	0.000000
0.043739	0.637637	0.000000
0.049324	-0.181663	0.000000
-0.635490	-0.214268	0.000000
0.263172	0.244245	0.000000
0.518886	0.630307	0.000000
-0.235028	0.624976	0.000000
-0.747980	0.069738	0.000000
-0.110045	-0.110393	0.000000
0.781706	0.552252	0.000000
0.916339	0.618244	0.000000
0.143168	0.882254	0.000000
0.110291	0.763846	0.000000
-0.687527	0.902401	0.000000
-0.683501	0.656970	0.000000
0.694864	-0.412101	0.000000
-0.617762	0.687014	0.000000
0.713487	0.644130	0.000000
0.906451	0.547668	0.000000
0.086505	0.340959	0.000000
-0.525599	0.397874	0.000000
0.289705	0.405710	0.000000
-0.407311	0.203739	0.000000
0.890439	0.693755	0.000000
0.657785	0.393854	0.000000
0.783960	0.544383	0.000000
-0.909534	0.743134	0.000000
0.252366	-0.326126	0.000000
0.095990	-0.299741	0.000000
0.214016	0.116275	0.000000
0.157051	-0.215402	0.000000
-0.164883	-0.102704	0.000000
0.563866	0.666981	0.000000
-0.246482	0.279673	0.000000
-0.162702	0.577552	0.000000
-0.096436	-0.394431	0.000000
0.752918	0.466668	0.000000
-0.128375	0.661208	0.000000
0.764622	0.816745	0.000000
0.852396	0.396404	0.000000
-0.569385	0.882668	0.000000
0.512390	0.310562	0.000000
-0.138854	-0.388691	0.000000
-0.521416	-0.785980	0.000000
0.647365	-0.617812	0.000000
-0.155981	-0.074409	0.000000
-0.364628	-0.684852	0.000000
0.130046	-0.093684	0.000000
-0.704879	0.154406	0.000000
0.381199	-0.445437	0.000000
0.729951	0.306395	0.000000
0.724379	0.389327	0.000000
0.995232	0.724467	0.000000
0.318764	-0.161921	0.000000
-0.696221	0.669021	0.000000
-0.307083	0.436798	0.000000
-0.598068	-0.422943	0.000000
-0.785438	0.542371	0.000000
0.623316	0.412926	0.000000
-0.369948	0.812635	0.000000
0.574563	-0.580581	0.000000
0.043061	0.051035	0.000000
-0.001810	0.315741	0.000000
-0.398000	0.469464	0.000000
0.195209	0.028273	0.000000
-0.417622	0.612245	0.000000
-0.024021	0.173508	0.000000
-0.606817	-0.949459	0.000000
-0.328720	-0.430723	0.000000
0.363171	-0.043874	0.000000
0.591642	0.557293	0.000000
-0.792091	0.888236	0.000000
-0.115981	0.396359	0.000000
0.340993	-0.180572	0.000000
0.548916	-0.537882	0.000000
-0.343667	0.205367	0.000000
-0.503176	-0.169688	0.000000
0.637017	0.453212	0.000000
-0.407276	0.629842	0.000000
0.680976	-0.397455	0.000000
-0.023805	-0.151338	0.000000
0.034215	0.625102	0.000000
0.746824	0.355057	0.000000
-0.245007	0.131938	0.000000
-0.194512	-0.138822	0.000000
-0.713589	0.140070	0.000000
-0.495517	-0.151235	0.000000
0.853812	0.382368	0.000000
0.954251	0.715470	0.000000
-0.344779	0.759436	0.000000
0.324379	-0.365271	0.000000
0.648317	-0.407763	0.000000
0.721899	0.808324	0.000000
-0.089040	0.116015	0.000000
0.349850	0.934462	0.000000
0.813919	0.678782	0.000000
-0.925939	0.838724	0.000000
0.572223	0.611346	0.000000
0.717955	0.257244	0.000000
0.196396	0.144978	0.000000
-0.383090	0.582544	0.000000
0.351495	0.178694	0.000000
-0.726326	0.915231	0.000000
0.387165	-0.101895	0.000000
-0.616546	0.154424	0.000000
-0.719058	0.854639	0.000000
-0.680061	0.076379	0.000000
-0.679714	-0.569086	0.000000
0.836598	-0.568644	0.000000
-0.583780	-0.871739	0.000000
-0.300401	-0.714815	0.000000
-0.632039	-0.052038	0.000000
0.401699	-0.014243	0.000000
0.695867	0.291955	0.000000
0.139108	0.186870	0.000000
-0.577167	0.226376	0.000000
-0.333680	-0.283021	0.000000
-0.017931	-0.076768	0.000000
0.169076	0.049671	0.000000
-0.683006	0.366332	0.000000
0.787815	-0.620325	0.000000
0.221861	0.129249	0.000000
-0.648358	-0.481936	0.000000
0.851853	0.553487	0.000000
0.259250	0.967029	0.000000
0.077159	0.182313	0.000000
0.069564	-0.116231	0.000000
-0.524081	0.887220	0.000000
0.358911	0.367744	0.000000
0.864354	0.326591	0.000000
0.527615	0.202065	0.000000
0.585545	0.254700	0.000000
-0.314390	-0.143097	0.000000
0.475753	-0.011846	0.000000
-0.264375	0.478703	0.000000
0.490334	0.366034	0.000000
0.267325	-0.265177	0.000000
-0.774893	0.193659	0.000000
-0.430020	-0.908680	0.000000
-0.349503	0.059416	0.000000
0.156343	0.494751	0.000000
-0.343824	-0.167898	0.000000
0.535827	-0.645548	0.000000
0.377731	0.108637	0.000000
0.095027	0.397424	0.000000
0.532110	0.697804	0.000000
0.059653	0.344663	0.000000
-0.365623	0.311285	0.000000
-0.034838	0.780759	0.000000
-0.328930	-0.751004	0.000000
-0.685576	0.315671	0.000000
-0.755473	0.795538	0.000000
-0.581306	-0.102041	0.000000
-0.583532	-0.941225	0.000000
0.675421	0.784967	0.000000
0.754003	0.758612	0.000000
0.318777	-0.008522	0.000000
0.782339	0.622965	0.000000
-0.146034	-0.350049	0.000000
-0.583669	-0.489850	0.000000
0.880552	0.525752	0.000000
-0.101812	-0.260745	0.000000
0.542211	0.741923	0.000000
0.276163	-0.327476	0.000000
0.189849	0.604807	0.000000
-0.522355	-0.029313	0.000000
0.635957	0.083197	0.000000
0.213606	-0.385897	0.000000
0.507496	-0.355012	0.000000
-0.478031	0.282107	0.000000
-0.261090	0.596896	0.000000
-0.397961	0.740891	0.000000
-0.169668	-0.066389	0.000000
-0.129998	-0.411662	0.000000
-0.819988	0.682960	0.000000
-0.759270	0.374380	0.000000
0.467116	0.239207	0.000000
0.710598	-0.529979	0.000000
-0.987744	0.882819	0.000000
-0.351889	-0.153425	0.000000
-0.297581	0.188808	0.000000
-0.652283	0.572998	0.000000
0.655808	0.034393	0.000000
-0.694751	-0.276761	0.000000
-0.046850	0.768552	0.000000
0.601039	-0.663121	0.000000
0.318530	0.950232	0.000000
-0.378042	-0.169156	0.000000
-0.189901	0.725310	0.000000
0.678022	0.070031	0.000000
0.392873	0.654390	0.000000
0.507407	0.243072	0.000000
0.280259	0.597612	0.000000
0.333325	-0.309645	0.000000
0.526199	0.462992	0.000000
-0.075014	0.699246	0.000000
-0.368754	-0.436260	0.000000
0.738638	0.541220	0.000000
-0.498235	-0.961100	0.000000
-0.669475	0.682529	0.000000
-0.151245	-0.045025	0.000000
0.797509	0.622476	0.000000
0.231444	0.427034	0.000000
0.076282	-0.169901	0.000000
-0.478174	-0.303273	0.000000
-0.334706	0.385061	0.000000
-0.350547	0.293837	0.000000
0.251692	0.771376	0.000000
0.919931	0.686124	0.000000
0.706210	0.565595	0.000000
0.179990	0.912248	0.000000
-0.220838	0.000654	0.000000
-0.367734	0.339484	0.000000
0.559715	0.806607	0.000000
-0.382664	0.754375	0.000000
-0.114220	0.315597	0.000000
0.761113	0.516326	0.000000
-0.381271	-0.441739	0.000000
0.286699	0.929089	0.000000
0.901991	0.513123	0.000000
-0.276707	0.396811	0.000000
0.763495	0.736751	0.000000
0.832156	0.531792	0.000000
-0.634156	0.811814	0.000000
-0.501444	-0.070269	0.000000
-0.417166	-0.838823	0.000000
0.238621	0.934123	0.000000
0.505879	-0.317713	0.000000
0.637223	0.824173	0.000000
-0.184593	0.566629	0.000000
0.396948	-0.378863	0.000000
0.036247	-0.081684	0.000000
0.160386	-0.090958	0.000000
0.837210	0.567161	0.000000
-0.201474	0.644505	0.000000
0.340965	0.564074	0.000000
-0.505005	-0.512123	0.000000
-0.626238	0.692974	0.000000
-0.401380	-0.150799	0.000000
0.210780	0.369855	0.000000
-0.207724	-0.305644	0.000000
-0.682537	0.807205	0.000000
-0.877830	0.601210	0.000000
0.750363	0.056607	0.000000
0.480793	-0.421402	0.000000
0.651764	0.373118	0.000000
-0.036887	-0.566953	0.000000
0.348714	0.244303	0.000000
-0.410279	-0.879145	0.000000
-0.303289	0.034178	0.000000
0.236918	-0.072715	0.000000
0.422532	0.094939	0.000000
0.737913	0.817278	0.000000
-0.018890	0.500811	0.000000
0.693586	-0.014653	0.000000
-0.184843	-0.248507	0.000000
0.522584	0.582072	0.000000
0.910998	0.424819	0.000000
0.270795	0.062637	0.000000
0.468102	-0.135097	0.000000
0.071484	0.741844	0.000000
0.782357	0.469299	0.000000
0.530586	0.695662	0.000000
-0.118698	0.501393	0.000000
0.419532	0.068540	0.000000
0.632344	-0.039977	0.000000
0.461748	0.662050	0.000000
0.561183	0.047886	0.000000
-0.469484	0.456583	0.000000
0.121953	0.499969	0.000000
-0.502747	0.366542	0.000000
-0.183969	-0.133060	0.000000
0.335575	-0.023406	0.000000
-0.886588	0.773913	0.000000
0.218026	0.103146	0.000000
-0.220789	-0.091709	0.000000
0.297160	0.377951	0.000000
-0.493553	-0.645488	0.000000
-0.308351	0.564180	0.000000
-0.108179	0.664483	0.000000
-0.624546	0.442115	0.000000
0.299948	0.464351	0.000000
0.813449	0.710772	0.000000
-0.457577	0.614027	0.000000
0.478973	0.744369	0.000000
0.741981	-0.407602	0.000000
0.335251	-0.157256	0.000000
-0.264925	0.474439	0.000000
0.458791	0.100808	0.000000
-0.243729	-0.139069	0.000000
0.110701	-0.526611	0.000000
0.377859	-0.286962	0.000000
0.882598	0.823527	0.000000
0.327118	0.133262	0.000000
0.034823	0.695226	0.000000
-0.256991	-0.129345	0.000000
0.016705	0.202896	0.000000
0.336928	-0.009470	0.000000
0.350970	0.073593	0.000000
-0.185042	-0.658519	0.000000
-0.042266	0.019221	0.000000
0.564942	0.187619	0.000000
-0.276976	0.697063	0.000000
-0.276166	-0.320959	0.000000
0.768195	0.736993	0.000000
0.103274	-0.046964	0.000000
-0.289002	0.695641	0.000000
-0.550267	-0.722400	0.000000
-0.224235	0.503123	0.000000
0.736969	0.545192	0.000000
0.089484	-0.037306	0.000000
0.854564	-0.585434	0.000000
0.308318	0.312849	0.000000
-0.494479	-0.448573	0.000000
0.972089	0.684417	0.000000
0.409045	0.224517	0.000000
-0.241391	0.672236	0.000000
0.527654	-0.416042	0.000000
0.249019	-0.416892	0.000000
0.428880	0.298570	0.000000
0.455312	-0.333859	0.000000
0.549900	0.372632	0.000000
-0.607820	0.742731	0.000000
0.305500	-0.258424	0.000000
-0.267572	0.364761	0.000000
-0.966713	0.563433	0.000000
-0.453757	0.767927	0.000000
-0.246390	-0.484288	0.000000
-0.234347	-0.042156	0.000000
0.091172	-0.024809	0.000000
-0.343348	0.268882	0.000000
0.647027	-0.025170	0.000000
-0.047165	0.500434	0.000000
-0.443449	-0.397687	0.000000
-0.269224	-0.317665	0.000000
-0.095178	0.563921	0.000000
0.306676	0.657262	0.000000
-0.804081	0.904148	0.000000
0.348056	0.949880	0.000000
-0.507917	0.388666	0.000000
-0.065542	0.590996	0.000000
0.248916	0.512159	0.000000
0.539228	0.598890	0.000000
0.731376	-0.678644	0.000000
-0.716628	0.046378	0.000000
0.562610	0.159080	0.000000
-0.190972	-0.480972	0.000000
-0.774699	0.307605	0.000000
-0.220961	-0.540959	0.000000
0.128306	-0.454347	0.000000
-0.509171	0.132514	0.000000
-0.188987	-0.270334	0.000000
0.758119	0.718078	0.000000
0.608587	0.768185	0.000000
-0.251781	0.381526	0.000000
-0.502813	0.361358	0.000000
0.608414	-0.315427	0.000000
0.633731	0.455751	0.000000
-0.119695	0.702517	0.000000
-0.653953	0.460081	0.000000
-0.304098	0.045612	0.000000
0.946995	0.837318	0.000000
0.457261	0.120332	0.000000
0.826737	0.581959	0.000000
-0.205175	0.486894	0.000000
-0.065587	-0.473519	0.000000
0.608286	0.376902	0.000000
-0.286286	0.278818	0.000000
-0.598072	0.581289	0.000000
-0.068779	0.420806	0.000000
-0.125080	-0.107631	0.000000
0.893279	0.585750	0.000000
0.529364	0.638864	0.000000
-0.410490	-0.748494	0.000000
0.130436	0.387792	0.000000
-0.800390	0.628914	0.000000
0.968069	0.710185	0.000000
0.429972	0.187937	0.000000
-0.959545	0.864215	0.000000
-0.378746	0.032760	0.000000
-0.058359	0.414905	0.000000
0.242127	0.260168	0.000000
0.587828	0.692029	0.000000
0.804600	0.643296	0.000000
0.423741	0.645696	0.000000
-0.322256	-0.068227	0.000000
0.590477	0.630203	0.000000
-0.538273	0.564924	0.000000
0.133175	0.650911	0.000000
-0.106236	0.634082	0.000000
0.870303	0.767023	0.000000
-0.493642	0.628979	0.000000
0.701637	-0.374923	0.000000
-0.185922	-0.525604	0.000000
0.370670	-0.443546	0.000000
0.622992	0.079872	0.000000
-0.623452	0.468412	0.000000
-0.555830	0.635302	0.000000
0.764069	0.567880	0.000000
0.436910	0.124496	0.000000
-0.761086	0.904571	0.000000
-0.514284	0.784742	0.000000
0.564963	0.034409	0.000000
0.329826	-0.077923	0.000000
0.589123	0.646945	0.000000
0.650132	-0.021686	0.000000
0.784526	-0.434408	0.000000
0.599926	0.084606	0.000000
-0.229306	-0.205429	0.000000
-0.542815	0.016251	0.000000
-0.549563	0.860388	0.000000
-0.421501	-0.195843	0.000000
0.167166	-0.191937	0.000000
0.601719	0.500154	0.000000
0.627936	0.091345	0.000000
0.019065	0.396181	0.000000
-0.239367	0.572580	0.000000
-0.805925	0.935751	0.000000
0.409125	0.752882	0.000000
0.257653	0.571884	0.000000
0.212611	0.729703	0.000000
-0.144586	0.143112	0.000000
-0.767665	0.821790	0.000000
0.597183	0.639736	0.000000
0.871267	0.506826	0.000000
-0.341404	-0.181178	0.000000
0.273267	0.592790	0.000000
-0.257059	0.033826	0.000000
0.728221	0.776919	0.000000
0.589230	0.822946	0.000000
-0.611854	0.595913	0.000000
0.341468	0.693551	0.000000
0.098810	-0.099016	0.000000
0.023765	0.637461	0.000000
-0.464639	0.401469	0.000000
0.911962	0.811666	0.000000
0.045061	0.257814	0.000000
0.730248	0.496169	0.000000
-0.275532	0.542615	0.000000
0.872741	0.448627	0.000000
0.142913	0.649156	0.000000
-0.534295	0.469278	0.000000
0.222742	0.379622	0.000000
0.610768	-0.524013	0.000000
0.756932	0.359313	0.000000
0.632918	0.286284	0.000000
0.578965	0.816344	0.000000
-0.149192	-0.112136	0.000000
0.519578	0.126448	0.000000
0.587123	0.769521	0.000000
0.131083	0.528798	0.000000
0.012687	-0.504434	0.000000
-0.569602	-0.462280	0.000000
0.121701	0.490742	0.000000
0.697443	0.366840	0.000000
0.464997	0.712178	0.000000
0.562895	0.049163	0.000000
0.352692	0.054935	0.000000
-0.798489	0.915140	0.000000
-0.582619	0.724398	0.000000
0.418983	0.611093	0.000000
0.404546	0.124895	0.000000
0.595199	0.639641	0.000000
-0.068248	-0.141084	0.000000
0.303825	0.411839	0.000000
0.292572	0.218857	0.000000
0.199773	0.091336	0.000000
-0.184914	0.458491	0.000000
-0.017847	-0.152283	0.000000
-0.245444	-0.792861	0.000000
0.806284	0.379700	0.000000
0.600416	0.211741	0.000000
0.536710	0.759230	0.000000
0.350835	0.163342	0.000000
0.562781	-0.571833	0.000000
-0.493644	0.528142	0.000000
-0.652597	0.141562	0.000000
0.050054	0.217479	0.000000
0.390813	0.348309	0.000000
0.077103	-0.020282	0.000000
0.085436	0.371430	0.000000
0.551153	0.464919	0.000000
-0.186835	0.525968	0.000000
0.368331	-0.097574	0.000000
0.945289	0.714874	0.000000
0.965969	0.643364	0.000000
-0.561713	0.578198	0.000000
-0.370827	-0.370128	0.000000
-0.013746	0.759288	0.000000
0.186894	0.622252	0.000000
0.573032	0.183312	0.000000
0.847567	0.796210	0.000000
0.511054	-0.376281	0.000000
-0.459515	0.749261	0.000000
-0.918203	0.682664	0.000000
-0.131301	0.792953	0.000000
-0.523257	0.096293	0.000000
-0.401145	-0.468055	0.000000
0.503226	-0.033631	0.000000
0.895679	0.523954	0.000000
-0.354781	0.155581	0.000000
0.746124	0.435731	0.000000
-0.426016	0.004223	0.000000
0.435336	0.721719	0.000000
0.842798	0.762600	0.000000
0.751459	-0.526817	0.000000
-0.750765	0.375687	0.000000
-0.531852	-0.009543	0.000000
-0.182504	-0.553949	0.000000
-0.322051	-0.703026	0.000000
-0.955936	0.877875	0.000000
-0.590415	0.801466	0.000000
0.804835	0.489539	0.000000
0.409338	0.575091	0.000000
0.103922	-0.051390	0.000000
-0.873266	0.911707	0.000000
0.509741	0.778972	0.000000
-0.168886	0.123294	0.000000
-0.761741	0.740535	0.000000
0.389926	0.447724	0.000000
0.177098	-0.146360	0.000000
0.937665	0.601807	0.000000
-0.224397	-0.101057	0.000000
0.308106	0.586207	0.000000
-0.580675	0.235106	0.000000
-0.641586	0.438694	0.000000
0.360095	-0.228646	0.000000
0.802021	0.709085	0.000000
-0.263620	0.671798	0.000000
0.519800	0.215042	0.000000
0.549962	0.036924	0.000000
-0.535741	0.809656	0.000000
0.820952	0.692374	0.000000
-0.005688	-0.530206	0.000000
0.035770	-0.054706	0.000000
0.472882	0.209393	0.000000
-0.505492	0.195465	0.000000
-0.870402	0.722138	0.000000
0.128961	0.606503	0.000000
-0.025553	0.781301	0.000000
0.823631	-0.605453	0.000000
0.276577	-0.225097	0.000000
0.444792	0.011900	0.000000
0.549969	-0.038173	0.000000
0.457376	-0.157800	0.000000
-0.062452	0.113627	0.000000
0.718683	-0.600909	0.000000
0.115856	0.597662	0.000000
0.941123	0.543736	0.000000
0.655284	0.144579	0.000000
0.457564	0.543735	0.000000
0.563142	-0.694887	0.000000
0.419377	0.284351	0.000000
0.221822	0.420199	0.000000
0.632152	0.328546	0.000000
-0.628318	-0.213209	0.000000
-0.152089	0.681285	0.000000
0.234051	0.238725	0.000000
0.351405	-0.042544	0.000000
0.682856	0.065151	0.000000
-0.801377	0.216659	0.000000
0.391454	-0.135131	0.000000
-0.032054	-0.070410	0.000000
0.182391	-0.032955	0.000000
0.613829	-0.026799	0.000000
0.699471	0.659897	0.000000
-0.335306	0.499669	0.000000
-0.023479	0.237174	0.000000
0.461700	0.261766	0.000000
-0.769991	0.477638	0.000000
-0.448020	0.768554	0.000000
0.681182	-0.365103	0.000000
-0.381041	-0.622480	0.000000
-0.952007	0.617196	0.000000
0.231592	-0.395965	0.000000
0.997024	0.747401	0.000000
0.026708	0.783975	0.000000
0.033056	-0.230310	0.000000
-0.280598	0.050075	0.000000
0.384722	0.140792	0.000000
-0.614298	0.729183	0.000000
0.260832	0.335871	0.000000
-0.041034	0.151524	0.000000
-0.074206	0.448687	0.000000
0.041351	0.813372	0.000000
-0.081772	0.275038	0.000000
-0.485663	-0.659717	0.000000
-0.679070	-0.108496	0.000000
0.542217	0.530409	0.000000
0.835948	0.707421	0.000000
-0.499018	-0.617791	0.000000
0.712338	0.224112	0.000000
-0.734082	0.251874	0.000000
0.426113	0.032278	0.000000
-0.695011	0.897663	0.000000
-0.088316	0.752615	0.000000
0.844661	0.406122	0.000000
0.300648	-0.427055	0.000000
0.659079	0.039583	0.000000
0.391159	0.131110	0.000000
0.480874	-0.460598	0.000000
0.448698	0.317955	0.000000
0.677251	0.486168	0.000000
0.648290	-0.013484	0.000000
-0.026843	0.756385	0.000000
-0.028437	-0.142820	0.000000
-0.330540	-0.634157	0.000000
0.856687	0.693135	0.000000
0.444004	0.456599	0.000000
-0.326321	-0.428973	0.000000
0.024630	0.579077	0.000000
-0.894139	0.513322	0.000000
0.373718	0.112701	0.000000
0.699133	-0.351334	0.000000
0.462469	-0.197838	0.000000
-0.043854	-0.352678	0.000000
0.790929	0.783555	0.000000
-0.140223	-0.286231	0.000000
-0.817104	0.801367	0.000000
0.171470	0.769215	0.000000
-0.410725	0.504776	0.000000
0.049470	0.638492	0.000000
-0.646562	0.253745	0.000000
0.234268	-0.149087	0.000000
0.104326	0.576188	0.000000
0.327392	0.448006	0.000000
0.009342	-0.072172	0.000000
0.784217	0.633841	0.000000
-0.313674	0.459997	0.000000
0.555521	-0.325491	0.000000
0.273075	-0.101110	0.000000
-0.658719	0.723754	0.000000
-0.291250	-0.128011	0.000000
0.727081	0.441700	0.000000
0.591872	0.709077	0.000000
0.747740	-0.374117	0.000000
0.207710	0.089633	0.000000
0.303824	0.906803	0.000000
0.599145	0.255712	0.000000
0.597057	0.577464	0.000000
0.347514	-0.197577	0.000000
-0.225539	0.555324	0.000000
0.470903	0.172067	0.000000
0.896352	0.626794	0.000000
0.165022	0.480985	0.000000
-0.277038	0.409708	0.000000
0.945235	0.788970	0.000000
-0.347820	0.218232	0.000000
-0.353720	0.223479	0.000000
0.863167	0.511915	0.000000
0.623894	0.327282	0.000000
0.103816	0.164884	0.000000
0.557906	-0.396688	0.000000
0.885103	0.698254	0.000000
0.518072	-0.031762	0.000000
0.856683	0.587706	0.000000
0.012645	-0.350255	0.000000
-0.277846	-0.678720	0.000000
-0.581854	-0.980439	0.000000
-0.873663	0.552425	0.000000
0.630762	-0.423410	0.000000
0.410265	0.309539	0.000000
-0.009561	0.001778	0.000000
0.810317	-0.535872	0.000000
0.262956	-0.157015	0.000000
-0.358376	0.293793	0.000000
0.654101	-0.006793	0.000000
-0.581685	-0.628706	0.000000
-0.835338	0.403456	0.000000
-0.111646	0.073051	0.000000
0.815530	0.496330	0.000000
0.075484	0.293349	0.000000
0.089475	0.178658	0.000000
-0.250671	-0.685316	0.000000
0.183420	-0.240390	0.000000
0.185950	-0.373736	0.000000
-0.251989	0.545931	0.000000
0.546351	0.489940	0.000000
0.210599	-0.280323	0.000000
-0.366312	0.125291	0.000000
0.669340	-0.357904	0.000000
0.414642	0.335597	0.000000
-0.427214	-0.728057	0.000000
-0.639253	-0.860817	0.000000
0.673933	0.025617	0.000000
0.529527	0.159974	0.000000
0.553617	0.506127	0.000000
-0.902209	0.286338	0.000000
-0.595277	0.093867	0.000000
0.721032	0.335259	0.000000
-0.506575	0.005011	0.000000
0.483052	-0.424589	0.000000
0.148495	-0.132640	0.000000
0.448505	-0.371527	0.000000
0.315683	-0.324250	0.000000
-0.486058	-0.118991	0.000000
0.094077	0.708698	0.000000
0.230539	0.000543	0.000000
-0.348911	0.126376	0.000000
0.501890	0.148507	0.000000
0.335426	0.936247	0.000000
-0.658931	0.504174	0.000000
-0.400698	-0.169431	0.000000
0.029476	-0.490163	0.000000
0.527756	-0.590936	0.000000
0.167389	0.862725	0.000000
-0.346982	-0.525979	0.000000
-0.309026	0.147537	0.000000
0.436381	0.234890	0.000000
0.026646	0.391474	0.000000
-0.444833	0.506494	0.000000
-0.653510	0.914341	0.000000
0.169909	0.455940	0.000000
0.651289	0.156450	0.000000
0.938441	0.693030	0.000000
-0.369181	-0.283671	0.000000
0.767587	0.823851	0.000000
0.482819	0.038318	0.000000
-0.416277	-0.576747	0.000000
0.708191	0.227798	0.000000
0.736215	0.778206	0.000000
0.213205	0.941737	0.000000
0.751127	-0.384105	0.000000
0.557338	0.042648	0.000000
-0.226591	-0.122116	0.000000
-0.613832	0.466583	0.000000
0.011872	0.309684	0.000000
-0.774183	0.028092	0.000000
-0.537567	-0.973507	0.000000
-0.145275	-0.538939	0.000000
-0.318334	-0.173098	0.000000
-0.025433	-0.453847	0.000000
-0.404268	0.691402	0.000000
0.003248	-0.520820	0.000000
0.423353	0.291904	0.000000
-0.179269	-0.101056	0.000000
-0.518305	0.792794	0.000000
0.274344	0.633870	0.000000
-0.279653	0.233643	0.000000
0.773995	-0.527889	0.000000
0.161128	0.194673	0.000000
0.845980	-0.567498	0.000000
-0.522324	-0.014358	0.000000
0.489184	-0.051418	0.000000
-0.342903	0.617945	0.000000
-0.430290	-0.278965	0.000000
-0.493916	-0.101183	0.000000
-0.840041	0.625809	0.000000
-0.383256	0.694454	0.000000
0.259980	-0.179293	0.000000
-0.381458	-0.272566	0.000000
-0.018320	-0.077654	0.000000
-0.243139	-0.561765	0.000000
0.007537	-0.009085	0.000000
0.072325	0.835279	0.000000
-0.617590	-0.847847	0.000000
-0.457458	0.415043	0.000000
-0.627387	0.637353	0.000000
0.363758	0.366115	0.000000
0.058507	0.708689	0.000000
0.279474	0.321868	0.000000
0.503911	-0.640141	0.000000
0.076438	-0.493235	0.000000
0.651266	-0.492525	0.000000
-0.088085	0.280664	0.000000
0.353797	-0.391550	0.000000
-0.196195	0.130678	0.000000
-0.603313	0.349375	0.000000
-0.213354	-0.716753	0.000000
0.228741	-0.216944	0.000000
0.923271	0.657068	0.000000
0.778993	0.739382	0.000000
-0.595071	-0.282551	0.000000
-0.292444	0.114194	0.000000
0.487944	0.007144	0.000000
-0.446552	-0.595971	0.000000
0.533188	-0.336982	0.000000
-0.603704	-0.440841	0.000000
-0.040473	0.618562	0.000000
-0.379220	-0.167356	0.000000
-0.419809	0.759585	0.000000
0.436633	0.591796	0.000000
0.314917	-0.212528	0.000000
0.643098	0.703868	0.000000
0.586728	0.099041	0.000000
-0.168076	-0.521124	0.000000
-0.592297	0.445825	0.000000
0.003965	-0.053393	0.000000
-0.392891	-0.630901	0.000000
-0.502209	-0.036590	0.000000
-0.529725	-0.677368	0.000000
0.845888	0.499352	0.000000
0.916573	0.516560	0.000000
-0.559820	0.434430	0.000000
-0.105850	-0.341458	0.000000
0.016998	0.425056	0.000000
0.062754	0.733278	0.000000
0.620861	-0.679810	0.000000
0.102638	0.445615	0.000000
0.085890	0.618161	0.000000
0.869500	0.417425	0.000000
0.478249	-0.660741	0.000000
0.788384	-0.549454	0.000000
-0.490304	-0.141830	0.000000
-0.133748	-0.504882	0.000000
-0.352500	0.303771	0.000000
-0.110157	0.460798	0.000000
0.686335	0.072160	0.000000
0.186277	0.118967	0.000000
0.502084	0.056150	0.000000
0.848069	0.685334	0.000000
0.637386	0.380177	0.000000
0.853991	-0.528571	0.000000
-0.471713	0.630075	0.000000
0.595328	0.658754	0.000000
-0.690494	0.228731	0.000000
0.704653	0.261340	0.000000
-0.724150	0.842921	0.000000
0.154341	0.738416	0.000000
0.054600	-0.361128	0.000000
0.349551	-0.348867	0.000000
0.229932	-0.189082	0.000000
-0.561245	0.774167	0.000000
0.195302	0.640662	0.000000
0.756013	0.203324	0.000000
-0.095659	-0.335271	0.000000
0.773790	0.261647	0.000000
0.877065	0.739981	0.000000
0.497193	-0.382717	0.000000
-0.066396	0.110113	0.000000
0.927793	0.826200	0.000000
-0.132009	-0.114209	0.000000
0.527389	0.670662	0.000000
-0.030680	-0.611260	0.000000
-0.712702	0.327785	0.000000
-0.350740	-0.529553	0.000000
-0.425126	0.787926	0.000000
-0.313431	0.754834	0.000000
-0.571169	0.552899	0.000000
-0.577871	-0.267916	0.000000
0.282579	-0.336071	0.000000
-0.283125	-0.041826	0.000000
-0.757342	0.820146	0.000000
0.529788	-0.484672	0.000000
-0.779323	0.003627	0.000000
0.794675	0.816539	0.000000
0.676421	0.283540	0.000000
0.434587	-0.402205	0.000000
0.523766	0.507394	0.000000
0.745251	0.836896	0.000000
-0.355162	0.049479	0.000000
0.535342	-0.666300	0.000000
-0.492115	-0.319995	0.000000
0.657323	-0.397952	0.000000
-0.222507	-0.128198	0.000000
0.507650	-0.481014	0.000000
-0.267397	0.645399	0.000000
-0.382468	0.811665	0.000000
0.493922	0.097855	0.000000
0.206031	0.507725	0.000000
-0.330389	0.511195	0.000000
-0.644309	-0.028655	0.000000
0.546460	-0.373894	0.000000
-0.129821	-0.131969	0.000000
-0.218199	0.480188	0.000000
-0.009972	-0.049193	0.000000
0.645968	-0.637602	0.000000
0.027460	0.294990	0.000000
-0.599509	0.158277	0.000000
-0.623478	0.218582	0.000000
-0.836862	0.305106	0.000000
-0.233374	0.012414	0.000000
-0.038045	0.700681	0.000000
-0.049551	-0.617263	0.000000
-0.439629	-0.527471	0.000000
0.914671	0.426924	0.000000
0.944585	0.840095	0.000000
-0.124122	-0.226339	0.000000
0.520361	0.519845	0.000000
0.521346	-0.610371	0.000000
-0.307318	-0.367998	0.000000
0.898366	0.698733	0.000000
0.863111	0.821178	0.000000
-0.358825	0.542692	0.000000
0.928460	0.562480	0.000000
0.612038	0.520371	0.000000
-0.592566	0.096457	0.000000
-0.612311	0.815057	0.000000
-0.174127	0.359593	0.000000
-0.487464	0.765578	0.000000
-0.428992	0.385237	0.000000
0.327959	0.491161	0.000000
-0.401314	-0.677525	0.000000
0.631072	-0.421072	0.000000
0.786150	0.741861	0.000000
-0.432581	-0.313855	0.000000
0.880018	0.866633	0.000000
-0.869366	0.413530	0.000000
0.439434	0.298274	0.000000
-0.060861	0.553814	0.000000
0.452543	0.573699	0.000000
-0.024394	0.791021	0.000000
0.165884	-0.186135	0.000000
-0.889834	0.588128	0.000000
0.863511	0.536924	0.000000
-0.389090	0.588941	0.000000
-0.551124	-0.467701	0.000000
0.341487	0.921359	0.000000
-0.588074	0.453719	0.000000
0.443194	0.529342	0.000000
0.415951	0.274486	0.000000
0.751741	0.630501	0.000000
0.733087	-0.613555	0.000000
0.368306	0.665434	0.000000
0.329341	0.922225	0.000000
0.105324	0.391230	0.000000
-0.321115	-0.439718	0.000000
-0.276929	-0.755304	0.000000
-0.581952	0.418066	0.000000
-0.348694	0.473121	0.000000
-0.541181	-0.581275	0.000000
0.886123	0.721456	0.000000
0.001867	-0.482410	0.000000
-0.429390	-0.128466	0.000000
-0.182121	0.681824	0.000000
-0.493852	-0.178392	0.000000
-0.410899	-0.369605	0.000000
0.318639	0.126289	0.000000
0.569170	0.801582	0.000000
-0.106253	0.501671	0.000000
-0.709648	0.242159	0.000000
0.256922	0.294843	0.000000
0.012962	0.822690	0.000000
0.547481	0.630498	0.000000
-0.447956	0.790070	0.000000
0.608656	0.641092	0.000000
-0.426974	0.764370	0.000000
0.793244	0.311931	0.000000
0.696092	-0.672257	0.000000
-0.462704	0.392558	0.000000
-0.559372	-0.143368	0.000000
0.082538	0.524154	0.000000
0.827101	0.357817	0.000000
0.633199	-0.561387	0.000000
0.676715	0.204661	0.000000
-0.666815	-0.205494	0.000000
-0.426284	0.281378	0.000000
-0.536895	0.870068	0.000000
0.475081	-0.328495	0.000000
-0.263393	0.266662	0.000000
-0.840912	0.809989	0.000000
-0.555009	-0.450471	0.000000
-0.163170	-0.400719	0.000000
-0.047734	0.091744	0.000000
-0.453079	0.731289	0.000000
0.722888	0.345004	0.000000
-0.070341	0.606122	0.000000
-0.142712	-0.101804	0.000000
-0.300295	-0.140605	0.000000
0.579202	0.784820	0.000000
0.614406	-0.665060	0.000000
0.513775	0.658694	0.000000
-0.573729	0.810107	0.000000
0.676367	0.103985	0.000000
-0.428533	-0.459518	0.000000
-0.189122	0.083737	0.000000
-0.053438	0.335441	0.000000
-0.503610	-0.667609	0.000000
0.247829	-0.323058	0.000000
0.451856	-0.569717	0.000000
-0.753877	0.036141	0.000000
0.712712	0.675305	0.000000
-0.285115	0.108385	0.000000
-0.697646	0.686474	0.000000
-0.474576	-0.866081	0.000000
0.841551	0.694441	0.000000
-0.490384	-0.964786	0.000000
0.941289	0.565219	0.000000
0.854222	0.747959	0.000000
-0.337949	0.766293	0.000000
0.912808	0.787338	0.000000
0.578090	-0.029355	0.000000
0.592055	0.778955	0.000000
0.631066	-0.685883	0.000000
0.557729	0.228544	0.000000
0.891267	0.513161	0.000000
-0.900798	0.901443	0.000000
-0.473680	0.157506	0.000000
-0.219002	0.531878	0.000000
-0.126151	0.558038	0.000000
0.681596	-0.569987	0.000000
0.690944	0.687841	0.000000
0.768458	-0.519297	0.000000
-0.701242	0.536295	0.000000
0.920171	0.627641	0.000000
-0.475827	-0.396708	0.000000
0.721351	0.411190	0.000000
-0.567575	0.801449	0.000000
-0.350072	-0.756350	0.000000
-0.653208	-0.512418	0.000000
0.715888	0.535418	0.000000
0.352468	0.506795	0.000000
-0.742006	0.914093	0.000000
-0.039261	0.608473	0.000000
0.841851	-0.584555	0.000000
-0.677562	-0.484461	0.000000
-0.550876	0.124627	0.000000
0.341516	-0.470733	0.000000
-0.136200	0.413723	0.000000
-0.142872	-0.386787	0.000000
0.731987	0.750403	0.000000
-0.628877	0.666643	0.000000
0.463625	-0.022401	0.000000
-0.300604	0.292738	0.000000
-0.514735	0.272429	0.000000
0.937192	0.802018	0.000000
0.163042	-0.099025	0.000000
-0.015623	0.460615	0.000000
0.608520	0.607961	0.000000
-0.580881	-0.843463	0.000000
0.646136	0.049285	0.000000
0.316473	0.701128	0.000000
0.344355	-0.054232	0.000000
-0.408771	-0.507054	0.000000
0.074609	-0.473111	0.000000
0.297708	0.705161	0.000000
-0.269119	-0.148841	0.000000
0.714622	0.655124	0.000000
-0.507301	-0.429417	0.000000
0.047405	0.630576	0.000000
0.293163	0.983284	0.000000
-0.366216	-0.059336	0.000000
0.358340	0.075628	0.000000
0.484178	-0.021199	0.000000
-0.012952	-0.377868	0.000000
-0.513333	0.588602	0.000000
0.681694	0.465588	0.000000
0.331896	0.205147	0.000000
0.776815	0.137653	0.000000
0.088802	-0.019816	0.000000
0.532014	-0.371692	0.000000
0.512817	-0.362438	0.000000
0.693424	-0.014105	0.000000
0.574543	0.385077	0.000000
-0.227931	0.424507	0.000000
0.330735	0.359646	0.000000
-0.280598	0.686489	0.000000
0.233592	-0.362515	0.000000
-0.478871	0.584414	0.000000
-0.542946	0.730036	0.000000
0.334960	0.303769	0.000000
0.816295	0.591272	0.000000
0.101208	0.412571	0.000000
0.083663	-0.194843	0.000000
-0.037560	0.427313	0.000000
-0.441410	-0.060464	0.000000
-0.351827	-0.849465	0.000000
0.333089	0.209451	0.000000
0.122873	0.564883	0.000000
0.170209	-0.061620	0.000000
0.269804	0.711686	0.000000
-0.105644	-0.110774	0.000000
-0.032940	-0.274700	0.000000
-0.570973	-0.291670	0.000000
-0.781128	0.310710	0.000000
0.795348	0.732849	0.000000
0.672440	0.657528	0.000000
-0.524246	0.602569	0.000000
-0.122208	-0.425518	0.000000
-0.458861	-0.854992	0.000000
-0.015683	0.761946	0.000000
0.691719	0.294386	0.000000
0.535615	0.445636	0.000000
0.628693	0.048406	0.000000
-0.731996	0.638557	0.000000
-0.455470	-0.915971	0.000000
0.463398	0.533689	0.000000
-0.146133	-0.410544	0.000000
-0.608636	0.562464	0.000000
-0.592221	-0.140837	0.000000
-0.868878	0.750044	0.000000
-0.035982	-0.045669	0.000000
0.237721	-0.303698	0.000000
0.784618	0.715562	0.000000
-0.311601	0.120760	0.000000
0.723580	0.717723	0.000000
-0.594290	-0.860108	0.000000
0.290604	0.253124	0.000000
-0.454356	0.426060	0.000000
0.764150	0.269439	0.000000
-0.174098	0.387505	0.000000
-0.804235	0.932149	0.000000
-0.498387	-0.986391	0.000000
-0.741235	0.749690	0.000000
-0.174907	-0.530753	0.000000
-0.554402	0.659499	0.000000
-0.428120	0.722083	0.000000
-0.146234	0.075868	0.000000
0.459929	0.047890	0.000000
0.203125	0.096336	0.000000
-0.652922	0.583559	0.000000
-0.617408	-0.374554	0.000000
-0.000776	0.775736	0.000000
0.655548	-0.333471	0.000000
-0.411589	0.135493	0.000000
-0.398158	-0.188620	0.000000
0.468831	-0.153974	0.000000
0.734345	-0.455652	0.000000
-0.008083	0.052862	0.000000
-0.509976	0.057170	0.000000
0.701604	0.712425	0.000000
-0.589807	-0.968315	0.000000
-0.145239	0.556465	0.000000
-0.415732	0.449236	0.000000
-0.529848	0.158972	0.000000
0.076754	0.631693	0.000000
-0.713114	0.199448	0.000000
0.326965	-0.190483	0.000000
0.416819	-0.023892	0.000000
0.582234	0.655963	0.000000
0.296677	0.697117	0.000000
0.431412	-0.144158	0.000000
0.672213	0.406128	0.000000
-0.878739	0.820718	0.000000
0.007600	-0.040421	0.000000
-0.701520	0.060679	0.000000
-0.858424	0.311543	0.000000
-0.292807	0.597378	0.000000
0.479594	-0.439608	0.000000
0.598872	0.365550	0.000000
0.387381	0.131746	0.000000
0.766417	0.202233	0.000000
0.800242	0.766079	0.000000
0.263972	0.549673	0.000000
0.538168	0.491188	0.000000
-0.763936	0.525161	0.000000
0.437143	-0.351572	0.000000
0.404665	-0.391563	0.000000
0.333702	0.308086	0.000000
-0.569076	-0.063646	0.000000
-0.003073	-0.016048	0.000000
0.283981	-0.066286	0.000000
-0.367083	-0.054856	0.000000
0.177746	0.169632	0.000000
-0.422848	-0.554284	0.000000
-0.009123	-0.237828	0.000000
-0.651397	0.506034	0.000000
0.408473	0.054392	0.000000
-0.588605	-0.708973	0.000000
-0.744125	0.868657	0.000000
0.018471	0.245261	0.000000
-0.157718	-0.088951	0.000000
0.728351	-0.438048	0.000000
-0.303305	-0.298472	0.000000
-0.164191	-0.620212	0.000000
0.253894	0.349642	0.000000
-0.029153	0.602267	0.000000
-0.605932	-0.145532	0.000000
-0.701670	0.906761	0.000000
-0.200894	-0.532067	0.000000
-0.377874	-0.050048	0.000000
0.176673	-0.180316	0.000000
-0.695499	0.746624	0.000000
0.033284	0.623024	0.000000
-0.441961	-0.200341	0.000000
-0.597603	-0.845241	0.000000
-0.134874	-0.656256	0.000000
0.107619	-0.490734	0.000000
0.036566	0.684728	0.000000
-0.282463	0.615699	0.000000
-0.209449	-0.125271	0.000000
-0.135372	-0.693779	0.000000
-0.508572	0.362261	0.000000
-0.406871	0.819923	0.000000
-0.033145	-0.531422	0.000000
-0.745446	0.733875	0.000000
-0.285666	0.325073	0.000000
0.813229	0.731867	0.000000
-0.425981	-0.175597	0.000000
0.551235	-0.044199	0.000000
0.720532	-0.460905	0.000000
0.428120	-0.274195	0.000000
0.081385	-0.227860	0.000000
0.191470	-0.233418	0.000000
0.105174	0.345940	0.000000
0.458546	0.054201	0.000000
0.617706	0.476768	0.000000
-0.108457	-0.217838	0.000000
-0.656717	-0.426773	0.000000
-0.729168	0.456750	0.000000
-0.126365	-0.319000	0.000000
0.649860	0.497988	0.000000
-0.627353	-0.842604	0.000000
0.965309	0.708597	0.000000
0.251357	0.184736	0.000000
-0.729148	0.807771	0.000000
-0.517883	0.242657	0.000000
0.290525	-0.178135	0.000000
0.714245	0.423591	0.000000
-0.536204	0.399543	0.000000
-0.983397	0.723780	0.000000
0.409784	0.075326	0.000000
0.161564	0.561409	0.000000
-0.203355	-0.107842	0.000000
-0.810155	0.678047	0.000000
-0.381581	0.755629	0.000000
0.821031	-0.639082	0.000000
-0.138511	0.607769	0.000000
-0.088727	-0.112492	0.000000
-0.202436	-0.494495	0.000000
-0.964872	0.856162	0.000000
-0.182109	-0.433329	0.000000
-0.345922	0.762151	0.000000
-0.320849	0.652043	0.000000
-0.022679	0.584915	0.000000
0.245381	-0.202357	0.000000
0.817708	-0.616111	0.000000
0.284214	0.199636	0.000000
0.534495	0.101527	0.000000
-0.920386	0.423864	0.000000
-0.271074	-0.165826	0.000000
0.261538	-0.156020	0.000000
0.987207	0.626990	0.000000
0.604570	0.599887	0.000000
-0.368750	0.375329	0.000000
-0.276983	0.314063	0.000000
0.064011	0.257738	0.000000
-0.513482	0.785988	0.000000
-0.189537	0.194604	0.000000
-0.606265	-0.862853	0.000000
-0.273428	0.624187	0.000000
0.694731	0.501849	0.000000
0.852328	0.837656	0.000000
-0.261337	-0.268739	0.000000
0.479889	0.248239	0.000000
-0.742459	0.682292	0.000000
-0.537388	-0.824394	0.000000
0.801415	-0.639548	0.000000
0.763099	0.825375	0.000000
-0.391482	0.121907	0.000000
0.798715	0.656606	0.000000
-0.278040	-0.778692	0.000000
0.758478	0.853927	0.000000
-0.302443	0.705201	0.000000
0.288088	0.623590	0.000000
0.799362	0.594677	0.000000
0.470290	0.608225	0.000000
-0.730373	0.738010	0.000000
0.339590	0.157709	0.000000
0.736558	0.462030	0.000000
0.572659	-0.472414	0.000000
-0.305909	-0.781468	0.000000
0.653465	0.194796	0.000000
0.612410	0.056286	0.000000
-0.028657	0.693758	0.000000
-0.418425	0.020372	0.000000
0.843976	0.507701	0.000000
0.046454	0.152388	0.000000
0.453026	0.594691	0.000000
0.607312	0.519110	0.000000
0.338178	0.566242	0.000000
0.404097	0.596456	0.000000
0.029079	0.732336	0.000000
-0.870401	0.837809	0.000000
-0.315309	-0.833158	0.000000
0.265447	-0.346829	0.000000
0.503435	0.236696	0.000000
-0.647835	0.502068	0.000000
-0.320081	0.509476	0.000000
-0.081947	0.735512	0.000000
-0.819486	0.475693	0.000000
-0.149829	0.627368	0.000000
0.539551	0.390885	0.000000
-0.358566	-0.310521	0.000000
-0.112542	0.529225	0.000000
0.779110	0.253329	0.000000
-0.915603	0.822208	0.000000
-0.634780	0.853534	0.000000
-0.677219	0.065660	0.000000
-0.055541	0.099185	0.000000
0.252615	0.400350	0.000000
-0.352926	-0.052963	0.000000
-0.248818	-0.023272	0.000000
-0.017388	0.138992	0.000000
-0.233854	0.610117	0.000000
-0.096039	-0.043398	0.000000
-0.527720	0.508568	0.000000
0.347928	0.127112	0.000000
-0.765746	0.913768	0.000000
0.252317	-0.347902	0.000000
0.448459	0.488587	0.000000
-0.807488	0.627157	0.000000
0.705615	0.453255	0.000000
0.269816	0.191054	0.000000
-0.951777	0.436929	0.000000
-0.421201	-0.671467	0.000000
-0.196399	-0.050323	0.000000
-0.775522	0.860000	0.000000
-0.189482	-0.084167	0.000000
-0.109635	-0.443059	0.000000
0.258881	-0.343191	0.000000
0.743253	0.754548	0.000000
0.169259	0.564041	0.000000
0.258066	-0.067202	0.000000
-0.661785	-0.434539	0.000000
-0.626088	0.093129	0.000000
-0.669826	0.882898	0.000000
-0.130283	-0.113527	0.000000
0.101184	0.683561	0.000000
0.673683	-0.579220	0.000000
0.370088	-0.276374	0.000000
-0.028596	-0.322655	0.000000
-0.131490	0.385803	0.000000
-0.641634	0.293445	0.000000
-0.513052	-0.152801	0.000000
-0.189799	-0.629649	0.000000
0.326106	0.513570	0.000000
-0.588828	0.194825	0.000000
0.450711	-0.606448	0.000000
0.196125	0.643513	0.000000
0.450959	-0.169218	0.000000
0.383888	-0.508420	0.000000
0.291310	0.235072	0.000000
-0.031818	0.099237	0.000000
-0.101851	0.140077	0.000000
-0.428872	-0.471521	0.000000
-0.216982	0.506037	0.000000
-0.900714	0.930250	0.000000
0.516037	0.091188	0.000000
0.268819	0.295744	0.000000
0.053843	0.494720	0.000000
-0.094689	0.361630	0.000000
0.792998	0.760839	0.000000
0.145007	0.803514	0.000000
-0.591319	0.295948	0.000000
-0.475122	0.363164	0.000000
0.208128	-0.103788	0.000000
-0.083945	-0.134234	0.000000
-0.452842	0.785230	0.000000
0.708121	0.539326	0.000000
0.299002	0.230011	0.000000
-0.374639	0.419556	0.000000
0.799138	0.812671	0.000000
-0.490459	0.792008	0.000000
-0.342142	-0.153704	0.000000
-0.106229	0.324986	0.000000
0.351593	-0.259443	0.000000
0.658275	0.522681	0.000000
-0.478657	0.743078	0.000000
-0.967483	0.793596	0.000000
0.123429	0.217116	0.000000
-0.687909	0.030363	0.000000
-0.456344	0.596836	0.000000
-0.063962	0.333062	0.000000
-0.208722	-0.130833	0.000000
-0.857411	0.199705	0.000000
-0.115814	-0.131855	0.000000
0.220161	-0.072121	0.000000
0.279033	0.302101	0.000000
-0.737418	0.041333	0.000000
0.450584	0.113419	0.000000
0.449563	-0.054404	0.000000
0.588702	-0.589446	0.000000
0.019063	-0.207005	0.000000
0.606900	0.625205	0.000000
-0.230126	-0.563000	0.000000
0.146003	-0.333349	0.000000
0.783634	0.575085	0.000000
0.661705	-0.014273	0.000000
0.844965	-0.498856	0.000000
-0.296966	0.639565	0.000000
-0.514660	0.596081	0.000000
-0.312715	0.479799	0.000000
0.537389	-0.380873	0.000000
-0.360193	0.326175	0.000000
-0.760740	0.444069	0.000000
-0.618245	0.113486	0.000000
0.917704	0.688968	0.000000
0.192900	-0.108089	0.000000
0.006333	0.523349	0.000000
-0.478406	0.236519	0.000000
0.242756	-0.434210	0.000000
-0.638349	0.525357	0.000000
0.691322	0.791877	0.000000
-0.319524	0.767297	0.000000
0.243390	0.391319	0.000000
-0.448390	0.812847	0.000000
-0.507110	0.665212	0.000000
-0.121436	0.280178	0.000000
-0.104938	0.390029	0.000000
0.040320	0.542288	0.000000
0.654243	0.458636	0.000000
-0.070869	-0.606691	0.000000
-0.773261	0.057747	0.000000
-0.614288	-0.669913	0.000000
0.607511	0.782089	0.000000
0.704451	0.850375	0.000000
-0.134648	-0.551524	0.000000
0.426880	0.578425	0.000000
0.859030	0.637334	0.000000
0.419810	0.470649	0.000000
-0.736450	0.075238	0.000000
0.454384	0.682840	0.000000
0.833291	0.538834	0.000000
0.717310	0.677803	0.000000
-0.039910	-0.139242	0.000000
-0.158290	0.591610	0.000000
0.628897	0.573213	0.000000
0.327141	0.273016	0.000000
-0.527963	0.197255	0.000000
0.701177	-0.553247	0.000000
0.228988	-0.017559	0.000000
0.744784	-0.411953	0.000000
-0.262166	-0.541373	0.000000
0.264855	0.140475	0.000000
0.409321	0.209998	0.000000
0.421432	-0.213896	0.000000
0.521618	0.004182	0.000000
-0.347578	0.235855	0.000000
0.676452	-0.015318	0.000000
0.492215	0.249707	0.000000
-0.602289	-0.002402	0.000000
0.797777	-0.493139	0.000000
-0.139827	0.170798	0.000000
-0.259158	0.707145	0.000000
0.323655	0.131047	0.000000
0.479822	0.588388	0.000000
-0.817230	0.609436	0.000000
-0.018847	0.832266	0.000000
-0.428034	0.388213	0.000000
0.248043	-0.043763	0.000000
0.413906	-0.119542	0.000000
-0.678283	0.806007	0.000000
-0.713759	0.626275	0.000000
0.097149	0.217765	0.000000
-0.062659	0.628226	0.000000
0.137147	0.056036	0.000000
-0.002360	-0.126432	0.000000
0.267706	0.323412	0.000000
-0.591123	-0.883275	0.000000
0.674385	0.626902	0.000000
-0.666307	0.466897	0.000000
-0.573914	0.749316	0.000000
0.791667	0.720696	0.000000
-0.136499	-0.526179	0.000000
0.098088	-0.191710	0.000000
0.338252	0.268795	0.000000
0.737148	-0.617032	0.000000
-0.471809	-0.973462	0.000000
0.629728	0.631548	0.000000
0.040423	0.787617	0.000000
0.674146	-0.363987	0.000000
0.034069	0.695547	0.000000
0.148379	-0.026116	0.000000
0.290893	-0.185774	0.000000
0.719456	0.598155	0.000000
0.596727	-0.374067	0.000000
-0.400305	-0.410612	0.000000
0.983770	0.745939	0.000000
-0.167535	0.003324	0.000000
-0.010333	0.141896	0.000000
-0.177388	-0.637162	0.000000
0.321360	0.987366	0.000000
-0.609114	0.915109	0.000000
0.240032	-0.082770	0.000000
0.298301	-0.285864	0.000000
0.343289	0.485371	0.000000
-0.613852	-0.176041	0.000000
0.404250	0.137607	0.000000
-0.918026	0.626498	0.000000
0.145442	-0.198209	0.000000
0.463461	0.586316	0.000000
0.379827	0.198141	0.000000
0.462779	0.053982	0.000000
0.433963	-0.243337	0.000000
-0.073579	0.366748	0.000000
0.496722	-0.380474	0.000000
0.839644	0.267563	0.000000
-0.976712	0.924095	0.000000
0.285353	-0.489765	0.000000
0.405272	0.680608	0.000000
-0.331796	0.275659	0.000000
-0.175725	-0.329615	0.000000
0.586697	-0.536285	0.000000
0.161387	-0.306766	0.000000
0.418221	0.090249	0.000000
0.133880	0.351704	0.000000
-0.552121	0.477484	0.000000
0.089787	-0.164220	0.000000
-0.612102	-0.650335	0.000000
-0.199981	-0.428213	0.000000
0.531994	0.466115	0.000000
0.768039	0.568149	0.000000
0.054540	-0.062637	0.000000
-0.500897	-0.133042	0.000000
-0.797114	0.544724	0.000000
-0.857600	0.300844	0.000000
-0.329794	0.109029	0.000000
0.857967	0.661533	0.000000
0.609812	0.076100	0.000000
0.541629	0.783445	0.000000
-0.421214	0.507193	0.000000
0.040767	0.839751	0.000000
0.820196	-0.407913	0.000000
-0.575621	-0.769901	0.000000
-0.371829	0.180200	0.000000
-0.036436	0.121336	0.000000
0.858625	0.868036	0.000000
0.701164	0.658989	0.000000
-0.567448	0.905207	0.000000
-0.102220	-0.541153	0.000000
0.454028	0.600513	0.000000
-0.428280	-0.028564	0.000000
0.356593	0.112072	0.000000
-0.394481	0.016270	0.000000
0.304561	0.902951	0.000000
-0.038909	0.465263	0.000000
0.569992	-0.007989	0.000000
0.456389	0.002480	0.000000
0.500392	-0.596382	0.000000
0.396728	0.416360	0.000000
0.784219	-0.525154	0.000000
-0.801592	0.904903	0.000000
-0.144956	-0.097413	0.000000
0.560332	0.146459	0.000000
0.152950	-0.365045	0.000000
0.756935	0.558994	0.000000
0.074089	0.821371	0.000000
0.350623	0.683464	0.000000
0.336665	0.082633	0.000000
-0.246215	-0.299873	0.000000
0.469081	-0.130539	0.000000
0.834459	0.729361	0.000000
-0.151626	0.682835	0.000000
0.730654	0.651943	0.000000
0.114686	0.746092	0.000000
0.163259	-0.138132	0.000000
0.392130	0.228789	0.000000
-0.632286	0.517121	0.000000
0.582689	0.095210	0.000000
0.026202	0.002384	0.000000
0.215159	-0.373824	0.000000
-0.005170	0.629759	0.000000
-0.269176	0.224715	0.000000
-0.097170	-0.387683	0.000000
0.507265	0.674970	0.000000
-0.519155	-0.837581	0.000000
-0.376025	0.803377	0.000000
0.621990	0.659411	0.000000
0.844035	0.810105	0.000000
0.936411	0.744715	0.000000
-0.731466	-0.011021	0.000000
-0.208200	0.397939	0.000000
-0.261565	-0.215347	0.000000
-0.568084	0.313893	0.000000
0.718786	0.584730	0.000000
0.048634	0.829211	0.000000
-0.265024	0.038277	0.000000
-0.339402	0.306100	0.000000
-0.103256	-0.465306	0.000000
-0.476890	0.727104	0.000000
0.558192	-0.407690	0.000000
-0.291778	-0.158770	0.000000
0.426114	-0.554131	0.000000
0.717522	0.347975	0.000000
0.172649	0.822262	0.000000
0.474084	0.005033	0.000000
0.237513	0.112624	0.000000
-0.846677	0.938974	0.000000
-0.314273	-0.679628	0.000000
0.200944	0.758764	0.000000
-0.708646	0.783269	0.000000
0.687606	-0.343892	0.000000
0.053374	-0.040646	0.000000
0.208007	0.107393	0.000000
-0.799341	0.378014	0.000000
-0.472515	0.050662	0.000000
-0.033859	0.343885	0.000000
0.807218	-0.389557	0.000000
0.553541	0.194071	0.000000
-0.568875	0.825461	0.000000
-0.759227	0.196640	0.000000
0.951753	0.752356	0.000000
0.066003	0.003620	0.000000
0.360549	-0.084716	0.000000
0.783609	-0.635957	0.000000
0.355411	0.704334	0.000000
-0.319635	0.747999	0.000000
-0.537773	-0.006806	0.000000
-0.798539	0.789217	0.000000
-0.225657	0.709314	0.000000
0.820592	-0.474289	0.000000
0.851304	-0.604280	0.000000
0.740454	-0.642668	0.000000
0.804253	0.859455	0.000000
-0.545707	0.410319	0.000000
-0.343080	-0.000092	0.000000
0.046854	0.656272	0.000000
0.015825	0.558445	0.000000
-0.744311	0.931397	0.000000
-0.446530	-0.855810	0.000000
-0.454178	-0.316806	0.000000
0.373833	0.197216	0.000000
0.085420	-0.128090	0.000000
-0.413627	0.462078	0.000000
-0.638754	0.258518	0.000000
0.506250	0.167173	0.000000
-0.068234	0.596964	0.000000
-0.238994	-0.134907	0.000000
-0.556996	0.557515	0.000000
0.406781	0.713218	0.000000
-0.108856	0.433100	0.000000
0.633938	-0.455091	0.000000
0.477158	0.047233	0.000000
-0.706746	0.586044	0.000000
0.019728	-0.016340	0.000000
-0.000650	0.735342	0.000000
-0.575577	0.099054	0.000000
-0.548517	-0.330452	0.000000
0.709995	0.201852	0.000000
0.309714	-0.074801	0.000000
0.344135	0.219359	0.000000
0.250449	-0.110367	0.000000
-0.495099	-0.122329	0.000000
-0.449586	-0.892033	0.000000
0.950473	0.759846	0.000000
-0.258685	-0.108436	0.000000
0.433168	-0.625324	0.000000
0.497404	0.534554	0.000000
-0.780077	0.431231	0.000000
0.113607	0.659496	0.000000
-0.560994	-0.337561	0.000000
0.277195	0.148078	0.000000
0.143305	-0.203702	0.000000
-0.510427	0.816302	0.000000
-0.250322	-0.051398	0.000000
-0.868884	0.376366	0.000000
0.680065	0.217221	0.000000
0.831324	0.542098	0.000000
0.811276	-0.568167	0.000000
0.303230	0.730061	0.000000
0.051341	0.776099	0.000000
0.137313	-0.083469	0.000000
0.038749	-0.035887	0.000000
-0.842624	0.894935	0.000000
0.700845	0.723334	0.000000
-0.874800	0.928255	0.000000
0.556015	0.131532	0.000000
0.357039	-0.223579	0.000000
-0.554785	-0.131851	0.000000
0.335534	0.962118	0.000000
-0.498293	-0.246861	0.000000
-0.223188	0.148775	0.000000
0.585088	-0.668588	0.000000
0.421576	-0.222285	0.000000
-0.197359	-0.100229	0.000000
0.220973	-0.049630	0.000000
-0.466457	0.590668	0.000000
-0.605622	0.530185	0.000000
-0.413443	-0.572106	0.000000
-0.519494	0.869560	0.000000
0.142097	0.353525	0.000000
0.666940	-0.510104	0.000000
0.151548	-0.073326	0.000000
-0.251752	-0.002213	0.000000
-0.221698	-0.772444	0.000000
0.172787	0.882176	0.000000
-0.554758	-0.339205	0.000000
-0.623146	0.437271	0.000000
-0.368316	-0.564396	0.000000
0.659252	0.539344	0.000000
0.244092	0.531586	0.000000
0.625511	0.321578	0.000000
0.542050	0.152913	0.000000
0.081015	-0.347110	0.000000
0.530793	-0.559848	0.000000
0.645823	0.015783	0.000000
0.009267	0.818473	0.000000
0.534437	-0.034363	0.000000
-0.665853	0.916803	0.000000
-0.425577	0.765129	0.000000
0.828045	0.678690	0.000000
0.705231	-0.506601	0.000000
0.798113	0.464004	0.000000
0.451683	0.713487	0.000000
-0.426065	-0.881090	0.000000
0.175704	0.541224	0.000000
-0.134080	-0.102300	0.000000
-0.480263	-0.128379	0.000000
-0.809755	0.825101	0.000000
0.589563	-0.512009	0.000000
-0.805634	0.120163	0.000000
0.595551	-0.357507	0.000000
0.781934	0.519401	0.000000
-0.065993	0.140295	0.000000
0.333611	0.164534	0.000000
-0.500520	-0.930451	0.000000
0.442569	-0.170786	0.000000
0.575077	0.082195	0.000000
-0.625467	0.735297	0.000000
-0.361547	0.061624	0.000000
0.945464	0.628010	0.000000
0.717755	0.101669	0.000000
-0.249215	0.085185	0.000000
0.495597	-0.081094	0.000000
0.149177	-0.347570	0.000000
-0.582658	-0.054508	0.000000
-0.658386	0.559695	0.000000
0.845906	0.735039	0.000000
0.683809	0.669310	0.000000
0.729646	0.423001	0.000000
0.096051	0.025204	0.000000
-0.808705	0.920216	0.000000
-0.216162	0.618141	0.000000
0.581777	-0.438798	0.000000
-0.297553	0.314966	0.000000
-0.336200	0.045652	0.000000
0.888200	0.725633	0.000000
0.620717	-0.671758	0.000000
0.901921	0.522957	0.000000
-0.384275	0.191521	0.000000
0.665049	0.658112	0.000000
0.737128	0.399117	0.000000
-0.221697	0.211522	0.000000
0.131279	-0.080869	0.000000
0.198992	0.378936	0.000000
-0.640736	-0.644247	0.000000
-0.690900	0.484407	0.000000
0.492499	0.624295	0.000000
0.353673	0.043942	0.000000
0.244925	0.185750	0.000000
0.787302	0.516942	0.000000
0.526587	-0.382270	0.000000
-0.641134	-0.750978	0.000000
0.640830	-0.410324	0.000000
0.023457	0.728825	0.000000
-0.558760	-0.687932	0.000000
0.250388	0.154994	0.000000
0.162856	0.739840	0.000000
0.078876	0.355591	0.000000
0.275356	0.354265	0.000000
-0.545970	-0.511097	0.000000
0.319306	0.313404	0.000000
0.156208	0.039758	0.000000
0.028359	0.308380	0.000000
0.319543	0.697597	0.000000
0.014478	-0.332767	0.000000
0.703717	0.781760	0.000000
0.357613	0.067020	0.000000
0.199226	-0.425765	0.000000
0.439789	0.560655	0.000000
-0.180871	0.070507	0.000000
0.571229	0.308477	0.000000
0.283400	0.561407	0.000000
0.143808	0.262553	0.000000
0.407772	-0.401676	0.000000
0.289176	0.304579	0.000000
0.444831	-0.423150	0.000000
0.525562	0.454831	0.000000
0.776618	0.306319	0.000000
-0.440179	-0.315470	0.000000
0.465834	0.115067	0.000000
-0.218745	0.528220	0.000000
0.213896	0.016928	0.000000
0.577807	-0.456246	0.000000
-0.321287	-0.562749	0.000000
0.752184	0.570717	0.000000
0.571089	0.689003	0.000000
-0.524284	0.428756	0.000000
0.502631	-0.645541	0.000000
0.542680	-0.434156	0.000000
-0.279307	-0.059068	0.000000
0.831921	0.437158	0.000000
0.687960	0.633406	0.000000
0.500798	-0.554999	0.000000
0.199661	-0.187964	0.000000
0.334834	0.989191	0.000000
-0.096348	0.713354	0.000000
0.539221	-0.401864	0.000000
0.071562	0.161374	0.000000
-0.462215	-0.227484	0.000000
0.922682	0.697592	0.000000
-0.675123	-0.285402	0.000000
-0.355006	-0.062618	0.000000
0.147624	0.821040	0.000000
-0.228591	-0.123980	0.000000
0.893490	0.767799	0.000000
0.853909	0.662359	0.000000
0.007469	0.378825	0.000000
-0.769587	0.422707	0.000000
0.596898	-0.661931	0.000000
-0.901849	0.892967	0.000000
-0.684846	-0.541495	0.000000
0.746433	0.434281	0.000000
0.759583	0.848992	0.000000
-0.792276	0.410109	0.000000
-0.596975	-0.972553	0.000000
-0.948087	0.525088	0.000000
-0.587305	0.294453	0.000000
0.357328	0.370609	0.000000
0.660159	0.345002	0.000000
0.525244	0.430927	0.000000
0.065878	0.646784	0.000000
-0.636093	0.016310	0.000000
0.459449	-0.565320	0.000000
-0.779168	0.878489	0.000000
-0.659405	0.203655	0.000000
-0.205146	-0.079215	0.000000
-0.225097	-0.666562	0.000000
-0.191608	-0.027547	0.000000
0.273294	0.213955	0.000000
0.821946	0.579706	0.000000
-0.328730	0.417439	0.000000
0.130088	0.815171	0.000000
0.155933	-0.173396	0.000000
0.545336	0.059962	0.000000
0.230362	0.954328	0.000000
0.069733	0.780026	0.000000
-0.046194	-0.009876	0.000000
0.245166	0.209335	0.000000
-0.057431	-0.005640	0.000000
0.225475	0.364805	0.000000
0.371647	-0.157780	0.000000
-0.309973	-0.021057	0.000000
0.331195	0.391517	0.000000
0.960915	0.625111	0.000000
0.572824	0.826474	0.000000
-0.187257	0.583619	0.000000
0.363246	-0.335788	0.000000
-0.464908	-0.635743	0.000000
-0.911516	0.612000	0.000000
0.786318	0.529602	0.000000
0.605372	0.609989	0.000000
0.446712	0.592768	0.000000
0.525396	0.242709	0.000000
0.667610	0.396294	0.000000
-0.744680	0.029397	0.000000
-0.228638	0.664995	0.000000
-0.768889	0.360926	0.000000
0.804785	0.624912	0.000000
-0.819086	0.567368	0.000000
-0.463933	0.063625	0.000000
-0.150337	0.636324	0.000000
-0.687900	-0.160825	0.000000
-0.949606	0.739711	0.000000
0.557108	-0.504947	0.000000
-0.825331	0.719236	0.000000
-0.631820	0.608235	0.000000
0.426786	-0.378910	0.000000
-0.482356	-0.163628	0.000000
-0.584785	0.489161	0.000000
0.465447	-0.235244	0.000000
0.066909	-0.133445	0.000000
0.571244	-0.417072	0.000000
0.566730	-0.353849	0.000000
-0.699803	0.849798	0.000000
-0.939548	0.948102	0.000000
0.244202	-0.179751	0.000000
-0.499170	-0.387894	0.000000
-0.215116	-0.095460	0.000000
0.699237	0.623635	0.000000
-0.520897	-0.462567	0.000000
-0.209689	0.161398	0.000000
0.821734	-0.599622	0.000000
0.553681	-0.699136	0.000000
0.578012	0.406129	0.000000
-0.466469	-0.143107	0.000000
-0.241557	0.201802	0.000000
0.408168	-0.161618	0.000000
-0.602385	-0.720742	0.000000
-0.022969	0.812612	0.000000
-0.706039	0.291258	0.000000
-0.553244	0.182298	0.000000
-0.290423	0.350320	0.000000
0.380779	-0.490027	0.000000
0.531894	0.041198	0.000000
0.654908	0.404863	0.000000
0.168061	-0.045064	0.000000
0.908862	0.806965	0.000000
-0.778532	0.606203	0.000000
0.266899	0.133147	0.000000
0.702386	0.097393	0.000000
0.498255	-0.620170	0.000000
-0.005020	0.190356	0.000000
0.494217	0.209873	0.000000
0.564887	0.131566	0.000000
-0.539000	0.773939	0.000000
-0.778666	0.342201	0.000000
0.167499	-0.050388	0.000000
-0.316741	0.504299	0.000000
-0.737518	0.913356	0.000000
-0.046228	-0.123991	0.000000
0.390262	-0.586126	0.000000
-0.687826	0.488748	0.000000
0.867188	0.523793	0.000000
0.480850	0.037668	0.000000
0.298347	0.908969	0.000000
0.785101	0.811176	0.000000
0.317966	0.140934	0.000000
0.669494	0.439919	0.000000
0.185250	0.445669	0.000000
-0.024701	-0.558058	0.000000
-0.602647	0.201174	0.000000
-0.738239	0.413915	0.000000
-0.541655	0.163899	0.000000
-0.888552	0.807474	0.000000
-0.053816	0.536391	0.000000
-0.049936	0.563715	0.000000
-0.072314	-0.062929	0.000000
0.799094	0.697221	0.000000
0.606556	-0.659765	0.000000
0.751590	0.735028	0.000000
-0.096071	-0.108786	0.000000
0.616191	-0.461124	0.000000
0.769006	0.381819	0.000000
-0.719373	0.760163	0.000000
-0.226875	0.131720	0.000000
0.481490	0.528333	0.000000
-0.261989	-0.187251	0.000000
0.643815	0.608090	0.000000
0.851424	0.568033	0.000000
-0.384659	-0.139147	0.000000
0.176089	0.568861	0.000000
-0.091266	-0.569876	0.000000
0.330258	-0.334240	0.000000
0.362532	-0.489385	0.000000
-0.120163	0.265654	0.000000
-0.931527	0.805290	0.000000
-0.917676	0.412638	0.000000
-0.015656	0.143906	0.000000
-0.817557	0.304305	0.000000
0.327634	-0.277422	0.000000
-0.564174	0.586048	0.000000
0.594186	0.812560	0.000000
0.199988	0.604609	0.000000
-0.319923	0.495913	0.000000
0.393894	0.472631	0.000000
-0.327669	0.584331	0.000000
-0.797567	0.144563	0.000000
-0.897954	0.877676	0.000000
0.507964	0.077688	0.000000
-0.146137	0.643163	0.000000
-0.607923	0.523629	0.000000
0.501343	0.667448	0.000000
0.112490	-0.355185	0.000000
-0.528222	-0.941826	0.000000
0.100433	-0.494097	0.000000
0.737803	-0.431247	0.000000
-0.037993	0.563363	0.000000
0.279173	-0.229882	0.000000
0.713897	-0.440457	0.000000
-0.765155	0.047265	0.000000
0.617677	-0.016704	0.000000
-0.336099	0.558888	0.000000
0.738094	-0.444338	0.000000
0.943395	0.605927	0.000000
0.277561	0.139778	0.000000
-0.393201	0.781671	0.000000
-0.200834	0.223740	0.000000
0.446752	0.139109	0.000000
0.171661	0.423714	0.000000
0.593605	0.012680	0.000000
0.613218	0.132343	0.000000
-0.103058	0.656528	0.000000
0.632946	0.213806	0.000000
-0.574970	0.413291	0.000000
0.314297	0.050449	0.000000
-0.309465	0.711174	0.000000
-0.012556	0.427595	0.000000
-0.273417	-0.145219	0.000000
-0.086447	-0.379476	0.000000
-0.137292	0.677790	0.000000
0.598377	-0.688576	0.000000
-0.388364	0.714880	0.000000
-0.361605	0.555368	0.000000
0.009201	0.352012	0.000000
0.186875	-0.164625	0.000000
-0.161528	0.569591	0.000000
0.046845	-0.102440	0.000000
0.759507	0.179869	0.000000
0.492047	0.303308	0.000000
-0.366439	0.554974	0.000000
0.824944	-0.493992	0.000000
0.134115	0.446840	0.000000
0.384262	0.456965	0.000000
-0.442466	-0.525016	0.000000
-0.652218	-0.769044	0.000000
0.668747	0.506454	0.000000
-0.057795	0.491537	0.000000
0.279632	0.299520	0.000000
0.658461	0.613706	0.000000
0.145088	0.801754	0.000000
0.291819	0.027177	0.000000
0.570906	0.122771	0.000000
0.533547	0.079202	0.000000
-0.914530	0.747622	0.000000
-0.031127	-0.364843	0.000000
-0.523158	0.423252	0.000000
0.101363	0.218463	0.000000
0.072968	0.472072	0.000000
-0.851728	0.701118	0.000000
0.378503	-0.283487	0.000000
0.733376	0.685026	0.000000
-0.485835	-0.083959	0.000000
-0.530675	0.412703	0.000000
-0.963983	0.547161	0.000000
0.570114	-0.447721	0.000000
0.253099	-0.337893	0.000000
-0.255676	0.642212	0.000000
0.785322	0.396105	0.000000
0.517742	0.130311	0.000000
0.132092	0.000988	0.000000
-0.446199	0.725200	0.000000
0.100712	0.549690	0.000000
0.690828	0.744291	0.000000
-0.600474	0.393260	0.000000
-0.861643	0.943161	0.000000
-0.079306	0.781015	0.000000
0.688695	-0.496441	0.000000
0.157954	-0.212137	0.000000
-0.740351	0.794254	0.000000
0.875270	0.660842	0.000000
0.168335	0.505548	0.000000
-0.523288	-0.731063	0.000000
-0.020556	0.171413	0.000000
-0.179890	-0.557394	0.000000
0.498174	0.617930	0.000000
0.181306	0.823304	0.000000
0.144532	-0.114946	0.000000
-0.759999	0.784920	0.000000
0.141914	-0.339184	0.000000
-0.742896	0.188239	0.000000
0.605077	0.476543	0.000000
0.720343	0.608314	0.000000
0.320697	-0.234800	0.000000
0.558907	-0.554522	0.000000
0.683180	0.451828	0.000000
0.272749	-0.357422	0.000000
-0.479610	0.703883	0.000000
0.556203	0.134243	0.000000
-0.322061	-0.462972	0.000000
0.467813	0.158548	0.000000
-0.040801	-0.278104	0.000000
-0.641557	-0.404414	0.000000
0.271870	-0.521955	0.000000
-0.568265	0.290893	0.000000
0.327270	0.704712	0.000000
0.227158	0.113513	0.000000
0.793978	0.706407	0.000000
0.893798	0.777317	0.000000
-0.302819	-0.807600	0.000000
0.541609	0.591885	0.000000
0.680054	0.598225	0.000000
0.014883	-0.071125	0.000000
0.041469	0.157637	0.000000
-0.408703	0.828706	0.000000
-0.480650	0.329764	0.000000
-0.491781	0.101905	0.000000
0.602869	-0.410688	0.000000
0.455888	0.698872	0.000000
0.721398	0.396996	0.000000
-0.272320	-0.054400	0.000000
0.592295	0.426166	0.000000
0.500850	0.320658	0.000000
0.463338	0.083675	0.000000
0.807562	0.644174	0.000000
0.963329	0.719220	0.000000
-0.602403	0.898816	0.000000
-0.592776	0.498936	0.000000
0.730216	0.761202	0.000000
0.394908	-0.036275	0.000000
0.597909	0.646788	0.000000
-0.276348	0.437971	0.000000
-0.135636	0.680397	0.000000
-0.320106	-0.787062	0.000000
0.681899	0.682945	0.000000
-0.622126	0.233284	0.000000
0.253008	0.948166	0.000000
0.587605	0.692113	0.000000
0.373698	0.667199	0.000000
-0.264661	0.396340	0.000000
-0.278282	0.540339	0.000000
0.519386	-0.343095	0.000000
-0.458577	0.098162	0.000000
-0.618803	0.409293	0.000000
0.782644	-0.413689	0.000000
0.114192	-0.009869	0.000000
0.702201	0.733414	0.000000
0.569516	0.606008	0.000000
-0.522198	-0.325121	0.000000
0.938073	0.579923	0.000000
0.548984	0.578124	0.000000
0.228657	-0.435797	0.000000
-0.325301	0.240922	0.000000
-0.203612	-0.687893	0.000000
0.532110	-0.372077	0.000000
0.462247	-0.084116	0.000000
-0.608975	-0.677169	0.000000
-0.574098	-0.400194	0.000000
-0.173662	0.466906	0.000000
0.420170	-0.138832	0.000000
-0.502550	-0.424195	0.000000
0.809480	-0.516956	0.000000
-0.476009	0.868654	0.000000
-0.207093	-0.565825	0.000000
0.839599	0.744477	0.000000
0.775108	0.318401	0.000000
0.353695	0.180890	0.000000
0.265825	0.332063	0.000000
0.331027	0.341314	0.000000
0.539770	0.124135	0.000000
0.380355	0.366403	0.000000
0.739626	-0.671927	0.000000
-0.496352	-0.625240	0.000000
-0.466461	0.437308	0.000000
0.921939	0.770517	0.000000
0.773162	0.717220	0.000000
-0.317666	0.164012	0.000000
-0.291967	0.598746	0.000000
-0.471202	0.142006	0.000000
0.909472	0.689223	0.000000
-0.534400	0.341369	0.000000
0.610832	0.357032	0.000000
0.780015	0.404540	0.000000
0.381149	0.110450	0.000000
0.717590	0.826970	0.000000
-0.158056	0.543857	0.000000
-0.532267	-0.235898	0.000000
-0.498465	-0.054163	0.000000
-0.728959	0.266649	0.000000
0.031670	0.403271	0.000000
-0.590622	-0.621710	0.000000
0.627663	0.125850	0.000000
-0.657948	0.804687	0.000000
-0.146262	-0.602878	0.000000
-0.472983	0.428838	0.000000
0.714487	0.461021	0.000000
0.421363	0.688953	0.000000
0.317413	0.441322	0.000000
-0.905638	0.629146	0.000000
-0.189260	-0.618555	0.000000
-0.382407	-0.001876	0.000000
-0.759496	0.917627	0.000000
0.695952	0.495093	0.000000
0.705717	-0.418026	0.000000
0.270546	-0.126077	0.000000
-0.858758	0.439228	0.000000
0.130741	0.282466	0.000000
0.588643	-0.052992	0.000000
0.322289	-0.205886	0.000000
0.433429	0.289658	0.000000
-0.304156	0.022936	0.000000
-0.101339	0.654625	0.000000
-0.018623	0.635668	0.000000
0.361237	-0.358025	0.000000
0.829082	-0.425225	0.000000
0.084836	-0.074391	0.000000
-0.708075	0.544138	0.000000
-0.260282	-0.113624	0.000000
-0.589657	-0.612185	0.000000
0.130746	-0.394067	0.000000
0.662770	-0.555538	0.000000
-0.453738	0.735743	0.000000
0.079098	-0.419685	0.000000
0.303384	0.620423	0.000000
-0.979147	0.757630	0.000000
-0.073279	0.413077	0.000000
-0.474810	0.307342	0.000000
0.175549	0.911407	0.000000
0.431672	0.008744	0.000000
0.358265	-0.181772	0.000000
-0.474328	0.813048	0.000000
0.572428	0.163557	0.000000
-0.199778	0.370200	0.000000
-0.025331	-0.553467	0.000000
0.767304	0.224082	0.000000
0.484360	0.120994	0.000000
0.331818	-0.372346	0.000000
0.534523	0.636699	0.000000
-0.268004	-0.361736	0.000000
0.775395	-0.421115	0.000000
-0.399952	0.420453	0.000000
0.450708	0.359606	0.000000
-0.043409	-0.497418	0.000000
-0.477815	-0.964347	0.000000
-0.385030	0.071559	0.000000
0.210897	-0.405584	0.000000
-0.211959	0.249609	0.000000
0.740923	0.563333	0.000000
-0.001787	-0.126021	0.000000
0.352024	0.362242	0.000000
0.931669	0.589070	0.000000
0.321403	0.149400	0.000000
-0.325836	0.691471	0.000000
-0.855691	0.636095	0.000000
0.275909	0.744052	0.000000
-0.695432	0.847542	0.000000
0.318597	-0.325591	0.000000
0.626276	0.681241	0.000000
-0.609708	0.363043	0.000000
-0.458507	-0.316204	0.000000
-0.419330	-0.283166	0.000000
-0.183632	-0.312601	0.000000
0.946178	0.719204	0.000000
0.546576	0.411653	0.000000
0.273061	-0.350873	0.000000
-0.449885	0.580909	0.000000
0.705663	-0.474792	0.000000
0.673102	0.745487	0.000000
0.477530	0.504981	0.000000
0.569063	0.825948	0.000000
-0.278733	-0.130723	0.000000
-0.361792	-0.454460	0.000000
-0.723382	0.181951	0.000000
-0.017253	0.835188	0.000000
0.452120	-0.179494	0.000000
-0.210719	0.466873	0.000000
-0.871250	0.258292	0.000000
-0.693677	0.238068	0.000000
0.022217	0.413166	0.000000
-0.504190	-0.266114	0.000000
0.346530	-0.263467	0.000000
0.662470	0.295777	0.000000
0.519628	0.504672	0.000000
0.278399	-0.156947	0.000000
-0.991901	0.756096	0.000000
0.888129	0.834537	0.000000
-0.258879	0.398928	0.000000
0.339468	0.985262	0.000000
0.378379	-0.394557	0.000000
-0.912499	0.336240	0.000000
0.437223	0.572481	0.000000
-0.318702	-0.762377	0.000000
0.621274	-0.398405	0.000000
0.461542	0.034362	0.000000
0.863252	0.511095	0.000000
-0.196173	0.489323	0.000000
-0.822957	0.836408	0.000000
-0.915994	0.956314	0.000000
0.769001	0.090612	0.000000
-0.411141	0.799277	0.000000
-0.863315	0.467007	0.000000
0.455124	0.495128	0.000000
0.074172	-0.173446	0.000000
0.837172	0.501114	0.000000
0.542654	-0.021454	0.000000
0.392233	-0.095371	0.000000
-0.347887	0.454683	0.000000
-0.465073	0.693076	0.000000
0.202524	-0.187893	0.000000
0.310872	0.470330	0.000000
0.016825	-0.142505	0.000000
0.239282	-0.198867	0.000000
-0.213250	0.673318	0.000000
-0.184228	-0.602662	0.000000
-0.199840	-0.120129	0.000000
0.762754	0.631258	0.000000
0.364490	0.116993	0.000000
0.685455	0.425336	0.000000
-0.687574	-0.210624	0.000000
-0.755026	0.259658	0.000000
0.519268	0.124887	0.000000
-0.172998	-0.108428	0.000000
-0.758962	0.614243	0.000000
-0.340615	-0.161883	0.000000
-0.326908	0.598960	0.000000
-0.688735	0.873591	0.000000
-0.887408	0.823821	0.000000
0.145512	0.345179	0.000000
0.355235	0.354380	0.000000
-0.882346	0.630072	0.000000
0.920149	0.509734	0.000000
0.010621	-0.572055	0.000000
-0.464150	-0.115326	0.000000
-0.194155	-0.651879	0.000000
-0.182042	0.457768	0.000000
-0.867772	0.718683	0.000000
0.033091	-0.157849	0.000000
0.599690	0.328730	0.000000
0.349646	-0.211077	0.000000
0.405501	0.453278	0.000000
0.428829	-0.443678	0.000000
0.726383	0.536161	0.000000
0.376376	0.331075	0.000000
0.605368	-0.048474	0.000000
-0.890941	0.961371	0.000000
0.051741	0.823166	0.000000
-0.433959	0.777786	0.000000
-0.402317	-0.144310	0.000000
0.475652	0.277461	0.000000
-0.814632	0.326629	0.000000
0.427708	0.036778	0.000000
0.799126	-0.417137	0.000000
0.294994	0.952575	0.000000
0.494204	0.629030	0.000000
-0.495451	-0.201738	0.000000
-0.701165	0.207687	0.000000
0.369216	0.237993	0.000000
-0.299597	0.711411	0.000000
0.976885	0.668883	0.000000
0.172721	0.776073	0.000000
-0.595410	0.896910	0.000000
0.520330	0.424837	0.000000
-0.402352	0.398274	0.000000
0.354204	-0.485076	0.000000
0.246141	0.644873	0.000000
-0.326482	-0.773886	0.000000
0.558179	-0.495464	0.000000
-0.440294	-0.818467	0.000000
-0.230487	-0.591573	0.000000
-0.072552	0.116378	0.000000
-0.313734	0.411212	0.000000
0.336174	-0.530738	0.000000
-0.514253	-0.865338	0.000000
0.321469	-0.551595	0.000000
-0.356681	-0.138032	0.000000
-0.419582	0.609558	0.000000
0.365181	0.492680	0.000000
0.524356	-0.575449	0.000000
0.247502	-0.088279	0.000000
0.448653	-0.189722	0.000000
0.460033	-0.454874	0.000000
-0.419459	0.338358	0.000000
-0.486386	0.764377	0.000000
-0.511105	-0.655350	0.000000
0.770636	0.708118	0.000000
-0.568970	0.822722	0.000000
0.312561	-0.322757	0.000000
0.598991	0.148868	0.000000
0.652867	0.580784	0.000000
0.917269	0.500047	0.000000
0.547522	0.051996	0.000000
0.621189	0.762197	0.000000
0.538277	0.050742	0.000000
0.150118	0.728039	0.000000
0.367606	0.376683	0.000000
-0.415546	0.203528	0.000000
-0.624943	-0.616766	0.000000
0.465153	-0.182215	0.000000
0.834553	0.628044	0.000000
-0.177421	0.318212	0.000000
0.381023	-0.354187	0.000000
0.688528	0.482485	0.000000
-0.491119	0.705936	0.000000
-0.148003	-0.404137	0.000000
0.760423	0.256036	0.000000
-0.125435	0.199352	0.000000
-0.869516	0.385281	0.000000
-0.223819	-0.660279	0.000000
-0.086685	-0.364530	0.000000
0.723650	0.379592	0.000000
0.877047	0.590416	0.000000
-0.135821	-0.428824	0.000000
-0.450693	-0.487048	0.000000
-0.096370	0.351057	0.000000
-0.592171	-0.409112	0.000000
-0.494398	-0.664589	0.000000
0.303519	-0.415219	0.000000
0.462897	0.776523	0.000000
-0.732882	0.868848	0.000000
0.330058	-0.002560	0.000000
0.652238	0.377419	0.000000
-0.037479	0.577125	0.000000
-0.276316	0.117006	0.000000
-0.302179	-0.335459	0.000000
-0.183640	-0.412006	0.000000
-0.577018	-0.967435	0.000000
-0.686332	0.605932	0.000000
0.427602	0.056411	0.000000
-0.105137	0.349075	0.000000
0.341593	-0.004230	0.000000
0.656118	0.743372	0.000000
0.580947	0.341483	0.000000
0.907517	0.864720	0.000000
-0.552141	0.760560	0.000000
0.704520	0.677358	0.000000
0.525520	0.712968	0.000000
0.188023	0.628580	0.000000
0.773676	0.558500	0.000000
0.373426	0.776606	0.000000
-0.046832	-0.471517	0.000000
-0.374745	0.533407	0.000000
-0.835651	0.488970	0.000000
0.188808	-0.139685	0.000000
0.903005	0.429200	0.000000
-0.058612	0.614918	0.000000
-0.246511	0.229508	0.000000
0.425459	-0.515616	0.000000
0.649511	-0.383560	0.000000
0.258530	0.574812	0.000000
-0.782780	0.221435	0.000000
0.972720	0.666719	0.000000
-0.017791	-0.045816	0.000000
-0.307955	-0.603675	0.000000
-0.607442	0.737635	0.000000
0.282697	0.636390	0.000000
0.704302	0.617088	0.000000
-0.931948	0.507869	0.000000
-0.126881	-0.122321	0.000000
0.449644	0.112625	0.000000
-0.454715	-0.967743	0.000000
0.286097	0.955825	0.000000
-0.490449	0.761419	0.000000
0.263428	-0.489812	0.000000
0.274379	-0.175810	0.000000
0.885026	0.579044	0.000000
0.409797	-0.600115	0.000000
0.397183	0.406438	0.000000
-0.445033	-0.243536	0.000000
0.698239	0.238877	0.000000
-0.855971	0.473441	0.000000
0.519551	0.061569	0.000000
0.262618	0.688675	0.000000
0.482534	0.546608	0.000000
-0.320972	-0.062444	0.000000
-0.591039	0.898693	0.000000
-0.142381	0.229366	0.000000
-0.162182	0.529321	0.000000
-0.195285	0.071594	0.000000
0.697703	0.001183	0.000000
-0.100535	0.446208	0.000000
0.374063	0.188605	0.000000
-0.544780	-0.682453	0.000000
0.549647	0.347881	0.000000
0.425582	-0.435323	0.000000
-0.564260	0.895824	0.000000
-0.521031	0.137736	0.000000
0.718725	0.332851	0.000000
-0.333684	0.223395	0.000000
-0.087060	0.354275	0.000000
-0.504631	-0.116259	0.000000
-0.219791	0.071597	0.000000
0.983071	0.620619	0.000000
-0.095185	0.440729	0.000000
0.223165	0.670260	0.000000
-0.418428	0.616068	0.000000
-0.392646	0.823297	0.000000
-0.327883	-0.328042	0.000000
0.594787	0.504902	0.000000
-0.609464	0.152849	0.000000
0.709069	-0.438163	0.000000
-0.366101	0.171183	0.000000
-0.336449	0.173106	0.000000
0.951193	0.654733	0.000000
0.120463	0.147866	0.000000
0.513426	0.319545	0.000000
0.270806	0.366399	0.000000
-0.573709	-0.398774	0.000000
0.142175	0.062911	0.000000
0.600051	0.694018	0.000000
0.101836	0.791357	0.000000
0.915469	0.581889	0.000000
0.984334	0.781487	0.000000
0.752206	0.724205	0.000000
0.430084	0.055041	0.000000
-0.405600	-0.385459	0.000000
0.611599	-0.514961	0.000000
-0.551464	-0.420799	0.000000
-0.322367	-0.265264	0.000000
0.411328	0.134396	0.000000
-0.466782	0.592522	0.000000
0.332938	-0.372843	0.000000
-0.366464	-0.533583	0.000000
0.572320	0.057999	0.000000
0.883691	0.857326	0.000000
-0.102177	-0.113381	0.000000
-0.092452	0.371812	0.000000
0.025727	0.782333	0.000000
-0.155859	0.001040	0.000000
-0.079129	-0.092837	0.000000
-0.725218	0.443842	0.000000
0.588053	-0.018213	0.000000
-0.563914	0.201120	0.000000
0.274767	0.290830	0.000000
-0.354729	0.188044	0.000000
0.891936	0.813662	0.000000
0.141356	-0.238973	0.000000
-0.799017	0.770802	0.000000
0.531216	0.180307	0.000000
-0.088399	-0.400030	0.000000
-0.353811	0.659078	0.000000
0.751256	0.382895	0.000000
0.442749	0.081292	0.000000
0.707297	0.617251	0.000000
0.327110	-0.378907	0.000000
-0.606986	0.737581	0.000000
0.467367	-0.388234	0.000000
0.652297	0.755214	0.000000
-0.534351	-0.561916	0.000000
-0.424028	0.794900	0.000000
0.973802	0.755463	0.000000
0.306763	-0.368092	0.000000
0.557688	0.487552	0.000000
-0.620202	0.564813	0.000000
0.567881	0.578640	0.000000
0.551727	-0.391127	0.000000
0.449498	0.059339	0.000000
-0.141651	0.478887	0.000000
-0.123290	0.351611	0.000000
0.219244	0.198968	0.000000
0.254241	-0.562100	0.000000
0.035424	0.565561	0.000000
-0.191376	-0.145141	0.000000
0.362201	-0.239191	0.000000
0.806461	0.707660	0.000000
0.471282	0.613904	0.000000
0.409149	0.041282	0.000000
-0.286599	-0.819128	0.000000
-0.091331	0.212172	0.000000
-0.480429	0.856624	0.000000
0.074583	0.572645	0.000000
0.392378	0.072854	0.000000
-0.111172	-0.339252	0.000000
0.252864	0.303295	0.000000
0.207352	-0.022032	0.000000
-0.774141	0.747581	0.000000
0.510242	0.680781	0.000000
0.666058	0.041910	0.000000
-0.458703	-0.534719	0.000000
-0.203271	-0.129936	0.000000
-0.498855	-0.323294	0.000000
-0.941562	0.474822	0.000000
-0.391397	0.639479	0.000000
0.173876	-0.051923	0.000000
-0.364849	0.401984	0.000000
-0.626219	0.220275	0.000000
-0.865468	0.871704	0.000000
-0.403295	0.735846	0.000000
0.587707	-0.355357	0.000000
0.690485	0.539479	0.000000
-0.089373	0.720375	0.000000
-0.549506	0.196314	0.000000
-0.200767	0.519955	0.000000
0.109254	-0.068162	0.000000
-0.637895	-0.812790	0.000000
0.564667	-0.498260	0.000000
0.333743	0.986925	0.000000
0.058450	-0.457327	0.000000
0.514275	0.235677	0.000000
0.625890	-0.619926	0.000000
-0.319298	-0.399815	0.000000
0.229384	0.700746	0.000000
-0.091059	0.442360	0.000000
-0.269589	0.295982	0.000000
0.157534	-0.437468	0.000000
-0.332099	-0.473074	0.000000
-0.008079	0.048634	0.000000
-0.399733	-0.253506	0.000000
-0.444905	0.151024	0.000000
-0.567148	0.178207	0.000000
-0.458735	0.245342	0.000000
-0.662872	0.649617	0.000000
-0.905707	0.765278	0.000000
0.015233	0.437291	0.000000
-0.015207	-0.218090	0.000000
-0.203272	-0.628116	0.000000
-0.308454	-0.440938	0.000000
-0.471442	0.070954	0.000000
0.546477	0.088985	0.000000
0.576787	0.542833	0.000000
0.540937	0.757825	0.000000
0.410376	0.717780	0.000000
-0.170983	0.444177	0.000000
-0.444379	0.097951	0.000000
0.819188	-0.621694	0.000000
0.748732	0.648628	0.000000
0.266828	0.415841	0.000000
-0.592517	0.811996	0.000000
0.763503	0.518311	0.000000
-0.704933	0.041529	0.000000
-0.326882	0.528767	0.000000
-0.154132	-0.489481	0.000000
0.389868	0.183094	0.000000
-0.099936	0.117816	0.000000
0.929973	0.784520	0.000000
-0.247989	0.656640	0.000000
0.637742	0.452697	0.000000
-0.534335	-0.037645	0.000000
0.057576	-0.036016	0.000000
0.112555	0.471619	0.000000
-0.543495	-0.283823	0.000000
-0.611207	-0.048203	0.000000
0.013549	0.452945	0.000000
0.801382	0.326132	0.000000
0.688338	0.236262	0.000000
-0.459171	0.123404	0.000000
-0.192115	0.731036	0.000000
0.550936	-0.699699	0.000000
-0.054731	0.382449	0.000000
0.834458	0.750167	0.000000
-0.380128	-0.689777	0.000000
0.585011	-0.477466	0.000000
-0.911170	0.815787	0.000000
-0.024280	0.469135	0.000000
0.694073	-0.615440	0.000000
-0.388868	-0.051224	0.000000
-0.014842	0.556746	0.000000
0.716862	0.102029	0.000000
-0.505133	0.207732	0.000000
-0.296673	-0.715247	0.000000
-0.563637	0.404276	0.000000
0.476763	0.226413	0.000000
0.635242	0.686497	0.000000
-0.039210	0.599519	0.000000
-0.715427	0.890705	0.000000
-0.255209	0.283633	0.000000
-0.507829	0.851231	0.000000
0.491025	0.229277	0.000000
0.855921	0.348934	0.000000
0.266289	-0.421120	0.000000
0.667562	0.616977	0.000000
-0.859789	0.909259	0.000000
-0.439105	0.415195	0.000000
0.785348	0.342746	0.000000
-0.966949	0.648407	0.000000
0.310832	0.108777	0.000000
0.667462	0.839624	0.000000
0.126706	0.591529	0.000000
0.962507	0.724717	0.000000
0.672798	0.525447	0.000000
-0.289778	-0.834662	0.000000
-0.585461	0.801734	0.000000
0.076608	0.315854	0.000000
-0.029825	0.652665	0.000000
0.737746	-0.488270	0.000000
-0.927155	0.782273	0.000000
-0.949776	0.885869	0.000000
0.686609	0.699387	0.000000
0.343596	0.509191	0.000000
0.431156	0.507570	0.000000
-0.604059	0.826312	0.000000
0.541233	-0.017530	0.000000
0.593633	0.781630	0.000000
-0.080223	-0.081049	0.000000
-0.462037	-0.843574	0.000000
0.676225	0.070407	0.000000
-0.548535	-0.457792	0.000000
-0.143194	-0.388582	0.000000
0.271253	0.285434	0.000000
0.896281	0.485860	0.000000
0.559785	0.143133	0.000000
0.640327	0.147557	0.000000
-0.194946	-0.513049	0.000000
-0.260846	-0.529393	0.000000
0.401487	-0.178359	0.000000
0.360127	0.187141	0.000000
0.554052	-0.033011	0.000000
0.022955	-0.459741	0.000000
0.574132	-0.033338	0.000000
-0.271397	-0.104125	0.000000
0.404246	-0.457024	0.000000
0.441156	-0.576617	0.000000
0.427714	0.081455	0.000000
0.306438	-0.222348	0.000000
0.143474	-0.031944	0.000000
0.196416	0.670506	0.000000
0.754152	0.405143	0.000000
0.025140	-0.187117	0.000000
0.123180	0.198994	0.000000
0.535750	0.523392	0.000000
-0.201198	0.413709	0.000000
0.275882	0.853165	0.000000
0.779482	0.240739	0.000000
0.038293	0.340653	0.000000
-0.611446	0.295246	0.000000
0.261959	0.280437	0.000000
0.389632	0.329314	0.000000
0.793219	0.295331	0.000000
0.757522	0.735467	0.000000
0.966746	0.713365	0.000000
-0.031504	-0.130752	0.000000
0.326438	-0.211226	0.000000
-0.541394	0.183503	0.000000
-0.313336	-0.450033	0.000000
-0.717614	-0.024691	0.000000
-0.259165	0.209099	0.000000
-0.753738	0.809149	0.000000
-0.248536	0.714833	0.000000
0.089492	0.450887	0.000000
-0.281317	-0.260587	0.000000
-0.244672	0.240537	0.000000
-0.464124	0.493116	0.000000
-0.510029	0.239201	0.000000
-0.313674	0.632224	0.000000
-0.130959	0.284253	0.000000
-0.426368	0.461906	0.000000
-0.242827	-0.076036	0.000000
0.061349	-0.031552	0.000000
0.333688	0.919208	0.000000
0.429414	0.355464	0.000000
0.353685	-0.581054	0.000000
0.092327	0.655912	0.000000
-0.201577	-0.747092	0.000000
0.252051	-0.013427	0.000000
-0.490271	0.248824	0.000000
-0.347708	-0.595072	0.000000
0.855146	0.359667	0.000000
0.014750	0.615677	0.000000
-0.489968	0.836567	0.000000
0.204568	-0.012377	0.000000
-0.328154	-0.765453	0.000000
-0.891679	0.573853	0.000000
0.189588	0.133990	0.000000
-0.366268	0.467726	0.000000
0.361663	0.676911	0.000000
-0.275503	0.739284	0.000000
0.650568	0.136869	0.000000
-0.568240	-0.571664	0.000000
0.106976	0.779209	0.000000
-0.112832	0.427164	0.000000
0.120425	0.750157	0.000000
-0.112954	-0.107068	0.000000
-0.874298	0.613478	0.000000
0.647387	-0.486518	0.000000
-0.434666	0.733631	0.000000
0.824293	-0.595598	0.000000
0.779730	-0.650057	0.000000
0.808034	0.500692	0.000000
0.771886	0.506969	0.000000
-0.732952	0.922026	0.000000
-0.261353	0.161181	0.000000
-0.442533	0.513770	0.000000
-0.001973	-0.085659	0.000000
0.384301	-0.309064	0.000000
0.624366	0.647814	0.000000
0.359761	0.173178	0.000000
0.867309	0.594061	0.000000
0.481629	-0.130179	0.000000
0.630440	-0.562173	0.000000
0.504648	-0.320957	0.000000
-0.276069	0.483721	0.000000
0.073521	0.532011	0.000000
0.210076	0.122663	0.000000
-0.524914	0.181995	0.000000
0.524845	0.622114	0.000000
0.723592	0.284856	0.000000
-0.577052	-0.596321	0.000000
0.029708	0.315988	0.000000
-0.091805	-0.317557	0.000000
-0.121863	0.421963	0.000000
0.454279	-0.367173	0.000000
0.281652	0.220450	0.000000
-0.422149	-0.024623	0.000000
0.295355	-0.269294	0.000000
0.625723	0.082223	0.000000
0.312271	-0.126836	0.000000
-0.019491	0.726700	0.000000
-0.573018	-0.121520	0.000000
0.126059	0.608028	0.000000
0.181397	-0.114216	0.000000
-0.593978	0.727897	0.000000
-0.438677	0.501360	0.000000
-0.513003	-0.036104	0.000000
0.560486	0.398742	0.000000
-0.618840	0.111858	0.000000
0.077846	-0.015730	0.000000
-0.157842	-0.132646	0.000000
-0.373600	0.802836	0.000000
0.308123	0.325507	0.000000
0.001701	-0.020646	0.000000
0.084789	-0.094395	0.000000
0.218214	-0.017486	0.000000
0.506579	-0.358089	0.000000
-0.709936	0.862307	0.000000
-0.352014	0.514657	0.000000
0.664165	0.404715	0.000000
0.512891	0.648673	0.000000
0.535693	0.657647	0.000000
-0.290857	-0.610275	0.000000
-0.277559	0.340707	0.000000
-0.922150	0.962264	0.000000
0.366186	0.601715	0.000000
-0.340173	0.704611	0.000000
0.538966	0.427146	0.000000
0.099751	-0.450039	0.000000
0.051061	-0.154411	0.000000
0.381556	-0.200135	0.000000
-0.160306	-0.641859	0.000000
-0.098677	-0.140061	0.000000
0.679481	0.359291	0.000000
0.349907	0.531779	0.000000
-0.558263	0.434515	0.000000
-0.463977	0.832108	0.000000
-0.137839	-0.166430	0.000000
0.025754	0.077956	0.000000
0.429206	-0.000771	0.000000
-0.404136	-0.104466	0.000000
0.006282	0.337817	0.000000
0.715129	0.630595	0.000000
0.050156	0.581864	0.000000
-0.873438	0.213581	0.000000
-0.111968	-0.352659	0.000000
0.074653	-0.147758	0.000000
0.629074	0.103430	0.000000
0.366949	0.148285	0.000000
-0.114442	0.435074	0.000000
0.366892	0.173029	0.000000
0.563468	0.135413	0.000000
-0.436517	0.437915	0.000000
0.506414	0.412814	0.000000
-0.338179	-0.174463	0.000000
0.195391	-0.445181	0.000000
-0.152785	0.279822	0.000000
0.697179	0.371910	0.000000
0.179304	-0.433758	0.000000
-0.168148	-0.281635	0.000000
0.538326	0.589952	0.000000
0.677143	0.210624	0.000000
0.572925	0.137418	0.000000
0.667322	0.151391	0.000000
-0.244143	-0.635115	0.000000
-0.793020	0.095780	0.000000
0.138971	-0.397923	0.000000
0.042676	0.550258	0.000000
0.672252	0.000081	0.000000
0.421398	0.759451	0.000000
0.578850	0.076791	0.000000
0.339752	0.364515	0.000000
0.351869	-0.284935	0.000000
0.652389	-0.487269	0.000000
-0.108884	-0.097748	0.000000
-0.469662	-0.970814	0.000000
0.599877	-0.376167	0.000000
-0.179742	0.641932	0.000000
-0.701846	0.260728	0.000000
-0.045379	0.337547	0.000000
0.172482	-0.235275	0.000000
0.409515	-0.105898	0.000000
-0.956102	0.453515	0.000000
-0.422191	0.264817	0.000000
0.479270	0.189132	0.000000
-0.728837	0.745235	0.000000
-0.492866	0.568976	0.000000
-0.465344	-0.794992	0.000000
0.482600	0.465587	0.000000
0.338301	-0.349330	0.000000
0.562249	-0.405863	0.000000
-0.335913	-0.447553	0.000000
0.405481	-0.528430	0.000000
-0.343239	0.132068	0.000000
0.246620	-0.400954	0.000000
0.555571	0.623490	0.000000
0.290884	0.079995	0.000000
0.718881	-0.507916	0.000000
-0.790100	0.722996	0.000000
-0.379664	-0.146840	0.000000
0.569426	0.019620	0.000000
-0.440939	-0.630120	0.000000
-0.081290	0.230285	0.000000
-0.443174	0.400931	0.000000
-0.571675	-0.047447	0.000000
-0.167138	0.608198	0.000000
0.108582	0.219356	0.000000
-0.312537	-0.751829	0.000000
-0.553205	0.460366	0.000000
0.706589	-0.325574	0.000000
-0.621540	-0.132726	0.000000
-0.582403	0.799415	0.000000
0.730076	-0.342447	0.000000
0.682754	0.811408	0.000000
0.186282	-0.195579	0.000000
-0.288961	0.228754	0.000000
-0.221966	-0.458203	0.000000
-0.563325	-0.312758	0.000000
-0.157235	0.377887	0.000000
0.751059	-0.547035	0.000000
0.316814	-0.420522	0.000000
0.422955	0.427793	0.000000
0.638085	0.121759	0.000000
-0.931197	0.494418	0.000000
-0.611919	0.683964	0.000000
0.706298	0.394640	0.000000
-0.250914	0.696518	0.000000
-0.449272	0.144114	0.000000
0.005053	0.393454	0.000000
0.008621	-0.232307	0.000000
-0.075830	-0.471142	0.000000
0.190472	-0.491824	0.000000
0.463689	-0.194693	0.000000
0.565959	0.008743	0.000000
0.274465	0.973528	0.000000
0.826198	0.344082	0.000000
0.266603	0.867778	0.000000
-0.527446	0.195602	0.000000
0.049440	0.799565	0.000000
-0.919267	0.925433	0.000000
-0.219058	0.197909	0.000000
-0.561296	-0.254754	0.000000
-0.258536	-0.269726	0.000000
-0.192118	-0.507620	0.000000
-0.208579	-0.658146	0.000000
0.525183	0.319018	0.000000
-0.674495	0.604839	0.000000
-0.271314	-0.541750	0.000000
-0.348118	-0.195622	0.000000
0.516802	0.020938	0.000000
0.809365	0.692939	0.000000
0.658898	0.618657	0.000000
-0.369156	-0.378430	0.000000
0.446012	0.536048	0.000000
-0.056440	0.391545	0.000000
0.352212	0.560591	0.000000
0.511293	0.327443	0.000000
-0.085276	0.446656	0.000000
0.969564	0.709336	0.000000
0.758530	0.624157	0.000000
0.375078	0.228684	0.000000
-0.481330	0.525470	0.000000
0.922007	0.702430	0.000000
-0.585620	-0.064678	0.000000
-0.306269	-0.184861	0.000000
0.082193	-0.046181	0.000000
-0.568429	0.283497	0.000000
0.279904	-0.453861	0.000000
0.422699	0.045013	0.000000
-0.564342	0.689711	0.000000
-0.324042	0.704306	0.000000
-0.556775	-0.162133	0.000000
0.711510	0.618376	0.000000
0.786063	-0.560483	0.000000
-0.705779	0.904818	0.000000
0.397901	-0.349170	0.000000
0.423333	-0.284027	0.000000
0.094304	0.740460	0.000000
-0.834027	0.415476	0.000000
-0.722227	0.152661	0.000000
0.753977	-0.683942	0.000000
0.848519	0.581133	0.000000
0.580090	0.039982	0.000000
0.552633	-0.021335	0.000000
0.781167	0.624357	0.000000
-0.108335	0.482851	0.000000
0.535024	-0.656303	0.000000
0.381819	0.333557	0.000000
-0.673432	0.884638	0.000000
0.579629	0.522551	0.000000
-0.597953	-0.851306	0.000000
-0.284844	0.753164	0.000000
-0.027216	-0.057964	0.000000
-0.329827	0.170266	0.000000
0.491801	0.298400	0.000000
-0.726219	0.501966	0.000000
-0.433474	-0.902655	0.000000
-0.234380	0.388230	0.000000
0.372705	0.043997	0.000000
0.478422	-0.014891	0.000000
0.520705	0.517368	0.000000
0.092922	-0.385099	0.000000
0.386535	0.227836	0.000000
0.102534	0.072924	0.000000
0.674839	0.701803	0.000000
-0.566635	0.612921	0.000000
-0.835770	0.942207	0.000000
0.267177	0.976884	0.000000
-0.452247	0.595122	0.000000
-0.596251	0.682519	0.000000
0.241504	-0.246379	0.000000
-0.627104	-0.684338	0.000000
0.565332	-0.366590	0.000000
-0.228170	-0.171682	0.000000
0.162151	0.346517	0.000000
-0.241486	0.582473	0.000000
-0.649155	0.924309	0.000000
0.103101	-0.196468	0.000000
0.346077	0.766859	0.000000
-0.181596	-0.078679	0.000000
-0.173527	-0.124001	0.000000
0.020820	-0.131724	0.000000
0.517122	0.266536	0.000000
-0.553837	0.512644	0.000000
-0.669898	-0.060491	0.000000
0.902189	0.819754	0.000000
-0.099669	-0.378176	0.000000
-0.877223	0.961000	0.000000
-0.494336	0.472835	0.000000
-0.402533	-0.841296	0.000000
0.896957	0.748775	0.000000
0.268525	0.901544	0.000000
0.274874	0.178629	0.000000
0.845864	0.721167	0.000000
0.476086	0.218361	0.000000
-0.118566	0.545222	0.000000
0.388971	-0.373207	0.000000
0.142438	0.431463	0.000000
-0.168457	-0.139652	0.000000
-0.417371	0.670911	0.000000
-0.076510	-0.136024	0.000000
0.287433	0.581324	0.000000
-0.823186	0.292442	0.000000
-0.713532	0.525987	0.000000
-0.503093	-0.118374	0.000000
0.340857	-0.080832	0.000000
-0.611098	-0.921802	0.000000
0.035609	-0.092921	0.000000
-0.184392	0.527492	0.000000
0.698120	0.518359	0.000000
-0.701715	0.347236	0.000000
0.952379	0.633732	0.000000
0.734936	0.839521	0.000000
0.537683	-0.562554	0.000000
-0.355868	-0.381016	0.000000
-0.298508	0.554325	0.000000
-0.119537	0.256184	0.000000
0.386575	-0.505815	0.000000
-0.964969	0.776639	0.000000
0.581894	0.339926	0.000000
0.839422	-0.464548	0.000000
0.407505	0.213727	0.000000
0.826984	0.527488	0.000000
0.518446	0.302053	0.000000
-0.410422	-0.893363	0.000000
-0.130361	0.434732	0.000000
-0.616464	-0.657556	0.000000
-0.520996	-0.515993	0.000000
-0.592933	0.478217	0.000000
0.426882	0.222841	0.000000
-0.609127	-0.395880	0.000000
0.394622	0.374828	0.000000
0.505348	0.520439	0.000000
-0.579518	0.204230	0.000000
0.781805	-0.616536	0.000000
0.223204	-0.106517	0.000000
0.375020	0.138462	0.000000
0.773400	0.606651	0.000000
-0.418830	-0.866236	0.000000
-0.086396	0.645525	0.000000
-0.187106	0.441138	0.000000
0.260999	0.286930	0.000000
-0.347718	0.730821	0.000000
-0.588248	0.593047	0.000000
0.699836	0.182803	0.000000
-0.537550	0.435147	0.000000
-0.671182	-0.653445	0.000000
0.643715	0.738576	0.000000
0.119001	0.041824	0.000000
-0.230169	-0.330885	0.000000
-0.433532	0.825381	0.000000
-0.340502	0.430819	0.000000
-0.070121	0.664051	0.000000
-0.353513	-0.156999	0.000000
0.293740	0.541908	0.000000
0.583930	0.225444	0.000000
0.473888	0.576591	0.000000
0.144881	0.061399	0.000000
0.021244	-0.044041	0.000000
0.532566	0.145137	0.000000
-0.075525	0.769378	0.000000
0.565794	0.251441	0.000000
-0.739085	0.850251	0.000000
-0.042191	0.533388	0.000000
-0.859872	0.622190	0.000000
-0.481461	0.145508	0.000000
0.385242	-0.336669	0.000000
0.524855	0.706695	0.000000
-0.427843	0.330691	0.000000
-0.476826	0.314993	0.000000
-0.399912	-0.147405	0.000000
0.757488	-0.467715	0.000000
0.123843	-0.360651	0.000000
0.553565	0.162598	0.000000
-0.655543	-0.593138	0.000000
-0.170393	-0.129164	0.000000
-0.510561	-0.173979	0.000000
0.937857	0.611598	0.000000
-0.981582	0.710334	0.000000
0.387616	-0.144111	0.000000
0.445320	0.213439	0.000000
0.213377	0.285457	0.000000
-0.322831	-0.673683	0.000000
0.505841	-0.505756	0.000000
0.827904	0.417689	0.000000
-0.402282	-0.774706	0.000000
0.460992	-0.067946	0.000000
0.650498	-0.014119	0.000000
0.039079	0.322168	0.000000
0.530554	-0.518311	0.000000
0.640292	-0.593721	0.000000
-0.696010	-0.069323	0.000000
0.411274	0.555439	0.000000
-0.519076	-0.446724	0.000000
-0.234698	0.020121	0.000000
0.826652	-0.636871	0.000000
-0.917598	0.849652	0.000000
-0.009482	0.091167	0.000000
0.346482	0.281788	0.000000
0.372712	0.604202	0.000000
0.694366	0.508900	0.000000
0.048123	0.509327	0.000000
0.539926	-0.025235	0.000000
0.572317	0.148530	0.000000
-0.059460	0.370129	0.000000
0.167827	0.549342	0.000000
-0.687768	0.853429	0.000000
-0.408051	0.690986	0.000000
-0.615521	0.145445	0.000000
-0.429842	0.197625	0.000000
0.383889	-0.079071	0.000000
-0.558431	0.324462	0.000000
-0.380949	0.631610	0.000000
0.503798	0.099589	0.000000
-0.927334	0.761013	0.000000
-0.609559	-0.538382	0.000000
-0.334414	0.245007	0.000000
0.310699	-0.128585	0.000000
-0.220898	-0.134284	0.000000
-0.297580	-0.037206	0.000000
-0.747149	0.708267	0.000000
-0.844584	0.931000	0.000000
0.231343	-0.019669	0.000000
0.775580	0.556517	0.000000
-0.318845	-0.551412	0.000000
-0.798469	0.535686	0.000000
-0.557396	-0.596264	0.000000
-0.433716	-0.533727	0.000000
0.669601	0.534376	0.000000
-0.046213	0.450484	0.000000
0.357296	-0.166194	0.000000
-0.898485	0.486005	0.000000
-0.400989	0.274285	0.000000
0.576045	0.553228	0.000000
-0.908943	0.871509	0.000000
0.346842	0.828669	0.000000
0.866360	-0.483083	0.000000
0.910554	0.525383	0.000000
0.674853	-0.555596	0.000000
0.611392	0.607800	0.000000
0.247428	0.851767	0.000000
-0.926431	0.696928	0.000000
-0.219147	0.498176	0.000000
-0.790293	0.342376	0.000000
0.420928	0.570865	0.000000
-0.261762	0.209014	0.000000
0.446804	-0.459644	0.000000
-0.356291	-0.501443	0.000000
0.430184	0.535176	0.000000
0.476831	-0.408607	0.000000
0.481514	-0.043319	0.000000
-0.303813	0.733175	0.000000
-0.279659	-0.633902	0.000000
-0.638420	-0.655055	0.000000
-0.518380	0.538290	0.000000
0.885232	0.566457	0.000000
0.309351	0.329812	0.000000
-0.814607	0.348100	0.000000
0.426006	-0.097210	0.000000
-0.502596	0.606343	0.000000
-0.450899	-0.401244	0.000000
0.572199	0.294339	0.000000
-0.311305	-0.761545	0.000000
-0.335578	-0.792904	0.000000
-0.330435	-0.135271	0.000000
0.086331	0.048309	0.000000
0.501387	-0.018992	0.000000
0.143044	0.546912	0.000000
0.678897	0.458690	0.000000
0.206723	-0.117635	0.000000
0.442003	-0.202881	0.000000
-0.540134	0.375435	0.000000
-0.309738	-0.194849	0.000000
0.132343	0.511838	0.000000
0.181849	-0.167489	0.000000
0.383134	0.259175	0.000000
-0.666741	-0.591083	0.000000
-0.523367	0.868081	0.000000
0.501847	0.634743	0.000000
-0.243224	-0.454453	0.000000
0.704282	0.395323	0.000000
0.337064	-0.265700	0.000000
0.393747	-0.598454	0.000000
-0.348472	0.676166	0.000000
0.173355	0.750661	0.000000
-0.178537	0.378735	0.000000
0.500559	-0.393993	0.000000
0.708405	-0.541527	0.000000
0.382789	0.341570	0.000000
-0.992831	0.859383	0.000000
-0.542932	-0.054338	0.000000
-0.029364	0.475963	0.000000
0.498453	-0.608512	0.000000
0.545599	0.133626	0.000000
0.287983	0.943737	0.000000
-0.106418	0.781553	0.000000
0.492998	-0.183175	0.000000
0.036190	-0.107188	0.000000
0.175811	-0.316964	0.000000
0.010071	0.439154	0.000000
-0.201355	0.545784	0.000000
-0.614521	-0.203166	0.000000
-0.199639	0.543424	0.000000
-0.558406	-0.655494	0.000000
-0.525184	-0.324819	0.000000
0.806759	0.319846	0.000000
0.246317	0.888626	0.000000
0.878036	0.469540	0.000000
-0.374394	0.163803	0.000000
0.379924	-0.523638	0.000000
0.507240	0.474290	0.000000
0.377259	0.398118	0.000000
0.619319	0.718446	0.000000
0.188335	0.710026	0.000000
0.151153	-0.289855	0.000000
-0.115828	0.613006	0.000000
-0.381534	0.232951	0.000000
0.043742	0.685169	0.000000
-0.425146	0.617880	0.000000
0.318548	0.061984	0.000000
0.785739	0.540095	0.000000
-0.457375	0.236116	0.000000
0.455658	0.175391	0.000000
0.832483	0.398965	0.000000
-0.361215	0.361636	0.000000
0.487088	0.057214	0.000000
0.906875	0.614529	0.000000
-0.507281	0.666449	0.000000
-0.548780	-0.928874	0.000000
-0.876179	0.734499	0.000000
-0.679363	0.813913	0.000000
-0.172267	-0.093201	0.000000
0.602575	0.391045	0.000000
-0.512332	-0.329978	0.000000
-0.017626	-0.422222	0.000000
0.117075	0.473066	0.000000
0.045909	-0.037796	0.000000
-0.920342	0.737700	0.000000
0.325875	-0.216014	0.000000
-0.451053	-0.230361	0.000000
0.886049	0.514577	0.000000
0.687885	-0.380530	0.000000
0.737426	-0.672778	0.000000
-0.272707	-0.363160	0.000000
-0.147311	0.288462	0.000000
0.180144	0.394901	0.000000
-0.632293	0.396242	0.000000
0.300740	0.202426	0.000000
0.747112	-0.450428	0.000000
0.266579	0.378694	0.000000
0.592463	-0.456219	0.000000
-0.060377	-0.139978	0.000000
0.622766	-0.043629	0.000000
0.141414	0.552525	0.000000
-0.244902	-0.632995	0.000000
-0.472744	-0.144431	0.000000
0.551784	0.055304	0.000000
0.321091	-0.058251	0.000000
0.351188	0.615985	0.000000
0.653732	-0.402616	0.000000
-0.315122	0.647313	0.000000
-0.281314	-0.474347	0.000000
0.507746	0.247980	0.000000
0.847088	0.814972	0.000000
-0.702914	0.602392	0.000000
0.414455	0.451209	0.000000
-0.391113	0.812778	0.000000
0.179936	-0.425478	0.000000
-0.331088	-0.758590	0.000000
0.658058	0.485299	0.000000
0.437133	0.232126	0.000000
-0.502156	0.369704	0.000000
-0.066268	0.700090	0.000000
0.565815	-0.659101	0.000000
0.264565	-0.412680	0.000000
0.363475	0.618782	0.000000
0.260330	0.074354	0.000000
-0.714673	0.850774	0.000000
-0.835051	0.932633	0.000000
0.531423	0.692358	0.000000
0.222457	0.499586	0.000000
0.332318	-0.018433	0.000000
-0.510987	0.524738	0.000000
-0.314794	-0.356401	0.000000
0.477411	0.282906	0.000000
0.682226	0.814575	0.000000
-0.765921	0.875923	0.000000
0.242681	0.139762	0.000000
0.650486	-0.559797	0.000000
0.738710	-0.426784	0.000000
0.909271	0.530282	0.000000
-0.384028	0.381300	0.000000
-0.698696	0.134221	0.000000
0.720228	0.455793	0.000000
0.143867	0.688819	0.000000
-0.711899	0.661427	0.000000
-0.222256	-0.720129	0.000000
0.480793	0.588869	0.000000
-0.824891	0.951820	0.000000
-0.301484	-0.694823	0.000000
0.631342	-0.022749	0.000000
-0.639104	0.527889	0.000000
-0.439445	0.560696	0.000000
0.110691	-0.342676	0.000000
0.290778	-0.049103	0.000000
-0.643012	-0.080736	0.000000
-0.181438	0.429517	0.000000
0.595107	-0.370046	0.000000
-0.511041	0.776981	0.000000
0.539726	0.486330	0.000000
0.432588	-0.160369	0.000000
-0.716662	0.675950	0.000000
0.670617	0.232848	0.000000
0.853210	0.338350	0.000000
0.897121	0.512640	0.000000
0.037160	0.564909	0.000000
-0.180788	0.346131	0.000000
-0.879552	0.777058	0.000000
0.033858	-0.419050	0.000000
0.590413	0.387410	0.000000
0.013617	0.775052	0.000000
-0.892995	0.348824	0.000000
0.458122	-0.014573	0.000000
0.433160	-0.251597	0.000000
0.506428	0.195468	0.000000
0.056946	0.811011	0.000000
-0.089415	-0.099176	0.000000
0.377539	0.075303	0.000000
-0.604772	0.143175	0.000000
-0.712586	0.123529	0.000000
0.865490	0.679169	0.000000
-0.331593	0.297980	0.000000
-0.855419	0.553232	0.000000
-0.525447	-0.058237	0.000000
-0.314774	-0.803481	0.000000
0.808436	0.497897	0.000000
0.355186	0.579401	0.000000
0.326704	0.923191	0.000000
-0.589937	0.601300	0.000000
-0.127331	0.218486	0.000000
0.708216	0.815697	0.000000
0.315595	-0.330947	0.000000
0.404010	-0.153797	0.000000
0.203995	-0.326284	0.000000
0.474959	-0.249109	0.000000
0.312975	-0.390400	0.000000
0.448679	0.559964	0.000000
-0.804527	0.821271	0.000000
0.512088	-0.371223	0.000000
0.587406	0.400809	0.000000
-0.174996	0.517521	0.000000
-0.166145	0.356932	0.000000
0.240963	-0.253153	0.000000
0.711617	0.108232	0.000000
0.250898	0.811158	0.000000
0.866831	0.870249	0.000000
0.419868	0.587733	0.000000
0.482192	0.670542	0.000000
0.039423	0.361684	0.000000
0.111391	-0.272947	0.000000
-0.266105	-0.363131	0.000000
0.250794	-0.211049	0.000000
0.192664	0.153042	0.000000
0.221375	0.307973	0.000000
-0.872270	0.258340	0.000000
0.332766	0.983695	0.000000
-0.900698	0.678646	0.000000
0.663497	0.601074	0.000000
-0.184490	-0.106974	0.000000
0.743724	0.547629	0.000000
-0.363465	-0.288333	0.000000
-0.145724	0.123091	0.000000
0.307629	-0.496530	0.000000
-0.079956	-0.101805	0.000000
0.778780	-0.564813	0.000000
-0.644885	-0.873535	0.000000
0.225769	0.149042	0.000000
0.458793	0.727343	0.000000
-0.412047	-0.848006	0.000000
-0.551659	0.811078	0.000000
-0.982518	0.774533	0.000000
-0.598855	0.757396	0.000000
0.446526	0.490452	0.000000
0.435766	0.193667	0.000000
0.688974	-0.409246	0.000000
-0.086503	-0.547737	0.000000
0.394806	-0.146222	0.000000
0.645728	0.026869	0.000000
0.570761	-0.578781	0.000000
0.278037	-0.315934	0.000000
0.395574	0.357684	0.000000
0.555752	0.087379	0.000000
-0.068052	-0.375744	0.000000
-0.689746	-0.182885	0.000000
0.291136	0.233348	0.000000
0.468846	-0.334457	0.000000
0.844973	0.720288	0.000000
0.103957	-0.044852	0.000000
0.257381	0.160033	0.000000
0.780704	-0.658563	0.000000
-0.367783	-0.082733	0.000000
-0.283642	-0.600742	0.000000
0.045438	0.133939	0.000000
-0.578814	0.167562	0.000000
-0.281693	0.358909	0.000000
0.765986	0.706034	0.000000
-0.315994	0.398711	0.000000
0.142373	0.742118	0.000000
0.350196	-0.217086	0.000000
0.528081	0.031920	0.000000
0.158875	0.308507	0.000000
-0.494733	0.505393	0.000000
0.619433	0.517063	0.000000
0.895364	0.727464	0.000000
0.717045	0.461817	0.000000
-0.721150	0.503140	0.000000
0.366129	0.761089	0.000000
-0.047253	0.162694	0.000000
0.544520	0.624317	0.000000
-0.124900	0.064857	0.000000
0.158861	-0.219100	0.000000
0.498232	0.497134	0.000000
-0.832696	0.482126	0.000000
0.820976	0.766380	0.000000
0.058438	0.738916	0.000000
-0.017919	-0.093427	0.000000
0.588807	0.667975	0.000000
-0.730386	0.554738	0.000000
0.228065	0.425693	0.000000
0.140252	0.419031	0.000000
-0.234408	0.389222	0.000000
-0.001829	0.178607	0.000000
0.539736	0.137650	0.000000
0.018972	0.630155	0.000000
-0.315130	-0.729138	0.000000
-0.810698	0.173323	0.000000
-0.034608	0.051275	0.000000
-0.396476	0.789670	0.000000
0.340114	0.462752	0.000000
0.230984	0.596061	0.000000
-0.192666	0.087871	0.000000
0.162070	0.581037	0.000000
0.714910	0.566637	0.000000
0.511872	-0.598870	0.000000
0.018906	0.292162	0.000000
0.481858	-0.237604	0.000000
0.099807	-0.171418	0.000000
0.631051	0.325131	0.000000
-0.110551	0.095354	0.000000
-0.647558	-0.111045	0.000000
0.515461	-0.510100	0.000000
-0.644546	0.197230	0.000000
0.531825	-0.408567	0.000000
0.322202	-0.418604	0.000000
-0.449759	0.649450	0.000000
0.840913	0.695285	0.000000
0.426227	0.112897	0.000000
-0.359163	0.686492	0.000000
-0.554429	0.801471	0.000000
-0.562909	-0.108222	0.000000
0.219252	0.128040	0.000000
-0.705567	0.149111	0.000000
0.001485	0.137890	0.000000
-0.365818	0.062550	0.000000
-0.241711	0.686532	0.000000
0.468397	0.192334	0.000000
-0.514912	0.664445	0.000000
-0.276814	-0.036030	0.000000
0.641774	-0.637023	0.000000
0.664504	0.529574	0.000000
0.553245	-0.331125	0.000000
0.006071	0.075548	0.000000
-0.295860	-0.194817	0.000000
0.236650	-0.085970	0.000000
0.269493	0.561092	0.000000
-0.610043	0.302715	0.000000
-0.549980	-0.938346	0.000000
-0.522360	0.066031	0.000000
0.611326	0.565868	0.000000
-0.928662	0.835714	0.000000
-0.191228	0.596448	0.000000
0.501146	0.316355	0.000000
0.603579	0.281871	0.000000
0.348565	-0.362759	0.000000
0.850952	0.619313	0.000000
0.053416	0.393273	0.000000
-0.164099	0.617818	0.000000
-0.307407	-0.654102	0.000000
-0.876303	0.642798	0.000000
0.252467	0.205509	0.000000
0.622214	0.065955	0.000000
-0.020878	0.472273	0.000000
0.578653	0.494794	0.000000
0.212642	-0.176059	0.000000
0.765994	-0.485057	0.000000
-0.799189	0.505624	0.000000
-0.807943	0.201615	0.000000
0.394499	-0.059691	0.000000
0.547050	0.773207	0.000000
0.336976	-0.338465	0.000000
-0.068963	-0.447771	0.000000
-0.648526	0.769073	0.000000
-0.580114	0.899110	0.000000
0.146040	0.828086	0.000000
0.631372	-0.365797	0.000000
-0.329492	-0.281515	0.000000
-0.522871	0.338326	0.000000
0.574772	0.233003	0.000000
0.317984	-0.195158	0.000000
0.585151	-0.426236	0.000000
0.658101	0.585058	0.000000
0.352364	-0.386995	0.000000
0.203417	0.253323	0.000000
0.403031	0.055371	0.000000
0.153336	0.068304	0.000000
-0.191533	0.616459	0.000000
0.508714	-0.675798	0.000000
-0.583679	0.623937	0.000000
-0.181623	0.080497	0.000000
0.612670	-0.335367	0.000000
0.636017	0.585595	0.000000
0.937323	0.779905	0.000000
-0.314434	-0.034575	0.000000
0.469430	-0.132652	0.000000
-0.468801	0.296911	0.000000
0.782885	0.242991	0.000000
-0.252628	0.173742	0.000000
-0.402840	0.558429	0.000000
-0.296462	0.103124	0.000000
-0.021694	0.641225	0.000000
0.223890	0.751147	0.000000
-0.389967	-0.482198	0.000000
-0.155548	-0.501467	0.000000
0.067874	-0.117587	0.000000
-0.407844	-0.802159	0.000000
-0.690369	0.540684	0.000000
0.615052	0.109586	0.000000
0.969227	0.746345	0.000000
0.444147	0.624578	0.000000
0.295343	-0.342419	0.000000
0.936499	0.694785	0.000000
-0.600719	0.210584	0.000000
0.137477	0.451663	0.000000
0.456190	0.469647	0.000000
0.375215	0.049152	0.000000
-0.808053	0.839513	0.000000
-0.422846	0.289617	0.000000
-0.699000	0.446219	0.000000
-0.264084	-0.139061	0.000000
-0.586469	0.803685	0.000000
0.189626	0.483587	0.000000
0.034578	-0.423753	0.000000
0.338804	0.213030	0.000000
-0.457928	-0.146759	0.000000
0.713618	0.486071	0.000000
-0.258059	0.114886	0.000000
0.632379	-0.629646	0.000000
-0.552808	0.784446	0.000000
0.197616	0.751682	0.000000
-0.292343	-0.573327	0.000000
-0.244866	-0.694068	0.000000
-0.224059	-0.765476	0.000000
0.054562	-0.033088	0.000000
-0.245826	-0.556086	0.000000
0.102017	0.116383	0.000000
-0.348861	-0.308144	0.000000
-0.419963	0.353138	0.000000
-0.435131	-0.296534	0.000000
0.817046	0.838069	0.000000
0.173808	0.403249	0.000000
-0.595681	-0.364116	0.000000
-0.297757	0.355886	0.000000
0.771959	-0.627823	0.000000
0.299059	-0.282822	0.000000
0.209712	0.083451	0.000000
0.130574	0.437959	0.000000
0.075408	-0.114938	0.000000
0.749763	-0.590271	0.000000
-0.204470	0.730856	0.000000
-0.663022	-0.316912	0.000000
-0.378831	0.143901	0.000000
-0.371058	0.595529	0.000000
0.439807	-0.623531	0.000000
0.216091	0.457160	0.000000
-0.211405	-0.079016	0.000000
-0.378448	0.073052	0.000000
-0.423284	0.726766	0.000000
0.150191	-0.206084	0.000000
0.451383	-0.002062	0.000000
0.365736	-0.176212	0.000000
-0.096980	0.794721	0.000000
0.847109	0.379526	0.000000
0.513778	0.176988	0.000000
-0.656350	-0.065974	0.000000
-0.422606	0.821399	0.000000
0.824629	0.502951	0.000000
0.210977	0.745223	0.000000
-0.288110	0.487034	0.000000
0.463184	-0.111361	0.000000
-0.480830	-0.458662	0.000000
-0.633438	0.902657	0.000000
0.903912	0.644030	0.000000
-0.241943	-0.678638	0.000000
0.849874	0.520859	0.000000
-0.297551	-0.672563	0.000000
0.493195	0.161308	0.000000
0.772398	0.806341	0.000000
-0.799371	0.095624	0.000000
0.564204	0.067588	0.000000
0.653019	0.474676	0.000000
0.575713	0.818590	0.000000
0.135577	-0.088515	0.000000
0.378725	0.109718	0.000000
0.351452	0.597349	0.000000
-0.333381	0.231796	0.000000
0.368387	-0.194714	0.000000
-0.364397	0.663083	0.000000
0.560144	-0.695544	0.000000
0.066866	-0.103798	0.000000
-0.085572	-0.657029	0.000000
0.535991	0.481296	0.000000
0.424680	-0.426930	0.000000
0.706299	0.322639	0.000000
-0.287250	-0.405863	0.000000
0.634564	0.627196	0.000000
0.462427	0.633138	0.000000
-0.625105	-0.337083	0.000000
-0.318918	0.605210	0.000000
0.263134	-0.349818	0.000000
0.652497	0.480929	0.000000
0.317219	0.167413	0.000000
0.766257	0.629114	0.000000
-0.254160	0.723854	0.000000
0.857032	0.838098	0.000000
0.616824	0.815458	0.000000
-0.095216	-0.115137	0.000000
0.025399	-0.008394	0.000000
0.136213	0.567353	0.000000
0.249673	0.626876	0.000000
-0.045868	-0.084188	0.000000
0.515907	-0.448849	0.000000
0.467661	-0.007288	0.000000
0.803899	-0.491635	0.000000
0.370932	0.169288	0.000000
-0.108004	0.385071	0.000000
0.498752	0.481414	0.000000
0.265750	0.361902	0.000000
-0.530431	-0.003215	0.000000
-0.416423	-0.596224	0.000000
-0.143524	0.553882	0.000000
0.113480	-0.198824	0.000000
0.630324	0.555571	0.000000
-0.637559	0.314991	0.000000
0.308723	-0.246575	0.000000
-0.218494	-0.105723	0.000000
0.651716	0.543219	0.000000
0.656182	0.291140	0.000000
-0.012443	-0.435619	0.000000
0.564260	-0.419685	0.000000
0.294645	-0.490790	0.000000
-0.627132	-0.140494	0.000000
0.610070	-0.021260	0.000000
0.308909	-0.044182	0.000000
0.324944	0.115490	0.000000
0.383025	0.627474	0.000000
-0.580394	0.818281	0.000000
0.603663	0.675382	0.000000
-0.374537	-0.805281	0.000000
-0.233380	0.698726	0.000000
0.458331	0.492742	0.000000
0.853266	0.706276	0.000000
-0.249271	-0.797978	0.000000
0.498576	0.515601	0.000000
-0.046758	0.265115	0.000000
0.704869	0.611135	0.000000
0.951563	0.835818	0.000000
-0.126797	-0.103341	0.000000
-0.440858	0.193068	0.000000
-0.081288	0.077924	0.000000
0.780882	0.488316	0.000000
0.494320	-0.012268	0.000000
0.217127	-0.118331	0.000000
0.513484	0.307906	0.000000
0.398991	0.316822	0.000000
-0.522411	0.596088	0.000000
-0.271617	-0.448619	0.000000
-0.175278	0.389602	0.000000
-0.738419	0.569742	0.000000
-0.731912	0.523119	0.000000
0.917744	0.808900	0.000000
-0.576309	-0.453379	0.000000
0.378072	-0.170070	0.000000
-0.046780	0.111532	0.000000
0.361862	-0.438602	0.000000
0.126221	0.562408	0.000000
-0.050712	0.457989	0.000000
0.193681	0.025537	0.000000
0.359853	0.212004	0.000000
0.404213	0.159771	0.000000
-0.111824	0.300262	0.000000
0.332908	-0.314787	0.000000
0.373993	-0.207088	0.000000
0.414305	0.076632	0.000000
0.084754	-0.021580	0.000000
-0.183929	-0.705213	0.000000
0.536288	-0.004355	0.000000
0.043338	0.788551	0.000000
-0.166380	0.238300	0.000000
-0.135385	-0.027863	0.000000
-0.742414	0.150133	0.000000
-0.381941	0.662741	0.000000
0.183716	0.721632	0.000000
0.042540	-0.288161	0.000000
-0.233198	0.488675	0.000000
0.325051	0.553617	0.000000
0.446431	-0.364760	0.000000
0.663186	0.453144	0.000000
-0.654287	-0.339798	0.000000
-0.004774	-0.424021	0.000000
0.589822	0.156101	0.000000
0.118878	-0.203847	0.000000
0.155219	-0.443947	0.000000
-0.131625	0.163367	0.000000
0.773704	0.439662	0.000000
0.628524	-0.581655	0.000000
0.506874	0.704217	0.000000
0.609144	0.617936	0.000000
0.420107	0.228757	0.000000
-0.436250	-0.126537	0.000000
-0.112795	0.695985	0.000000
0.479742	-0.139425	0.000000
0.909115	0.672044	0.000000
-0.327459	-0.764484	0.000000
-0.217318	0.243007	0.000000
0.774643	0.691941	0.000000
-0.637402	0.244047	0.000000
-0.374294	-0.373584	0.000000
-0.242308	0.009043	0.000000
-0.856545	0.936681	0.000000
0.345883	0.262515	0.000000
0.415376	0.260155	0.000000
0.386392	0.069014	0.000000
-0.434169	-0.817535	0.000000
0.020450	-0.146484	0.000000
-0.514068	-0.820459	0.000000
0.395218	0.654365	0.000000
0.317838	0.115982	0.000000
0.497884	-0.547608	0.000000
0.159538	-0.466036	0.000000
0.522337	0.694654	0.000000
0.926041	0.838815	0.000000
-0.608626	0.601641	0.000000
0.710004	0.481014	0.000000
-0.167885	0.453679	0.000000
-0.132683	0.601869	0.000000
-0.171854	0.392034	0.000000
-0.886766	0.672727	0.000000
-0.646741	0.593461	0.000000
-0.199693	-0.046510	0.000000
-0.281049	0.735735	0.000000
-0.023541	0.111439	0.000000
0.495018	0.520569	0.000000
-0.229918	0.212662	0.000000
0.635721	0.231488	0.000000
0.827385	-0.605698	0.000000
-0.562448	-0.605212	0.000000
0.578673	0.464906	0.000000
0.444900	-0.265419	0.000000
-0.255495	-0.657650	0.000000
0.505815	0.716811	0.000000
0.105429	-0.142707	0.000000
-0.489859	-0.177190	0.000000
-0.296821	-0.050299	0.000000
-0.262491	0.623123	0.000000
-0.797278	0.953503	0.000000
0.125578	-0.327564	0.000000
-0.210631	0.213900	0.000000
-0.021174	0.237606	0.000000
-0.497639	-0.577063	0.000000
0.374681	-0.334773	0.000000
0.070605	-0.074142	0.000000
0.614323	0.083541	0.000000
-0.111529	-0.081121	0.000000
0.323683	-0.560209	0.000000
0.705273	0.497082	0.000000
-0.579962	0.540652	0.000000
0.761049	0.811370	0.000000
-0.677592	-0.352707	0.000000
0.601017	0.567559	0.000000
-0.866686	0.864149	0.000000
0.667228	0.155060	0.000000
-0.861632	0.200863	0.000000
0.337683	0.724296	0.000000
0.498993	0.120406	0.000000
0.760531	0.400324	0.000000
-0.599133	-0.184815	0.000000
0.243305	-0.370046	0.000000
-0.357022	0.659740	0.000000
0.367475	-0.574242	0.000000
-0.476105	-0.156150	0.000000
-0.301360	0.171597	0.000000
-0.081154	-0.418283	0.000000
-0.119737	0.631834	0.000000
-0.411690	-0.133173	0.000000
-0.074187	0.509405	0.000000
0.438799	0.061660	0.000000
0.800569	0.511778	0.000000
-0.115328	-0.578830	0.000000
-0.161766	-0.104878	0.000000
0.436243	-0.028934	0.000000
0.194955	0.738411	0.000000
-0.291646	-0.261662	0.000000
-0.028285	0.719093	0.000000
0.740796	0.844532	0.000000
0.184876	-0.235730	0.000000
0.594711	0.136138	0.000000
0.100679	0.521062	0.000000
0.148875	0.072753	0.000000
-0.355660	-0.138284	0.000000
0.268790	0.111741	0.000000
0.778629	-0.372076	0.000000
-0.644906	-0.855418	0.000000
0.483310	0.100630	0.000000
0.025395	0.789485	0.000000
0.477223	-0.197350	0.000000
-0.451015	0.739809	0.000000
0.591773	-0.549760	0.000000
0.165433	-0.299627	0.000000
0.496449	0.284735	0.000000
0.690920	0.610597	0.000000
0.689091	0.645101	0.000000
0.308366	0.248574	0.000000
0.399824	-0.181674	0.000000
0.818906	0.731559	0.000000
0.292705	-0.252655	0.000000
0.268519	-0.061753	0.000000
0.398173	0.409044	0.000000
0.244398	0.275328	0.000000
-0.642075	0.595008	0.000000
0.263574	-0.129809	0.000000
0.147490	-0.278011	0.000000
-0.363612	-0.775967	0.000000
-0.225059	-0.212160	0.000000
0.536529	0.501463	0.000000
0.060955	0.718742	0.000000
0.630334	0.394727	0.000000
0.332602	-0.118785	0.000000
0.149163	-0.210237	0.000000
0.738020	0.760305	0.000000
0.584080	-0.654835	0.000000
-0.079658	0.606617	0.000000
0.707905	0.785468	0.000000
0.318133	-0.364943	0.000000
0.521370	0.515875	0.000000
-0.028585	-0.292093	0.000000
0.411624	-0.573134	0.000000
-0.368340	-0.146724	0.000000
0.556022	-0.042418	0.000000
-0.651931	0.841543	0.000000
0.587079	0.594271	0.000000
0.395146	0.026157	0.000000
0.755752	0.866749	0.000000
0.615359	0.696899	0.000000
-0.170456	0.091154	0.000000
-0.114059	-0.124380	0.000000
0.138293	0.698409	0.000000
-0.703748	0.812786	0.000000
0.946717	0.719816	0.000000
0.169206	-0.050301	0.000000
0.838190	0.383780	0.000000
-0.739876	0.807180	0.000000
0.564802	0.551076	0.000000
-0.538607	0.726218	0.000000
0.312612	0.864441	0.000000
0.775809	0.385440	0.000000
0.356373	-0.315023	0.000000
0.321526	-0.241032	0.000000
0.939800	0.577396	0.000000
-0.265262	0.426992	0.000000
0.530056	0.552768	0.000000
0.443773	0.061396	0.000000
-0.293255	-0.517124	0.000000
-0.290306	-0.798928	0.000000
0.641871	0.250762	0.000000
0.254132	0.452804	0.000000
-0.232905	0.375726	0.000000
-0.031894	0.693755	0.000000
0.465272	0.255367	0.000000
0.884051	0.812137	0.000000
0.395292	0.487089	0.000000
-0.653079	0.574520	0.000000
-0.242982	0.729947	0.000000
0.015360	0.740453	0.000000
0.544684	0.135684	0.000000
-0.399352	0.197882	0.000000
-0.419509	-0.381719	0.000000
0.158309	0.316953	0.000000
0.557157	0.157807	0.000000
0.752348	0.574911	0.000000
-0.690016	0.112805	0.000000
0.013784	0.099319	0.000000
0.375004	0.761127	0.000000
0.598111	-0.387871	0.000000
0.606019	0.828948	0.000000
0.557981	0.518372	0.000000
0.383739	0.163221	0.000000
0.355976	0.384415	0.000000
0.574472	0.672708	0.000000
0.675667	0.718990	0.000000
0.358432	0.174126	0.000000
0.366254	0.202579	0.000000
-0.273579	0.265727	0.000000
-0.125744	0.439641	0.000000
-0.062423	0.405309	0.000000
-0.472341	0.855746	0.000000
0.005893	-0.506915	0.000000
0.174144	0.680866	0.000000
0.547514	0.308222	0.000000
0.818614	0.805760	0.000000
-0.447182	-0.423011	0.000000
-0.148277	-0.081522	0.000000
0.454108	-0.040470	0.000000
0.972186	0.765919	0.000000
0.189212	0.355641	0.000000
-0.309997	-0.125711	0.000000
0.397475	-0.411677	0.000000
-0.357090	0.713626	0.000000
-0.568384	-0.184518	0.000000
-0.411372	-0.702917	0.000000
0.764746	-0.495715	0.000000
-0.135825	0.160034	0.000000
0.561722	-0.325330	0.000000
-0.376174	-0.084080	0.000000
0.694535	-0.010148	0.000000
0.017360	-0.073125	0.000000
-0.350030	0.750487	0.000000
-0.557666	0.788881	0.000000
0.858432	0.723915	0.000000
-0.557825	0.758053	0.000000
-0.455592	0.054822	0.000000
0.699241	0.265851	0.000000
-0.494917	0.505237	0.000000
0.723360	0.740482	0.000000
-0.156488	0.624573	0.000000
0.481846	0.657528	0.000000
0.250324	-0.197957	0.000000
-0.348429	0.210644	0.000000
-0.036775	0.470971	0.000000
0.116679	-0.373896	0.000000
-0.523135	0.576901	0.000000
-0.599902	-0.865513	0.000000
-0.465660	0.559485	0.000000
-0.783009	0.219557	0.000000
0.657629	-0.343889	0.000000
0.400852	0.101447	0.000000
0.583528	0.203141	0.000000
-0.543088	0.776112	0.000000
-0.862124	0.653450	0.000000
0.674152	-0.359807	0.000000
0.051585	0.808949	0.000000
0.284164	0.090715	0.000000
-0.640485	-0.144428	0.000000
0.510174	-0.508915	0.000000
-0.460166	-0.717051	0.000000
0.225236	-0.030220	0.000000
0.523435	0.018982	0.000000
-0.840758	0.676214	0.000000
0.146549	0.420059	0.000000
0.274389	-0.305310	0.000000
0.187330	0.721098	0.000000
0.708329	0.085791	0.000000
-0.059261	0.615122	0.000000
0.234657	-0.469282	0.000000
-0.046954	0.533157	0.000000
-0.476801	-0.816798	0.000000
0.367337	0.545292	0.000000
0.696783	0.713780	0.000000
-0.617654	0.295396	0.000000
0.091146	-0.151715	0.000000
-0.625067	0.265070	0.000000
-0.843192	0.708714	0.000000
-0.419383	-0.745889	0.000000
-0.842177	0.760415	0.000000
0.229353	0.416486	0.000000
-0.357579	0.218323	0.000000
-0.356417	-0.292357	0.000000
-0.510611	0.667104	0.000000
-0.003837	-0.450071	0.000000
0.722855	0.869716	0.000000
0.150977	0.264737	0.000000
-0.203967	0.495405	0.000000
0.655552	-0.627762	0.000000
0.173840	-0.072343	0.000000
0.627446	-0.461788	0.000000
0.432635	-0.108231	0.000000
0.441086	-0.615828	0.000000
-0.686868	0.000688	0.000000
-0.052976	0.126801	0.000000
0.603500	0.776057	0.000000
-0.512324	-0.405177	0.000000
0.096915	0.448523	0.000000
0.306587	-0.282832	0.000000
0.609901	-0.400301	0.000000
-0.385895	-0.491036	0.000000
0.875712	0.461145	0.000000
-0.657486	0.486721	0.000000
-0.556321	-0.605603	0.000000
0.392067	0.200701	0.000000
0.048788	-0.038980	0.000000
-0.583304	0.524904	0.000000
-0.178247	-0.156210	0.000000
-0.666850	0.599267	0.000000
-0.671161	0.866930	0.000000
-0.401622	-0.017094	0.000000
0.770856	0.326956	0.000000
-0.504266	-0.035644	0.000000
0.980754	0.671471	0.000000
0.754210	-0.475399	0.000000
0.592005	-0.671397	0.000000
0.554165	0.647295	0.000000
0.704604	0.256691	0.000000
0.557259	0.606738	0.000000
-0.485120	0.099972	0.000000
0.857999	0.658321	0.000000
0.543921	0.265297	0.000000
-0.692446	0.293515	0.000000
-0.335379	0.453723	0.000000
0.666696	0.112607	0.000000
0.715114	0.856239	0.000000
0.850563	0.496269	0.000000
0.173286	0.539077	0.000000
0.145176	0.875745	0.000000
-0.318939	0.338135	0.000000
0.611053	0.526225	0.000000
-0.836544	0.289320	0.000000
0.303779	0.895734	0.000000
-0.309444	0.742820	0.000000
-0.306228	-0.371862	0.000000
-0.586709	-0.957874	0.000000
0.418190	0.102386	0.000000
-0.555021	0.152490	0.000000
-0.448996	0.799018	0.000000
-0.236383	-0.169118	0.000000
-0.106142	0.395190	0.000000
0.048286	0.672066	0.000000
0.468491	0.788424	0.000000
0.537161	-0.035497	0.000000
-0.543701	-0.956792	0.000000
-0.628252	-0.360386	0.000000
-0.887717	0.411547	0.000000
0.667980	0.444336	0.000000
0.797448	0.706879	0.000000
0.768012	0.879272	0.000000
-0.505278	-0.661906	0.000000
-0.294990	0.317605	0.000000
-0.986793	0.774663	0.000000
-0.271596	-0.376060	0.000000
-0.069455	0.793749	0.000000
-0.463374	-0.558849	0.000000
-0.033049	-0.004137	0.000000
0.553732	-0.594319	0.000000
-0.766007	0.020727	0.000000
-0.495602	0.668397	0.000000
0.004216	0.299152	0.000000
-0.308227	-0.653474	0.000000
0.459086	-0.390297	0.000000
0.848003	0.822565	0.000000
0.810836	-0.554971	0.000000
-0.162889	0.279269	0.000000
-0.661623	0.000806	0.000000
-0.604330	0.729947	0.000000
-0.460162	0.034247	0.000000
0.701077	0.271441	0.000000
0.658574	-0.035034	0.000000
-0.481419	0.493512	0.000000
0.483285	-0.363657	0.000000
-0.551988	-0.792735	0.000000
0.109685	0.339416	0.000000
-0.519174	-0.436006	0.000000
0.780417	0.421128	0.000000
-0.273986	-0.134924	0.000000
0.335957	-0.440819	0.000000
0.556793	-0.465724	0.000000
0.593259	0.111422	0.000000
-0.208052	0.645887	0.000000
0.977298	0.710969	0.000000
0.754713	0.788916	0.000000
-0.241217	0.178450	0.000000
-0.409750	-0.835258	0.000000
0.299059	0.098253	0.000000
-0.159441	-0.023789	0.000000
-0.667065	-0.494135	0.000000
-0.976252	0.843294	0.000000
0.454017	0.648597	0.000000
0.465625	0.047442	0.000000
0.175565	0.774465	0.000000
0.567484	0.318907	0.000000
0.288475	0.195765	0.000000
-0.177296	0.277395	0.000000
0.460820	0.210949	0.000000
-0.290801	0.636870	0.000000
-0.024284	-0.042875	0.000000
0.503007	0.010349	0.000000
0.862485	0.497526	0.000000
0.483310	-0.527079	0.000000
-0.497520	-0.168131	0.000000
-0.815733	0.943469	0.000000
0.045795	0.737699	0.000000
0.151119	-0.051120	0.000000
0.795529	0.615275	0.000000
0.761956	0.084850	0.000000
0.206141	-0.164016	0.000000
0.540588	0.405428	0.000000
0.695833	0.555661	0.000000
-0.844322	0.778394	0.000000
0.073211	0.318786	0.000000
0.075430	0.822072	0.000000
0.103757	0.249744	0.000000
-0.255250	-0.075393	0.000000
0.050901	0.385605	0.000000
0.630891	0.682227	0.000000
0.625156	0.114978	0.000000
-0.778610	0.917587	0.000000
0.846371	0.606367	0.000000
0.247785	0.760959	0.000000
-0.843786	0.826071	0.000000
-0.571370	0.577392	0.000000
-0.547466	0.712500	0.000000
0.551690	-0.508243	0.000000
0.253301	0.006706	0.000000
-0.175120	-0.569999	0.000000
-0.779135	0.322948	0.000000
0.739771	0.537413	0.000000
-0.981449	0.720308	0.000000
0.877769	0.561415	0.000000
-0.475450	0.083826	0.000000
0.566376	-0.446227	0.000000
0.703337	0.812894	0.000000
0.174939	0.720985	0.000000
-0.565696	-0.720141	0.000000
-0.162829	-0.270212	0.000000
0.327305	0.381744	0.000000
-0.769386	0.672395	0.000000
-0.510911	-0.655137	0.000000
-0.556054	0.153935	0.000000
-0.232053	-0.741183	0.000000
0.815324	0.611740	0.000000
-0.063005	0.623905	0.000000
-0.040548	0.783136	0.000000
0.689518	0.775207	0.000000
0.376807	0.187388	0.000000
-0.203141	0.195487	0.000000
-0.576320	0.128614	0.000000
-0.948561	0.483203	0.000000
-0.225495	0.504213	0.000000
0.468303	0.389205	0.000000
-0.382973	0.407819	0.000000
0.536135	0.538542	0.000000
0.102038	0.053668	0.000000
-0.596308	-0.551972	0.000000
0.353962	-0.480367	0.000000
0.816755	0.621940	0.000000
-0.910592	0.409416	0.000000
-0.222704	-0.288610	0.000000
0.005872	-0.080674	0.000000
0.918614	0.753059	0.000000
0.401486	-0.064000	0.000000
-0.912538	0.837750	0.000000
0.009860	0.705791	0.000000
-0.171948	-0.642173	0.000000
-0.702856	0.910283	0.000000
0.729201	0.696894	0.000000
-0.694750	0.914191	0.000000
0.474069	-0.153170	0.000000
0.267420	0.240211	0.000000
0.107683	0.550435	0.000000
-0.039341	-0.535848	0.000000
-0.171610	-0.505279	0.000000
-0.911189	0.960623	0.000000
0.611833	0.585547	0.000000
0.055851	0.590951	0.000000
-0.380590	0.733380	0.000000
0.293498	0.167947	0.000000
-0.230782	-0.109642	0.000000
0.061604	0.552913	0.000000
0.521335	-0.044462	0.000000
0.733238	0.262891	0.000000
-0.585496	-0.873283	0.000000
0.710940	0.196704	0.000000
0.365330	0.396587	0.000000
-0.568384	-0.684956	0.000000
-0.495836	-0.358636	0.000000
-0.310772	0.287596	0.000000
-0.411696	-0.717812	0.000000
0.436983	0.722458	0.000000
0.778143	0.561683	0.000000
0.130568	0.674890	0.000000
-0.675214	0.829778	0.000000
0.869336	0.437374	0.000000
0.957037	0.720120	0.000000
-0.676943	-0.602113	0.000000
0.670917	0.292152	0.000000
0.198881	0.781284	0.000000
-0.519578	0.240338	0.000000
0.768403	-0.544170	0.000000
0.457104	-0.200210	0.000000
0.551028	0.614841	0.000000
-0.557046	-0.716963	0.000000
-0.511535	-0.948180	0.000000
-0.241340	0.183119	0.000000
0.261959	-0.194795	0.000000
-0.698910	-0.176234	0.000000
-0.186240	-0.263084	0.000000
0.608593	-0.330772	0.000000
0.614569	-0.354673	0.000000
0.447964	0.219900	0.000000
0.882348	0.636130	0.000000
-0.336900	0.160087	0.000000
-0.882253	0.612841	0.000000
-0.547064	-0.651709	0.000000
0.064990	-0.157562	0.000000
0.213211	-0.084110	0.000000
0.852376	-0.481736	0.000000
0.619418	0.513622	0.000000
-0.662590	-0.606129	0.000000
-0.508956	0.631973	0.000000
0.831717	0.664967	0.000000
0.785555	0.692264	0.000000
0.446336	-0.026828	0.000000
-0.818695	0.918208	0.000000
-0.083630	0.322614	0.000000
-0.260358	0.438177	0.000000
-0.504881	-0.557170	0.000000
-0.403881	-0.504866	0.000000
0.015082	0.292412	0.000000
0.280455	0.046380	0.000000
-0.848061	0.882884	0.000000
0.314096	-0.005199	0.000000
0.252487	-0.388048	0.000000
0.364039	0.260491	0.000000
-0.074979	0.752009	0.000000
0.770930	-0.563840	0.000000
0.524479	-0.025358	0.000000
0.204890	0.522271	0.000000
0.793067	0.695277	0.000000
-0.136659	0.163179	0.000000
-0.610902	0.483993	0.000000
0.715548	0.789100	0.000000
-0.037499	0.234154	0.000000
-0.272524	0.448750	0.000000
0.268874	0.797384	0.000000
0.837522	0.603675	0.000000
-0.266217	0.107157	0.000000
-0.308338	0.704543	0.000000
0.789509	0.737970	0.000000
-0.358299	0.181895	0.000000
0.694808	0.760657	0.000000
-0.420528	-0.648198	0.000000
0.768935	-0.667845	0.000000
-0.617552	-0.106237	0.000000
-0.535531	0.659303	0.000000
0.294282	-0.173239	0.000000
-0.136365	0.654069	0.000000
0.926838	0.582491	0.000000
0.721564	0.705760	0.000000
-0.544002	-0.969382	0.000000
-0.469699	0.408300	0.000000
0.268894	0.596136	0.000000
0.791367	0.718170	0.000000
-0.534780	0.359823	0.000000
-0.655946	-0.519066	0.000000
-0.404659	0.258551	0.000000
0.651117	0.207490	0.000000
0.870553	0.530082	0.000000
-0.342326	0.492953	0.000000
-0.861164	0.601474	0.000000
0.765987	0.841796	0.000000
-0.598270	-0.284561	0.000000
0.804603	0.859844	0.000000
0.494099	0.100054	0.000000
0.741790	0.665707	0.000000
-0.612710	0.516334	0.000000
-0.576857	0.706394	0.000000
-0.275898	0.224414	0.000000
0.689925	0.141012	0.000000
0.009534	0.406341	0.000000
-0.913829	0.435831	0.000000
-0.064840	0.049309	0.000000
-0.505539	-0.803414	0.000000
-0.338433	-0.273001	0.000000
0.536615	0.644500	0.000000
-0.085889	0.327321	0.000000
-0.372885	-0.129767	0.000000
0.780454	0.602176	0.000000
0.635679	0.401755	0.000000
0.394781	0.295791	0.000000
0.517698	0.326538	0.000000
-0.149985	0.336470	0.000000
-0.312022	0.426927	0.000000
0.621731	0.517081	0.000000
0.710831	-0.530169	0.000000
0.364861	0.110984	0.000000
-0.481163	-0.174261	0.000000
0.341501	0.324341	0.000000
0.187296	-0.199468	0.000000
0.522163	-0.685401	0.000000
0.122439	-0.453041	0.000000
-0.650408	0.256138	0.000000
-0.057172	-0.585343	0.000000
0.408769	0.244293	0.000000
0.456725	-0.649077	0.000000
-0.768184	0.953094	0.000000
-0.042130	0.783885	0.000000
0.028902	-0.327836	0.000000
0.575524	0.491393	0.000000
0.147933	0.721190	0.000000
0.618649	0.683014	0.000000
0.275841	0.124458	0.000000
0.756332	0.477682	0.000000
0.220641	0.719239	0.000000
-0.216407	0.183522	0.000000
0.110218	0.242741	0.000000
-0.692748	0.248511	0.000000
0.444688	0.317139	0.000000
-0.442792	0.668446	0.000000
-0.072662	-0.371702	0.000000
0.782254	0.365705	0.000000
-0.052875	-0.386479	0.000000
-0.474567	0.046855	0.000000
0.800499	0.443688	0.000000
0.010795	0.540051	0.000000
0.243314	0.417512	0.000000
-0.748864	0.676381	0.000000
0.549719	-0.000860	0.000000
-0.556605	0.048271	0.000000
-0.092404	0.094182	0.000000
0.426972	-0.106653	0.000000
0.366091	-0.163582	0.000000
0.252409	-0.100815	0.000000
-0.517808	-0.347123	0.000000
-0.623569	0.741378	0.000000
0.348272	0.518425	0.000000
-0.380709	0.739307	0.000000
0.127334	0.594983	0.000000
0.146529	-0.084462	0.000000
0.756968	0.424620	0.000000
0.794877	0.795369	0.000000
-0.137747	0.559969	0.000000
0.115356	0.547622	0.000000
0.689529	-0.389320	0.000000
0.879155	0.615312	0.000000
0.625828	0.737069	0.000000
-0.492495	-0.713586	0.000000
-0.233583	-0.615731	0.000000
-0.406086	-0.809654	0.000000
-0.708170	0.905684	0.000000
-0.643199	-0.870699	0.000000
0.493565	0.257289	0.000000
-0.618992	0.367078	0.000000
-0.291324	-0.382801	0.000000
-0.617336	-0.895523	0.000000
-0.012762	0.453159	0.000000
-0.032409	0.280740	0.000000
-0.494874	0.868659	0.000000
0.776537	0.397292	0.000000
-0.246726	-0.606795	0.000000
-0.416479	-0.188502	0.000000
-0.582915	0.670545	0.000000
-0.675948	-0.200701	0.000000
-0.288238	0.534179	0.000000
-0.291725	0.528278	0.000000
0.381888	0.567735	0.000000
-0.709773	0.170123	0.000000
-0.875112	0.796856	0.000000
-0.707486	0.890420	0.000000
0.232061	0.759462	0.000000
0.470733	0.518308	0.000000
0.711027	0.320011	0.000000
0.969975	0.776577	0.000000
-0.265718	-0.147248	0.000000
0.556802	0.209174	0.000000
0.543266	-0.501982	0.000000
0.649393	-0.016092	0.000000
0.627413	0.086896	0.000000
0.099735	0.599647	0.000000
-0.341838	0.243745	0.000000
0.560049	-0.005297	0.000000
-0.366267	-0.782209	0.000000
0.445519	0.278406	0.000000
0.426010	0.753348	0.000000
0.218145	0.640338	0.000000
-0.721615	0.334956	0.000000
0.214779	0.779956	0.000000
-0.258215	0.608705	0.000000
-0.544441	-0.509468	0.000000
-0.115172	0.377071	0.000000
-0.622314	0.698604	0.000000
0.391166	0.585118	0.000000
0.641315	-0.370090	0.000000
0.808667	0.396065	0.000000
-0.432042	0.818675	0.000000
0.597046	0.640134	0.000000
0.203289	-0.184544	0.000000
0.396930	-0.123405	0.000000
-0.701869	0.798136	0.000000
0.733354	0.219652	0.000000
-0.544131	0.643087	0.000000
0.853226	0.755813	0.000000
-0.536819	-0.556085	0.000000
0.398174	-0.133735	0.000000
0.963692	0.765035	0.000000
0.490757	0.796087	0.000000
-0.376451	0.253047	0.000000
0.673775	-0.008753	0.000000
0.233170	-0.122567	0.000000
-0.149501	0.297926	0.000000
-0.162222	-0.114521	0.000000
0.060495	0.687419	0.000000
0.066292	-0.148048	0.000000
-0.990384	0.874093	0.000000
-0.212846	-0.103200	0.000000
0.059328	0.707948	0.000000
-0.007700	-0.503060	0.000000
-0.118197	0.424606	0.000000
0.082981	0.402323	0.000000
0.041613	0.452104	0.000000
-0.357696	-0.762953	0.000000
-0.468992	-0.529214	0.000000
0.406697	-0.287667	0.000000
0.289550	-0.009211	0.000000
-0.304108	-0.128178	0.000000
-0.455595	-0.885862	0.000000
0.966912	0.770030	0.000000
0.051104	0.660651	0.000000
0.667632	0.298384	0.000000
0.570786	-0.642698	0.000000
-0.852618	0.759484	0.000000
-0.041295	-0.149774	0.000000
-0.538346	-0.047973	0.000000
-0.146062	0.100795	0.000000
-0.530971	0.703375	0.000000
0.366500	0.318734	0.000000
0.459522	0.211174	0.000000
0.446514	-0.066235	0.000000
-0.258920	0.634310	0.000000
-0.400328	0.765848	0.000000
0.105789	0.693179	0.000000
0.918301	0.681254	0.000000
-0.113956	0.088376	0.000000
0.673495	0.295650	0.000000
-0.044850	-0.527623	0.000000
0.111558	0.768072	0.000000
-0.773345	0.573030	0.000000
0.107034	-0.115731	0.000000
0.746631	0.585219	0.000000
0.331765	-0.296733	0.000000
-0.057288	-0.584911	0.000000
0.924376	0.773130	0.000000
-0.762903	0.936159	0.000000
-0.190936	0.118489	0.000000
0.287643	0.080223	0.000000
-0.362901	0.435223	0.000000
-0.216330	0.387513	0.000000
-0.057686	-0.076167	0.000000
0.930396	0.518966	0.000000
0.270311	0.405485	0.000000
-0.671469	0.642559	0.000000
-0.307998	-0.265681	0.000000
-0.439348	0.106225	0.000000
-0.663106	0.674937	0.000000
-0.108023	0.779097	0.000000
0.566490	-0.350480	0.000000
0.768927	0.766210	0.000000
-0.511903	-0.559452	0.000000
-0.184906	0.466700	0.000000
0.370541	0.123516	0.000000
-0.406874	0.457227	0.000000
0.150236	0.741450	0.000000
0.233467	0.832609	0.000000
0.082513	-0.194399	0.000000
-0.013017	0.823863	0.000000
-0.272717	0.669748	0.000000
-0.590258	0.140241	0.000000
-0.513352	0.789887	0.000000
0.483340	-0.595861	0.000000
0.008793	0.393530	0.000000
0.038904	0.172479	0.000000
-0.733600	0.421591	0.000000
0.474438	0.009679	0.000000
0.733232	0.326160	0.000000
0.478517	-0.596506	0.000000
0.348458	0.481643	0.000000
0.324976	0.643259	0.000000
-0.275854	-0.148751	0.000000
0.354042	-0.326987	0.000000
0.007352	0.611714	0.000000
-0.701682	0.916977	0.000000
0.002455	0.663642	0.000000
-0.318315	0.642614	0.000000
-0.398262	0.385081	0.000000
0.479415	-0.393680	0.000000
0.550230	0.002437	0.000000
0.605732	0.482551	0.000000
0.001918	-0.249073	0.000000
-0.385669	0.505460	0.000000
0.016370	0.685736	0.000000
0.911481	0.472449	0.000000
0.442486	-0.222005	0.000000
0.630481	0.832624	0.000000
-0.299926	0.472504	0.000000
0.259653	-0.342338	0.000000
-0.615585	-0.033224	0.000000
0.647509	0.136564	0.000000
-0.242003	0.633066	0.000000
0.232557	0.732296	0.000000
0.626043	0.474333	0.000000
0.300514	-0.090076	0.000000
-0.767224	0.217322	0.000000
0.495269	0.279497	0.000000
0.313510	-0.554865	0.000000
-0.208904	0.618075	0.000000
-0.304600	0.054360	0.000000
-0.576347	0.684676	0.000000
0.054685	0.721405	0.000000
0.641049	-0.429037	0.000000
-0.167159	0.514908	0.000000
0.349126	0.830327	0.000000
-0.324470	0.010746	0.000000
-0.460839	0.512541	0.000000
-0.820731	0.936099	0.000000
0.179418	0.416415	0.000000
-0.372939	-0.147451	0.000000
-0.894630	0.465337	0.000000
0.854959	0.695167	0.000000
0.894333	0.757543	0.000000
0.651332	-0.641795	0.000000
-0.761979	0.276802	0.000000
0.567815	0.378642	0.000000
-0.307406	0.357949	0.000000
-0.430497	-0.735710	0.000000
-0.416032	-0.161381	0.000000
-0.622339	-0.753697	0.000000
-0.033525	-0.611574	0.000000
-0.031765	-0.470554	0.000000
-0.528160	0.864756	0.000000
-0.119640	0.438552	0.000000
-0.455738	0.634461	0.000000
0.430594	-0.338827	0.000000
-0.798646	0.894625	0.000000
0.124546	0.558081	0.000000
-0.432335	-0.691668	0.000000
0.779634	0.792911	0.000000
-0.151851	0.681036	0.000000
0.409101	-0.228689	0.000000
-0.039972	0.034038	0.000000
0.837963	0.291237	0.000000
0.488720	-0.579822	0.000000
-0.628402	-0.012479	0.000000
0.747471	0.617121	0.000000
0.630593	0.355713	0.000000
-0.290556	0.303495	0.000000
0.722813	0.750558	0.000000
0.732549	0.560461	0.000000
0.804190	0.421437	0.000000
-0.658217	-0.604400	0.000000
0.825988	0.461696	0.000000
0.186856	-0.085363	0.000000
-0.089778	-0.425108	0.000000
-0.859482	0.873854	0.000000
-0.414873	0.424829	0.000000
0.387423	-0.114921	0.000000
-0.371335	-0.347036	0.000000
0.336034	0.243195	0.000000
0.031525	0.245740	0.000000
-0.153461	0.790736	0.000000
0.228501	0.709555	0.000000
-0.437264	-0.019505	0.000000
-0.354774	0.426305	0.000000
-0.210036	-0.131248	0.000000
0.109652	0.632325	0.000000
0.741257	0.835637	0.000000
-0.418052	-0.148240	0.000000
0.395685	-0.240570	0.000000
-0.735873	0.257059	0.000000
0.400015	0.704755	0.000000
0.394558	-0.597772	0.000000
-0.282437	-0.633446	0.000000
0.524965	0.186880	0.000000
0.433072	0.712477	0.000000
-0.581391	0.064979	0.000000
-0.635335	-0.185601	0.000000
0.431570	0.416781	0.000000
0.668860	0.124150	0.000000
-0.623473	-0.776649	0.000000
0.748702	0.783580	0.000000
-0.119453	0.658929	0.000000
0.039411	-0.030073	0.000000
-0.628960	0.530003	0.000000
0.291247	-0.230742	0.000000
0.549809	0.679204	0.000000
-0.066870	-0.153670	0.000000
0.547168	0.370763	0.000000
0.833838	-0.433786	0.000000
0.919959	0.786101	0.000000
0.790707	-0.617295	0.000000
-0.069956	-0.072801	0.000000
0.765726	0.833082	0.000000
-0.239270	-0.233753	0.000000
-0.117767	0.341206	0.000000
0.451842	0.045399	0.000000
-0.000726	-0.470980	0.000000
-0.035312	0.824561	0.000000
0.822723	-0.579798	0.000000
0.855231	0.662585	0.000000
-0.275647	0.381271	0.000000
0.281856	-0.478404	0.000000
-0.852324	0.886827	0.000000
-0.729049	0.336693	0.000000
0.023020	0.628000	0.000000
-0.610751	0.465907	0.000000
-0.210042	-0.150383	0.000000
0.739072	-0.345554	0.000000
-0.918094	0.782138	0.000000
-0.625884	0.444754	0.000000
-0.380920	-0.523322	0.000000
-0.592745	0.423263	0.000000
-0.309512	-0.792733	0.000000
-0.539930	0.619735	0.000000
0.392488	0.731014	0.000000
0.047964	-0.324751	0.000000
0.583747	-0.364436	0.000000
0.728726	-0.377255	0.000000
0.080704	-0.135803	0.000000
-0.510189	0.320024	0.000000
-0.692697	0.879163	0.000000
-0.181683	-0.358061	0.000000
-0.694576	0.067862	0.000000
0.894057	0.665715	0.000000
0.556103	-0.700214	0.000000
0.599840	0.772791	0.000000
-0.500656	-0.799573	0.000000
0.100787	0.390718	0.000000
-0.035401	-0.252245	0.000000
0.279780	0.701286	0.000000
-0.680291	0.891099	0.000000
0.171589	-0.032616	0.000000
0.734924	0.855081	0.000000
-0.177167	0.284126	0.000000
0.332742	0.373080	0.000000
-0.706658	0.559051	0.000000
0.590521	0.630673	0.000000
0.555600	-0.412892	0.000000
0.618073	0.705509	0.000000
0.556133	-0.384608	0.000000
0.681345	-0.399367	0.000000
-0.570567	-0.643437	0.000000
0.336661	-0.546297	0.000000
-0.247288	-0.536052	0.000000
-0.465612	0.407612	0.000000
0.667472	-0.005512	0.000000
-0.465360	0.735103	0.000000
0.288144	0.623170	0.000000
-0.095141	0.648284	0.000000
0.331752	0.246848	0.000000
0.679714	-0.536428	0.000000
0.429184	-0.212976	0.000000
-0.222214	0.162154	0.000000
-0.207433	-0.702716	0.000000
-0.466606	0.148420	0.000000
-0.473680	-0.146772	0.000000
0.061546	0.755076	0.000000
-0.232541	-0.486915	0.000000
0.127661	0.527324	0.000000
-0.131235	-0.139215	0.000000
0.147603	0.063886	0.000000
-0.144377	-0.010378	0.000000
0.316327	0.479455	0.000000
0.495358	0.496033	0.000000
0.641068	0.400304	0.000000
0.088997	-0.021677	0.000000
0.024712	-0.099587	0.000000
0.000180	-0.066168	0.000000
0.826351	0.839755	0.000000
-0.746364	0.486307	0.000000
0.018689	-0.520872	0.000000
0.010040	0.415358	0.000000
0.692274	0.071728	0.000000
-0.313775	-0.365125	0.000000
-0.183495	0.043013	0.000000
-0.809604	0.218080	0.000000
0.545256	0.595226	0.000000
0.828155	0.745917	0.000000
0.234791	0.676901	0.000000
0.597971	-0.360867	0.000000
0.651504	0.813296	0.000000
0.695865	-0.396662	0.000000
-0.731033	0.900809	0.000000
-0.514571	-0.549784	0.000000
0.609421	-0.315568	0.000000
0.203559	-0.033970	0.000000
-0.381425	-0.385121	0.000000
0.182974	0.356685	0.000000
-0.401245	-0.682499	0.000000
-0.822961	0.703004	0.000000
-0.362007	-0.848233	0.000000
-0.330242	-0.847183	0.000000
0.457379	0.009687	0.000000
0.501197	-0.512710	0.000000
-0.050040	0.641411	0.000000
0.536078	0.759223	0.000000
0.317179	-0.217229	0.000000
-0.552637	0.480517	0.000000
-0.543836	0.273871	0.000000
-0.343188	0.686858	0.000000
0.049768	0.837111	0.000000
-0.544248	0.477398	0.000000
-0.053144	0.641417	0.000000
0.633827	0.086652	0.000000
0.248980	-0.022157	0.000000
-0.000349	-0.491432	0.000000
0.789206	0.296054	0.000000
-0.594523	-0.191631	0.000000
-0.087256	0.523770	0.000000
0.053773	-0.041753	0.000000
0.193200	0.644210	0.000000
0.950547	0.587170	0.000000
0.214255	-0.401569	0.000000
-0.086099	0.422155	0.000000
-0.431600	0.547924	0.000000
-0.433983	0.196212	0.000000
0.356112	0.097156	0.000000
-0.067695	-0.015330	0.000000
-0.587653	-0.252885	0.000000
-0.784018	0.825846	0.000000
-0.563352	0.176073	0.000000
-0.052174	-0.103220	0.000000
-0.211104	0.406047	0.000000
0.386539	0.059069	0.000000
0.577789	0.642617	0.000000
0.932922	0.687439	0.000000
0.810942	0.375476	0.000000
0.521130	0.084529	0.000000
0.277388	-0.281426	0.000000
0.766424	0.327800	0.000000
0.437343	0.609275	0.000000
0.925350	0.722744	0.000000
-0.556971	0.629064	0.000000
0.835013	0.455266	0.000000
0.761727	0.140175	0.000000
-0.023660	-0.341763	0.000000
0.402605	0.303557	0.000000
-0.192188	0.626201	0.000000
-0.054790	-0.055711	0.000000
-0.479134	0.443438	0.000000
-0.380052	-0.860278	0.000000
-0.110924	-0.415534	0.000000
0.654531	-0.300235	0.000000
0.027491	0.738859	0.000000
-0.378385	0.462603	0.000000
0.481007	-0.106485	0.000000
0.168912	0.743397	0.000000
0.118735	0.432233	0.000000
-0.592430	-0.188414	0.000000
0.787285	-0.611965	0.000000
-0.602238	0.773414	0.000000
0.571869	0.108191	0.000000
0.177391	0.144090	0.000000
0.002229	0.149786	0.000000
0.686495	-0.542037	0.000000
0.271025	0.729857	0.000000
-0.436722	-0.388732	0.000000
0.851098	0.410122	0.000000
0.315134	-0.066442	0.000000
-0.381405	-0.582631	0.000000
-0.347996	0.214244	0.000000
0.255960	-0.249532	0.000000
-0.260066	0.629731	0.000000
0.480339	0.510690	0.000000
0.255760	0.153582	0.000000
0.203206	0.095860	0.000000
-0.526844	-0.139245	0.000000
-0.462553	0.429562	0.000000
-0.589319	-0.973486	0.000000
-0.114245	0.004633	0.000000
-0.230339	0.043628	0.000000
0.641648	-0.494024	0.000000
-0.083792	0.442612	0.000000
0.403261	0.105403	0.000000
-0.359255	0.300627	0.000000
0.533812	0.635713	0.000000
0.746036	0.811263	0.000000
0.472869	0.483882	0.000000
-0.539846	-0.374969	0.000000
0.398036	-0.092748	0.000000
-0.230323	0.224437	0.000000
-0.631743	0.363169	0.000000
0.639458	-0.549215	0.000000
0.557310	0.048252	0.000000
-0.497681	0.203622	0.000000
-0.281769	0.133346	0.000000
0.257408	0.484581	0.000000
0.481192	0.460148	0.000000
0.460027	-0.427984	0.000000
0.404986	0.045128	0.000000
0.153102	-0.048398	0.000000
0.087457	0.060206	0.000000
0.548709	0.045677	0.000000
0.815761	0.611456	0.000000
0.224013	-0.236963	0.000000
-0.766749	0.214679	0.000000
0.557585	0.504656	0.000000
0.298528	0.777632	0.000000
0.297814	0.042631	0.000000
0.151620	0.819294	0.000000
-0.024483	-0.160047	0.000000
-0.018917	0.766858	0.000000
0.160701	0.554315	0.000000
0.428810	0.528339	0.000000
-0.860898	0.339281	0.000000
-0.636526	-0.661430	0.000000
-0.155457	0.252605	0.000000
0.405207	-0.150952	0.000000
0.397630	0.030273	0.000000
-0.781086	0.066266	0.000000
0.189213	0.598778	0.000000
0.290810	0.314594	0.000000
0.401878	-0.144374	0.000000
-0.055996	-0.553569	0.000000
0.433766	-0.165192	0.000000
0.268250	0.870352	0.000000
-0.914530	0.916606	0.000000
-0.059886	0.335235	0.000000
-0.648380	0.165149	0.000000
-0.448800	-0.697198	0.000000
0.776148	0.338710	0.000000
-0.639396	-0.583063	0.000000
0.306257	0.631065	0.000000
0.020438	0.710354	0.000000
0.684306	0.251910	0.000000
0.022569	0.659114	0.000000
-0.153515	0.208625	0.000000
-0.036317	0.329758	0.000000
0.321173	-0.364780	0.000000
-0.816104	0.303399	0.000000
-0.472188	-0.748797	0.000000
-0.797537	0.756702	0.000000
-0.299402	0.703820	0.000000
0.221145	0.012523	0.000000
0.192923	0.501276	0.000000
0.671521	0.478043	0.000000
0.560383	0.530511	0.000000
0.091721	0.672210	0.000000
-0.091176	0.190705	0.000000
0.625146	0.418000	0.000000
0.264165	0.196036	0.000000
0.653717	0.529155	0.000000
0.760666	-0.634355	0.000000
0.826399	0.490533	0.000000
0.133581	0.219197	0.000000
-0.071733	0.667781	0.000000
0.509467	0.193438	0.000000
-0.536237	-0.007577	0.000000
-0.332270	0.408353	0.000000
0.522711	0.342133	0.000000
-0.576018	0.387148	0.000000
0.443725	0.361601	0.000000
0.261847	-0.433598	0.000000
0.327641	0.343292	0.000000
-0.582588	-0.971122	0.000000
-0.543829	0.257644	0.000000
0.501140	0.660555	0.000000
-0.332275	-0.178237	0.000000
-0.518336	0.803641	0.000000
0.190241	-0.201519	0.000000
0.305449	0.979657	0.000000
0.649021	0.514213	0.000000
0.152252	-0.177048	0.000000
0.268949	-0.567102	0.000000
-0.546146	-0.196733	0.000000
-0.647995	-0.591008	0.000000
-0.470486	-0.343985	0.000000
0.224019	-0.197974	0.000000
0.630056	0.248774	0.000000
0.539156	0.151067	0.000000
0.656246	0.704065	0.000000
0.564598	-0.417067	0.000000
-0.378085	-0.612827	0.000000
-0.487184	0.629082	0.000000
0.650005	-0.368199	0.000000
0.434539	-0.605969	0.000000
0.555858	-0.349998	0.000000
0.080928	0.006084	0.000000
-0.165782	0.526034	0.000000
-0.444390	0.650325	0.000000
0.255510	-0.190164	0.000000
0.501970	0.624673	0.000000
0.095934	-0.030680	0.000000
-0.336438	-0.674524	0.000000
0.537224	-0.681180	0.000000
-0.215313	-0.086978	0.000000
-0.399749	-0.055519	0.000000
0.419474	0.176597	0.000000
-0.840427	0.939995	0.000000
-0.372798	0.191602	0.000000
-0.186456	0.029928	0.000000
0.423144	-0.629692	0.000000
0.065896	0.693948	0.000000
0.378902	0.308939	0.000000
0.678861	0.012256	0.000000
0.447192	-0.203475	0.000000
-0.448946	0.060269	0.000000
0.564680	-0.044659	0.000000
0.900937	0.865620	0.000000
0.418396	0.111644	0.000000
-0.281396	-0.746400	0.000000
-0.319444	0.721864	0.000000
0.524727	-0.066717	0.000000
0.534974	0.533172	0.000000
0.235086	0.899630	0.000000
-0.258501	0.441046	0.000000
-0.410824	-0.120488	0.000000
-0.154162	0.344153	0.000000
-0.623578	0.504302	0.000000
-0.644613	-0.157642	0.000000
0.052985	0.384774	0.000000
-0.014000	0.602533	0.000000
-0.625923	0.584776	0.000000
0.019446	0.374863	0.000000
-0.465917	0.448777	0.000000
-0.532245	0.476951	0.000000
0.464716	0.642550	0.000000
-0.372852	0.710276	0.000000
0.827443	-0.636287	0.000000
0.475618	-0.086123	0.000000
-0.131735	-0.353693	0.000000
0.735472	0.428910	0.000000
0.010894	-0.067631	0.000000
0.269869	-0.250772	0.000000
-0.077530	0.497790	0.000000
-0.688217	0.543548	0.000000
0.101546	0.790252	0.000000
0.052077	-0.286089	0.000000
-0.858286	0.311071	0.000000
0.341111	0.945172	0.000000
0.695367	0.243978	0.000000
0.832576	0.700679	0.000000
0.209014	0.145332	0.000000
0.094693	-0.083067	0.000000
-0.566760	0.618589	0.000000
0.175863	0.472400	0.000000
0.554562	0.321640	0.000000
0.637234	0.582718	0.000000
-0.187006	-0.726204	0.000000
-0.646711	-0.822257	0.000000
0.061847	-0.014782	0.000000
-0.585190	-0.511566	0.000000
0.172346	-0.037105	0.000000
-0.391746	0.515052	0.000000
-0.057767	0.290619	0.000000
-0.757886	0.608992	0.000000
-0.388609	0.810675	0.000000
-0.585673	-0.978858	0.000000
-0.653684	0.591812	0.000000
0.440456	0.022157	0.000000
-0.218109	-0.558416	0.000000
0.676599	0.330666	0.000000
0.128518	-0.232848	0.000000
0.296166	0.895090	0.000000
-0.200524	0.694032	0.000000
0.873067	0.860691	0.000000
0.627423	-0.674756	0.000000
0.340343	0.853548	0.000000
0.509575	-0.451289	0.000000
0.570839	0.744987	0.000000
0.612559	0.482487	0.000000
0.618076	-0.454819	0.000000
-0.019148	0.309716	0.000000
0.774596	-0.399304	0.000000
-0.311415	0.443672	0.000000
-0.645109	0.309491	0.000000
0.028682	0.199101	0.000000
-0.896554	0.339919	0.000000
-0.303020	-0.093499	0.000000
-0.767142	0.731825	0.000000
0.190177	0.639438	0.000000
-0.584223	0.906950	0.000000
0.747566	-0.555422	0.000000
-0.377995	0.014239	0.000000
0.688724	-0.353890	0.000000
-0.473389	-0.143614	0.000000
0.585702	0.328622	0.000000
0.113734	-0.448763	0.000000
0.416385	0.029640	0.000000
0.796072	-0.540398	0.000000
0.451652	-0.122011	0.000000
0.068388	0.433197	0.000000
-0.206572	-0.543365	0.000000
-0.737566	0.862404	0.000000
-0.532182	0.707349	0.000000
0.076839	-0.386054	0.000000
-0.663629	0.701958	0.000000
0.426704	0.186482	0.000000
0.550600	-0.686836	0.000000
0.751747	0.820040	0.000000
0.910158	0.443582	0.000000
0.615145	-0.514936	0.000000
-0.954792	0.532300	0.000000
0.426255	0.612731	0.000000
-0.205201	0.121800	0.000000
0.588912	-0.367628	0.000000
0.630153	0.514693	0.000000
0.308515	-0.214238	0.000000
-0.391334	0.358801	0.000000
0.134557	-0.323193	0.000000
0.750180	0.657633	0.000000
-0.206339	-0.163008	0.000000
0.557005	0.044969	0.000000
0.122395	0.624175	0.000000
-0.617527	-0.805068	0.000000
0.813650	0.513954	0.000000
-0.747836	0.527345	0.000000
-0.403441	0.814093	0.000000
0.341742	0.220295	0.000000
0.576867	0.499783	0.000000
0.253975	-0.441957	0.000000
-0.571095	0.270402	0.000000
0.444030	0.232604	0.000000
-0.856282	0.656098	0.000000
-0.582289	-0.985127	0.000000
-0.594267	0.373360	0.000000
0.510824	0.600126	0.000000
-0.649464	-0.595222	0.000000
-0.426435	0.252923	0.000000
0.500332	0.638807	0.000000
0.787182	0.643186	0.000000
-0.983110	0.839002	0.000000
-0.557389	0.365900	0.000000
0.151005	0.589293	0.000000
0.467890	0.629633	0.000000
0.508284	-0.412350	0.000000
0.682754	-0.414332	0.000000
0.163289	0.493687	0.000000
-0.488316	0.756213	0.000000
0.138117	-0.383276	0.000000
-0.559007	0.808885	0.000000
0.098056	0.353568	0.000000
-0.377206	0.193578	0.000000
0.354441	-0.254178	0.000000
-0.403595	0.253220	0.000000
0.401102	0.616415	0.000000
0.224941	-0.349586	0.000000
0.068628	0.522824	0.000000
0.357350	0.108298	0.000000
0.058815	-0.150757	0.000000
-0.584801	0.762702	0.000000
-0.445005	0.716293	0.000000
0.721159	-0.684737	0.000000
-0.473210	-0.541731	0.000000
-0.626221	0.650421	0.000000
-0.054366	-0.042233	0.000000
0.137344	-0.089079	0.000000
0.549405	-0.436250	0.000000
0.923819	0.858874	0.000000
-0.288182	0.170917	0.000000
0.874626	0.576624	0.000000
0.328973	-0.216483	0.000000
0.172577	-0.198117	0.000000
0.201829	-0.016441	0.000000
-0.513762	-0.956747	0.000000
-0.988149	0.775864	0.000000
0.890660	0.569000	0.000000
0.563003	0.164787	0.000000
-0.872849	0.864654	0.000000
0.427446	-0.595144	0.000000
0.717536	0.824306	0.000000
0.757628	0.441274	0.000000
-0.902165	0.951782	0.000000
-0.111536	-0.518203	0.000000
-0.016372	-0.126770	0.000000
0.151551	-0.009693	0.000000
0.082484	0.656236	0.000000
-0.243872	-0.117108	0.000000
-0.176988	0.108301	0.000000
-0.172932	0.411423	0.000000
-0.864747	0.405003	0.000000
0.348187	0.381233	0.000000
0.531685	0.576181	0.000000
-0.119498	-0.509947	0.000000
-0.464890	-0.707704	0.000000
0.763961	0.446793	0.000000
-0.649537	0.295822	0.000000
-0.141587	-0.080724	0.000000
-0.461267	0.453833	0.000000
-0.311416	-0.525642	0.000000
-0.119384	0.163089	0.000000
0.539337	0.567431	0.000000
-0.139317	-0.317598	0.000000
-0.447027	0.559532	0.000000
-0.343881	0.471142	0.000000
-0.513585	0.589064	0.000000
0.543191	0.137235	0.000000
-0.015412	0.596633	0.000000
-0.629012	-0.395215	0.000000
0.064142	-0.188824	0.000000
-0.871102	0.782882	0.000000
0.472812	-0.092796	0.000000
0.587960	0.645145	0.000000
0.166360	0.292684	0.000000
0.937693	0.769159	0.000000
-0.820962	0.525035	0.000000
-0.527956	-0.022323	0.000000
0.426569	-0.175306	0.000000
-0.652488	0.201890	0.000000
-0.369106	0.758417	0.000000
-0.018674	0.635145	0.000000
0.500809	-0.360518	0.000000
-0.531436	-0.964860	0.000000
0.309071	-0.343851	0.000000
-0.306112	0.189927	0.000000
0.583333	-0.548652	0.000000
-0.131470	0.150757	0.000000
0.650035	0.479478	0.000000
0.885089	0.713346	0.000000
-0.069273	0.303322	0.000000
-0.343096	0.188223	0.000000
0.471007	0.433396	0.000000
0.635609	-0.613291	0.000000
0.565837	0.010342	0.000000
0.507435	-0.045771	0.000000
0.024055	-0.373293	0.000000
0.056541	0.548872	0.000000
-0.022825	0.750652	0.000000
-0.592790	0.256447	0.000000
0.216650	0.365980	0.000000
0.274257	-0.535289	0.000000
-0.397048	-0.415363	0.000000
-0.288636	0.480770	0.000000
0.487326	-0.063771	0.000000
-0.365798	0.192499	0.000000
0.802434	0.704676	0.000000
-0.962359	0.813205	0.000000
0.658837	-0.362269	0.000000
0.594501	-0.330500	0.000000
-0.335656	-0.116211	0.000000
0.316475	0.333140	0.000000
0.415615	-0.173889	0.000000
0.735868	-0.611435	0.000000
0.824807	0.794010	0.000000
0.843683	0.531448	0.000000
-0.966320	0.832595	0.000000
0.231858	0.191819	0.000000
0.258702	0.140466	0.000000
0.600511	0.100899	0.000000
0.324250	-0.361233	0.000000
0.250714	0.711280	0.000000
-0.420350	0.496491	0.000000
-0.425080	0.452920	0.000000
-0.551581	0.732200	0.000000
-0.200595	-0.092153	0.000000
0.132152	0.541331	0.000000
-0.470012	0.055970	0.000000
-0.951935	0.664894	0.000000
0.112856	0.191097	0.000000
0.826621	-0.421416	0.000000
0.516153	0.357337	0.000000
-0.656024	0.107041	0.000000
-0.154936	-0.287655	0.000000
-0.855185	0.717318	0.000000
-0.025419	-0.118657	0.000000
0.331055	0.950633	0.000000
-0.079529	-0.004296	0.000000
0.211460	0.732824	0.000000
0.236135	0.890186	0.000000
-0.143104	0.534479	0.000000
-0.562584	-0.490673	0.000000
0.085758	0.467156	0.000000
0.496518	-0.505764	0.000000
-0.219174	-0.156210	0.000000
-0.435932	-0.464130	0.000000
-0.487104	0.664754	0.000000
0.965540	0.728496	0.000000
-0.479251	0.618680	0.000000
-0.002980	0.105188	0.000000
-0.695424	0.135832	0.000000
0.831057	-0.491936	0.000000
-0.443111	-0.463592	0.000000
0.469255	-0.139281	0.000000
0.111508	0.695268	0.000000
0.781644	-0.540216	0.000000
0.795171	0.476166	0.000000
0.637762	0.485297	0.000000
-0.585204	0.410179	0.000000
0.473990	0.339979	0.000000
0.335699	-0.464287	0.000000
0.170876	-0.050384	0.000000
0.371894	0.597764	0.000000
-0.638828	0.446570	0.000000
-0.017917	0.311610	0.000000
0.174933	0.761751	0.000000
0.229210	-0.384188	0.000000
0.042257	-0.010968	0.000000
-0.574013	-0.816872	0.000000
-0.494837	0.031242	0.000000
-0.228744	0.025750	0.000000
0.793392	-0.387741	0.000000
0.548542	0.079532	0.000000
0.141736	0.474381	0.000000
-0.242224	-0.530709	0.000000
-0.201787	0.509246	0.000000
0.120889	0.282139	0.000000
0.339306	0.206004	0.000000
0.447133	0.189614	0.000000
-0.000782	0.696467	0.000000
0.152480	0.500479	0.000000
-0.110237	-0.316937	0.000000
-0.354793	0.759016	0.000000
0.177200	0.424672	0.000000
-0.259247	-0.499793	0.000000
0.156119	-0.307476	0.000000
-0.507317	0.849307	0.000000
0.323481	-0.351840	0.000000
-0.723442	0.664771	0.000000
-0.315712	0.477659	0.000000
0.485879	0.671291	0.000000
-0.809073	0.958672	0.000000
-0.568832	-0.116479	0.000000
0.521396	0.190317	0.000000
-0.434611	0.380601	0.000000
-0.138915	0.441536	0.000000
-0.639327	0.091420	0.000000
0.736053	0.593526	0.000000
0.265533	0.930378	0.000000
-0.702739	-0.063017	0.000000
-0.312545	-0.724916	0.000000
0.546600	0.400932	0.000000
0.919232	0.722883	0.000000
-0.230073	-0.535039	0.000000
-0.118699	0.640836	0.000000
-0.341528	0.674732	0.000000
-0.434474	-0.362702	0.000000
0.683847	0.141823	0.000000
0.833690	0.600793	0.000000
0.420238	0.211745	0.000000
0.083113	-0.172761	0.000000
0.353977	0.203113	0.000000
-0.062882	0.112243	0.000000
0.484515	-0.456490	0.000000
0.739078	0.757390	0.000000
0.591783	0.514107	0.000000
0.813748	-0.561524	0.000000
0.271612	0.972726	0.000000
-0.660976	0.361983	0.000000
0.332659	0.091463	0.000000
0.430514	0.528478	0.000000
-0.311792	0.687729	0.000000
0.147949	0.820805	0.000000
0.835615	0.767410	0.000000
0.063946	-0.153007	0.000000
0.556978	-0.345686	0.000000
0.839109	0.828178	0.000000
-0.556069	-0.914537	0.000000
-0.665347	0.679914	0.000000
-0.195508	0.265585	0.000000
-0.681667	-0.494322	0.000000
-0.331508	0.362988	0.000000
-0.671538	-0.142560	0.000000
0.238163	0.316886	0.000000
0.377222	0.116137	0.000000
0.823155	0.811555	0.000000
0.729598	-0.687441	0.000000
0.946395	0.520422	0.000000
0.417930	0.283804	0.000000
0.909312	0.754517	0.000000
0.330823	0.415688	0.000000
-0.892364	0.463901	0.000000
-0.355831	-0.874610	0.000000
-0.512134	0.535836	0.000000
-0.488163	0.404946	0.000000
0.520024	-0.465858	0.000000
0.435997	-0.138660	0.000000
-0.131248	-0.383638	0.000000
-0.535514	0.179711	0.000000
-0.685437	-0.508760	0.000000
0.387770	0.114604	0.000000
-0.333911	0.744626	0.000000
-0.338738	-0.484247	0.000000
-0.827812	0.765113	0.000000
-0.295208	-0.124837	0.000000
0.742976	-0.406840	0.000000
0.058915	0.308473	0.000000
-0.822381	0.871345	0.000000
-0.516479	-0.619701	0.000000
0.316379	0.126542	0.000000
-0.215407	0.286919	0.000000
0.730896	-0.439464	0.000000
-0.697079	0.937020	0.000000
-0.911305	0.801570	0.000000
0.019240	0.012827	0.000000
-0.328332	0.460917	0.000000
0.406524	0.114063	0.000000
0.045998	0.627482	0.000000
-0.188748	-0.097699	0.000000
0.471723	-0.016881	0.000000
0.716124	0.691885	0.000000
0.480811	0.574012	0.000000
0.644646	0.027619	0.000000
0.579248	0.205001	0.000000
0.518702	-0.524533	0.000000
0.840133	-0.565047	0.000000
-0.691737	0.821068	0.000000
-0.303301	0.025068	0.000000
0.719596	0.516079	0.000000
-0.260847	0.560598	0.000000
-0.559226	-0.984396	0.000000
0.641886	0.764386	0.000000
-0.419189	0.643640	0.000000
-0.692251	0.550384	0.000000
0.725400	0.516692	0.000000
-0.885804	0.916445	0.000000
0.495369	0.195210	0.000000
0.390999	0.025186	0.000000
0.643660	0.073199	0.000000
-0.798512	0.312690	0.000000
0.345079	0.350506	0.000000
-0.410396	0.317237	0.000000
-0.551466	0.505125	0.000000
0.019419	-0.508481	0.000000
0.008447	0.714571	0.000000
-0.691755	-0.088459	0.000000
0.007813	-0.092039	0.000000
0.792478	0.613264	0.000000
0.815966	-0.536802	0.000000
-0.699676	0.455822	0.000000
0.773120	0.795949	0.000000
-0.809845	0.527515	0.000000
0.324730	-0.285321	0.000000
-0.261200	0.520981	0.000000
0.494942	0.197513	0.000000
0.481974	0.744793	0.000000
0.473720	0.698416	0.000000
-0.524618	-0.860689	0.000000
0.252504	0.199812	0.000000
0.005950	0.341938	0.000000
-0.083828	0.381122	0.000000
0.434427	0.664769	0.000000
-0.204565	0.423022	0.000000
-0.436562	0.176391	0.000000
-0.185132	-0.174793	0.000000
-0.298788	0.101150	0.000000
-0.201649	-0.689723	0.000000
-0.338090	-0.767709	0.000000
-0.442627	0.732039	0.000000
-0.062522	-0.285576	0.000000
0.605611	0.769035	0.000000
-0.016401	0.254404	0.000000
-0.346417	0.291211	0.000000
-0.733064	-0.033573	0.000000
-0.432355	-0.631963	0.000000
-0.631163	-0.429350	0.000000
-0.364551	0.471997	0.000000
0.124810	0.654467	0.000000
0.073613	0.041914	0.000000
-0.205070	0.389807	0.000000
0.231924	-0.449917	0.000000
-0.397127	-0.453744	0.000000
-0.542385	0.527414	0.000000
-0.942129	0.740842	0.000000
0.027390	-0.100826	0.000000
-0.591858	0.122219	0.000000
-0.531367	0.675490	0.000000
0.741596	0.134483	0.000000
-0.152585	-0.064148	0.000000
-0.877281	0.773131	0.000000
0.578200	0.007459	0.000000
0.309348	-0.315870	0.000000
-0.417599	0.546574	0.000000
0.184808	0.594877	0.000000
-0.437340	-0.524295	0.000000
-0.669040	0.003684	0.000000
0.311051	-0.069850	0.000000
-0.105929	-0.509900	0.000000
0.438029	0.266284	0.000000
0.399949	0.595727	0.000000
0.151252	-0.014392	0.000000
0.296995	-0.294159	0.000000
0.190373	0.587779	0.000000
0.310901	0.722326	0.000000
-0.557366	0.001145	0.000000
0.297128	0.122372	0.000000
0.688702	0.448055	0.000000
-0.165046	-0.428919	0.000000
-0.741069	0.356917	0.000000
0.207726	0.511535	0.000000
0.757521	0.591090	0.000000
-0.505991	0.597982	0.000000
-0.162783	-0.136789	0.000000
0.551602	-0.323628	0.000000
-0.215454	0.620328	0.000000
0.278395	-0.441660	0.000000
0.612413	0.812375	0.000000
-0.453061	-0.807344	0.000000
-0.192918	0.473400	0.000000
-0.456007	0.473228	0.000000
0.215809	0.428626	0.000000
-0.280972	-0.505298	0.000000
-0.445639	-0.735237	0.000000
0.647552	-0.023565	0.000000
0.469642	0.233645	0.000000
0.609200	0.029393	0.000000
-0.337062	-0.148216	0.000000
0.513782	0.000073	0.000000
0.296558	-0.344688	0.000000
-0.526829	0.353749	0.000000
0.596082	0.576483	0.000000
0.913169	0.482752	0.000000
0.891133	0.496741	0.000000
-0.477256	0.623287	0.000000
0.975644	0.706755	0.000000
-0.571292	-0.186732	0.000000
-0.257925	0.624380	0.000000
0.325326	0.210293	0.000000
0.019927	0.403304	0.000000
-0.791380	0.851404	0.000000
0.703149	-0.410063	0.000000
0.298593	0.331064	0.000000
0.288596	0.348316	0.000000
-0.033996	-0.427453	0.000000
-0.380228	-0.149025	0.000000
0.338807	0.593187	0.000000
-0.826500	0.730985	0.000000
0.501234	0.086188	0.000000
0.492034	0.577376	0.000000
0.312885	-0.084989	0.000000
0.175312	0.782925	0.000000
-0.637585	0.240691	0.000000
0.146239	0.366538	0.000000
0.761114	0.744339	0.000000
0.638145	0.171125	0.000000
0.947117	0.572758	0.000000
-0.288139	0.712224	0.000000
0.427297	0.249941	0.000000
0.174521	0.062863	0.000000
0.303760	0.192921	0.000000
0.021494	0.003276	0.000000
0.142047	0.518742	0.000000
0.049277	-0.074999	0.000000
0.219497	0.225540	0.000000
-0.415061	0.728348	0.000000
-0.181115	0.578655	0.000000
0.628130	-0.422160	0.000000
0.832787	0.601749	0.000000
-0.163755	0.490067	0.000000
0.289654	0.645688	0.000000
-0.585326	0.261527	0.000000
0.527170	0.575873	0.000000
-0.638675	0.593620	0.000000
-0.475799	-0.840292	0.000000
0.606322	0.817017	0.000000
0.257400	-0.337712	0.000000
0.700805	0.313923	0.000000
-0.550729	-0.440099	0.000000
-0.048193	0.245756	0.000000
0.390929	0.057021	0.000000
-0.949373	0.880135	0.000000
0.572083	0.006609	0.000000
-0.542629	0.372632	0.000000
-0.587624	0.315443	0.000000
-0.088041	0.789089	0.000000
-0.242351	0.077910	0.000000
0.473892	0.536630	0.000000
-0.290304	0.483649	0.000000
0.295385	0.105696	0.000000
0.303289	0.196691	0.000000
0.371432	0.801912	0.000000
-0.771514	0.903800	0.000000
-0.356420	0.617833	0.000000
0.721418	0.143533	0.000000
0.147622	-0.127534	0.000000
-0.284222	0.158466	0.000000
-0.645753	-0.011364	0.000000
-0.600369	0.392476	0.000000
0.612597	0.705656	0.000000
0.144322	0.405421	0.000000
0.648610	0.271196	0.000000
-0.321346	-0.016040	0.000000
-0.737364	0.864102	0.000000
0.224566	0.012412	0.000000
-0.444032	0.195974	0.000000
-0.204696	0.517314	0.000000
-0.602570	0.451491	0.000000
0.428328	-0.125150	0.000000
0.237452	0.759649	0.000000
0.612636	-0.052161	0.000000
0.044338	0.362645	0.000000
-0.368871	0.634144	0.000000
-0.127770	-0.416790	0.000000
-0.535552	0.711294	0.000000
-0.442056	0.542634	0.000000
-0.430033	0.048002	0.000000
0.368540	-0.588975	0.000000
-0.294593	-0.727544	0.000000
0.825513	0.504686	0.000000
-0.498325	-0.422511	0.000000
0.890438	0.656636	0.000000
-0.360566	0.296003	0.000000
0.974695	0.694108	0.000000
-0.061929	-0.561085	0.000000
0.626339	0.232072	0.000000
-0.512951	0.854621	0.000000
-0.229027	0.049703	0.000000
0.506612	0.379051	0.000000
0.725485	0.505060	0.000000
-0.530628	-0.333124	0.000000
0.477961	0.108411	0.000000
0.665321	0.496009	0.000000
0.007724	0.636888	0.000000
0.052871	0.070472	0.000000
0.553222	0.054991	0.000000
-0.684680	-0.425600	0.000000
-0.028721	-0.472419	0.000000
0.242309	0.611230	0.000000
0.281813	-0.011131	0.000000
0.451116	-0.192591	0.000000
0.669441	0.198335	0.000000
-0.033206	-0.588116	0.000000
-0.035079	-0.566206	0.000000
-0.781058	0.841822	0.000000
-0.123686	0.319342	0.000000
0.300949	0.242408	0.000000
0.374559	0.402711	0.000000
0.272714	0.424651	0.000000
0.497349	-0.513265	0.000000
0.163099	0.041979	0.000000
-0.629134	0.459011	0.000000
0.332384	0.361236	0.000000
-0.636402	-0.460298	0.000000
0.418141	0.745528	0.000000
-0.048406	0.496685	0.000000
0.186215	-0.025990	0.000000
-0.459846	-0.020401	0.000000
0.280443	0.896498	0.000000
0.353105	0.288691	0.000000
0.458629	0.578002	0.000000
-0.789682	0.901711	0.000000
0.973572	0.766461	0.000000
0.538085	0.008341	0.000000
-0.290990	0.612434	0.000000
0.615767	0.359316	0.000000
0.206118	0.345647	0.000000
-0.527517	0.383709	0.000000
-0.747114	0.539178	0.000000
0.618139	-0.326439	0.000000
0.494886	-0.428194	0.000000
0.895770	0.598674	0.000000
-0.913273	0.432497	0.000000
-0.239359	0.292846	0.000000
-0.227881	0.739344	0.000000
0.197386	-0.437892	0.000000
-0.444549	0.709983	0.000000
0.161679	0.345416	0.000000
-0.350842	0.422175	0.000000
0.850402	0.296717	0.000000
0.939263	0.535771	0.000000
0.515711	0.657046	0.000000
0.943279	0.780430	0.000000
0.423103	0.561976	0.000000
-0.499383	0.520629	0.000000
0.691586	-0.684874	0.000000
-0.534989	0.366844	0.000000
-0.820596	0.735718	0.000000
-0.609365	0.078028	0.000000
-0.650129	-0.155304	0.000000
0.274899	-0.066489	0.000000
0.298815	-0.272944	0.000000
0.327908	0.242498	0.000000
0.459133	0.079187	0.000000
-0.655298	-0.616492	0.000000
-0.115810	-0.233047	0.000000
-0.310958	-0.711247	0.000000
0.701097	0.694405	0.000000
0.608376	0.045138	0.000000
-0.552161	0.009996	0.000000
0.309788	0.033675	0.000000
0.425185	0.291528	0.000000
-0.585581	0.862278	0.000000
-0.206246	-0.656334	0.000000
-0.678542	0.651176	0.000000
0.429865	-0.081199	0.000000
0.316491	-0.300947	0.000000
0.455887	0.026193	0.000000
-0.356799	0.662742	0.000000
0.640358	0.267135	0.000000
0.534697	0.115045	0.000000
0.495372	-0.522346	0.000000
0.545771	0.282209	0.000000
0.402181	-0.411664	0.000000
-0.673160	-0.014220	0.000000
-0.318425	-0.351636	0.000000
-0.043211	0.326045	0.000000
-0.190488	-0.233084	0.000000
0.659216	0.406449	0.000000
0.491610	-0.464811	0.000000
-0.341837	-0.704185	0.000000
0.945958	0.770615	0.000000
-0.737880	0.454780	0.000000
-0.655360	0.374363	0.000000
0.405413	-0.071459	0.000000
0.486591	0.353851	0.000000
-0.790621	0.889297	0.000000
-0.044626	0.592223	0.000000
0.850824	0.713429	0.000000
-0.465317	-0.168156	0.000000
0.575554	-0.331823	0.000000
0.593160	0.689950	0.000000
-0.675121	0.730100	0.000000
0.099922	0.248102	0.000000
0.493843	0.529503	0.000000
0.970331	0.672865	0.000000
-0.116644	-0.409894	0.000000
-0.027050	0.713534	0.000000
-0.174444	0.633089	0.000000
-0.511216	-0.181333	0.000000
-0.332228	0.394745	0.000000
0.100817	0.226450	0.000000
0.214419	0.666819	0.000000
-0.471778	0.864302	0.000000
0.176745	0.145232	0.000000
0.308031	0.550141	0.000000
0.351030	0.605037	0.000000
0.649136	-0.468999	0.000000
0.389826	-0.409912	0.000000
-0.171975	0.290732	0.000000
0.261836	0.150650	0.000000
0.400528	0.218914	0.000000
-0.077216	-0.169859	0.000000
-0.433638	-0.199595	0.000000
-0.848459	0.224271	0.000000
-0.553779	-0.087575	0.000000
-0.233839	0.226245	0.000000
-0.995233	0.695500	0.000000
0.487552	0.286975	0.000000
-0.239742	0.607673	0.000000
0.381490	0.033993	0.000000
0.709821	0.060095	0.000000
0.324795	0.207287	0.000000
0.236613	-0.563046	0.000000
-0.655674	-0.718235	0.000000
0.713675	0.445758	0.000000
0.005576	-0.075528	0.000000
-0.550870	0.400617	0.000000
0.747819	0.274058	0.000000
-0.127330	-0.350159	0.000000
0.276236	0.224457	0.000000
0.837858	0.852822	0.000000
0.717098	0.462905	0.000000
-0.980430	0.823365	0.000000
-0.144613	0.251445	0.000000
0.759172	-0.670326	0.000000
-0.075021	0.350029	0.000000
0.302700	0.973015	0.000000
-0.415512	0.512464	0.000000
0.803943	0.688750	0.000000
-0.229071	0.743607	0.000000
-0.209226	-0.406659	0.000000
0.897350	0.655269	0.000000
0.210775	0.747524	0.000000
0.669145	0.476244	0.000000
0.332290	-0.064432	0.000000
-0.002209	0.264466	0.000000
0.007165	0.694193	0.000000
0.213721	-0.463647	0.000000
-0.094711	-0.646465	0.000000
-0.317552	0.586634	0.000000
-0.451535	-0.334026	0.000000
-0.656211	0.085006	0.000000
0.694915	-0.394767	0.000000
0.368961	-0.246808	0.000000
-0.421457	0.292927	0.000000
0.206070	0.083385	0.000000
-0.096589	-0.142381	0.000000
0.779560	0.733534	0.000000
0.099386	0.275147	0.000000
0.426191	-0.165375	0.000000
-0.690412	0.905579	0.000000
0.208482	0.660364	0.000000
0.542038	0.418014	0.000000
0.562403	0.609068	0.000000
-0.081295	0.334695	0.000000
0.366723	0.335635	0.000000
-0.032272	0.685898	0.000000
0.104269	-0.250969	0.000000
-0.736886	0.839885	0.000000
-0.472254	-0.142090	0.000000
0.732435	0.673725	0.000000
0.400462	-0.254421	0.000000
0.329117	0.384365	0.000000
-0.044996	-0.062020	0.000000
0.009387	0.731834	0.000000
0.481653	-0.312098	0.000000
0.448688	0.555681	0.000000
-0.870731	0.871451	0.000000
0.340308	0.657303	0.000000
-0.227111	0.136818	0.000000
0.558933	0.743324	0.000000
-0.359879	0.296566	0.000000
0.689388	0.126553	0.000000
0.019580	0.284635	0.000000
-0.747490	0.714074	0.000000
0.205293	0.622378	0.000000
0.928003	0.818916	0.000000
0.189923	-0.154791	0.000000
0.152760	-0.117946	0.000000
0.408196	0.619562	0.000000
0.604437	0.386331	0.000000
0.039694	0.510563	0.000000
0.628247	0.220037	0.000000
-0.620379	0.254166	0.000000
-0.288042	-0.544488	0.000000
-0.436854	-0.510241	0.000000
0.359437	-0.207937	0.000000
-0.381523	-0.112775	0.000000
0.122467	-0.078781	0.000000
0.099931	0.494614	0.000000
0.683202	0.306860	0.000000
-0.306633	-0.705852	0.000000
0.335415	0.756363	0.000000
-0.567784	-0.231718	0.000000
0.798207	0.529386	0.000000
0.140856	-0.090135	0.000000
0.396085	0.755318	0.000000
0.329151	0.713825	0.000000
-0.601973	-0.603235	0.000000
-0.914479	0.436326	0.000000
0.095286	-0.198499	0.000000
-0.454769	0.829653	0.000000
-0.050677	0.783206	0.000000
0.443248	0.279102	0.000000
-0.211935	0.706102	0.000000
0.140491	-0.012914	0.000000
0.157617	0.482405	0.000000
-0.548175	-0.700664	0.000000
-0.056675	0.554374	0.000000
-0.616927	0.563161	0.000000
0.397592	0.541766	0.000000
-0.120249	0.050110	0.000000
-0.617572	0.170876	0.000000
-0.054131	-0.372292	0.000000
-0.654030	-0.096245	0.000000
-0.443409	0.594696	0.000000
0.536728	0.759000	0.000000
-0.198093	-0.133397	0.000000
0.804251	0.508515	0.000000
-0.902811	0.590227	0.000000
-0.605562	-0.652127	0.000000
0.430345	-0.138166	0.000000
0.274297	-0.428484	0.000000
-0.435057	-0.160587	0.000000
0.974276	0.793315	0.000000
-0.431957	-0.433388	0.000000
-0.516081	-0.864246	0.000000
-0.039025	0.047474	0.000000
0.568887	-0.477539	0.000000
0.536165	0.113493	0.000000
-0.419654	-0.355785	0.000000
-0.570031	0.277044	0.000000
-0.143602	-0.468085	0.000000
0.785970	0.571684	0.000000
0.378720	0.304213	0.000000
0.746098	0.419642	0.000000
0.632146	-0.699515	0.000000
0.915553	0.544821	0.000000
0.352703	0.614437	0.000000
-0.716224	-0.014889	0.000000
-0.215381	-0.552680	0.000000
0.322708	0.579119	0.000000
-0.389840	-0.038402	0.000000
0.057107	0.809591	0.000000
0.558255	-0.546149	0.000000
0.606184	0.739679	0.000000
0.113940	0.598751	0.000000
0.820813	0.746877	0.000000
0.660704	0.280807	0.000000
0.770020	0.515901	0.000000
-0.148117	0.140768	0.000000
-0.666778	0.484797	0.000000
-0.855826	0.756094	0.000000
0.683639	0.397579	0.000000
-0.109516	-0.000948	0.000000
-0.846635	0.653512	0.000000
0.931079	0.512786	0.000000
-0.621453	-0.494618	0.000000
0.341283	0.010174	0.000000
0.548654	0.359674	0.000000
0.759092	0.774721	0.000000
0.768144	0.221511	0.000000
0.672024	-0.635505	0.000000
0.696461	-0.015442	0.000000
-0.419079	-0.137177	0.000000
0.351739	0.274396	0.000000
0.867255	0.551457	0.000000
0.403043	-0.138056	0.000000
0.625672	0.132692	0.000000
0.246621	0.604467	0.000000
-0.097388	0.536744	0.000000
0.311212	0.198484	0.000000
-0.589343	-0.502410	0.000000
0.608230	-0.591269	0.000000
-0.424393	-0.417817	0.000000
0.803089	0.730266	0.000000
0.275363	-0.442391	0.000000
0.549496	-0.330517	0.000000
0.788927	0.659988	0.000000
-0.550652	0.445661	0.000000
-0.018441	0.163813	0.000000
0.902994	0.806613	0.000000
-0.259833	-0.432337	0.000000
-0.167314	0.586183	0.000000
-0.644087	-0.303809	0.000000
-0.834011	0.191877	0.000000
-0.386652	0.349493	0.000000
0.924716	0.705817	0.000000
0.381356	0.160365	0.000000
-0.528101	0.152540	0.000000
0.714239	0.384065	0.000000
-0.608653	-0.390313	0.000000
0.515315	0.304584	0.000000
-0.178551	-0.466989	0.000000
0.508098	0.773949	0.000000
0.129031	-0.220219	0.000000
0.516097	0.077558	0.000000
0.165157	0.495664	0.000000
0.042329	-0.058431	0.000000
0.642462	-0.329471	0.000000
0.898578	0.730514	0.000000
0.072717	-0.162866	0.000000
-0.301170	-0.755955	0.000000
0.315184	-0.516826	0.000000
0.867576	0.491649	0.000000
-0.429546	-0.877310	0.000000
0.603318	0.447170	0.000000
0.275062	0.746996	0.000000
-0.653694	-0.817572	0.000000
0.857803	-0.588016	0.000000
-0.611584	0.398561	0.000000
-0.191574	-0.109696	0.000000
-0.066460	-0.361230	0.000000
0.177209	0.694595	0.000000
0.406706	0.455079	0.000000
0.681427	-0.321179	0.000000
0.775976	0.223591	0.000000
0.344355	0.945401	0.000000
-0.655336	-0.206003	0.000000
0.708199	0.365032	0.000000
0.241143	-0.151450	0.000000
0.555788	0.272238	0.000000
0.034103	-0.004281	0.000000
-0.637053	-0.703535	0.000000
-0.944472	0.702449	0.000000
-0.815113	0.608400	0.000000
0.284576	0.384496	0.000000
-0.349818	-0.099981	0.000000
0.590460	0.533069	0.000000
0.639955	0.388089	0.000000
0.840453	0.850502	0.000000
-0.391069	0.139052	0.000000
0.483890	0.214056	0.000000
0.345401	0.160180	0.000000
-0.546879	-0.164941	0.000000
-0.382380	0.131105	0.000000
-0.170421	0.410893	0.000000
-0.927532	0.630334	0.000000
-0.802684	0.121317	0.000000
-0.712492	0.332476	0.000000
0.264758	-0.368842	0.000000
0.845011	0.622496	0.000000
-0.517637	-0.705973	0.000000
-0.543473	0.241502	0.000000
-0.173985	-0.368411	0.000000
0.654952	0.470688	0.000000
-0.507594	0.140149	0.000000
-0.204834	-0.521636	0.000000
-0.450143	0.739408	0.000000
-0.341724	0.466918	0.000000
0.600134	0.805561	0.000000
-0.538995	-0.927843	0.000000
0.442415	0.494088	0.000000
0.313221	-0.510070	0.000000
-0.511487	0.109539	0.000000
0.713455	0.750081	0.000000
0.326182	-0.254556	0.000000
0.271019	0.375169	0.000000
0.201774	0.658844	0.000000
-0.230613	-0.019113	0.000000
0.891718	0.622952	0.000000
0.124989	0.508050	0.000000
-0.560608	0.060581	0.000000
-0.248791	0.449254	0.000000
0.159633	-0.006992	0.000000
0.829900	0.791631	0.000000
-0.735712	0.383141	0.000000
0.360084	0.484156	0.000000
0.624400	0.615813	0.000000
-0.373322	0.468238	0.000000
0.381402	0.018848	0.000000
-0.958152	0.945010	0.000000
-0.293230	0.218244	0.000000
0.706951	0.039460	0.000000
0.582506	-0.470164	0.000000
0.711333	-0.629917	0.000000
-0.908875	0.508310	0.000000
0.765984	0.685726	0.000000
-0.971243	0.654084	0.000000
-0.062355	-0.092918	0.000000
0.321313	0.476611	0.000000
0.589248	-0.029972	0.000000
0.295344	-0.049295	0.000000
0.380369	0.120204	0.000000
-0.490616	-0.288065	0.000000
0.610700	0.554618	0.000000
-0.157666	0.305633	0.000000
0.959858	0.760929	0.000000
0.886943	0.522175	0.000000
0.559333	0.244050	0.000000
0.196072	0.409582	0.000000
0.371128	0.207959	0.000000
-0.490310	-0.944390	0.000000
0.605743	0.227426	0.000000
0.429064	0.268075	0.000000
-0.507524	0.203913	0.000000
0.519017	-0.138111	0.000000
0.402104	-0.238408	0.000000
0.581356	-0.425329	0.000000
-0.228572	0.123251	0.000000
0.613011	-0.011400	0.000000
0.844848	-0.529457	0.000000
-0.497621	0.613729	0.000000
0.603305	0.156913	0.000000
-0.273311	0.722865	0.000000
-0.698328	0.513192	0.000000
0.701897	-0.571511	0.000000
-0.642742	0.195126	0.000000
0.234590	0.111484	0.000000
0.544353	-0.041441	0.000000
-0.565597	-0.641506	0.000000
0.591174	0.376468	0.000000
-0.090800	-0.495217	0.000000
-0.000981	-0.080506	0.000000
0.212831	-0.329708	0.000000
0.627959	0.431788	0.000000
0.147910	0.286962	0.000000
0.616504	0.750528	0.000000
0.869975	0.783115	0.000000
0.157961	0.289089	0.000000
-0.764936	0.864612	0.000000
-0.365189	0.467850	0.000000
0.148262	0.511881	0.000000
-0.367419	0.089470	0.000000
0.005602	0.349088	0.000000
0.505102	0.635553	0.000000
-0.216742	0.076498	0.000000
-0.323849	0.331079	0.000000
0.278894	-0.129080	0.000000
0.519784	0.507080	0.000000
-0.565961	0.412242	0.000000
0.813982	-0.432749	0.000000
-0.321512	-0.274798	0.000000
-0.563025	0.758256	0.000000
-0.665295	0.000261	0.000000
0.782580	-0.617486	0.000000
-0.671778	0.888228	0.000000
-0.291180	0.205064	0.000000
-0.516430	0.140056	0.000000
-0.155980	0.504881	0.000000
-0.809175	0.535388	0.000000
0.188103	0.859060	0.000000
0.640717	0.308131	0.000000
0.772867	0.585945	0.000000
0.063930	0.467832	0.000000
-0.561994	0.759387	0.000000
-0.142552	-0.012396	0.000000
-0.554551	-0.272985	0.000000
-0.052020	0.798168	0.000000
0.278554	-0.009588	0.000000
-0.108151	0.223593	0.000000
0.820865	0.446535	0.000000
-0.401620	-0.609841	0.000000
0.849059	0.355155	0.000000
-0.489213	0.698145	0.000000
0.775972	0.378866	0.000000
-0.195520	-0.347903	0.000000
0.767128	-0.536153	0.000000
0.012683	0.515778	0.000000
0.491078	0.601656	0.000000
-0.212280	0.364942	0.000000
-0.340792	-0.197404	0.000000
0.048683	0.643180	0.000000
0.793443	0.747087	0.000000
0.074771	0.748535	0.000000
-0.596622	0.249447	0.000000
0.221312	0.741408	0.000000
-0.360422	0.774401	0.000000
0.304950	0.843587	0.000000
0.608103	0.640526	0.000000
0.715863	0.448986	0.000000
0.333114	-0.248558	0.000000
0.109856	0.296945	0.000000
0.199749	-0.480763	0.000000
-0.069280	0.079032	0.000000
-0.365623	-0.292955	0.000000
0.847476	0.643165	0.000000
0.072866	0.648847	0.000000
-0.430257	-0.024314	0.000000
-0.319064	0.010701	0.000000
-0.493568	0.620504	0.000000
0.532955	0.246456	0.000000
0.036513	-0.056729	0.000000
-0.926876	0.622391	0.000000
0.132723	0.166158	0.000000
-0.486185	-0.340507	0.000000
0.361425	0.133624	0.000000
-0.525722	0.719995	0.000000
0.986026	0.720290	0.000000
0.846791	0.407521	0.000000
0.701289	-0.497886	0.000000
0.504851	0.722790	0.000000
-0.275284	0.442472	0.000000
-0.919620	0.942345	0.000000
-0.068920	-0.364690	0.000000
0.659254	0.524522	0.000000
0.103082	-0.147814	0.000000
0.623341	0.409818	0.000000
-0.243511	0.257825	0.000000
0.120262	0.744497	0.000000
-0.241270	-0.650689	0.000000
0.065986	0.003727	0.000000
-0.665683	0.541753	0.000000
0.696357	0.378043	0.000000
-0.754997	0.915069	0.000000
0.524716	-0.692155	0.000000
-0.548153	-0.163907	0.000000
-0.129393	0.595327	0.000000
0.794685	0.711645	0.000000
-0.063867	-0.001478	0.000000
0.385220	0.055908	0.000000
0.033106	0.808423	0.000000
0.499402	0.700617	0.000000
0.596922	0.422852	0.000000
0.141305	0.811726	0.000000
0.098560	0.533837	0.000000
-0.207206	0.270402	0.000000
0.614571	0.361672	0.000000
-0.017287	0.158355	0.000000
-0.424290	0.255495	0.000000
0.107551	0.563124	0.000000
-0.483247	-0.175547	0.000000
-0.471963	-0.324717	0.000000
0.691011	0.455152	0.000000
0.414873	0.460559	0.000000
0.670236	0.746831	0.000000
0.187245	0.401207	0.000000
-0.162673	0.478736	0.000000
0.690356	0.432313	0.000000
0.775186	0.514714	0.000000
0.463793	0.517645	0.000000
0.855837	0.582331	0.000000
-0.271161	0.094682	0.000000
0.403936	-0.549661	0.000000
-0.927799	0.629850	0.000000
-0.438399	-0.460211	0.000000
-0.836902	0.131679	0.000000
0.114206	0.708862	0.000000
-0.879133	0.818655	0.000000
-0.142474	-0.522527	0.000000
0.106736	0.670030	0.000000
0.399435	0.110719	0.000000
-0.271997	-0.137407	0.000000
-0.910624	0.740540	0.000000
0.561242	-0.414954	0.000000
-0.851293	0.263422	0.000000
-0.478977	-0.238363	0.000000
-0.284569	0.686032	0.000000
0.074217	0.593161	0.000000
0.674439	0.634345	0.000000
-0.559937	0.732596	0.000000
0.549939	-0.318099	0.000000
-0.684396	0.106424	0.000000
-0.531248	0.673233	0.000000
-0.469475	0.491336	0.000000
0.746891	0.383808	0.000000
0.333113	0.310855	0.000000
0.204754	-0.417964	0.000000
-0.191343	-0.519992	0.000000
0.639978	-0.332968	0.000000
0.372131	0.361327	0.000000
-0.865873	0.647514	0.000000
0.810756	0.523500	0.000000
0.213059	0.133081	0.000000
0.353365	0.801104	0.000000
0.414082	0.516669	0.000000
0.738138	0.647690	0.000000
0.202617	-0.544365	0.000000
0.781212	-0.424552	0.000000
0.117288	-0.022050	0.000000
0.606668	0.172026	0.000000
-0.450604	-0.009236	0.000000
-0.879015	0.571270	0.000000
-0.415977	0.610414	0.000000
0.629534	0.075176	0.000000
0.306098	0.241268	0.000000
-0.803001	0.716793	0.000000
0.127115	0.443063	0.000000
-0.628474	0.824794	0.000000
-0.625115	-0.546155	0.000000
-0.028421	0.709550	0.000000
-0.640668	0.415550	0.000000
0.355546	-0.004934	0.000000
0.948246	0.625120	0.000000
-0.209646	0.399704	0.000000
-0.184862	-0.086188	0.000000
-0.171720	0.275802	0.000000
0.798188	0.798565	0.000000
0.633136	-0.325058	0.000000
-0.419302	-0.738041	0.000000
-0.463168	-0.044214	0.000000
-0.175494	-0.567574	0.000000
0.528733	0.483192	0.000000
0.819446	0.765960	0.000000
-0.177099	0.266776	0.000000
0.844746	0.594900	0.000000
0.763423	0.147683	0.000000
0.937261	0.696788	0.000000
0.481819	0.285551	0.000000
-0.127952	0.685622	0.000000
-0.567913	0.880416	0.000000
0.822575	0.854847	0.000000
0.618297	0.275420	0.000000
0.583445	0.116024	0.000000
0.763599	-0.459958	0.000000
0.662852	0.490662	0.000000
0.071760	0.650967	0.000000
0.423064	0.660347	0.000000
-0.372056	-0.013847	0.000000
-0.665592	0.617856	0.000000
-0.264017	-0.402756	0.000000
-0.262946	-0.176845	0.000000
-0.472640	-0.173085	0.000000
0.041362	0.749616	0.000000
0.445187	-0.307638	0.000000
-0.550066	-0.648837	0.000000
0.698307	0.399924	0.000000
0.761832	0.556910	0.000000
-0.026390	0.622373	0.000000
0.680304	-0.631745	0.000000
-0.717543	0.899766	0.000000
0.600591	0.052839	0.000000
0.378439	0.640887	0.000000
-0.355129	-0.751869	0.000000
0.239297	0.151958	0.000000
0.140480	-0.177435	0.000000
0.925074	0.684036	0.000000
-0.235750	-0.104200	0.000000
-0.506366	-0.875522	0.000000
0.367510	0.571960	0.000000
-0.114555	-0.069109	0.000000
-0.612313	-0.665265	0.000000
-0.388597	0.234324	0.000000
0.499705	0.515810	0.000000
-0.369850	0.109432	0.000000
-0.161959	-0.396459	0.000000
-0.703719	0.071499	0.000000
-0.484735	0.290485	0.000000
0.680588	0.207529	0.000000
0.459804	-0.128490	0.000000
0.340760	0.199851	0.000000
-0.081022	-0.634883	0.000000
-0.378661	-0.211001	0.000000
-0.308600	-0.444980	0.000000
-0.630599	-0.458910	0.000000
0.549892	0.613925	0.000000
0.527410	0.424465	0.000000
0.615743	0.117166	0.000000
-0.916975	0.562848	0.000000
-0.894107	0.437727	0.000000
0.169688	0.516549	0.000000
-0.943841	0.419909	0.000000
-0.497680	-0.897100	0.000000
-0.402345	0.033898	0.000000
-0.305685	-0.163058	0.000000
0.074280	0.382211	0.000000
-0.225414	0.176557	0.000000
-0.253530	0.062717	0.000000
0.063426	0.650264	0.000000
-0.080513	0.190466	0.000000
0.786384	0.809515	0.000000
-0.835717	0.847760	0.000000
0.105477	-0.077432	0.000000
-0.118956	0.519473	0.000000
0.116247	0.408938	0.000000
0.019480	0.689540	0.000000
0.011600	0.449337	0.000000
-0.444053	0.539743	0.000000
-0.588329	0.626903	0.000000
-0.607909	0.362765	0.000000
0.564105	0.542224	0.000000
0.502978	0.528530	0.000000
0.631683	-0.473012	0.000000
0.094576	0.507585	0.000000
-0.008537	-0.373164	0.000000
0.046400	0.548384	0.000000
0.059022	0.825890	0.000000
0.223540	-0.207319	0.000000
0.051133	-0.044113	0.000000
-0.753239	0.558375	0.000000
0.224058	0.466065	0.000000
-0.295802	0.171705	0.000000
0.047036	0.828162	0.000000
-0.434451	-0.307558	0.000000
0.255717	-0.057002	0.000000
-0.014184	0.172184	0.000000
-0.426549	0.429007	0.000000
0.926720	0.697869	0.000000
-0.600211	0.786405	0.000000
-0.023670	0.526193	0.000000
-0.235527	0.338097	0.000000
0.479852	0.062244	0.000000
-0.000991	0.212548	0.000000
0.335798	-0.319208	0.000000
0.238731	-0.439182	0.000000
0.485409	-0.393144	0.000000
0.575602	-0.569881	0.000000
-0.208977	0.154103	0.000000
-0.796839	0.906559	0.000000
0.351602	0.225713	0.000000
-0.332544	-0.087062	0.000000
-0.876820	0.728423	0.000000
0.319865	0.655966	0.000000
-0.214266	-0.106215	0.000000
-0.379225	0.619196	0.000000
0.592572	0.392007	0.000000
0.919744	0.516376	0.000000
-0.538808	0.282405	0.000000
0.374693	-0.378172	0.000000
0.983809	0.762756	0.000000
-0.922571	0.659534	0.000000
0.376135	-0.249715	0.000000
0.633913	0.755374	0.000000
0.648720	0.378033	0.000000
0.292312	-0.342447	0.000000
0.461613	0.788211	0.000000
0.490839	0.525888	0.000000
0.132682	-0.003772	0.000000
0.556022	0.517196	0.000000
-0.794846	0.527687	0.000000
0.430590	-0.643721	0.000000
-0.233526	-0.473584	0.000000
-0.040472	-0.584009	0.000000
0.775004	0.843925	0.000000
0.600801	0.096461	0.000000
0.453918	0.221186	0.000000
0.367862	0.217924	0.000000
0.549403	-0.670954	0.000000
-0.159088	0.086852	0.000000
0.777125	-0.551365	0.000000
0.310929	0.611836	0.000000
-0.795204	0.852016	0.000000
0.342798	0.979906	0.000000
0.172795	-0.442748	0.000000
-0.050254	0.774447	0.000000
0.195133	0.849363	0.000000
-0.097375	0.040812	0.000000
-0.451634	-0.016203	0.000000
0.786517	0.540822	0.000000
0.423801	0.566591	0.000000
-0.733855	0.234841	0.000000
-0.238775	-0.761210	0.000000
-0.035104	-0.410047	0.000000
-0.137179	-0.531006	0.000000
0.067528	-0.197137	0.000000
-0.102228	-0.170862	0.000000
-0.171574	0.376144	0.000000
-0.527439	-0.422902	0.000000
-0.585137	-0.626228	0.000000
-0.614937	0.591006	0.000000
0.503240	-0.687689	0.000000
0.324941	0.231333	0.000000
-0.654254	-0.397023	0.000000
0.739264	0.511894	0.000000
0.710876	-0.534166	0.000000
0.323239	0.130065	0.000000
-0.156735	0.430935	0.000000
0.214476	-0.046700	0.000000
0.359620	0.413244	0.000000
0.237308	0.474919	0.000000
0.143605	0.499905	0.000000
-0.655547	0.810008	0.000000
0.223017	0.238546	0.000000
0.036609	-0.497217	0.000000
0.926220	0.832650	0.000000
-0.223349	-0.217572	0.000000
0.370178	0.579361	0.000000
0.140926	0.604535	0.000000
0.233621	-0.025465	0.000000
0.306163	0.091778	0.000000
-0.971933	0.850440	0.000000
-0.753309	0.925897	0.000000
-0.929430	0.629386	0.000000
-0.649727	0.816588	0.000000
0.348745	-0.200023	0.000000
0.039118	-0.092582	0.000000
-0.075378	-0.599666	0.000000
-0.073383	0.752459	0.000000
-0.633067	0.566244	0.000000
0.148125	0.334555	0.000000
0.443145	0.109479	0.000000
0.584245	0.623668	0.000000
0.925149	0.493433	0.000000
-0.907696	0.453641	0.000000
0.613813	0.205234	0.000000
0.729507	0.594163	0.000000
0.756148	0.426632	0.000000
-0.151627	0.624449	0.000000
-0.152671	-0.293847	0.000000
-0.801218	0.765477	0.000000
0.055930	0.392277	0.000000
0.480534	0.695763	0.000000
0.545236	0.000251	0.000000
0.016662	-0.032642	0.000000
0.215512	0.662885	0.000000
-0.742355	0.741437	0.000000
-0.208998	0.386210	0.000000
-0.624866	-0.651417	0.000000
0.515480	-0.567584	0.000000
0.342716	0.435330	0.000000
-0.119510	0.658433	0.000000
0.719696	-0.438327	0.000000
0.583015	0.396065	0.000000
0.529421	0.256168	0.000000
0.374390	0.068301	0.000000
0.658911	0.455430	0.000000
0.310358	0.928857	0.000000
0.707296	0.177287	0.000000
0.335109	-0.010132	0.000000
0.462966	0.640439	0.000000
0.904935	0.775189	0.000000
0.595772	-0.448545	0.000000
-0.378034	-0.133075	0.000000
0.420295	-0.521888	0.000000
0.013935	-0.537382	0.000000
0.182968	-0.189332	0.000000
0.697129	-0.399415	0.000000
0.879661	0.870974	0.000000
0.821866	0.733836	0.000000
-0.145329	0.320560	0.000000
0.449584	0.514183	0.000000
0.126273	-0.034083	0.000000
0.130440	-0.505232	0.000000
-0.353138	-0.131867	0.000000
-0.408318	-0.856278	0.000000
0.852422	0.853402	0.000000
0.300677	0.603841	0.000000
0.399351	0.119279	0.000000
0.929660	0.573718	0.000000
0.079251	0.378414	0.000000
0.540697	0.761865	0.000000
-0.661622	0.932791	0.000000
-0.164842	0.490239	0.000000
-0.292366	-0.449430	0.000000
-0.570181	-0.716122	0.000000
-0.437131	-0.364555	0.000000
0.443198	-0.042902	0.000000
0.600390	0.675760	0.000000
-0.076842	-0.322640	0.000000
-0.679008	0.678697	0.000000
-0.403201	0.469993	0.000000
0.084094	0.828017	0.000000
-0.207965	0.048951	0.000000
0.195015	-0.011577	0.000000
-0.901189	0.750372	0.000000
-0.825659	0.181057	0.000000
0.216587	0.310337	0.000000
-0.274118	0.290585	0.000000
0.519863	0.248896	0.000000
-0.520536	-0.429432	0.000000
0.635546	0.168428	0.000000
0.694915	0.527187	0.000000
0.207361	-0.245501	0.000000
-0.435242	-0.045357	0.000000
0.361188	-0.609129	0.000000
0.363689	0.062930	0.000000
-0.261565	-0.812535	0.000000
0.567282	-0.374717	0.000000
0.649445	-0.040634	0.000000
0.795771	0.585477	0.000000
0.192002	0.772217	0.000000
0.949236	0.633664	0.000000
-0.795371	0.721371	0.000000
0.857575	0.498380	0.000000
0.349901	-0.381916	0.000000
-0.485156	0.403897	0.000000
0.742666	-0.517755	0.000000
-0.111502	-0.121865	0.000000
-0.406677	-0.924856	0.000000
-0.170526	-0.239068	0.000000
-0.828960	0.544340	0.000000
0.256630	0.413494	0.000000
0.143432	-0.190915	0.000000
-0.285495	-0.357255	0.000000
0.257170	0.584978	0.000000
0.761771	-0.621259	0.000000
-0.141963	0.148384	0.000000
-0.308288	0.041694	0.000000
-0.127069	0.382674	0.000000
0.210414	-0.243322	0.000000
-0.549324	-0.321227	0.000000
-0.305122	-0.783428	0.000000
-0.533665	0.307149	0.000000
-0.420380	0.151301	0.000000
0.548819	0.202992	0.000000
-0.289684	-0.097411	0.000000
0.379942	0.144260	0.000000
0.033316	-0.066125	0.000000
0.274655	0.096405	0.000000
0.544674	-0.688738	0.000000
0.409904	-0.421110	0.000000
-0.289947	0.531439	0.000000
-0.468151	-0.887458	0.000000
0.409644	0.677973	0.000000
-0.617592	-0.181777	0.000000
-0.457376	0.046272	0.000000
-0.793407	0.791216	0.000000
-0.183360	0.410916	0.000000
0.323556	0.234883	0.000000
-0.059250	-0.126800	0.000000
0.518538	0.615288	0.000000
0.749589	-0.363982	0.000000
0.625151	0.151584	0.000000
-0.865301	0.217792	0.000000
-0.188800	-0.342302	0.000000
0.385032	-0.098559	0.000000
-0.286760	-0.630959	0.000000
0.417965	0.079638	0.000000
-0.262852	0.619073	0.000000
0.695484	-0.390286	0.000000
0.056378	0.246969	0.000000
0.363561	0.451395	0.000000
0.474305	-0.452513	0.000000
0.310107	0.085660	0.000000
-0.590377	0.761614	0.000000
0.118435	0.452594	0.000000
0.559476	0.466736	0.000000
0.811877	0.639688	0.000000
0.806602	-0.637053	0.000000
-0.495031	0.209216	0.000000
-0.258897	0.085288	0.000000
-0.246406	0.606738	0.000000
0.483528	-0.418019	0.000000
-0.064061	0.319468	0.000000
-0.074216	-0.648977	0.000000
0.658931	0.844795	0.000000
0.376472	0.435742	0.000000
0.305095	0.558076	0.000000
0.812907	-0.595572	0.000000
0.892571	0.844369	0.000000
0.571536	0.481992	0.000000
-0.267023	0.542390	0.000000
0.623028	0.666965	0.000000
0.213418	0.053888	0.000000
-0.158080	-0.304755	0.000000
0.531167	-0.515698	0.000000
-0.767019	0.513522	0.000000
-0.355189	-0.434613	0.000000
0.574277	0.718364	0.000000
-0.673303	-0.399166	0.000000
0.575419	0.180861	0.000000
0.881036	0.812827	0.000000
0.399896	0.531975	0.000000
0.653867	0.445945	0.000000
-0.624784	-0.186579	0.000000
0.356568	-0.185463	0.000000
0.697751	-0.366010	0.000000
0.693686	0.336988	0.000000
-0.910458	0.874346	0.000000
0.581314	0.072289	0.000000
0.569298	0.242484	0.000000
-0.209460	-0.498483	0.000000
0.243592	0.669641	0.000000
0.350611	0.587982	0.000000
0.115102	0.231156	0.000000
0.669116	0.471491	0.000000
-0.083611	0.725130	0.000000
0.829908	0.548189	0.000000
0.729740	0.780056	0.000000
0.739775	0.726606	0.000000
0.558017	0.023365	0.000000
0.779399	0.552633	0.000000
-0.065555	-0.100250	0.000000
0.462124	0.535978	0.000000
0.611399	0.616014	0.000000
0.743210	0.742562	0.000000
-0.285716	-0.607496	0.000000
0.031579	0.555078	0.000000
-0.555730	0.724734	0.000000
-0.531361	-0.387454	0.000000
-0.407492	-0.916238	0.000000
0.747563	-0.492880	0.000000
0.704069	-0.529680	0.000000
0.304479	-0.136986	0.000000
0.559502	-0.595995	0.000000
-0.107569	0.628392	0.000000
0.367398	-0.500321	0.000000
0.570478	0.712874	0.000000
0.931106	0.628151	0.000000
-0.480549	0.354175	0.000000
-0.212622	0.514409	0.000000
0.792096	0.272324	0.000000
0.694533	0.197554	0.000000
0.398806	-0.471876	0.000000
-0.901504	0.513935	0.000000
0.135725	0.337408	0.000000
-0.312592	-0.547525	0.000000
0.480465	0.714534	0.000000
0.513958	0.240846	0.000000
0.108831	0.500548	0.000000
0.368193	-0.376053	0.000000
0.016725	-0.068257	0.000000
-0.200596	-0.031752	0.000000
-0.867794	0.434546	0.000000
0.026968	0.748954	0.000000
-0.221476	0.608142	0.000000
0.274133	0.311731	0.000000
0.862897	0.704730	0.000000
-0.421353	0.387109	0.000000
-0.097373	0.420814	0.000000
0.362293	-0.195235	0.000000
0.106166	0.395903	0.000000
-0.427970	0.238437	0.000000
-0.552187	0.614636	0.000000
-0.295735	-0.140752	0.000000
0.310808	0.401054	0.000000
-0.729121	0.861340	0.000000
0.288759	0.347167	0.000000
0.552801	0.572827	0.000000
-0.094995	-0.108147	0.000000
0.658058	0.493742	0.000000
0.183146	0.874227	0.000000
-0.530912	-0.917026	0.000000
0.098594	0.572142	0.000000
0.839598	0.417104	0.000000
-0.105093	0.637427	0.000000
0.353751	-0.255285	0.000000
-0.033796	0.753828	0.000000
0.430982	0.628194	0.000000
0.611831	0.559453	0.000000
0.886171	0.662038	0.000000
0.540315	0.581599	0.000000
-0.300443	0.356878	0.000000
0.587791	0.319380	0.000000
-0.551980	-0.130462	0.000000
0.469942	-0.171686	0.000000
-0.033657	0.537887	0.000000
-0.182375	0.587082	0.000000
-0.952222	0.491939	0.000000
-0.122951	-0.553125	0.000000
-0.423368	-0.153928	0.000000
-0.168120	-0.647496	0.000000
0.105735	0.765896	0.000000
-0.070263	0.350218	0.000000
0.564837	0.412160	0.000000
0.246820	0.027396	0.000000
-0.195882	0.114049	0.000000
0.949478	0.621761	0.000000
0.854873	0.759314	0.000000
0.731545	0.374670	0.000000
-0.107211	-0.103879	0.000000
-0.092935	0.635932	0.000000
-0.210727	-0.151092	0.000000
0.165829	0.754346	0.000000
0.773427	-0.421082	0.000000
-0.529959	0.805050	0.000000
0.347230	0.238191	0.000000
0.837928	0.834599	0.000000
-0.022649	-0.140788	0.000000
0.081919	0.749987	0.000000
-0.464638	-0.149508	0.000000
0.527990	0.681278	0.000000
0.767857	0.785370	0.000000
-0.385942	0.211248	0.000000
0.049433	0.610213	0.000000
0.622286	0.413539	0.000000
0.610570	0.385045	0.000000
0.217833	-0.557829	0.000000
-0.824333	0.181651	0.000000
-0.024162	0.623194	0.000000
-0.400969	-0.042938	0.000000
-0.488533	-0.127825	0.000000
0.417351	0.560069	0.000000
0.954003	0.665737	0.000000
-0.274810	0.098172	0.000000
0.804875	0.231072	0.000000
0.837257	0.556706	0.000000
-0.840873	0.787961	0.000000
-0.074063	-0.141092	0.000000
-0.064512	-0.132127	0.000000
-0.522496	0.885803	0.000000
-0.597601	-0.970704	0.000000
-0.095356	0.633137	0.000000
0.061468	0.599967	0.000000
0.260206	0.296555	0.000000
0.354077	-0.352868	0.000000
0.633703	0.311956	0.000000
0.537358	-0.564781	0.000000
-0.434683	0.590980	0.000000
-0.247004	0.395770	0.000000
-0.573967	-0.545718	0.000000
0.454467	0.162219	0.000000
-0.084521	0.357389	0.000000
-0.644245	0.855434	0.000000
-0.081000	-0.221036	0.000000
0.804091	0.619802	0.000000
-0.201194	0.345394	0.000000
0.831802	0.685914	0.000000
0.430514	0.395833	0.000000
-0.303239	0.085976	0.000000
0.628604	0.097312	0.000000
0.687266	0.064244	0.000000
0.514186	-0.309468	0.000000
-0.370603	0.665656	0.000000
0.752844	-0.340550	0.000000
-0.891872	0.600736	0.000000
-0.780266	0.208205	0.000000
-0.288480	0.271232	0.000000
-0.340329	0.288118	0.000000
0.751649	0.508462	0.000000
0.575814	0.153629	0.000000
0.812810	-0.551794	0.000000
0.487148	0.199500	0.000000
-0.605565	0.891878	0.000000
0.861303	0.813766	0.000000
0.844098	0.725036	0.000000
-0.104360	-0.127698	0.000000
-0.580456	0.260339	0.000000
-0.561405	0.890068	0.000000
-0.859818	0.185825	0.000000
-0.703612	0.779368	0.000000
0.762857	0.467168	0.000000
-0.498511	0.855893	0.000000
0.043358	-0.010695	0.000000
0.577885	0.732623	0.000000
0.155894	0.693829	0.000000
0.569915	0.306491	0.000000
0.142884	0.876857	0.000000
-0.276765	0.047001	0.000000
-0.427689	0.816051	0.000000
0.598319	0.094441	0.000000
0.410478	0.034233	0.000000
-0.060616	0.771303	0.000000
0.556194	0.718344	0.000000
0.529140	0.476878	0.000000
-0.006845	-0.029597	0.000000
0.334406	0.489925	0.000000
0.557433	0.033602	0.000000
0.209751	-0.187873	0.000000
-0.489403	-0.787290	0.000000
-0.532552	-0.625626	0.000000
0.186233	0.494156	0.000000
-0.671310	0.556315	0.000000
-0.510021	-0.569988	0.000000
0.662667	0.157965	0.000000
-0.776748	0.017689	0.000000
0.388090	0.145839	0.000000
0.311484	0.538725	0.000000
0.017014	-0.542356	0.000000
0.216826	-0.172583	0.000000
0.107811	0.838383	0.000000
0.756274	0.740753	0.000000
0.199853	-0.140528	0.000000
-0.322956	-0.528926	0.000000
0.603143	-0.027507	0.000000
0.629032	-0.583771	0.000000
0.124458	0.630327	0.000000
0.320420	0.210557	0.000000
-0.308284	-0.128029	0.000000
-0.156383	0.203343	0.000000
-0.175693	0.308433	0.000000
0.863601	0.507010	0.000000
-0.834056	0.753073	0.000000
0.371284	-0.277821	0.000000
-0.586984	0.757654	0.000000
0.318017	0.313094	0.000000
0.114355	0.449809	0.000000
0.217869	0.519388	0.000000
-0.764189	0.041558	0.000000
0.602519	0.063141	0.000000
-0.083984	0.575311	0.000000
0.734597	-0.325148	0.000000
-0.807172	0.832875	0.000000
-0.091909	0.507737	0.000000
0.916063	0.685785	0.000000
0.270513	0.954041	0.000000
0.094627	-0.367618	0.000000
0.945208	0.631540	0.000000
0.404600	0.145972	0.000000
-0.429557	0.704410	0.000000
0.555205	0.009958	0.000000
-0.387023	0.071687	0.000000
0.771143	0.686832	0.000000
-0.806788	0.536040	0.000000
0.237326	0.864059	0.000000
-0.956031	0.789982	0.000000
-0.690332	0.418414	0.000000
-0.370166	0.529758	0.000000
-0.622163	0.122673	0.000000
0.137159	0.882162	0.000000
0.069576	-0.523192	0.000000
-0.071463	-0.047060	0.000000
-0.215035	0.215824	0.000000
-0.327416	-0.773304	0.000000
0.733137	0.695345	0.000000
-0.912148	0.924719	0.000000
0.294988	-0.043873	0.000000
0.789528	0.488192	0.000000
0.260856	0.199342	0.000000
0.425199	0.794786	0.000000
-0.309597	-0.408858	0.000000
0.333567	0.147315	0.000000
-0.457990	0.336539	0.000000
-0.644669	-0.513701	0.000000
0.586226	0.202243	0.000000
0.764629	0.145675	0.000000
0.234567	0.446920	0.000000
-0.211776	-0.081367	0.000000
0.670478	0.686256	0.000000
0.525095	0.661410	0.000000
0.382906	0.362314	0.000000
0.372640	-0.268521	0.000000
0.136169	0.028453	0.000000
0.101794	-0.059198	0.000000
0.435133	0.064100	0.000000
-0.716370	-0.050218	0.000000
0.541607	0.701508	0.000000
0.033484	0.426173	0.000000
0.189028	-0.447824	0.000000
-0.456951	0.780003	0.000000
0.246201	0.688507	0.000000
-0.348166	0.467831	0.000000
-0.582314	0.038070	0.000000
-0.618059	-0.846321	0.000000
-0.418612	-0.720171	0.000000
0.502325	-0.555643	0.000000
-0.424475	-0.577432	0.000000
0.614249	-0.451001	0.000000
-0.588151	-0.957004	0.000000
0.369861	0.016556	0.000000
0.562895	0.432009	0.000000
0.665993	0.468817	0.000000
0.765700	0.654262	0.000000
0.168680	0.636510	0.000000
0.227357	-0.003385	0.000000
-0.278051	0.600651	0.000000
0.200163	0.128454	0.000000
-0.197284	0.228377	0.000000
-0.274868	0.731106	0.000000
0.209620	-0.024228	0.000000
0.156709	0.646346	0.000000
0.715966	0.792723	0.000000
0.208859	-0.126162	0.000000
0.423275	-0.363055	0.000000
0.501491	-0.558051	0.000000
-0.081742	0.356792	0.000000
-0.458413	0.354437	0.000000
0.624541	0.388483	0.000000
-0.178199	0.181145	0.000000
-0.034554	0.690588	0.000000
0.194751	0.909499	0.000000
-0.448215	0.849977	0.000000
0.049837	-0.184385	0.000000
-0.576670	0.855859	0.000000
0.185271	0.375582	0.000000
0.026635	0.612419	0.000000
-0.383348	0.547870	0.000000
-0.283736	-0.416607	0.000000
0.386782	0.286005	0.000000
0.736888	-0.382998	0.000000
-0.003666	0.136041	0.000000
-0.393730	-0.350369	0.000000
0.634757	0.828096	0.000000
-0.869991	0.500276	0.000000
-0.488789	-0.652026	0.000000
-0.447924	0.166686	0.000000
-0.193788	-0.734830	0.000000
-0.132010	-0.116677	0.000000
-0.581892	0.122153	0.000000
-0.375765	0.816298	0.000000
-0.484016	-0.979831	0.000000
-0.601136	0.476888	0.000000
0.411654	0.109209	0.000000
0.452717	0.480018	0.000000
0.700114	0.047982	0.000000
0.509301	0.142544	0.000000
-0.029770	0.522896	0.000000
-0.463241	-0.737464	0.000000
0.127031	0.681261	0.000000
0.782548	0.703134	0.000000
-0.271438	-0.747791	0.000000
0.352814	0.776712	0.000000
0.349866	0.509526	0.000000
-0.642477	0.165804	0.000000
-0.200745	-0.502586	0.000000
0.024687	0.771896	0.000000
-0.727682	0.198075	0.000000
-0.152594	0.285338	0.000000
0.210417	0.504070	0.000000
0.852937	0.594576	0.000000
0.854798	0.377510	0.000000
-0.386169	0.388475	0.000000
-0.248690	-0.554246	0.000000
-0.819920	0.714480	0.000000
-0.353025	0.349825	0.000000
0.863174	0.707416	0.000000
0.130689	-0.135439	0.000000
0.441969	0.165286	0.000000
-0.381657	-0.134416	0.000000
0.235409	0.443492	0.000000
0.155436	0.207206	0.000000
-0.059671	-0.425582	0.000000
-0.812014	0.157810	0.000000
0.021952	-0.428688	0.000000
-0.844842	0.348444	0.000000
-0.667885	0.817468	0.000000
-0.743186	0.243359	0.000000
0.379282	-0.332161	0.000000
-0.097383	0.741066	0.000000
-0.153663	0.333432	0.000000
-0.378729	0.491920	0.000000
-0.348533	0.590656	0.000000
0.636054	0.486553	0.000000
0.256207	0.760168	0.000000
0.011438	0.115158	0.000000
0.367627	0.311383	0.000000
0.516910	0.488239	0.000000
-0.939773	0.473045	0.000000
-0.557869	-0.448518	0.000000
0.692139	-0.516379	0.000000
-0.863615	0.884964	0.000000
0.716906	0.229312	0.000000
0.444115	0.044132	0.000000
0.598018	0.307648	0.000000
0.780104	0.878663	0.000000
-0.074415	-0.279300	0.000000
0.097335	0.040117	0.000000
0.841989	0.604417	0.000000
0.395601	-0.516649	0.000000
-0.177525	-0.650836	0.000000
-0.269057	-0.035200	0.000000
-0.238599	0.135752	0.000000
0.297896	-0.329179	0.000000
-0.205920	0.487150	0.000000
0.712900	0.529059	0.000000
0.422252	0.023048	0.000000
-0.178191	-0.355153	0.000000
0.125496	0.180507	0.000000
-0.502948	-0.919929	0.000000
0.038981	0.807355	0.000000
0.152245	-0.017155	0.000000
-0.221136	0.206967	0.000000
-0.469494	0.108873	0.000000
0.244937	-0.195354	0.000000
0.629663	0.782011	0.000000
-0.375850	0.555997	0.000000
0.444109	0.698332	0.000000
0.837993	0.596642	0.000000
0.589163	0.826234	0.000000
-0.865165	0.938078	0.000000
0.137415	0.500929	0.000000
0.071333	0.625153	0.000000
-0.087874	0.427155	0.000000
0.667252	0.510637	0.000000
0.262382	0.909611	0.000000
-0.159211	-0.151874	0.000000
-0.284813	-0.049531	0.000000
0.435209	-0.189485	0.000000
-0.949654	0.841304	0.000000
0.173299	0.664352	0.000000
-0.550912	0.505377	0.000000
-0.666619	-0.164101	0.000000
-0.698219	0.027959	0.000000
0.118955	0.585347	0.000000
0.233279	0.053830	0.000000
0.909278	0.816997	0.000000
-0.288286	-0.526668	0.000000
0.339165	0.518738	0.000000
-0.750512	0.771193	0.000000
0.686837	-0.617796	0.000000
-0.274532	-0.150744	0.000000
0.573256	-0.019652	0.000000
-0.456122	-0.761290	0.000000
0.013321	-0.522420	0.000000
0.374255	0.166142	0.000000
-0.553987	0.380299	0.000000
-0.475521	-0.959408	0.000000
-0.778363	0.360459	0.000000
0.815613	0.554950	0.000000
0.482298	-0.127526	0.000000
0.383334	-0.045180	0.000000
0.368394	-0.510218	0.000000
0.424650	0.492620	0.000000
0.398449	-0.136965	0.000000
0.269375	0.359768	0.000000
-0.779628	0.820777	0.000000
-0.191764	-0.680138	0.000000
0.524092	0.684035	0.000000
0.160139	0.587295	0.000000
0.140329	0.831950	0.000000
0.112284	-0.016114	0.000000
-0.110158	0.636299	0.000000
-0.120581	0.241514	0.000000
0.471352	0.214713	0.000000
-0.684424	-0.292569	0.000000
0.375719	-0.055621	0.000000
0.654184	0.280820	0.000000
0.856311	0.701117	0.000000
0.700631	0.238639	0.000000
-0.329906	0.740052	0.000000
-0.906621	0.626129	0.000000
0.542015	0.648841	0.000000
-0.251334	-0.128210	0.000000
0.732462	-0.395102	0.000000
0.256943	-0.554005	0.000000
-0.806040	0.164925	0.000000
0.533840	0.682638	0.000000
0.582105	-0.571895	0.000000
0.380919	-0.340224	0.000000
0.024957	0.821323	0.000000
0.065501	0.058182	0.000000
-0.679015	0.813857	0.000000
0.620370	-0.635091	0.000000
-0.397604	-0.789001	0.000000
-0.475648	0.721906	0.000000
0.630923	0.078536	0.000000
0.229336	0.133583	0.000000
0.572529	0.008217	0.000000
-0.414004	-0.729591	0.000000
0.620851	0.126211	0.000000
-0.127434	-0.060934	0.000000
0.874628	0.645567	0.000000
0.608948	0.419596	0.000000
-0.604759	-0.724266	0.000000
0.039512	0.534436	0.000000
0.668769	0.310383	0.000000
0.550054	-0.451819	0.000000
-0.577346	0.600116	0.000000
-0.183245	-0.319252	0.000000
-0.396352	-0.284916	0.000000
0.115295	0.323311	0.000000
0.633102	0.357942	0.000000
-0.379854	0.048224	0.000000
0.175416	-0.404776	0.000000
-0.501151	0.450697	0.000000
0.383664	0.206018	0.000000
0.714419	0.513651	0.000000
0.644320	-0.514478	0.000000
-0.366359	0.395062	0.000000
0.426611	-0.040001	0.000000
-0.506265	-0.809815	0.000000
0.558909	0.195390	0.000000
-0.017420	-0.073343	0.000000
-0.309251	-0.648985	0.000000
-0.659639	0.513447	0.000000
0.070902	0.832456	0.000000
0.089191	-0.038380	0.000000
0.522026	0.491452	0.000000
-0.845401	0.783809	0.000000
0.786678	0.652965	0.000000
0.599256	0.716285	0.000000
0.344409	-0.211872	0.000000
0.149610	0.498265	0.000000
0.169906	0.584142	0.000000
0.687162	0.777034	0.000000
-0.361756	0.151464	0.000000
-0.135063	0.630068	0.000000
0.756678	0.793344	0.000000
-0.271908	0.222488	0.000000
0.852908	0.607656	0.000000
0.694570	0.110076	0.000000
-0.026382	0.552505	0.000000
-0.592088	0.128355	0.000000
0.036729	0.548021	0.000000
-0.577839	0.022780	0.000000
0.211616	-0.026024	0.000000
0.504353	-0.432280	0.000000
0.442044	0.704616	0.000000
-0.198033	-0.103903	0.000000
0.436839	-0.062123	0.000000
-0.201734	0.523975	0.000000
0.335788	0.593722	0.000000
-0.599986	0.351447	0.000000
0.587010	0.084662	0.000000
0.195285	0.627127	0.000000
-0.609471	0.170488	0.000000
0.156704	0.038512	0.000000
-0.042935	-0.273514	0.000000
0.240261	0.040421	0.000000
-0.138688	0.473892	0.000000
-0.868513	0.618139	0.000000
0.136589	0.386597	0.000000
0.910418	0.589546	0.000000
0.603201	0.039999	0.000000
0.663329	-0.330719	0.000000
-0.522069	0.849406	0.000000
0.319210	0.141363	0.000000
-0.631621	0.927597	0.000000
0.447512	-0.394247	0.000000
0.827970	0.253925	0.000000
-0.005846	-0.057453	0.000000
0.690648	-0.373278	0.000000
-0.473627	0.020890	0.000000
-0.421759	-0.924125	0.000000
-0.105422	0.264567	0.000000
-0.459442	0.480376	0.000000
-0.353448	-0.008864	0.000000
0.693724	-0.510767	0.000000
0.121483	0.301460	0.000000
-0.674924	0.664282	0.000000
-0.719499	0.487801	0.000000
0.608778	0.460383	0.000000
0.389682	-0.540926	0.000000
-0.570297	0.120985	0.000000
0.659903	-0.435388	0.000000
0.124955	-0.461561	0.000000
-0.862679	0.511341	0.000000
-0.621022	0.201474	0.000000
0.079676	0.411168	0.000000
0.652006	0.280767	0.000000
0.303064	0.086335	0.000000
0.570742	-0.438860	0.000000
0.286755	0.535837	0.000000
0.997850	0.690170	0.000000
0.852205	0.416907	0.000000
0.464932	0.121754	0.000000
0.022867	0.263110	0.000000
-0.104743	-0.136784	0.000000
0.714961	0.849957	0.000000
0.405240	0.138372	0.000000
0.258459	-0.049798	0.000000
-0.082974	0.254755	0.000000
-0.130312	0.433592	0.000000
-0.857469	0.785404	0.000000
-0.034550	-0.534118	0.000000
-0.755339	0.499493	0.000000
0.308593	0.229226	0.000000
0.027962	-0.397049	0.000000
-0.070995	-0.644888	0.000000
0.322704	0.959566	0.000000
-0.269749	-0.601189	0.000000
-0.151311	0.245565	0.000000
-0.522084	-0.220049	0.000000
-0.057044	0.791407	0.000000
0.567507	0.689059	0.000000
-0.416062	-0.137038	0.000000
0.525806	0.678708	0.000000
-0.218798	0.363469	0.000000
0.427028	0.291342	0.000000
-0.169591	0.478768	0.000000
0.685163	0.383996	0.000000
-0.331354	0.578946	0.000000
-0.113408	-0.381310	0.000000
0.910084	0.741142	0.000000
0.014426	-0.325623	0.000000
0.479814	-0.103945	0.000000
0.338476	-0.153450	0.000000
0.199448	0.105273	0.000000
0.824282	0.429470	0.000000
-0.012787	-0.151840	0.000000
-0.367797	-0.667361	0.000000
-0.528688	0.130652	0.000000
-0.186301	0.757964	0.000000
0.143815	0.500644	0.000000
-0.787546	0.551099	0.000000
-0.105624	0.189793	0.000000
0.633618	0.838599	0.000000
0.401401	0.697617	0.000000
0.824001	0.853206	0.000000
-0.547558	0.411899	0.000000
-0.715249	0.807900	0.000000
-0.733378	0.611481	0.000000
-0.179553	0.762245	0.000000
0.040791	-0.079677	0.000000
0.906396	0.785596	0.000000
-0.341715	0.423629	0.000000
-0.210839	-0.395618	0.000000
-0.147809	0.482395	0.000000
0.381512	0.160191	0.000000
0.398747	0.462858	0.000000
-0.335673	0.133755	0.000000
-0.180393	0.664338	0.000000
0.561488	-0.032054	0.000000
0.591866	0.570527	0.000000
0.337899	0.357883	0.000000
0.337250	-0.010092	0.000000
0.535571	0.391623	0.000000
0.249839	0.230756	0.000000
0.517087	-0.687775	0.000000
0.205744	0.137359	0.000000
-0.186608	0.045602	0.000000
0.123725	0.489671	0.000000
-0.469452	-0.975154	0.000000
-0.414769	0.662354	0.000000
-0.495591	0.674502	0.000000
0.599825	-0.039622	0.000000
0.732804	0.681619	0.000000
0.799581	0.826097	0.000000
-0.739774	0.822863	0.000000
0.261901	-0.206042	0.000000
0.163229	-0.190291	0.000000
-0.126955	-0.132110	0.000000
-0.269568	-0.032733	0.000000
-0.589676	0.634913	0.000000
0.687833	-0.349907	0.000000
-0.927015	0.378198	0.000000
-0.678801	-0.506813	0.000000
-0.536055	0.534782	0.000000
-0.194766	-0.129405	0.000000
-0.482005	0.048738	0.000000
0.899352	0.619181	0.000000
-0.462197	-0.146495	0.000000
-0.262063	-0.124530	0.000000
0.532682	0.049688	0.000000
0.849980	0.523599	0.000000
-0.243297	0.345151	0.000000
0.549562	0.025144	0.000000
-0.259728	0.574230	0.000000
-0.788627	0.775283	0.000000
0.452717	-0.090022	0.000000
0.663428	-0.604984	0.000000
-0.091719	0.416515	0.000000
-0.357805	-0.779514	0.000000
-0.459062	-0.775334	0.000000
0.165848	0.416032	0.000000
-0.246604	0.541867	0.000000
-0.368548	0.659294	0.000000
0.435707	0.032027	0.000000
-0.341379	-0.472319	0.000000
0.249233	0.281100	0.000000
-0.434336	-0.347987	0.000000
0.544372	0.475633	0.000000
0.332133	0.992537	0.000000
-0.579533	0.373365	0.000000
0.359189	0.349224	0.000000
-0.107935	-0.161408	0.000000
0.806818	0.361025	0.000000
0.271819	0.093899	0.000000
0.165840	-0.070519	0.000000
-0.277830	-0.152138	0.000000
-0.431359	0.752158	0.000000
0.728804	0.696718	0.000000
0.662867	0.463943	0.000000
-0.986082	0.822593	0.000000
0.393763	-0.225552	0.000000
-0.286466	-0.581825	0.000000
0.470010	-0.343514	0.000000
0.136762	0.508262	0.000000
0.537554	-0.414773	0.000000
-0.383709	-0.571866	0.000000
-0.403265	0.511736	0.000000
-0.046441	0.181912	0.000000
-0.450746	0.245586	0.000000
-0.639001	-0.063759	0.000000
0.407910	0.629632	0.000000
0.161232	0.354446	0.000000
0.859821	-0.535506	0.000000
-0.249287	0.104618	0.000000
0.810761	0.628143	0.000000
0.400619	0.197337	0.000000
0.043929	-0.073476	0.000000
0.459764	-0.316319	0.000000
-0.413558	-0.154839	0.000000
-0.499578	0.862574	0.000000
0.850645	0.770934	0.000000
0.662354	-0.418710	0.000000
0.568617	0.571135	0.000000
0.815806	0.643624	0.000000
0.645316	-0.458257	0.000000
0.737735	0.310038	0.000000
0.376009	0.684537	0.000000
-0.056675	0.320144	0.000000
0.865355	0.485722	0.000000
-0.416037	0.153721	0.000000
-0.421196	-0.134162	0.000000
-0.530045	0.573213	0.000000
0.592527	0.153259	0.000000
0.747259	0.552014	0.000000
0.236114	0.145440	0.000000
-0.988295	0.803762	0.000000
-0.521547	-0.651030	0.000000
0.035121	0.484063	0.000000
-0.201656	0.083980	0.000000
-0.491249	-0.731699	0.000000
0.893903	0.521776	0.000000
-0.905301	0.761973	0.000000
0.630467	0.364537	0.000000
-0.764463	0.735571	0.000000
0.760153	-0.433096	0.000000
0.732889	0.582049	0.000000
0.822894	0.420067	0.000000
0.186682	0.423006	0.000000
0.943236	0.746807	0.000000
0.440173	-0.567519	0.000000
-0.283788	0.609398	0.000000
-0.389551	0.599080	0.000000
0.696868	0.198839	0.000000
-0.313247	0.711232	0.000000
0.749882	0.845878	0.000000
-0.337841	0.450588	0.000000
0.016557	0.669610	0.000000
-0.047098	-0.359924	0.000000
0.263257	0.142198	0.000000
0.447213	0.102701	0.000000
0.448491	0.219139	0.000000
-0.619420	0.449844	0.000000
0.851801	0.661706	0.000000
-0.055076	0.717406	0.000000
-0.269024	0.741305	0.000000
0.910817	0.797240	0.000000
-0.358903	0.691590	0.000000
0.023183	-0.228593	0.000000
-0.630671	-0.061543	0.000000
0.807523	-0.498734	0.000000
0.758409	0.597665	0.000000
0.541365	0.687352	0.000000
-0.233461	0.514584	0.000000
0.503335	-0.355757	0.000000
0.729202	0.587561	0.000000
0.818879	-0.636941	0.000000
-0.530072	-0.174294	0.000000
0.130256	0.551905	0.000000
-0.239560	0.025736	0.000000
-0.891032	0.538802	0.000000
-0.217217	0.256403	0.000000
0.701841	0.452191	0.000000
-0.863467	0.898549	0.000000
0.737098	0.189748	0.000000
0.489229	-0.171747	0.000000
0.051846	-0.181019	0.000000
0.289177	0.575264	0.000000
-0.298086	0.207015	0.000000
0.199897	-0.364580	0.000000
0.954233	0.773427	0.000000
0.752143	0.418253	0.000000
-0.696997	0.553345	0.000000
0.039970	0.137427	0.000000
-0.716566	0.652668	0.000000
-0.364384	0.137287	0.000000
0.372772	0.147991	0.000000
0.480654	0.201160	0.000000
-0.754624	0.759131	0.000000
0.911238	0.522116	0.000000
-0.903869	0.574020	0.000000
-0.558197	0.659502	0.000000
-0.892618	0.351558	0.000000
-0.623123	-0.775197	0.000000
0.165542	0.865507	0.000000
0.861299	0.820796	0.000000
0.649118	-0.504654	0.000000
0.354999	-0.434784	0.000000
-0.867979	0.919055	0.000000
0.843138	0.666663	0.000000
0.237048	0.763885	0.000000
0.621488	0.220898	0.000000
0.337385	0.783364	0.000000
-0.395355	-0.597294	0.000000
-0.062251	0.572653	0.000000
0.278311	0.278688	0.000000
0.006880	-0.187875	0.000000
-0.723432	0.353511	0.000000
0.531783	0.047357	0.000000
0.824634	0.469819	0.000000
0.295045	0.545632	0.000000
0.526053	-0.523266	0.000000
0.477987	-0.214757	0.000000
0.162681	-0.006793	0.000000
-0.733265	0.156617	0.000000
0.538997	-0.021843	0.000000
0.327120	0.585755	0.000000
0.450542	0.584239	0.000000
-0.607101	-0.664513	0.000000
0.777881	0.314086	0.000000
-0.493343	0.667817	0.000000
-0.823566	0.210476	0.000000
-0.725845	0.835141	0.000000
-0.695830	0.892697	0.000000
0.657602	0.274292	0.000000
0.799814	0.596356	0.000000
-0.062152	0.780239	0.000000
-0.935631	0.793397	0.000000
-0.405359	0.280053	0.000000
-0.406693	-0.433173	0.000000
0.818329	-0.462581	0.000000
-0.948753	0.926916	0.000000
0.354938	0.013009	0.000000
-0.354359	-0.268737	0.000000
0.315911	-0.259742	0.000000
0.669629	-0.327305	0.000000
0.684589	-0.395234	0.000000
-0.438029	-0.655873	0.000000
-0.578304	0.114842	0.000000
0.606419	0.734806	0.000000
0.241369	0.139733	0.000000
0.196746	0.076595	0.000000
-0.348600	0.451279	0.000000
0.651531	0.197452	0.000000
0.039955	-0.103543	0.000000
0.523601	0.200066	0.000000
0.552235	-0.299789	0.000000
-0.767039	0.502750	0.000000
0.273981	-0.222269	0.000000
0.691728	0.698301	0.000000
0.427969	0.598458	0.000000
-0.412293	0.416154	0.000000
0.019258	-0.107049	0.000000
0.164970	-0.038391	0.000000
-0.244178	0.187393	0.000000
0.675615	0.332883	0.000000
-0.643130	0.260382	0.000000
-0.647344	0.880331	0.000000
0.055088	0.319394	0.000000
0.553310	-0.407225	0.000000
0.549835	-0.383179	0.000000
-0.150646	-0.095263	0.000000
0.431943	-0.189843	0.000000
0.408123	0.458881	0.000000
0.390038	-0.464658	0.000000
0.141425	0.305692	0.000000
-0.444793	0.292994	0.000000
-0.603667	-0.781434	0.000000
0.765503	0.363962	0.000000
-0.360450	-0.177542	0.000000
-0.434059	-0.203926	0.000000
0.521997	0.418715	0.000000
-0.660114	-0.049815	0.000000
-0.747000	0.791057	0.000000
0.136377	0.172401	0.000000
-0.418222	-0.927114	0.000000
-0.011331	0.131078	0.000000
0.550387	0.526924	0.000000
0.600150	0.684496	0.000000
-0.775112	0.450095	0.000000
-0.385909	0.445945	0.000000
0.397447	0.688649	0.000000
-0.196916	-0.125512	0.000000
0.421310	0.574435	0.000000
0.231606	0.238683	0.000000
-0.921465	0.700355	0.000000
0.710073	0.496122	0.000000
-0.432046	0.706457	0.000000
-0.107902	0.551323	0.000000
0.133740	0.609119	0.000000
0.483811	0.634829	0.000000
0.676583	0.410105	0.000000
0.242531	0.105410	0.000000
-0.557797	0.876169	0.000000
-0.349874	0.276909	0.000000
0.532790	0.190617	0.000000
0.361127	0.202557	0.000000
-0.514734	0.695351	0.000000
0.908291	0.657318	0.000000
-0.237591	-0.412442	0.000000
0.532648	-0.015447	0.000000
-0.200691	-0.710807	0.000000
-0.048632	0.293168	0.000000
-0.740448	0.818199	0.000000
0.063548	0.008998	0.000000
-0.005736	0.046672	0.000000
-0.468940	-0.130367	0.000000
0.196687	-0.145090	0.000000
0.615629	0.107454	0.000000
0.583978	0.811481	0.000000
0.134645	0.185941	0.000000
0.458968	0.083319	0.000000
0.679063	0.496270	0.000000
-0.388277	-0.623519	0.000000
0.674759	0.078595	0.000000
-0.058766	0.653587	0.000000
-0.575550	-0.448001	0.000000
0.827063	0.847073	0.000000
-0.822201	0.697973	0.000000
0.375878	-0.485233	0.000000
-0.108532	0.226600	0.000000
0.510219	0.113086	0.000000
0.130385	-0.016816	0.000000
-0.204619	0.684962	0.000000
-0.456551	-0.732859	0.000000
0.673819	0.513080	0.000000
0.513350	0.033683	0.000000
-0.655380	0.066002	0.000000
-0.062084	0.462985	0.000000
0.422006	0.706309	0.000000
0.183304	-0.113423	0.000000
-0.590763	0.831710	0.000000
0.463815	0.411206	0.000000
0.560355	-0.019337	0.000000
0.448312	-0.258967	0.000000
0.198122	0.517523	0.000000
0.317149	0.688017	0.000000
0.848534	0.443368	0.000000
0.794717	0.330216	0.000000
-0.391525	0.700086	0.000000
0.364358	-0.120564	0.000000
-0.390036	0.750660	0.000000
0.780367	0.854588	0.000000
0.927423	0.855051	0.000000
-0.482222	-0.645429	0.000000
0.044097	0.041573	0.000000
0.573634	-0.499074	0.000000
-0.668644	0.396900	0.000000
0.940788	0.756196	0.000000
0.684529	0.114879	0.000000
0.246401	-0.187977	0.000000
-0.877816	0.837496	0.000000
0.665546	0.560016	0.000000
0.794580	0.747357	0.000000
-0.013908	0.241798	0.000000
-0.603569	0.124847	0.000000
0.782107	0.807515	0.000000
-0.618952	0.494448	0.000000
0.021914	-0.153343	0.000000
-0.281254	-0.710630	0.000000
-0.597101	-0.614397	0.000000
0.213626	-0.242816	0.000000
0.827922	0.802219	0.000000
0.942583	0.811403	0.000000
-0.323464	0.575050	0.000000
0.687067	0.632151	0.000000
-0.615570	-0.452880	0.000000
-0.142269	0.318629	0.000000
-0.512215	0.357668	0.000000
0.657686	0.341792	0.000000
-0.132230	-0.113295	0.000000
-0.185535	0.198818	0.000000
0.385201	-0.197288	0.000000
0.721843	-0.471468	0.000000
-0.311252	-0.723266	0.000000
-0.859224	0.503279	0.000000
0.356961	0.487614	0.000000
0.464599	0.493103	0.000000
0.158180	-0.236929	0.000000
0.778846	0.575102	0.000000
0.815430	0.655810	0.000000
-0.489147	-0.780353	0.000000
0.803439	-0.642871	0.000000
0.519574	0.435827	0.000000
-0.056874	-0.028384	0.000000
-0.089065	0.798106	0.000000
0.271011	-0.002391	0.000000
-0.678472	-0.017190	0.000000
-0.544874	-0.321067	0.000000
0.257617	-0.001266	0.000000
-0.315593	-0.699412	0.000000
0.694311	0.678590	0.000000
0.752220	0.789532	0.000000
-0.143217	0.665799	0.000000
-0.952043	0.695301	0.000000
-0.987640	0.724512	0.000000
0.885659	0.647597	0.000000
-0.170779	0.238839	0.000000
-0.697525	0.395373	0.000000
-0.555904	0.423668	0.000000
0.229772	-0.560849	0.000000
0.207452	-0.217486	0.000000
0.604120	0.725179	0.000000
0.332595	0.137028	0.000000
-0.449946	0.170773	0.000000
0.375057	-0.318841	0.000000
0.607484	0.587152	0.000000
0.289860	-0.538228	0.000000
-0.418440	0.790838	0.000000
0.785520	0.279524	0.000000
-0.548760	-0.500564	0.000000
-0.828407	0.898438	0.000000
0.678291	0.147489	0.000000
-0.434283	-0.504219	0.000000
-0.109702	-0.130479	0.000000
-0.398045	-0.770467	0.000000
-0.581191	0.368526	0.000000
0.324811	-0.304926	0.000000
0.736064	0.753126	0.000000
-0.559231	0.545238	0.000000
-0.989375	0.683264	0.000000
0.057683	-0.485787	0.000000
-0.241333	0.654158	0.000000
0.263540	0.958841	0.000000
0.463100	-0.145379	0.000000
0.441708	-0.377343	0.000000
-0.425628	0.197100	0.000000
0.520022	-0.688579	0.000000
0.449857	-0.583294	0.000000
0.686370	-0.475413	0.000000
0.326095	-0.117039	0.000000
0.048304	-0.406957	0.000000
-0.969102	0.925437	0.000000
-0.370281	-0.138947	0.000000
0.093610	-0.144060	0.000000
0.606707	-0.591497	0.000000
-0.390150	-0.159033	0.000000
-0.021691	0.607231	0.000000
-0.382049	-0.279624	0.000000
-0.579174	-0.778526	0.000000
-0.060152	-0.147216	0.000000
0.188154	0.606647	0.000000
0.503472	0.155631	0.000000
0.054135	0.004968	0.000000
-0.555389	-0.552671	0.000000
-0.861679	0.745320	0.000000
-0.526107	0.663969	0.000000
-0.608212	0.906349	0.000000
-0.278832	-0.135016	0.000000
-0.314061	0.713063	0.000000
0.758538	0.344600	0.000000
0.321982	0.206374	0.000000
0.957279	0.741060	0.000000
-0.111934	0.554541	0.000000
0.667009	0.417598	0.000000
0.374983	-0.535659	0.000000
-0.303851	-0.352931	0.000000
-0.316048	0.237169	0.000000
-0.371238	0.296758	0.000000
-0.384038	0.213950	0.000000
-0.057250	-0.337991	0.000000
0.252502	-0.142006	0.000000
-0.431280	0.066777	0.000000
0.493560	0.003133	0.000000
0.681733	0.554888	0.000000
-0.244909	-0.661970	0.000000
0.605962	0.173746	0.000000
0.754506	-0.383389	0.000000
0.555881	0.356746	0.000000
0.426157	0.284893	0.000000
0.967264	0.758180	0.000000
0.369203	-0.264811	0.000000
0.325549	0.222301	0.000000
0.794590	0.532167	0.000000
0.321355	0.427394	0.000000
-0.651786	-0.512648	0.000000
-0.275365	-0.462766	0.000000
-0.081107	-0.131582	0.000000
0.824548	0.712903	0.000000
0.599293	0.054074	0.000000
0.150218	0.365784	0.000000
-0.429948	0.467156	0.000000
0.287321	0.404837	0.000000
0.275168	0.415467	0.000000
0.672658	0.726065	0.000000
-0.115593	-0.253547	0.000000
0.018397	-0.486563	0.000000
0.675421	-0.364727	0.000000
0.926777	0.520156	0.000000
0.378388	-0.254202	0.000000
0.325587	0.220218	0.000000
0.378651	-0.080841	0.000000
0.937706	0.514165	0.000000
-0.602539	0.621656	0.000000
0.428940	-0.334557	0.000000
-0.459231	-0.005563	0.000000
-0.743350	0.064785	0.000000
0.040205	-0.042199	0.000000
0.595037	0.106576	0.000000
-0.388233	0.231927	0.000000
0.797418	0.314294	0.000000
-0.572057	0.374385	0.000000
0.275867	0.866979	0.000000
-0.351772	0.674394	0.000000
0.279246	-0.031711	0.000000
0.259229	-0.399541	0.000000
-0.257185	0.128043	0.000000
0.276691	-0.113464	0.000000
0.609398	-0.608034	0.000000
0.438677	-0.015427	0.000000
0.577852	0.819961	0.000000
-0.621784	-0.927275	0.000000
0.073962	0.411838	0.000000
0.516931	0.760105	0.000000
0.663642	-0.472408	0.000000
-0.267890	0.250802	0.000000
0.560248	-0.042690	0.000000
0.398890	-0.518528	0.000000
0.308399	-0.227270	0.000000
-0.150126	-0.194321	0.000000
-0.534712	0.036807	0.000000
0.399166	0.646900	0.000000
-0.225404	-0.417613	0.000000
0.368006	0.706404	0.000000
0.425321	0.135735	0.000000
-0.627616	0.000515	0.000000
0.860253	0.812969	0.000000
0.534247	-0.309071	0.000000
0.406393	0.173363	0.000000
0.135517	-0.198833	0.000000
0.950265	0.768906	0.000000
0.349322	0.099745	0.000000
0.781132	0.667431	0.000000
0.857298	0.663652	0.000000
0.726808	-0.439956	0.000000
-0.069651	0.731991	0.000000
0.748389	-0.341313	0.000000
0.410687	0.052384	0.000000
0.389438	0.057422	0.000000
-0.523389	0.878208	0.000000
-0.053724	0.803398	0.000000
-0.337527	0.288694	0.000000
0.747617	0.825988	0.000000
0.020395	0.652048	0.000000
0.716419	-0.497566	0.000000
-0.518684	0.717783	0.000000
-0.521196	-0.986229	0.000000
-0.460800	-0.809178	0.000000
0.794955	0.375256	0.000000
0.082080	-0.121966	0.000000
-0.057838	0.349001	0.000000
-0.482849	0.370651	0.000000
0.114809	-0.026933	0.000000
0.239848	0.707283	0.000000
0.792071	0.504655	0.000000
0.218898	0.361336	0.000000
0.194625	0.469298	0.000000
0.043255	0.429700	0.000000
0.419213	0.188889	0.000000
0.692307	0.512129	0.000000
0.244439	0.611799	0.000000
-0.907466	0.604054	0.000000
-0.323577	0.359443	0.000000
-0.023493	0.332986	0.000000
0.358810	-0.287833	0.000000
-0.239548	-0.078804	0.000000
0.191440	0.199314	0.000000
0.056340	-0.050861	0.000000
-0.292330	0.430414	0.000000
0.134933	0.609633	0.000000
-0.143772	0.504395	0.000000
-0.924241	0.593325	0.000000
-0.240652	0.460770	0.000000
0.542667	0.055628	0.000000
0.518682	-0.010203	0.000000
-0.763286	0.138326	0.000000
0.101913	0.365963	0.000000
-0.721151	0.911607	0.000000
0.374418	-0.249963	0.000000
-0.430134	0.765599	0.000000
0.570725	0.015750	0.000000
0.434333	-0.176586	0.000000
-0.479014	-0.183159	0.000000
-0.261673	-0.472962	0.000000
0.330958	0.204529	0.000000
-0.252290	0.702545	0.000000
-0.079258	-0.151675	0.000000
-0.656709	0.930557	0.000000
-0.016235	0.390818	0.000000
-0.283040	0.345098	0.000000
-0.627854	0.212981	0.000000
-0.522790	-0.814420	0.000000
-0.890834	0.917627	0.000000
-0.962868	0.658222	0.000000
0.032942	0.353763	0.000000
0.298474	0.868429	0.000000
0.502219	0.005836	0.000000
-0.466587	0.762710	0.000000
-0.223759	0.636473	0.000000
0.361041	0.544590	0.000000
0.545080	0.081108	0.000000
-0.269861	0.037863	0.000000
-0.081862	-0.385894	0.000000
-0.975500	0.718958	0.000000
0.317792	0.002509	0.000000
0.504151	-0.537886	0.000000
-0.621804	0.501608	0.000000
0.497387	0.790637	0.000000
0.660886	0.437230	0.000000
-0.450238	0.499198	0.000000
-0.467516	-0.027103	0.000000
0.629228	0.060201	0.000000
-0.367942	0.181488	0.000000
0.483259	0.258281	0.000000
-0.440739	0.741669	0.000000
0.349207	-0.579116	0.000000
-0.393620	0.575890	0.000000
0.366880	0.190074	0.000000
0.529145	0.192030	0.000000
0.482579	-0.113037	0.000000
-0.212945	0.160710	0.000000
0.079346	-0.085936	0.000000
0.140536	0.609549	0.000000
0.753123	0.128251	0.000000
0.342904	-0.403116	0.000000
-0.020794	0.556076	0.000000
0.515761	0.062789	0.000000
0.544000	-0.526640	0.000000
0.688628	0.749554	0.000000
0.608048	0.394235	0.000000
0.708658	0.767488	0.000000
0.762720	-0.417398	0.000000
-0.338062	0.343454	0.000000
0.248082	0.315365	0.000000
-0.222455	0.528599	0.000000
0.063188	0.455359	0.000000
-0.752598	0.409871	0.000000
-0.555890	-0.399250	0.000000
-0.131972	-0.422959	0.000000
-0.130222	-0.617613	0.000000
0.006305	0.467358	0.000000
-0.366785	0.191608	0.000000
-0.440650	0.178527	0.000000
-0.514896	0.404835	0.000000
-0.618091	0.774694	0.000000
0.601107	0.108138	0.000000
-0.360284	0.453007	0.000000
0.499945	0.615196	0.000000
-0.129964	0.522988	0.000000
-0.372450	0.797273	0.000000
-0.496084	0.672400	0.000000
-0.178762	0.672225	0.000000
0.613341	-0.377756	0.000000
0.398093	-0.453267	0.000000
0.210495	-0.081026	0.000000
-0.454917	0.377506	0.000000
-0.903438	0.787312	0.000000
0.766151	0.743509	0.000000
0.933716	0.697917	0.000000
-0.895310	0.288149	0.000000
0.577362	0.102259	0.000000
0.549354	0.568003	0.000000
0.746937	-0.619397	0.000000
0.931029	0.775816	0.000000
0.034412	-0.080254	0.000000
0.001415	-0.064098	0.000000
0.575052	0.390962	0.000000
-0.825758	0.569987	0.000000
-0.146963	-0.603618	0.000000
0.826611	0.693321	0.000000
0.637602	0.232319	0.000000
0.814078	-0.645148	0.000000
-0.317795	0.064244	0.000000
0.383930	0.040328	0.000000
0.341060	0.589813	0.000000
0.732937	0.576623	0.000000
0.380669	0.137626	0.000000
0.301308	0.622321	0.000000
0.391069	0.486076	0.000000
0.076735	-0.087721	0.000000
0.456058	-0.227032	0.000000
0.615088	0.428619	0.000000
-0.121258	-0.451649	0.000000
0.589801	0.793498	0.000000
0.111476	-0.078945	0.000000
-0.444499	-0.426226	0.000000
0.371731	0.354399	0.000000
0.139245	0.307260	0.000000
0.353479	-0.310420	0.000000
-0.251631	0.470290	0.000000
0.850365	0.587997	0.000000
0.700175	-0.493070	0.000000
0.589878	-0.510485	0.000000
0.628937	0.826416	0.000000
0.811824	0.652976	0.000000
-0.632887	0.216320	0.000000
0.341343	-0.390822	0.000000
0.495468	0.613406	0.000000
-0.611953	0.905382	0.000000
0.356851	0.765752	0.000000
-0.267587	-0.146878	0.000000
-0.347181	-0.658987	0.000000
0.692300	-0.375758	0.000000
0.706934	-0.554772	0.000000
-0.179921	-0.583483	0.000000
-0.907079	0.827256	0.000000
0.161357	0.259007	0.000000
0.457000	-0.014078	0.000000
0.431635	-0.217103	0.000000
0.224635	0.516169	0.000000
0.002487	-0.102232	0.000000
0.227861	-0.296642	0.000000
-0.779157	0.871779	0.000000
-0.062773	-0.235920	0.000000
-0.853543	0.537275	0.000000
0.644926	-0.639611	0.000000
0.245114	-0.283115	0.000000
0.562811	0.401967	0.000000
-0.752111	0.257237	0.000000
0.373463	-0.308707	0.000000
0.322018	-0.417295	0.000000
0.652995	0.592792	0.000000
0.411513	0.100502	0.000000
-0.139797	0.156010	0.000000
0.122769	0.439692	0.000000
0.280037	0.671023	0.000000
0.075385	-0.134064	0.000000
0.633933	-0.419625	0.000000
-0.872310	0.892527	0.000000
0.779357	-0.404556	0.000000
0.089880	0.452017	0.000000
-0.533083	-0.026830	0.000000
0.896975	0.835611	0.000000
-0.160508	0.319116	0.000000
-0.863218	0.727761	0.000000
0.093051	0.294779	0.000000
0.093665	-0.017818	0.000000
0.064653	-0.047703	0.000000
-0.653339	-0.407731	0.000000
-0.671792	0.673221	0.000000
-0.438540	0.508672	0.000000
0.235278	-0.444054	0.000000
0.376114	0.052130	0.000000
-0.623593	-0.750076	0.000000
0.129858	0.544013	0.000000
0.344841	0.930999	0.000000
0.773077	-0.394187	0.000000
-0.982161	0.906139	0.000000
0.658081	-0.389447	0.000000
0.932974	0.626355	0.000000
-0.703651	0.896983	0.000000
-0.530504	0.460630	0.000000
-0.033461	-0.103417	0.000000
0.085869	0.765036	0.000000
0.897477	0.531236	0.000000
0.189906	0.667492	0.000000
0.289714	0.759870	0.000000
0.415373	-0.137064	0.000000
-0.195002	-0.346329	0.000000
-0.008631	-0.056318	0.000000
0.026452	-0.088943	0.000000
0.304168	0.306416	0.000000
0.290017	-0.337167	0.000000
0.347765	0.390529	0.000000
0.339025	0.720068	0.000000
-0.365948	0.601498	0.000000
0.275963	0.962849	0.000000
0.171088	-0.114245	0.000000
-0.915434	0.863456	0.000000
-0.796704	0.858866	0.000000
-0.273206	-0.755851	0.000000
-0.905821	0.644141	0.000000
-0.299080	0.516565	0.000000
0.512760	0.346154	0.000000
-0.218925	0.151757	0.000000
-0.010442	0.831371	0.000000
-0.090869	-0.352144	0.000000
-0.119552	-0.539951	0.000000
0.264429	-0.000016	0.000000
-0.006191	0.240957	0.000000
0.939244	0.527331	0.000000
0.609387	0.792258	0.000000
0.516332	0.439414	0.000000
-0.118262	0.392726	0.000000
-0.818118	0.935311	0.000000
-0.180305	0.495657	0.000000
-0.968533	0.761960	0.000000
-0.982826	0.687242	0.000000
0.677344	-0.427028	0.000000
-0.428412	0.551280	0.000000
0.179454	0.116770	0.000000
-0.212051	0.620896	0.000000
0.696647	0.800744	0.000000
0.121871	0.814507	0.000000
0.590854	0.762819	0.000000
0.421265	0.066394	0.000000
-0.342133	-0.558213	0.000000
0.674954	-0.337446	0.000000
0.630454	-0.506880	0.000000
0.285132	0.196288	0.000000
-0.108640	0.241173	0.000000
-0.822101	0.183519	0.000000
0.502756	-0.352768	0.000000
0.037014	-0.460967	0.000000
-0.564105	0.792597	0.000000
0.025199	0.765297	0.000000
-0.193848	0.641347	0.000000
0.613007	0.162451	0.000000
0.259312	0.217370	0.000000
0.084006	0.362725	0.000000
-0.536075	-0.489219	0.000000
0.583665	-0.021877	0.000000
0.237756	0.149760	0.000000
0.619533	0.575996	0.000000
0.565902	0.400359	0.000000
0.156273	0.579278	0.000000
-0.080699	-0.467729	0.000000
0.664437	0.577820	0.000000
0.130920	0.803309	0.000000
0.038344	0.631965	0.000000
-0.085167	0.613504	0.000000
-0.882905	0.888489	0.000000
0.271091	-0.040288	0.000000
0.849193	0.678374	0.000000
-0.624159	0.460916	0.000000
0.776509	0.735657	0.000000
-0.637934	-0.631168	0.000000
-0.260179	-0.159702	0.000000
0.448686	0.072900	0.000000
0.007990	0.725352	0.000000
0.847461	0.605169	0.000000
0.423797	-0.489276	0.000000
0.323954	-0.370037	0.000000
-0.196191	0.040800	0.000000
-0.721476	0.591122	0.000000
-0.482134	0.670707	0.000000
0.365163	0.216023	0.000000
0.342569	0.917178	0.000000
0.435115	0.688035	0.000000
-0.572387	0.828178	0.000000
-0.003950	0.625915	0.000000
-0.149334	0.324517	0.000000
0.313978	0.336924	0.000000
0.202849	-0.015002	0.000000
-0.460680	0.527821	0.000000
-0.126809	-0.144656	0.000000
-0.797578	0.827851	0.000000
-0.637326	0.450381	0.000000
0.438296	0.357841	0.000000
0.272812	0.286135	0.000000
-0.646849	0.250649	0.000000
0.806659	0.664227	0.000000
0.389603	-0.150465	0.000000
0.655168	-0.329007	0.000000
0.863082	0.659671	0.000000
-0.994737	0.829681	0.000000
-0.456653	0.642563	0.000000
0.466101	0.555130	0.000000
0.753308	0.330975	0.000000
-0.173039	-0.636809	0.000000
-0.232751	-0.526431	0.000000
-0.805448	0.529158	0.000000
-0.727456	0.775741	0.000000
-0.682909	0.647306	0.000000
0.723473	0.683548	0.000000
-0.250724	-0.156282	0.000000
-0.011076	-0.109639	0.000000
0.308396	0.527901	0.000000
0.248945	-0.426211	0.000000
0.086513	-0.361675	0.000000
0.538576	0.599516	0.000000
0.099213	0.295640	0.000000
-0.230601	-0.074226	0.000000
-0.082265	0.703612	0.000000
0.583781	0.255740	0.000000
0.334897	0.980868	0.000000
-0.936030	0.948738	0.000000
0.787334	0.221960	0.000000
-0.357265	0.688605	0.000000
-0.417395	0.158302	0.000000
-0.318595	-0.233452	0.000000
0.703385	0.404433	0.000000
0.254854	0.903967	0.000000
0.560553	0.555233	0.000000
-0.490775	-0.528793	0.000000
-0.030953	0.734808	0.000000
0.778443	0.687442	0.000000
0.385634	0.230314	0.000000
-0.307206	-0.762472	0.000000
0.577443	0.607458	0.000000
-0.130246	0.311342	0.000000
-0.125312	-0.109321	0.000000
0.145116	0.558151	0.000000
-0.131415	0.493287	0.000000
-0.500292	-0.867317	0.000000
0.484251	0.610402	0.000000
0.909366	0.818259	0.000000
0.533744	0.133219	0.000000
-0.885311	0.341965	0.000000
-0.249160	-0.084516	0.000000
0.400355	-0.374928	0.000000
0.244720	0.370486	0.000000
0.747550	-0.490817	0.000000
-0.902102	0.757400	0.000000
0.406896	0.343116	0.000000
-0.530789	-0.367075	0.000000
0.648633	0.385711	0.000000
-0.247461	-0.656616	0.000000
0.800513	-0.565646	0.000000
-0.104822	-0.366089	0.000000
0.475378	0.252396	0.000000
0.665005	0.026464	0.000000
-0.376118	-0.826192	0.000000
-0.803346	0.485037	0.000000
-0.266257	-0.551146	0.000000
0.431177	0.347855	0.000000
0.752959	-0.472817	0.000000
0.930039	0.507367	0.000000
-0.565728	-0.311947	0.000000
0.812859	0.723384	0.000000
-0.669905	0.008057	0.000000
0.267972	0.218081	0.000000
0.811352	0.647598	0.000000
-0.160789	0.426844	0.000000
-0.638218	-0.195005	0.000000
0.050746	0.655666	0.000000
0.130808	-0.196121	0.000000
0.188246	0.623368	0.000000
0.118294	0.588632	0.000000
0.464275	0.338219	0.000000
0.382294	-0.511619	0.000000
0.180304	0.575166	0.000000
-0.157349	-0.065923	0.000000
-0.426416	-0.839915	0.000000
-0.379984	0.211140	0.000000
-0.285715	-0.591854	0.000000
-0.979020	0.611395	0.000000
0.666435	0.232959	0.000000
-0.280780	0.156331	0.000000
0.696401	0.766118	0.000000
0.463990	-0.455782	0.000000
0.274249	0.777753	0.000000
-0.781761	0.907692	0.000000
0.075718	0.185363	0.000000
0.969439	0.708161	0.000000
0.727456	0.742611	0.000000
0.624447	0.587750	0.000000
0.519638	0.059994	0.000000
0.370782	0.254388	0.000000
0.682408	0.568293	0.000000
0.437673	-0.200026	0.000000
-0.641551	-0.108211	0.000000
-0.539478	0.316809	0.000000
-0.139838	-0.420167	0.000000
-0.018942	-0.039018	0.000000
-0.635799	-0.738417	0.000000
0.692255	0.221925	0.000000
-0.092780	-0.102447	0.000000
-0.592512	-0.963809	0.000000
0.062835	0.630205	0.000000
0.721424	0.117881	0.000000
0.899399	0.467768	0.000000
0.429360	0.727489	0.000000
0.391472	0.170670	0.000000
0.075708	0.816999	0.000000
0.813250	0.855246	0.000000
0.431693	-0.128603	0.000000
0.319263	0.453974	0.000000
-0.241950	0.592804	0.000000
0.431498	-0.465965	0.000000
0.348100	0.121406	0.000000
-0.341111	-0.744816	0.000000
-0.372541	0.713314	0.000000
-0.233586	-0.127797	0.000000
-0.689433	0.468122	0.000000
0.540355	0.006290	0.000000
-0.345220	0.685186	0.000000
0.027043	-0.021463	0.000000
-0.399503	0.122537	0.000000
0.827509	-0.641705	0.000000
0.000259	-0.134979	0.000000
0.414034	-0.194056	0.000000
0.014329	0.053450	0.000000
-0.303727	-0.115592	0.000000
0.587902	0.379786	0.000000
-0.691809	-0.272531	0.000000
0.169710	0.559012	0.000000
-0.184576	-0.105012	0.000000
0.053332	0.561916	0.000000
-0.042719	0.329909	0.000000
0.677218	0.256281	0.000000
-0.539587	0.765466	0.000000
0.217222	0.935841	0.000000
-0.109543	-0.256835	0.000000
-0.619019	-0.858606	0.000000
-0.758486	0.440789	0.000000
-0.903568	0.965902	0.000000
0.426019	-0.253343	0.000000
-0.199870	-0.547102	0.000000
0.156305	-0.007064	0.000000
0.791559	0.835987	0.000000
-0.204558	-0.636192	0.000000
0.874783	0.562729	0.000000
-0.017552	0.212176	0.000000
0.697526	0.724497	0.000000
0.024661	0.107984	0.000000
0.877344	0.657355	0.000000
-0.263715	0.119089	0.000000
-0.274413	-0.825271	0.000000
-0.562211	0.467688	0.000000
-0.037927	0.722913	0.000000
0.367813	0.077640	0.000000
0.510678	0.506993	0.000000
0.564362	0.209398	0.000000
-0.291000	-0.636727	0.000000
0.370569	-0.160923	0.000000
0.739316	0.677353	0.000000
-0.654930	0.603457	0.000000
-0.560280	0.744362	0.000000
0.189537	-0.170916	0.000000
-0.439096	0.277558	0.000000
0.375093	0.091777	0.000000
-0.586401	-0.063443	0.000000
-0.698971	-0.160814	0.000000
0.050468	0.474536	0.000000
0.451326	-0.003794	0.000000
-0.639204	-0.763426	0.000000
0.871119	-0.525931	0.000000
-0.307391	0.779702	0.000000
0.630299	0.267471	0.000000
0.284304	0.287372	0.000000
-0.483981	-0.377206	0.000000
0.552252	0.581783	0.000000
-0.445311	-0.533261	0.000000
-0.030214	0.149699	0.000000
0.254944	0.643002	0.000000
0.722854	-0.354232	0.000000
-0.969172	0.876616	0.000000
0.147099	0.506386	0.000000
0.199238	-0.143203	0.000000
-0.127780	-0.580800	0.000000
0.378177	-0.441097	0.000000
-0.260409	-0.681118	0.000000
0.561205	-0.436952	0.000000
-0.861585	0.833271	0.000000
0.279042	0.181756	0.000000
0.512416	0.683716	0.000000
-0.681336	0.883110	0.000000
-0.508174	-0.759617	0.000000
0.679203	0.469280	0.000000
0.734202	0.395795	0.000000
0.402669	-0.165459	0.000000
0.755504	-0.347375	0.000000
0.679187	-0.430895	0.000000
-0.571190	0.358487	0.000000
-0.006482	-0.050639	0.000000
0.624012	0.136189	0.000000
0.511225	0.157936	0.000000
0.331650	-0.173055	0.000000
-0.256009	-0.167836	0.000000
0.076370	0.250128	0.000000
0.301740	0.421798	0.000000
-0.529276	-0.001709	0.000000
0.066191	0.828505	0.000000
0.403724	0.619099	0.000000
-0.034532	0.208509	0.000000
-0.156009	0.468978	0.000000
0.766748	0.351626	0.000000
-0.556482	0.368660	0.000000
0.519855	-0.643145	0.000000
-0.296721	0.592545	0.000000
0.673966	0.031657	0.000000
-0.910841	0.401416	0.000000
0.671072	0.304040	0.000000
0.740702	0.330215	0.000000
0.128444	0.785367	0.000000
0.639366	-0.477160	0.000000
-0.481855	-0.524339	0.000000
0.388030	0.041173	0.000000
0.759238	0.654479	0.000000
0.674899	0.348265	0.000000
-0.156933	-0.013899	0.000000
-0.978928	0.920103	0.000000
-0.201646	0.322728	0.000000
-0.040087	-0.481789	0.000000
0.406707	0.086804	0.000000
0.887976	0.495768	0.000000
-0.634644	0.316018	0.000000
-0.850743	0.937937	0.000000
-0.392110	-0.318159	0.000000
-0.361291	0.732779	0.000000
0.709368	0.456160	0.000000
0.080725	0.649958	0.000000
0.100328	0.471573	0.000000
0.311304	-0.480038	0.000000
-0.235270	-0.737275	0.000000
-0.554197	0.731137	0.000000
0.657484	-0.661624	0.000000
0.748708	0.672391	0.000000
0.180465	0.684962	0.000000
-0.388063	-0.649927	0.000000
0.027115	-0.009343	0.000000
0.646964	-0.652028	0.000000
0.080171	0.237421	0.000000
-0.104778	-0.087375	0.000000
-0.389891	0.736488	0.000000
0.198045	0.766080	0.000000
0.303315	0.763184	0.000000
0.449312	-0.207771	0.000000
0.173415	0.804020	0.000000
0.766966	0.164719	0.000000
-0.426813	-0.818959	0.000000
-0.618429	-0.503968	0.000000
-0.568974	-0.300002	0.000000
-0.479894	0.005041	0.000000
-0.279098	0.561178	0.000000
-0.313810	0.464196	0.000000
-0.204933	0.178561	0.000000
-0.148648	0.255230	0.000000
0.366747	0.359413	0.000000
0.764510	0.117274	0.000000
-0.001586	-0.055697	0.000000
0.629023	0.543948	0.000000
0.535631	0.085081	0.000000
-0.680498	0.713412	0.000000
0.529132	0.016860	0.000000
-0.562314	0.392894	0.000000
-0.340950	-0.151840	0.000000
-0.926116	0.617144	0.000000
-0.466207	-0.165295	0.000000
-0.411790	0.813770	0.000000
-0.414676	-0.567941	0.000000
0.360147	-0.007275	0.000000
0.324843	0.906904	0.000000
0.279783	-0.054066	0.000000
-0.370385	0.155630	0.000000
-0.046206	-0.525134	0.000000
-0.591844	0.443384	0.000000
0.764313	0.842298	0.000000
0.566798	0.530334	0.000000
-0.884713	0.643653	0.000000
0.590952	0.296792	0.000000
0.362908	0.530433	0.000000
0.861357	0.489004	0.000000
-0.508302	0.475991	0.000000
0.091816	0.408122	0.000000
0.132582	0.739544	0.000000
-0.170068	-0.420750	0.000000
0.789316	0.502124	0.000000
0.093926	-0.062474	0.000000
-0.732505	0.704164	0.000000
0.759297	0.799472	0.000000
-0.496605	-0.502310	0.000000
0.922435	0.621816	0.000000
-0.022458	0.683162	0.000000
0.900250	0.762449	0.000000
-0.448216	-0.143355	0.000000
0.558293	0.132887	0.000000
0.896419	0.614348	0.000000
-0.243917	-0.748594	0.000000
-0.184213	0.655624	0.000000
0.760421	0.239271	0.000000
0.589503	0.084768	0.000000
0.564623	0.135489	0.000000
0.218998	0.719594	0.000000
0.243882	0.254548	0.000000
-0.646580	-0.304378	0.000000
-0.079945	-0.394272	0.000000
0.400061	0.231094	0.000000
-0.085424	-0.142250	0.000000
0.517803	0.438701	0.000000
0.784675	0.494003	0.000000
0.305381	0.466661	0.000000
-0.348130	0.017292	0.000000
0.422024	0.188700	0.000000
-0.008630	-0.156726	0.000000
0.525517	0.150094	0.000000
0.728185	-0.601186	0.000000
0.864745	0.869490	0.000000
-0.930500	0.603434	0.000000
-0.487517	-0.796129	0.000000
-0.319138	-0.079089	0.000000
-0.767500	0.764298	0.000000
-0.422668	0.189676	0.000000
0.816627	-0.567262	0.000000
0.494603	0.329329	0.000000
-0.017365	0.717641	0.000000
0.433259	0.504181	0.000000
-0.141864	-0.644708	0.000000
-0.623039	0.179984	0.000000
0.602684	0.505552	0.000000
-0.034702	0.387352	0.000000
0.707313	0.499301	0.000000
0.031003	-0.036274	0.000000
0.834915	0.304022	0.000000
0.568294	0.791097	0.000000
-0.363714	-0.778181	0.000000
-0.230213	0.085040	0.000000
-0.114933	-0.145749	0.000000
0.715506	0.648583	0.000000
-0.167597	-0.576665	0.000000
0.341784	0.576955	0.000000
-0.021302	0.162494	0.000000
-0.489338	-0.934176	0.000000
-0.543277	0.528337	0.000000
-0.889082	0.270241	0.000000
0.937785	0.800159	0.000000
0.714325	0.106774	0.000000
-0.419124	-0.914591	0.000000
0.213435	0.740241	0.000000
-0.437497	0.774525	0.000000
0.778717	-0.453787	0.000000
0.730011	0.303020	0.000000
-0.118791	-0.024823	0.000000
0.466490	0.484028	0.000000
-0.719560	0.470422	0.000000
0.662347	0.325875	0.000000
-0.559095	-0.985208	0.000000
0.130864	0.398968	0.000000
-0.614550	-0.019701	0.000000
-0.401795	0.648623	0.000000
0.270469	0.081495	0.000000
0.214328	0.587420	0.000000
0.898364	0.441553	0.000000
-0.432152	0.447233	0.000000
0.318737	-0.556930	0.000000
0.548872	0.580425	0.000000
0.665655	0.651030	0.000000
0.120630	0.392511	0.000000
0.389708	0.224461	0.000000
0.901723	0.835224	0.000000
-0.651156	0.299895	0.000000
0.332164	0.029568	0.000000
0.170646	0.138685	0.000000
-0.272475	0.000682	0.000000
0.522461	-0.066602	0.000000
-0.540159	-0.039443	0.000000
-0.402708	-0.543343	0.000000
-0.113862	0.144906	0.000000
0.810458	0.750837	0.000000
0.885345	0.478888	0.000000
0.856650	0.411837	0.000000
-0.358806	-0.828180	0.000000
0.444927	-0.141539	0.000000
0.936317	0.503607	0.000000
-0.687475	0.411417	0.000000
0.439436	-0.161175	0.000000
0.103532	0.832471	0.000000
0.657471	-0.456789	0.000000
-0.026644	-0.057173	0.000000
-0.254861	-0.115612	0.000000
-0.196294	0.785400	0.000000
-0.197177	0.348536	0.000000
0.371396	0.140387	0.000000
0.727556	0.326677	0.000000
-0.133606	0.062616	0.000000
-0.316164	-0.832822	0.000000
0.506752	-0.387222	0.000000
0.195148	0.734061	0.000000
-0.363428	0.727429	0.000000
0.557062	-0.309790	0.000000
-0.237668	-0.780988	0.000000
-0.374480	0.326790	0.000000
-0.092043	-0.569568	0.000000
0.566825	0.142086	0.000000
-0.577585	-0.202203	0.000000
-0.281975	0.017126	0.000000
0.521245	0.673356	0.000000
0.603060	0.625370	0.000000
0.311622	0.160062	0.000000
0.509919	-0.569740	0.000000
0.166625	0.679008	0.000000
0.957914	0.762622	0.000000
-0.430893	0.491087	0.000000
0.716693	0.176185	0.000000
0.268396	0.221940	0.000000
0.073639	0.528625	0.000000
-0.437945	-0.030543	0.000000
0.433178	0.181654	0.000000
0.369394	0.227204	0.000000
-0.584748	0.571807	0.000000
0.935859	0.671370	0.000000
-0.357793	-0.019294	0.000000
0.107580	-0.471824	0.000000
0.646848	0.102801	0.000000
-0.170817	0.629267	0.000000
-0.360532	0.775708	0.000000
0.577116	-0.354381	0.000000
0.767665	0.297558	0.000000
0.124023	-0.013388	0.000000
0.502684	0.045310	0.000000
0.463537	0.748375	0.000000
0.735478	0.517770	0.000000
-0.080758	-0.531554	0.000000
0.906856	0.724772	0.000000
-0.362549	-0.768217	0.000000
0.422999	-0.388873	0.000000
0.251349	-0.375014	0.000000
0.053355	0.508452	0.000000
0.455830	0.074164	0.000000
0.332996	-0.153403	0.000000
-0.550718	0.893295	0.000000
-0.392029	0.341877	0.000000
-0.011667	-0.103508	0.000000
-0.245502	-0.469767	0.000000
0.398308	0.078295	0.000000
0.532952	0.427237	0.000000
0.205750	-0.421235	0.000000
-0.513728	-0.992453	0.000000
0.615349	0.839187	0.000000
0.500215	-0.014799	0.000000
-0.264087	0.446411	0.000000
-0.685930	0.463179	0.000000
-0.353603	0.273419	0.000000
-0.649430	0.526621	0.000000
-0.095625	-0.375212	0.000000
0.250501	0.655353	0.000000
0.406985	0.609661	0.000000
0.631371	0.787098	0.000000
-0.351501	-0.387279	0.000000
0.427218	0.625879	0.000000
0.172969	0.263202	0.000000
0.384191	0.332889	0.000000
0.281930	-0.127424	0.000000
-0.046895	0.347664	0.000000
0.541117	-0.513359	0.000000
-0.029746	0.740622	0.000000
-0.376723	0.642451	0.000000
-0.249892	0.560926	0.000000
-0.575450	-0.850224	0.000000
-0.036457	0.474284	0.000000
-0.845404	0.890646	0.000000
-0.329438	-0.059608	0.000000
0.282651	-0.285614	0.000000
-0.269256	0.102116	0.000000
0.108033	-0.016175	0.000000
0.674675	-0.529153	0.000000
0.762082	0.352830	0.000000
-0.836281	0.928180	0.000000
0.555959	0.353992	0.000000
0.482286	0.417514	0.000000
0.346581	0.254327	0.000000
-0.852803	0.388326	0.000000
-0.164642	0.410509	0.000000
0.482206	-0.313303	0.000000
-0.308185	-0.164535	0.000000
0.478366	0.484234	0.000000
-0.628034	-0.410181	0.000000
0.910192	0.447583	0.000000
0.339782	-0.210708	0.000000
0.296665	-0.505437	0.000000
-0.596672	0.488158	0.000000
0.202752	-0.119070	0.000000
-0.195280	-0.693487	0.000000
0.724843	0.098337	0.000000
-0.199502	0.685811	0.000000
-0.021396	0.541028	0.000000
0.352859	0.122633	0.000000
-0.472424	-0.931487	0.000000
0.471407	0.260874	0.000000
-0.153804	0.013271	0.000000
0.117311	-0.030903	0.000000
-0.037494	0.299650	0.000000
-0.781330	0.676629	0.000000
0.688311	-0.420575	0.000000
-0.323171	-0.163945	0.000000
-0.299920	0.506351	0.000000
-0.627617	0.174349	0.000000
0.117083	-0.020204	0.000000
0.553832	0.026151	0.000000
0.400281	0.311042	0.000000
-0.083509	-0.323254	0.000000
-0.419433	0.423155	0.000000
0.243055	-0.162068	0.000000
0.087559	0.695796	0.000000
-0.980158	0.800472	0.000000
0.734360	0.637727	0.000000
0.572808	0.535682	0.000000
-0.413064	0.131485	0.000000
0.565338	-0.649757	0.000000
0.335401	-0.279760	0.000000
-0.252088	0.561695	0.000000
-0.147952	0.497147	0.000000
-0.315396	-0.860297	0.000000
-0.510421	-0.849706	0.000000
0.078707	-0.026124	0.000000
-0.824882	0.908643	0.000000
0.773194	-0.610120	0.000000
-0.279355	0.036137	0.000000
0.580306	0.586261	0.000000
-0.127974	0.095279	0.000000
-0.164097	0.694525	0.000000
-0.264006	0.687342	0.000000
0.791519	0.694151	0.000000
-0.389734	0.791106	0.000000
0.671240	0.376001	0.000000
-0.642592	0.597846	0.000000
0.594349	-0.549570	0.000000
0.452138	0.705208	0.000000
0.487788	0.409821	0.000000
0.808127	-0.430722	0.000000
0.477416	0.568649	0.000000
-0.265001	0.386591	0.000000
-0.029153	0.238568	0.000000
0.695144	0.519415	0.000000
0.050305	-0.505258	0.000000
-0.448322	-0.227756	0.000000
-0.256622	0.364561	0.000000
0.495021	0.193689	0.000000
0.610676	0.267532	0.000000
0.029877	-0.432583	0.000000
0.214970	0.288916	0.000000
-0.315127	-0.514082	0.000000
0.412291	-0.075732	0.000000
-0.645620	0.803924	0.000000
-0.748950	0.306025	0.000000
0.702910	-0.349388	0.000000
0.289150	0.207525	0.000000
0.592575	0.076302	0.000000
0.321953	0.146005	0.000000
0.695134	0.771700	0.000000
-0.046729	0.191043	0.000000
0.489253	0.441883	0.000000
0.813651	0.560906	0.000000
0.159103	0.561371	0.000000
0.667133	-0.569211	0.000000
-0.181226	-0.637761	0.000000
-0.368231	0.432917	0.000000
-0.638203	0.569041	0.000000
0.362471	-0.415875	0.000000
-0.674412	-0.405122	0.000000
-0.788087	0.825808	0.000000
-0.679782	0.290760	0.000000
0.314790	-0.139419	0.000000
0.363884	0.270747	0.000000
-0.843112	0.904600	0.000000
-0.004999	-0.513410	0.000000
0.641260	0.488145	0.000000
0.345324	0.914606	0.000000
-0.301773	0.516509	0.000000
0.468615	-0.027150	0.000000
-0.114390	0.493592	0.000000
-0.202117	0.441493	0.000000
0.195222	0.763277	0.000000
0.417063	0.206917	0.000000
0.518169	0.284855	0.000000
-0.799478	0.935429	0.000000
-0.357983	-0.612870	0.000000
0.326296	0.140916	0.000000
0.007224	-0.213892	0.000000
0.901820	0.659966	0.000000
0.238089	0.755932	0.000000
-0.374284	-0.750140	0.000000
-0.134627	-0.363513	0.000000
-0.080921	0.630512	0.000000
-0.425881	-0.029161	0.000000
0.347725	0.514267	0.000000
-0.533553	-0.737633	0.000000
-0.431773	-0.091934	0.000000
-0.563855	-0.066137	0.000000
-0.544047	-0.986835	0.000000
0.699053	0.446426	0.000000
-0.138612	0.273280	0.000000
0.874886	0.408918	0.000000
-0.403140	0.273699	0.000000
0.620406	0.741205	0.000000
-0.719902	0.329454	0.000000
0.209708	0.596476	0.000000
-0.337672	-0.160843	0.000000
0.493652	-0.137992	0.000000
0.465911	0.076962	0.000000
0.543855	0.556401	0.000000
-0.309333	0.157561	0.000000
0.491415	-0.013996	0.000000
-0.130830	0.474074	0.000000
-0.433092	0.363890	0.000000
-0.012198	-0.122980	0.000000
-0.280956	-0.581093	0.000000
-0.744269	-0.032887	0.000000
-0.312368	0.504132	0.000000
-0.657364	-0.503728	0.000000
0.637680	0.779744	0.000000
0.760923	0.658228	0.000000
-0.199401	0.340202	0.000000
0.861180	0.698299	0.000000
0.030077	0.232971	0.000000
0.527731	0.115984	0.000000
-0.219813	0.574706	0.000000
-0.116886	0.514306	0.000000
0.613545	-0.697626	0.000000
0.383395	-0.108505	0.000000
0.488227	-0.027737	0.000000
-0.045316	0.198379	0.000000
-0.253888	0.580623	0.000000
-0.829951	0.815347	0.000000
0.454291	0.434243	0.000000
-0.548348	0.807596	0.000000
0.207527	-0.468878	0.000000
-0.522914	-0.034308	0.000000
-0.010029	-0.433750	0.000000
-0.341944	0.445322	0.000000
0.399374	0.209759	0.000000
0.060870	0.166463	0.000000
0.433247	0.578112	0.000000
-0.399874	0.814766	0.000000
0.715466	0.188295	0.000000
-0.310039	0.783123	0.000000
0.790817	0.639549	0.000000
0.677134	-0.490005	0.000000
0.713786	0.202143	0.000000
-0.094342	-0.156036	0.000000
0.696947	0.484034	0.000000
0.325171	0.550784	0.000000
0.775712	0.564290	0.000000
-0.821456	0.877152	0.000000
-0.156616	-0.401882	0.000000
-0.521457	-0.317990	0.000000
0.070700	-0.549788	0.000000
0.930706	0.562081	0.000000
0.620022	0.383481	0.000000
-0.241254	-0.785541	0.000000
0.367276	0.303399	0.000000
-0.373440	0.603177	0.000000
-0.322446	-0.160330	0.000000
0.621338	0.500940	0.000000
-0.215317	0.407090	0.000000
0.417143	0.532424	0.000000
-0.561797	-0.750767	0.000000
-0.055007	-0.399462	0.000000
0.606260	-0.654217	0.000000
0.330238	0.339587	0.000000
0.429659	-0.417239	0.000000
0.527392	0.104416	0.000000
0.439862	0.636034	0.000000
-0.285158	0.734601	0.000000
0.250859	0.109738	0.000000
0.462715	-0.297812	0.000000
-0.226264	0.557946	0.000000
0.252575	0.102713	0.000000
-0.761003	0.363116	0.000000
-0.233976	0.335305	0.000000
0.873485	0.775668	0.000000
0.335528	0.258480	0.000000
0.619689	0.306723	0.000000
-0.553976	0.728732	0.000000
0.645448	0.022930	0.000000
0.598214	0.424438	0.000000
0.484392	-0.072725	0.000000
0.628057	0.472562	0.000000
0.908772	0.766340	0.000000
0.532755	0.120292	0.000000
0.255855	0.185975	0.000000
0.618756	0.444383	0.000000
-0.130883	0.062182	0.000000
0.735720	0.782659	0.000000
0.900307	0.771571	0.000000
0.020283	0.734680	0.000000
-0.897645	0.764711	0.000000
0.978699	0.670205	0.000000
0.847171	0.429209	0.000000
0.904599	0.796304	0.000000
-0.337499	-0.065901	0.000000
-0.537692	0.203208	0.000000
-0.500111	-0.780461	0.000000
-0.467375	-0.567387	0.000000
-0.299720	0.755698	0.000000
0.257420	0.313932	0.000000
-0.196358	0.354509	0.000000
0.045124	-0.023175	0.000000
-0.444918	-0.470405	0.000000
0.288038	0.216370	0.000000
-0.635013	0.320359	0.000000
-0.354848	-0.479763	0.000000
-0.395501	0.131240	0.000000
-0.432777	0.474272	0.000000
-0.491538	0.565924	0.000000
-0.716063	0.738039	0.000000
0.805801	0.621913	0.000000
-0.555190	0.696078	0.000000
-0.578375	0.328095	0.000000
0.129996	0.510764	0.000000
0.741754	0.435766	0.000000
0.841497	-0.608421	0.000000
-0.120846	0.659168	0.000000
-0.645851	-0.351222	0.000000
-0.226492	-0.146437	0.000000
0.111644	0.323868	0.000000
0.320037	0.351419	0.000000
-0.327806	-0.146418	0.000000
-0.075898	0.347041	0.000000
-0.243030	0.239733	0.000000
-0.017677	-0.155774	0.000000
-0.669437	0.836896	0.000000
0.122590	0.742957	0.000000
-0.454580	0.517216	0.000000
-0.110755	0.392911	0.000000
0.489780	-0.025749	0.000000
-0.143384	-0.011874	0.000000
-0.650141	0.019945	0.000000
0.673502	0.499630	0.000000
0.501579	-0.357814	0.000000
0.451066	0.541005	0.000000
0.275918	0.114818	0.000000
0.277813	-0.293083	0.000000
-0.217045	-0.148528	0.000000
0.703532	0.455691	0.000000
-0.468135	0.762672	0.000000
-0.858310	0.306421	0.000000
0.204270	-0.130352	0.000000
-0.319814	0.387751	0.000000
0.673387	-0.022186	0.000000
0.842598	0.717440	0.000000
0.076015	-0.120903	0.000000
0.022701	0.596241	0.000000
-0.549083	-0.554058	0.000000
-0.066210	0.592698	0.000000
-0.180636	0.618998	0.000000
-0.615326	0.531677	0.000000
-0.484978	-0.129681	0.000000
-0.341513	-0.883773	0.000000
0.319382	0.653638	0.000000
0.283352	-0.073689	0.000000
0.137596	0.470733	0.000000
0.087698	0.849300	0.000000
0.923682	0.658461	0.000000
-0.342212	0.289579	0.000000
0.579257	0.147826	0.000000
-0.114127	-0.403433	0.000000
0.586442	-0.636486	0.000000
-0.352842	-0.791499	0.000000
0.348468	0.686846	0.000000
-0.734494	0.447765	0.000000
0.188479	0.443994	0.000000
-0.567758	-0.682212	0.000000
0.124870	0.657304	0.000000
-0.843219	0.264116	0.000000
-0.414549	-0.891231	0.000000
0.475080	0.639197	0.000000
0.714178	0.292450	0.000000
-0.322270	0.063243	0.000000
0.172271	0.040281	0.000000
-0.606913	0.620037	0.000000
-0.162972	0.376652	0.000000
0.078769	0.467382	0.000000
0.603337	0.489775	0.000000
0.204008	0.797605	0.000000
-0.259309	0.171680	0.000000
-0.284907	0.098407	0.000000
0.332098	0.704569	0.000000
0.776683	-0.399455	0.000000
0.187587	0.352682	0.000000
0.006466	0.050107	0.000000
0.309423	-0.101000	0.000000
0.418458	-0.026791	0.000000
-0.365083	0.657369	0.000000
0.399376	-0.448458	0.000000
0.055319	-0.011543	0.000000
0.198214	-0.192389	0.000000
0.769765	0.098696	0.000000
0.690179	-0.343317	0.000000
-0.678171	0.848760	0.000000
-0.373612	-0.871469	0.000000
-0.652669	0.874462	0.000000
0.665440	0.243873	0.000000
0.422796	0.247738	0.000000
0.313609	0.968691	0.000000
0.404917	0.175198	0.000000
-0.119201	0.437020	0.000000
-0.566694	-0.488986	0.000000
-0.361253	0.766406	0.000000
0.119994	0.738313	0.000000
0.290686	-0.180402	0.000000
0.641187	0.514325	0.000000
0.349008	-0.033739	0.000000
0.381336	0.598988	0.000000
-0.263820	0.630949	0.000000
-0.627930	-0.774181	0.000000
-0.382588	0.335809	0.000000
0.377780	0.118224	0.000000
0.662933	-0.502818	0.000000
-0.706439	0.092868	0.000000
-0.239357	-0.364714	0.000000
-0.405175	0.825280	0.000000
0.429303	-0.172001	0.000000
-0.389054	0.260523	0.000000
-0.203116	0.626665	0.000000
-0.260303	-0.156288	0.000000
-0.407843	0.242466	0.000000
0.200453	0.910403	0.000000
0.668977	0.539685	0.000000
-0.363907	-0.599797	0.000000
0.480992	-0.154484	0.000000
0.919339	0.671753	0.000000
-0.349110	-0.561388	0.000000
0.035807	0.627857	0.000000
-0.302270	-0.300207	0.000000
0.762109	-0.679622	0.000000
-0.228876	-0.133485	0.000000
0.113848	0.554660	0.000000
-0.505222	-0.254701	0.000000
-0.452448	-0.042994	0.000000
-0.663730	-0.788887	0.000000
0.777536	0.327425	0.000000
-0.292823	-0.081312	0.000000
-0.227981	0.070314	0.000000
-0.163851	-0.021138	0.000000
-0.395984	-0.831840	0.000000
-0.378456	-0.248926	0.000000
0.175472	0.644191	0.000000
0.325703	-0.192056	0.000000
-0.421792	0.233693	0.000000
0.759714	-0.576333	0.000000
0.601073	0.094282	0.000000
-0.766510	0.339324	0.000000
-0.069366	-0.084196	0.000000
-0.467000	0.864623	0.000000
-0.684243	0.886031	0.000000
0.329194	0.220101	0.000000
0.805223	0.599914	0.000000
0.822930	0.831029	0.000000
0.258636	0.145977	0.000000
-0.147013	-0.396508	0.000000
0.683884	0.522162	0.000000
0.209891	0.789477	0.000000
-0.507876	-0.303113	0.000000
0.795957	0.297062	0.000000
0.734527	-0.383964	0.000000
-0.683826	0.220586	0.000000
0.244301	0.181206	0.000000
0.612342	0.573542	0.000000
0.574390	0.610550	0.000000
0.242849	0.550990	0.000000
0.369892	0.340547	0.000000
-0.501683	0.597684	0.000000
0.375664	0.173558	0.000000
-0.310344	-0.386125	0.000000
0.062669	0.282698	0.000000
-0.680382	0.557038	0.000000
0.138821	0.783110	0.000000
0.650465	0.726832	0.000000
-0.481674	-0.388850	0.000000
0.715984	-0.426720	0.000000
0.362144	0.369348	0.000000
0.868359	-0.499334	0.000000
-0.579148	-0.976600	0.000000
-0.599269	-0.753117	0.000000
-0.150412	0.729609	0.000000
0.973586	0.781519	0.000000
-0.089570	0.398678	0.000000
-0.285804	0.040189	0.000000
0.096666	0.818272	0.000000
0.685178	-0.365389	0.000000
0.896170	0.770706	0.000000
0.658161	0.125159	0.000000
0.302101	0.239590	0.000000
0.310758	0.132171	0.000000
-0.405797	0.774993	0.000000
-0.474807	-0.880794	0.000000
0.691999	0.342571	0.000000
-0.700669	0.057826	0.000000
0.396253	0.584128	0.000000
-0.215132	-0.112772	0.000000
-0.893564	0.590679	0.000000
-0.204621	0.052695	0.000000
0.049004	-0.416547	0.000000
-0.225839	-0.437175	0.000000
-0.361841	0.789480	0.000000
-0.566777	0.636201	0.000000
-0.293541	-0.046156	0.000000
-0.670334	0.571518	0.000000
-0.042654	0.459984	0.000000
-0.129699	0.345611	0.000000
-0.226502	-0.544366	0.000000
0.592035	0.080945	0.000000
-0.339425	-0.649448	0.000000
-0.055929	0.307503	0.000000
0.758049	0.846597	0.000000
0.468086	-0.465027	0.000000
0.238141	-0.224565	0.000000
-0.275625	0.481660	0.000000
0.256934	0.431333	0.000000
0.606318	-0.036784	0.000000
0.718110	0.564333	0.000000
0.374285	0.561946	0.000000
-0.482016	0.494123	0.000000
-0.605421	0.426372	0.000000
-0.750393	0.539413	0.000000
-0.517327	0.443582	0.000000
0.415468	0.179461	0.000000
0.537850	0.514484	0.000000
-0.901831	0.754013	0.000000
0.938065	0.593780	0.000000
-0.504720	-0.107294	0.000000
0.657402	0.063361	0.000000
0.495211	0.539630	0.000000
0.301036	0.401278	0.000000
0.589138	-0.012048	0.000000
0.550681	-0.051310	0.000000
-0.226751	-0.329569	0.000000
-0.734231	0.389295	0.000000
-0.116726	-0.607194	0.000000
-0.310229	0.492837	0.000000
0.885744	0.804046	0.000000
-0.699486	0.919312	0.000000
-0.596582	0.368818	0.000000
0.254755	0.583101	0.000000
0.889712	0.855921	0.000000
0.162293	0.641189	0.000000
-0.000960	-0.456883	0.000000
0.628968	0.514773	0.000000
0.949015	0.713428	0.000000
0.694031	-0.005700	0.000000
0.632244	-0.673715	0.000000
-0.182689	0.194022	0.000000
-0.413886	0.175350	0.000000
0.427329	0.606959	0.000000
-0.096865	-0.652981	0.000000
-0.055401	0.104117	0.000000
0.494326	0.630284	0.000000
-0.616695	-0.173692	0.000000
0.527472	-0.363135	0.000000
-0.191998	0.090428	0.000000
-0.534187	-0.849412	0.000000
0.663523	-0.378939	0.000000
0.493690	0.358144	0.000000
0.803366	0.338494	0.000000
0.744925	0.529340	0.000000
-0.466300	0.385965	0.000000
-0.341976	0.366091	0.000000
0.518075	0.561462	0.000000
-0.140578	0.149423	0.000000
-0.230939	-0.630379	0.000000
-0.462895	0.587170	0.000000
-0.047033	-0.307902	0.000000
0.520314	0.195775	0.000000
0.323932	-0.228458	0.000000
-0.579779	-0.625915	0.000000
-0.329987	-0.137856	0.000000
-0.400666	0.310902	0.000000
0.347707	-0.062538	0.000000
-0.579014	-0.699462	0.000000
0.846432	0.596754	0.000000
-0.958675	0.642740	0.000000
0.784325	0.348797	0.000000
0.443690	0.571961	0.000000
0.777199	-0.632452	0.000000
-0.714657	0.756885	0.000000
-0.554946	-0.919884	0.000000
-0.479677	-0.103883	0.000000
0.218256	-0.200804	0.000000
-0.629959	-0.386023	0.000000
-0.342561	0.230203	0.000000
0.769408	0.225983	0.000000
0.496313	0.472882	0.000000
0.809130	0.515020	0.000000
0.792177	0.476433	0.000000
0.532416	-0.028602	0.000000
-0.511281	0.888211	0.000000
0.070228	0.393981	0.000000
-0.478144	-0.155545	0.000000
0.154292	0.318677	0.000000
-0.519034	-0.995332	0.000000
-0.358332	-0.240565	0.000000
-0.453489	-0.005903	0.000000
0.387899	0.123195	0.000000
-0.817542	0.642116	0.000000
0.774970	-0.625385	0.000000
0.865854	0.401988	0.000000
0.126286	0.533544	0.000000
-0.201075	0.027832	0.000000
-0.165716	0.074271	0.000000
-0.870101	0.499122	0.000000
-0.301788	0.040000	0.000000
-0.633618	-0.482037	0.000000
0.115847	0.767504	0.000000
0.388728	0.599020	0.000000
-0.353394	0.067838	0.000000
0.680068	-0.345920	0.000000
-0.491994	0.021086	0.000000
0.335430	0.246734	0.000000
-0.534730	-0.678576	0.000000
-0.781552	0.235036	0.000000
-0.169744	0.613104	0.000000
-0.007084	-0.514722	0.000000
-0.636946	-0.142594	0.000000
0.898092	0.659754	0.000000
-0.121232	0.491944	0.000000
0.726736	0.669931	0.000000
-0.481880	-0.320629	0.000000
0.282463	-0.054272	0.000000
0.052578	0.707302	0.000000
-0.149964	0.091187	0.000000
0.590938	0.038815	0.000000
0.099436	-0.153231	0.000000
0.753430	-0.351820	0.000000
0.856582	0.571740	0.000000
0.700259	0.696965	0.000000
-0.251880	0.660992	0.000000
-0.516451	0.312477	0.000000
0.074533	-0.357635	0.000000
0.451712	0.282271	0.000000
-0.302763	0.345258	0.000000
-0.022318	0.489709	0.000000
-0.676482	-0.627738	0.000000
-0.196625	-0.133490	0.000000
0.401501	-0.615962	0.000000
0.702073	0.804575	0.000000
0.027355	-0.039442	0.000000
0.306332	-0.261561	0.000000
-0.346333	0.651716	0.000000
-0.782234	0.735791	0.000000
-0.519788	0.846374	0.000000
-0.447095	-0.591747	0.000000
0.919032	0.487399	0.000000
0.746260	0.390450	0.000000
0.326049	-0.294586	0.000000
0.456986	-0.363252	0.000000
0.180083	0.608399	0.000000
0.413836	0.609841	0.000000
-0.840229	0.925478	0.000000
0.009100	0.649573	0.000000
0.885519	0.439481	0.000000
-0.559505	0.864283	0.000000
-0.931441	0.948465	0.000000
0.068098	0.200611	0.000000
0.801153	-0.422699	0.000000
-0.634340	0.208332	0.000000
-0.552603	-0.005585	0.000000
0.932457	0.837458	0.000000
-0.793682	0.033703	0.000000
0.022428	0.817712	0.000000
-0.538748	0.732746	0.000000
0.492331	-0.010915	0.000000
0.830596	-0.592876	0.000000
-0.925849	0.684002	0.000000
-0.408044	0.127883	0.000000
0.557180	0.027289	0.000000
-0.178025	-0.129099	0.000000
-0.253434	-0.108571	0.000000
0.222376	0.043484	0.000000
0.973604	0.806207	0.000000
0.612374	-0.455218	0.000000
-0.444505	-0.174237	0.000000
-0.880453	0.258300	0.000000
-0.126609	0.365696	0.000000
0.065924	0.553966	0.000000
-0.189056	0.099161	0.000000
-0.130667	-0.120751	0.000000
-0.170014	-0.448887	0.000000
-0.436300	0.710374	0.000000
0.576715	-0.006883	0.000000
0.804755	0.606424	0.000000
-0.216950	0.648038	0.000000
-0.445458	-0.447794	0.000000
0.312328	0.801166	0.000000
-0.480116	0.400289	0.000000
-0.465585	-0.973968	0.000000
0.325920	0.974982	0.000000
-0.296439	0.120228	0.000000
-0.380805	-0.687504	0.000000
-0.408425	0.536606	0.000000
-0.506834	0.701134	0.000000
0.070846	-0.120549	0.000000
0.492915	-0.411987	0.000000
-0.502249	-0.895947	0.000000
0.687933	-0.001104	0.000000
0.547106	0.219922	0.000000
-0.968542	0.911483	0.000000
0.486044	-0.173455	0.000000
0.189159	-0.474239	0.000000
0.549906	-0.363029	0.000000
-0.640593	0.931575	0.000000
0.271124	-0.319454	0.000000
-0.460530	0.633844	0.000000
0.230385	0.389232	0.000000
0.692312	0.498235	0.000000
0.814488	0.627322	0.000000
0.383354	-0.559755	0.000000
0.194294	0.122723	0.000000
-0.388769	-0.178915	0.000000
0.829127	0.774987	0.000000
0.257056	0.815170	0.000000
-0.497721	0.228727	0.000000
0.432503	0.216803	0.000000
0.387024	-0.344755	0.000000
-0.810808	0.120181	0.000000
0.733758	0.469733	0.000000
0.239033	-0.356674	0.000000
0.639083	-0.022316	0.000000
-0.030610	-0.110632	0.000000
-0.379324	0.639564	0.000000
-0.425364	-0.286438	0.000000
-0.185368	-0.241912	0.000000
-0.608264	0.397007	0.000000
-0.606534	0.519665	0.000000
0.391677	0.785368	0.000000
-0.196170	-0.730542	0.000000
-0.322156	-0.617874	0.000000
0.604489	0.126388	0.000000
0.825093	-0.533978	0.000000
0.167331	0.857912	0.000000
0.296692	0.693888	0.000000
0.525770	-0.015325	0.000000
0.745300	0.337011	0.000000
0.051081	-0.008002	0.000000
0.343343	-0.560749	0.000000
0.522135	0.491642	0.000000
0.674092	0.511131	0.000000
0.743820	0.442151	0.000000
-0.355442	0.658197	0.000000
0.155198	0.345855	0.000000
-0.503357	-0.875283	0.000000
-0.193640	-0.652392	0.000000
-0.420523	0.500805	0.000000
0.400654	0.541833	0.000000
-0.719060	0.099531	0.000000
0.170663	-0.086725	0.000000
0.909652	0.798821	0.000000
-0.613478	-0.196942	0.000000
-0.302255	-0.307745	0.000000
0.289971	0.663079	0.000000
-0.943210	0.776272	0.000000
-0.479593	-0.374357	0.000000
0.414853	-0.519535	0.000000
-0.037077	0.133774	0.000000
-0.632862	0.574525	0.000000
-0.572485	0.684466	0.000000
0.124869	0.551931	0.000000
0.239482	0.212669	0.000000
0.434435	0.567227	0.000000
-0.820639	0.918166	0.000000
-0.556452	-0.935881	0.000000
0.712064	0.765066	0.000000
0.201176	-0.249536	0.000000
-0.396106	0.822912	0.000000
0.240009	0.545548	0.000000
0.707452	-0.395703	0.000000
0.081088	-0.236267	0.000000
-0.447457	-0.104832	0.000000
0.024723	0.538753	0.000000
0.134955	-0.013908	0.000000
-0.329609	-0.302217	0.000000
0.653173	0.515888	0.000000
0.745094	0.152146	0.000000
0.537715	0.051364	0.000000
0.368483	-0.357395	0.000000
-0.257410	-0.488830	0.000000
-0.245402	-0.435756	0.000000
-0.551425	-0.833721	0.000000
0.221780	0.703097	0.000000
-0.538279	-0.208427	0.000000
-0.102012	-0.038861	0.000000
0.532832	0.597178	0.000000
0.888861	0.524063	0.000000
-0.356852	0.801936	0.000000
-0.390169	0.201756	0.000000
-0.137471	0.282448	0.000000
0.205322	-0.300475	0.000000
0.424141	-0.227588	0.000000
-0.381922	0.153321	0.000000
0.459389	0.478492	0.000000
-0.739695	0.734281	0.000000
0.059579	0.716585	0.000000
-0.446950	0.305634	0.000000
-0.416622	0.824599	0.000000
0.745458	0.877404	0.000000
0.452538	0.158608	0.000000
0.827498	0.440499	0.000000
-0.498373	-0.537939	0.000000
0.564917	0.159664	0.000000
-0.045419	-0.489730	0.000000
0.062746	0.148288	0.000000
-0.384145	0.695086	0.000000
-0.397241	0.752926	0.000000
-0.004826	0.670988	0.000000
-0.661216	0.703936	0.000000
-0.499920	0.572836	0.000000
-0.321316	-0.147150	0.000000
0.044943	0.785609	0.000000
-0.461265	-0.902279	0.000000
-0.509058	-0.447418	0.000000
0.448881	0.381454	0.000000
-0.108033	0.612635	0.000000
-0.781018	0.741103	0.000000
-0.403391	-0.436789	0.000000
0.891120	0.806332	0.000000
0.465181	0.590744	0.000000
0.819013	-0.486082	0.000000
-0.904298	0.618156	0.000000
-0.258312	0.612387	0.000000
0.521105	0.212406	0.000000
-0.843366	0.770187	0.000000
-0.574380	0.450742	0.000000
0.295104	-0.551074	0.000000
0.033599	0.252655	0.000000
0.313606	0.961566	0.000000
-0.439413	0.365187	0.000000
-0.050015	-0.104357	0.000000
0.436023	0.145655	0.000000
0.538491	0.083264	0.000000
0.559268	0.201124	0.000000
0.956814	0.805462	0.000000
0.009875	0.428363	0.000000
0.602764	0.279466	0.000000
-0.388247	-0.639172	0.000000
-0.561879	-0.630653	0.000000
-0.865406	0.463778	0.000000
0.570835	-0.395416	0.000000
-0.436293	-0.493434	0.000000
0.291039	0.452808	0.000000
0.349877	0.503827	0.000000
0.463832	0.605498	0.000000
0.515378	0.644439	0.000000
-0.023450	0.179655	0.000000
-0.881126	0.863476	0.000000
-0.148758	0.699982	0.000000
0.467862	0.595205	0.000000
0.456798	0.008122	0.000000
-0.302999	0.449057	0.000000
0.214211	0.526802	0.000000
0.681693	-0.341480	0.000000
-0.748168	0.085215	0.000000
0.445467	0.471229	0.000000
-0.318205	0.730016	0.000000
-0.480326	-0.161392	0.000000
0.129133	0.542513	0.000000
0.476545	-0.450207	0.000000
-0.213197	0.064941	0.000000
0.307199	0.528388	0.000000
-0.167167	-0.087748	0.000000
-0.154663	0.251959	0.000000
0.824019	0.616739	0.000000
-0.705675	0.175947	0.000000
0.448927	-0.275056	0.000000
-0.273589	-0.438458	0.000000
-0.171646	-0.354129	0.000000
-0.207974	0.362833	0.000000
-0.022931	-0.083223	0.000000
0.363944	0.062831	0.000000
-0.393979	0.745887	0.000000
-0.537266	0.331311	0.000000
0.249888	-0.387627	0.000000
-0.851308	0.859060	0.000000
-0.848597	0.701655	0.000000
0.701142	0.182345	0.000000
-0.655855	-0.225894	0.000000
-0.003656	-0.067607	0.000000
0.587444	0.780893	0.000000
0.061294	0.568799	0.000000
0.111273	0.684592	0.000000
0.273190	-0.304358	0.000000
0.601735	-0.007175	0.000000
0.633343	-0.573739	0.000000
0.732979	-0.606291	0.000000
0.557283	0.770536	0.000000
0.400738	0.131770	0.000000
0.752631	0.691675	0.000000
-0.275977	0.112320	0.000000
0.899177	0.655687	0.000000
0.184805	0.453782	0.000000
0.360898	0.084518	0.000000
-0.606486	-0.613122	0.000000
-0.531428	-0.713536	0.000000
-0.590233	0.567625	0.000000
0.617145	0.744863	0.000000
0.718030	-0.636970	0.000000
0.109883	-0.023965	0.000000
-0.765605	0.493002	0.000000
-0.449252	-0.610583	0.000000
0.851629	0.541827	0.000000
0.749963	-0.379749	0.000000
-0.648252	0.363702	0.000000
-0.719321	0.905834	0.000000
-0.319027	0.581850	0.000000
0.283208	0.558445	0.000000
0.692749	-0.658092	0.000000
0.090094	0.005365	0.000000
-0.598476	0.508340	0.000000
0.441758	0.692009	0.000000
-0.306228	0.489552	0.000000
-0.272837	-0.737226	0.000000
-0.502224	-0.118433	0.000000
0.012131	-0.084979	0.000000
-0.000288	0.652128	0.000000
-0.552053	0.754251	0.000000
0.972190	0.792928	0.000000
-0.136295	0.616555	0.000000
-0.627222	-0.562597	0.000000
-0.114262	0.602312	0.000000
-0.237681	-0.281724	0.000000
0.631877	-0.399970	0.000000
0.226127	-0.198931	0.000000
-0.493453	-0.913904	0.000000
0.401700	0.350081	0.000000
-0.634507	-0.751314	0.000000
0.231583	-0.012749	0.000000
-0.171887	0.630563	0.000000
-0.563222	0.024604	0.000000
-0.144111	0.672241	0.000000
-0.804026	0.699795	0.000000
0.407675	-0.008380	0.000000
0.767682	-0.566319	0.000000
0.009474	-0.314935	0.000000
-0.095903	0.424780	0.000000
0.254585	0.343699	0.000000
-0.483096	-0.185921	0.000000
0.566122	0.481055	0.000000
0.726721	0.102423	0.000000
-0.664569	-0.464823	0.000000
-0.634053	0.609868	0.000000
0.838729	0.573823	0.000000
0.430403	0.062819	0.000000
0.338401	-0.159685	0.000000
0.537785	-0.395326	0.000000
0.465564	0.111359	0.000000
0.459408	-0.631840	0.000000
-0.880935	0.922877	0.000000
-0.329624	0.569667	0.000000
-0.110025	0.281490	0.000000
-0.065558	-0.363134	0.000000
-0.766902	0.654641	0.000000
0.812009	0.733080	0.000000
0.401369	0.454673	0.000000
-0.691134	-0.017889	0.000000
0.697863	0.815815	0.000000
0.067285	0.499778	0.000000
0.848389	0.780493	0.000000
0.281829	0.877194	0.000000
0.657252	0.580188	0.000000
0.589468	0.438722	0.000000
-0.630771	-0.629863	0.000000
0.908433	0.739939	0.000000
-0.751031	0.535290	0.000000
0.290181	0.701778	0.000000
0.671280	0.406523	0.000000
0.265480	0.832445	0.000000
-0.686214	0.836246	0.000000
0.156028	-0.109607	0.000000
0.589883	0.003191	0.000000
0.372602	-0.011601	0.000000
0.544696	0.204297	0.000000
0.630240	0.656445	0.000000
0.885885	0.572013	0.000000
0.672150	0.504190	0.000000
0.581634	0.620093	0.000000
0.375105	0.657606	0.000000
-0.351556	-0.514617	0.000000
-0.357666	0.017963	0.000000
-0.270321	0.135571	0.000000
0.532986	-0.106543	0.000000
0.413052	0.046031	0.000000
-0.690295	0.603616	0.000000
0.239727	0.124236	0.000000
0.341398	-0.103834	0.000000
-0.187478	-0.264245	0.000000
0.219653	0.197470	0.000000
0.523522	-0.049546	0.000000
-0.061417	-0.053120	0.000000
0.592812	-0.440801	0.000000
-0.092854	0.495649	0.000000
-0.329576	0.343993	0.000000
0.149523	-0.488605	0.000000
0.579531	0.662045	0.000000
0.640377	0.566652	0.000000
-0.655811	0.709584	0.000000
0.357097	-0.219224	0.000000
0.135842	0.634449	0.000000
-0.557959	-0.686973	0.000000
-0.127883	-0.225331	0.000000
0.690230	0.715273	0.000000
0.645199	-0.400356	0.000000
0.979905	0.789477	0.000000
-0.159096	-0.636737	0.000000
-0.186811	0.287317	0.000000
0.602791	-0.649651	0.000000
0.553586	0.356301	0.000000
0.279911	-0.487350	0.000000
-0.749813	0.037796	0.000000
0.555450	-0.681806	0.000000
0.336501	0.937510	0.000000
0.396635	0.107957	0.000000
0.358352	-0.014271	0.000000
-0.109684	-0.260697	0.000000
0.413395	0.719556	0.000000
-0.700389	-0.208378	0.000000
0.933856	0.822357	0.000000
-0.562047	-0.453785	0.000000
-0.382664	0.808186	0.000000
0.515924	-0.407462	0.000000
-0.436015	0.008780	0.000000
0.302531	-0.315631	0.000000
-0.300245	0.255165	0.000000
-0.774236	0.952712	0.000000
0.797168	0.804168	0.000000
0.024373	-0.356364	0.000000
-0.214567	0.387415	0.000000
0.717727	0.736045	0.000000
-0.184412	-0.267516	0.000000
-0.421648	-0.178513	0.000000
0.935024	0.661771	0.000000
0.272955	-0.312009	0.000000
-0.111748	0.521872	0.000000
0.376648	0.109331	0.000000
0.675630	0.752083	0.000000
0.434609	0.093712	0.000000
0.468516	0.279258	0.000000
0.820307	-0.615019	0.000000
0.381727	0.103194	0.000000
0.829734	0.747035	0.000000
0.920331	0.632279	0.000000
-0.546137	0.800902	0.000000
-0.897854	0.547152	0.000000
-0.442143	0.288903	0.000000
-0.319018	0.476092	0.000000
-0.478045	0.289454	0.000000
0.601683	0.010944	0.000000
0.153579	0.304134	0.000000
0.760150	0.413832	0.000000
-0.219394	-0.447414	0.000000
-0.734620	0.483548	0.000000
-0.272899	0.113710	0.000000
0.136189	0.367663	0.000000
0.329438	0.450996	0.000000
0.172457	0.015326	0.000000
0.197983	0.640587	0.000000
-0.715644	0.104198	0.000000
0.621485	-0.364657	0.000000
-0.416069	0.095917	0.000000
0.827609	-0.533440	0.000000
0.821279	-0.603691	0.000000
0.768495	0.722246	0.000000
-0.541919	-0.371237	0.000000
0.138063	0.789658	0.000000
-0.417826	0.780025	0.000000
-0.020079	0.140459	0.000000
0.187496	-0.157407	0.000000
0.354332	-0.338307	0.000000
-0.378955	0.459877	0.000000
-0.353822	-0.268418	0.000000
-0.292476	0.696085	0.000000
-0.773542	0.636113	0.000000
-0.199502	-0.554777	0.000000
-0.133055	0.189137	0.000000
0.361600	-0.395108	0.000000
-0.403478	0.025301	0.000000
-0.980360	0.713639	0.000000
0.486335	-0.213318	0.000000
0.649389	-0.413704	0.000000
0.468719	0.431706	0.000000
0.925281	0.721835	0.000000
0.459292	-0.503754	0.000000
0.005688	-0.150894	0.000000
-0.376156	-0.404226	0.000000
-0.313849	0.787602	0.000000
0.475450	0.172674	0.000000
0.367782	-0.248382	0.000000
-0.094874	-0.131437	0.000000
0.710128	-0.601311	0.000000
-0.293441	-0.759946	0.000000
0.862568	-0.518118	0.000000
0.761713	-0.585684	0.000000
0.050635	0.319480	0.000000
0.284213	0.185513	0.000000
-0.419004	-0.716060	0.000000
0.426377	-0.460274	0.000000
-0.824985	0.446764	0.000000
0.654458	0.289226	0.000000
0.403596	-0.398529	0.000000
0.572543	-0.495093	0.000000
0.661357	0.291270	0.000000
-0.618735	0.435333	0.000000
-0.269911	-0.295516	0.000000
-0.468806	0.017067	0.000000
0.390724	0.170180	0.000000
0.431157	-0.174228	0.000000
0.310691	-0.274269	0.000000
0.698952	0.797320	0.000000
0.096885	-0.137008	0.000000
0.370668	-0.368678	0.000000
0.706993	0.360537	0.000000
-0.391012	-0.591291	0.000000
0.238861	0.670269	0.000000
-0.522913	0.322154	0.000000
-0.362682	-0.076876	0.000000
0.750231	0.738359	0.000000
-0.239841	0.098750	0.000000
0.109587	0.522990	0.000000
-0.018735	-0.073175	0.000000
0.371151	0.115661	0.000000
-0.163346	0.506480	0.000000
-0.498154	-0.931088	0.000000
-0.313656	0.170627	0.000000
-0.199404	0.262566	0.000000
-0.405853	-0.137931	0.000000
0.551700	0.373045	0.000000
0.027578	0.532646	0.000000
0.629815	0.434778	0.000000
0.711351	-0.587588	0.000000
0.905559	0.508993	0.000000
0.162559	-0.370173	0.000000
-0.422013	-0.418703	0.000000
-0.891685	0.467189	0.000000
0.595425	0.066535	0.000000
0.942090	0.762833	0.000000
-0.465478	-0.923162	0.000000
0.291128	-0.009751	0.000000
-0.433040	-0.066522	0.000000
0.309198	-0.187894	0.000000
0.442506	0.278556	0.000000
0.893768	0.868094	0.000000
0.671646	0.717809	0.000000
0.291206	0.173933	0.000000
0.108546	0.628364	0.000000
0.667978	0.150306	0.000000
0.376051	0.047078	0.000000
-0.607109	0.183950	0.000000
-0.350788	0.131102	0.000000
0.471275	-0.255166	0.000000
0.185755	-0.143083	0.000000
0.285137	-0.333050	0.000000
0.485250	-0.024575	0.000000
-0.596025	0.616239	0.000000
-0.308611	-0.710826	0.000000
-0.048630	0.040882	0.000000
-0.705943	0.858722	0.000000
-0.221531	0.612800	0.000000
0.469472	0.531708	0.000000
0.320941	-0.174463	0.000000
-0.737523	0.874794	0.000000
0.027098	-0.475556	0.000000
-0.314520	-0.154002	0.000000
-0.488954	0.207501	0.000000
0.325815	0.812157	0.000000
-0.686045	0.899357	0.000000
-0.121203	-0.089374	0.000000
-0.171423	0.161988	0.000000
0.264529	-0.361691	0.000000
0.729542	0.727148	0.000000
0.139287	0.324154	0.000000
-0.278526	-0.659577	0.000000
0.758625	-0.606470	0.000000
0.303332	0.212280	0.000000
0.276989	0.215750	0.000000
0.089425	-0.171718	0.000000
0.019586	-0.089062	0.000000
0.909796	0.823907	0.000000
0.588723	-0.657163	0.000000
0.924027	0.578968	0.000000
0.756109	0.786923	0.000000
0.318983	-0.424945	0.000000
0.142814	0.580797	0.000000
0.373048	-0.200473	0.000000
-0.965366	0.537882	0.000000
-0.570546	0.634083	0.000000
-0.523285	-0.422979	0.000000
-0.671825	-0.359314	0.000000
0.466075	0.600662	0.000000
0.534273	0.074098	0.000000
0.868494	0.657789	0.000000
-0.430589	0.815574	0.000000
0.797423	0.627605	0.000000
0.652274	0.342506	0.000000
0.559174	0.139964	0.000000
0.509677	0.094056	0.000000
-0.530169	0.645898	0.000000
0.437306	0.015016	0.000000
-0.254175	-0.046783	0.000000
-0.638156	-0.534400	0.000000
0.774215	0.261339	0.000000
0.488669	-0.099722	0.000000
-0.598651	0.265916	0.000000
0.671516	0.710218	0.000000
-0.020384	0.141182	0.000000
0.546001	-0.518633	0.000000
0.328224	-0.291829	0.000000
-0.748409	0.643659	0.000000
-0.087440	0.318251	0.000000
0.237225	-0.391130	0.000000
0.759870	0.251938	0.000000
-0.129418	0.698114	0.000000
-0.618867	0.330819	0.000000
-0.208894	0.592379	0.000000
-0.373523	-0.284381	0.000000
0.633927	0.479578	0.000000
0.173720	0.061618	0.000000
-0.635202	-0.652155	0.000000
-0.137443	-0.677798	0.000000
-0.067455	-0.083626	0.000000
0.487553	0.011127	0.000000
0.391245	0.118918	0.000000
0.265685	0.082167	0.000000
0.020491	-0.541262	0.000000
-0.653918	0.248062	0.000000
-0.365402	0.692774	0.000000
-0.346800	0.536021	0.000000
0.708246	0.675505	0.000000
-0.586349	0.293269	0.000000
0.780186	-0.673092	0.000000
0.247764	0.147513	0.000000
-0.283935	-0.344667	0.000000
-0.105250	-0.372001	0.000000
-0.928169	0.602512	0.000000
-0.222679	-0.502912	0.000000
0.341402	0.972948	0.000000
-0.839597	0.318669	0.000000
-0.537413	-0.823222	0.000000
0.565466	-0.349726	0.000000
0.442301	0.556887	0.000000
-0.075647	0.754728	0.000000
-0.727731	0.818091	0.000000
0.982779	0.768720	0.000000
-0.132918	-0.674363	0.000000
-0.285377	-0.833649	0.000000
0.376224	-0.215864	0.000000
0.145808	-0.153050	0.000000
-0.174077	-0.661446	0.000000
0.579246	0.390708	0.000000
0.633070	0.517146	0.000000
-0.450056	-0.964268	0.000000
-0.585863	0.000949	0.000000
-0.657262	-0.512941	0.000000
0.326447	0.101886	0.000000
0.681827	-0.356620	0.000000
0.698490	-0.353489	0.000000
0.161409	0.624834	0.000000
-0.335819	0.016012	0.000000
0.059251	0.770500	0.000000
-0.170188	-0.056072	0.000000
-0.781949	0.640655	0.000000
-0.744435	0.533589	0.000000
-0.537025	0.156243	0.000000
0.025751	-0.574528	0.000000
-0.397532	0.368172	0.000000
-0.069741	-0.362444	0.000000
-0.102527	0.211440	0.000000
0.680713	0.247684	0.000000
0.743566	-0.571491	0.000000
0.050948	0.778117	0.000000
-0.823307	0.464229	0.000000
-0.998816	0.728952	0.000000
0.564125	0.703464	0.000000
0.591712	0.103669	0.000000
-0.813331	0.924377	0.000000
-0.166481	-0.123454	0.000000
-0.601213	0.269708	0.000000
0.776501	-0.669891	0.000000
-0.884740	0.773795	0.000000
-0.814204	0.433681	0.000000
0.474894	0.250793	0.000000
-0.567658	0.886383	0.000000
-0.503525	-0.502325	0.000000
-0.212106	-0.215955	0.000000
-0.388943	0.823402	0.000000
0.376344	-0.038963	0.000000
-0.374852	0.216810	0.000000
-0.120502	-0.083495	0.000000
0.404803	0.072752	0.000000
0.247798	0.689452	0.000000
0.300778	0.577194	0.000000
0.694185	0.555932	0.000000
0.525713	0.686109	0.000000
0.619382	-0.557004	0.000000
-0.325534	0.729422	0.000000
0.802403	0.570878	0.000000
0.038153	-0.348373	0.000000
-0.101354	-0.481147	0.000000
0.353332	0.157845	0.000000
-0.269686	0.716377	0.000000
0.760479	0.069642	0.000000
-0.390235	-0.451369	0.000000
0.408681	0.688023	0.000000
0.632656	0.300614	0.000000
0.348378	0.933251	0.000000
0.405096	0.359949	0.000000
-0.550008	0.524464	0.000000
0.572849	0.797135	0.000000
-0.585119	-0.866214	0.000000
-0.232316	0.373358	0.000000
0.603873	-0.005833	0.000000
-0.428699	0.651911	0.000000
0.766674	0.406453	0.000000
0.655472	-0.335352	0.000000
0.830258	0.829810	0.000000
-0.706664	0.511587	0.000000
0.866172	0.570749	0.000000
0.364830	0.177473	0.000000
0.841848	0.269163	0.000000
0.458735	0.658896	0.000000
0.674103	-0.371187	0.000000
0.076180	0.717305	0.000000
-0.470300	0.359183	0.000000
-0.476242	0.421535	0.000000
0.058488	-0.049081	0.000000
0.666198	-0.659299	0.000000
-0.607137	0.514681	0.000000
0.914897	0.803278	0.000000
-0.321115	-0.737557	0.000000
0.584345	0.718471	0.000000
-0.123685	0.177167	0.000000
-0.484309	0.536116	0.000000
0.306559	0.274600	0.000000
-0.360724	0.135147	0.000000
-0.426072	0.538971	0.000000
0.141885	-0.478222	0.000000
0.320679	0.955649	0.000000
0.765823	0.830117	0.000000
0.548456	0.652220	0.000000
0.275668	0.204760	0.000000
-0.617122	0.819473	0.000000
-0.931762	0.527661	0.000000
-0.429399	0.447096	0.000000
0.124292	0.189610	0.000000
0.768240	0.397271	0.000000
0.351177	-0.264452	0.000000
0.133195	-0.025095	0.000000
0.767756	0.600400	0.000000
-0.252160	0.641533	0.000000
-0.663867	0.876784	0.000000
-0.620484	-0.188554	0.000000
0.718461	0.577572	0.000000
0.213702	-0.261621	0.000000
0.341824	-0.531116	0.000000
0.134706	0.612912	0.000000
0.532373	-0.043457	0.000000
0.819679	0.650055	0.000000
0.415244	0.089455	0.000000
0.651423	0.693080	0.000000
0.797599	-0.582029	0.000000
0.371282	-0.234435	0.000000
0.829379	0.433369	0.000000
-0.093230	-0.083819	0.000000
-0.806685	0.356600	0.000000
-0.291430	-0.100327	0.000000
-0.543948	0.779679	0.000000
0.812047	0.777741	0.000000
-0.395773	-0.607537	0.000000
0.794501	0.724770	0.000000
-0.206268	-0.544101	0.000000
0.352887	0.148629	0.000000
0.409044	0.002720	0.000000
0.261996	0.372900	0.000000
-0.559028	0.390494	0.000000
-0.416952	-0.140869	0.000000
0.455332	0.241466	0.000000
0.195426	-0.238565	0.000000
0.723859	0.414724	0.000000
0.236460	0.360719	0.000000
0.432249	0.738264	0.000000
0.637014	0.718037	0.000000
0.622586	0.061152	0.000000
0.093350	0.207620	0.000000
-0.874648	0.219022	0.000000
0.150602	0.738528	0.000000
0.489919	0.399685	0.000000
-0.545060	-0.545681	0.000000
0.611280	-0.021383	0.000000
0.085364	0.487539	0.000000
-0.220459	-0.537885	0.000000
0.309314	0.626327	0.000000
-0.350494	0.537747	0.000000
0.102464	0.656029	0.000000
0.073999	0.130652	0.000000
0.103077	0.805397	0.000000
0.309361	-0.320207	0.000000
0.350672	-0.361555	0.000000
-0.723772	0.846037	0.000000
0.199543	-0.018458	0.000000
0.775333	0.556203	0.000000
0.670862	-0.443185	0.000000
0.269141	0.007356	0.000000
0.212210	0.204835	0.000000
-0.437171	-0.213403	0.000000
0.684354	-0.360884	0.000000
0.088915	-0.039832	0.000000
0.368537	-0.231855	0.000000
-0.527850	-0.457996	0.000000
0.583499	0.587425	0.000000
0.514577	0.543761	0.000000
-0.389209	0.403353	0.000000
0.433485	0.570608	0.000000
0.008090	0.693043	0.000000
-0.766798	0.925776	0.000000
0.027462	-0.125832	0.000000
0.164709	0.562237	0.000000
-0.490230	-0.182774	0.000000
-0.396512	-0.777996	0.000000
-0.233056	-0.413437	0.000000
-0.351324	-0.099771	0.000000
0.493824	0.575953	0.000000
0.491956	-0.562941	0.000000
-0.604864	-0.590602	0.000000
-0.699372	0.892983	0.000000
0.284586	-0.502612	0.000000
-0.306030	-0.402593	0.000000
-0.671493	0.881224	0.000000
0.681538	0.503573	0.000000
-0.264205	0.458442	0.000000
0.315121	0.343223	0.000000
0.491089	0.003007	0.000000
0.844729	0.568114	0.000000
0.684913	0.559035	0.000000
-0.408743	-0.394819	0.000000
-0.204337	0.454812	0.000000
0.778775	0.533769	0.000000
-0.630691	-0.395603	0.000000
-0.354458	0.058846	0.000000
-0.348625	-0.612478	0.000000
-0.498360	0.552631	0.000000
0.226259	0.826154	0.000000
-0.819781	0.391808	0.000000
-0.071369	-0.572553	0.000000
0.467110	-0.094009	0.000000
0.123204	0.597868	0.000000
-0.954367	0.438605	0.000000
-0.859636	0.833719	0.000000
0.183301	0.703098	0.000000
-0.181795	-0.405765	0.000000
0.309685	0.193153	0.000000
0.439548	-0.537495	0.000000
0.759651	0.499513	0.000000
-0.119826	-0.358720	0.000000
0.654542	0.558811	0.000000
-0.943218	0.913055	0.000000
-0.821163	0.236043	0.000000
0.716315	0.319109	0.000000
-0.104345	0.632919	0.000000
-0.388759	-0.356031	0.000000
0.025857	0.475204	0.000000
0.182334	-0.216931	0.000000
0.425821	0.742011	0.000000
-0.115058	-0.318451	0.000000
0.326126	0.573944	0.000000
0.053105	0.216334	0.000000
0.895652	0.752315	0.000000
-0.842947	0.959783	0.000000
-0.762069	0.959230	0.000000
-0.649221	-0.319544	0.000000
-0.064732	0.704013	0.000000
-0.459482	0.045552	0.000000
0.180073	0.851326	0.000000
0.363373	0.107466	0.000000
-0.803687	0.820349	0.000000
-0.060881	0.191566	0.000000
0.716390	0.451949	0.000000
-0.561083	-0.830250	0.000000
0.636359	0.647007	0.000000
0.800450	0.563460	0.000000
-0.357642	0.653356	0.000000
-0.615617	0.218453	0.000000
0.087115	-0.103011	0.000000
-0.965718	0.931512	0.000000
0.424639	-0.211005	0.000000
-0.207504	0.157261	0.000000
-0.457738	0.815307	0.000000
0.545757	-0.515750	0.000000
0.370991	-0.577449	0.000000
-0.041196	0.345327	0.000000
0.455786	-0.208739	0.000000
0.957380	0.743765	0.000000
0.033638	0.547006	0.000000
0.562505	0.372576	0.000000
0.496609	0.062719	0.000000
0.464862	0.111211	0.000000
-0.605710	-0.180456	0.000000
0.019419	0.752762	0.000000
-0.299267	-0.454373	0.000000
-0.530415	0.750771	0.000000
-0.377234	0.490763	0.000000
-0.057141	0.083675	0.000000
0.308459	-0.378799	0.000000
0.514962	0.016247	0.000000
-0.560408	0.569852	0.000000
0.579586	0.445489	0.000000
-0.401435	-0.677391	0.000000
0.707149	-0.348363	0.000000
-0.033148	-0.144432	0.000000
-0.267391	0.484942	0.000000
-0.733439	0.610811	0.000000
-0.055215	-0.042745	0.000000
-0.450316	-0.010176	0.000000
-0.473617	0.524959	0.000000
-0.082213	-0.200275	0.000000
-0.154888	0.314375	0.000000
0.066800	-0.097361	0.000000
0.016789	0.698521	0.000000
-0.478928	0.540264	0.000000
-0.654477	-0.402314	0.000000
-0.820730	0.744253	0.000000
-0.441431	0.543822	0.000000
-0.218789	0.430867	0.000000
0.770790	-0.351282	0.000000
0.702950	0.667896	0.000000
-0.587026	-0.464554	0.000000
0.800072	0.398687	0.000000
0.811898	0.252771	0.000000
0.046263	0.263544	0.000000
0.430177	-0.449119	0.000000
0.030274	0.716883	0.000000
-0.145464	-0.133212	0.000000
0.229095	0.735213	0.000000
-0.570047	-0.581246	0.000000
-0.726423	0.191744	0.000000
0.094324	0.179468	0.000000
0.537804	-0.019264	0.000000
0.341560	0.741326	0.000000
-0.381019	0.061545	0.000000
-0.264781	0.442907	0.000000
-0.586354	0.591422	0.000000
-0.042413	-0.358665	0.000000
-0.530246	-0.181999	0.000000
-0.312762	-0.387032	0.000000
0.462365	-0.632769	0.000000
-0.526022	0.767018	0.000000
-0.604213	0.702923	0.000000
-0.489985	0.853584	0.000000
0.010140	0.577285	0.000000
-0.864607	0.927949	0.000000
0.050929	-0.493644	0.000000
0.779247	0.452958	0.000000
0.842670	0.618254	0.000000
-0.775617	0.294369	0.000000
0.870548	0.683159	0.000000
-0.500344	0.388342	0.000000
0.795108	0.580693	0.000000
-0.859055	0.406832	0.000000
0.452399	0.496930	0.000000
-0.184909	0.656515	0.000000
0.214943	-0.000163	0.000000
0.111182	-0.085310	0.000000
0.654796	-0.387768	0.000000
0.355500	0.335436	0.000000
0.172679	0.564964	0.000000
-0.811098	0.788118	0.000000
-0.193839	0.734059	0.000000
0.477361	-0.623839	0.000000
0.122652	-0.136851	0.000000
0.143064	-0.195983	0.000000
-0.359345	0.510276	0.000000
0.449946	0.663914	0.000000
-0.024940	-0.007697	0.000000
0.319738	-0.296541	0.000000
-0.770280	0.649651	0.000000
-0.455751	0.859418	0.000000
-0.824807	0.321204	0.000000
-0.089419	-0.088517	0.000000
0.468106	0.509319	0.000000
-0.054388	0.474948	0.000000
-0.329727	0.787323	0.000000
0.436918	-0.037688	0.000000
-0.096972	0.070265	0.000000
-0.746961	0.500566	0.000000
0.453989	0.651656	0.000000
0.211232	0.651586	0.000000
0.615847	0.043451	0.000000
-0.380035	0.158814	0.000000
0.406346	0.134169	0.000000
0.643443	0.736274	0.000000
-0.206869	0.692720	0.000000
-0.352885	0.212607	0.000000
-0.297159	0.778000	0.000000
-0.593452	-0.957089	0.000000
0.844189	0.729495	0.000000
0.808257	0.366180	0.000000
-0.157404	-0.006697	0.000000
-0.842927	0.206284	0.000000
-0.470552	-0.940674	0.000000
0.558123	0.744418	0.000000
-0.728471	0.086463	0.000000
0.166538	0.219761	0.000000
-0.059521	-0.481913	0.000000
-0.285438	0.691955	0.000000
-0.084256	0.237896	0.000000
-0.908095	0.757720	0.000000
0.202572	0.342457	0.000000
-0.778502	0.052624	0.000000
0.761775	0.815015	0.000000
0.666598	-0.366290	0.000000
-0.258235	0.724982	0.000000
0.032050	-0.055622	0.000000
0.042534	0.519354	0.000000
-0.306614	-0.542663	0.000000
-0.607759	0.444928	0.000000
-0.562914	-0.927978	0.000000
-0.121662	-0.292939	0.000000
-0.140286	0.147178	0.000000
0.547818	0.124278	0.000000
0.300341	0.235473	0.000000
0.328838	-0.009524	0.000000
-0.302008	-0.183713	0.000000
-0.152011	-0.151798	0.000000
0.909125	0.710464	0.000000
-0.769616	0.501743	0.000000
0.599948	0.460529	0.000000
-0.311665	0.187443	0.000000
0.887399	0.801627	0.000000
-0.329297	0.154035	0.000000
0.085923	0.791010	0.000000
-0.120503	-0.118885	0.000000
0.739909	0.809014	0.000000
-0.869200	0.627447	0.000000
-0.021060	0.615928	0.000000
-0.017175	-0.123529	0.000000
0.717908	-0.520846	0.000000
-0.396866	-0.823486	0.000000
-0.648333	-0.074085	0.000000
0.771009	0.513504	0.000000
0.497371	0.207594	0.000000
-0.151633	-0.640010	0.000000
-0.227692	0.162658	0.000000
0.516494	0.431809	0.000000
-0.715907	0.893040	0.000000
-0.210492	0.242711	0.000000
0.324325	0.266755	0.000000
-0.317116	-0.857604	0.000000
-0.448854	-0.165469	0.000000
-0.692840	0.031048	0.000000
-0.521316	-0.169062	0.000000
0.090393	0.526966	0.000000
-0.795183	0.740178	0.000000
0.686341	0.780969	0.000000
0.310879	0.436799	0.000000
0.598198	-0.409742	0.000000
-0.555855	0.388896	0.000000
-0.002177	0.474132	0.000000
-0.727367	0.613345	0.000000
-0.166465	-0.536257	0.000000
-0.496028	-0.546695	0.000000
-0.844848	0.854711	0.000000
-0.663720	0.363274	0.000000
0.552178	0.387659	0.000000
0.240681	-0.418889	0.000000
-0.732168	0.518704	0.000000
0.737560	0.364180	0.000000
0.346679	-0.130056	0.000000
0.569746	-0.020142	0.000000
0.654899	0.762073	0.000000
-0.296356	-0.689425	0.000000
0.015700	-0.081837	0.000000
0.830039	-0.595880	0.000000
0.131919	-0.178456	0.000000
-0.604621	-0.669736	0.000000
-0.084476	-0.077852	0.000000
-0.083918	0.282289	0.000000
0.354267	0.168700	0.000000
0.551302	0.259635	0.000000
0.611460	0.615160	0.000000
0.152051	-0.133640	0.000000
0.815804	0.321386	0.000000
0.041116	-0.051770	0.000000
-0.334056	-0.122022	0.000000
0.342591	-0.117692	0.000000
0.553302	0.574688	0.000000
-0.646542	-0.826978	0.000000
0.494298	-0.238703	0.000000
-0.796383	0.164023	0.000000
-0.707415	0.485883	0.000000
0.651367	0.691808	0.000000
-0.260478	-0.598617	0.000000
0.793991	0.720852	0.000000
-0.640346	-0.022648	0.000000
0.171269	0.713405	0.000000
0.450755	-0.359111	0.000000
-0.092185	0.639605	0.000000
-0.163002	0.470029	0.000000
0.619323	0.265116	0.000000
0.639023	0.581414	0.000000
-0.130418	-0.442452	0.000000
0.443525	-0.483313	0.000000
0.651322	0.372406	0.000000
-0.508262	0.875278	0.000000
0.403035	0.466244	0.000000
-0.934608	0.882303	0.000000
-0.095686	0.174688	0.000000
0.331554	-0.299125	0.000000
0.344624	0.103521	0.000000
-0.108211	0.377414	0.000000
0.338776	-0.170502	0.000000
0.594962	-0.022533	0.000000
-0.494478	-0.009675	0.000000
0.530235	0.206934	0.000000
-0.573019	-0.187086	0.000000
-0.540669	0.801863	0.000000
0.905337	0.810203	0.000000
-0.435889	-0.831686	0.000000
0.670966	-0.471135	0.000000
-0.312569	0.711508	0.000000
0.117359	0.124987	0.000000
-0.799541	0.323114	0.000000
0.846751	-0.607487	0.000000
-0.187116	-0.595249	0.000000
-0.390493	-0.376055	0.000000
0.699421	0.496773	0.000000
-0.371447	0.656896	0.000000
-0.240140	0.439745	0.000000
0.487446	-0.356761	0.000000
0.788506	0.661495	0.000000
0.742532	0.244038	0.000000
0.503290	-0.035531	0.000000
-0.492768	0.741146	0.000000
0.277987	0.918079	0.000000
-0.203032	0.156571	0.000000
0.286250	0.132155	0.000000
0.815592	0.711272	0.000000
0.128800	0.834547	0.000000
-0.189859	-0.663457	0.000000
0.799063	0.827728	0.000000
0.425478	-0.164928	0.000000
-0.481912	0.472654	0.000000
0.449869	0.036308	0.000000
0.115368	-0.094697	0.000000
0.123172	0.542882	0.000000
-0.381550	-0.144956	0.000000
-0.048776	0.604364	0.000000
0.584335	-0.312941	0.000000
0.382797	0.143530	0.000000
0.471986	-0.432102	0.000000
0.297416	0.291523	0.000000
0.221771	0.094906	0.000000
0.585402	-0.509146	0.000000
0.871160	0.703674	0.000000
-0.310514	-0.042480	0.000000
0.731887	0.533957	0.000000
-0.279839	0.008713	0.000000
-0.095338	0.125795	0.000000
-0.268782	-0.818808	0.000000
0.535036	0.166304	0.000000
-0.395710	-0.145119	0.000000
0.951955	0.755292	0.000000
-0.324406	-0.305180	0.000000
-0.661397	0.720700	0.000000
-0.096149	0.627773	0.000000
0.134737	0.328149	0.000000
0.830462	0.816749	0.000000
0.242443	0.561288	0.000000
-0.792536	0.949807	0.000000
0.716553	0.608555	0.000000
-0.241924	-0.141818	0.000000
0.234095	0.361463	0.000000
0.622688	0.457263	0.000000
-0.029862	0.413188	0.000000
-0.980531	0.878950	0.000000
0.909549	0.518550	0.000000
0.214878	0.630291	0.000000
0.623157	0.198545	0.000000
-0.324390	0.548105	0.000000
0.213821	-0.115904	0.000000
0.293183	0.012705	0.000000
0.411637	0.797208	0.000000
0.320146	0.216119	0.000000
0.604096	0.553506	0.000000
0.098231	0.354687	0.000000
0.860088	0.550963	0.000000
-0.626984	0.771784	0.000000
0.698890	-0.370172	0.000000
-0.415221	0.426134	0.000000
0.331141	-0.216288	0.000000
-0.086453	0.085099	0.000000
0.608664	-0.010664	0.000000
-0.209686	-0.579222	0.000000
-0.383906	0.318743	0.000000
-0.412781	0.496452	0.000000
0.697657	0.702354	0.000000
0.282087	-0.304116	0.000000
0.211084	-0.023991	0.000000
0.603052	0.694727	0.000000
0.826566	0.789222	0.000000
-0.415595	0.262069	0.000000
-0.116640	0.382498	0.000000
-0.846820	0.282952	0.000000
-0.606102	-0.387788	0.000000
-0.985350	0.704481	0.000000
0.416164	0.579835	0.000000
0.614497	-0.597756	0.000000
0.023210	-0.099757	0.000000
0.794448	-0.520179	0.000000
0.145142	0.357028	0.000000
-0.280615	0.054575	0.000000
0.526250	-0.073655	0.000000
0.639923	0.123599	0.000000
-0.409991	-0.085008	0.000000
0.520314	0.740882	0.000000
0.418981	-0.033036	0.000000
-0.348843	0.410287	0.000000
-0.064666	-0.308920	0.000000
0.499007	0.122292	0.000000
0.379761	-0.309216	0.000000
-0.387780	0.512580	0.000000
-0.014799	-0.422200	0.000000
-0.038504	-0.439054	0.000000
0.820904	0.480776	0.000000
0.239505	0.757779	0.000000
0.356052	0.255865	0.000000
0.086474	0.319239	0.000000
0.611328	0.270642	0.000000
-0.518719	-0.163158	0.000000
-0.000220	-0.554282	0.000000
0.161389	-0.199771	0.000000
-0.557663	0.500822	0.000000
-0.511297	-0.020056	0.000000
0.118372	0.695659	0.000000
-0.746235	0.382661	0.000000
0.136300	0.602767	0.000000
0.780363	-0.531996	0.000000
0.370952	0.540003	0.000000
0.351176	0.523652	0.000000
-0.657174	-0.031589	0.000000
0.624026	0.138987	0.000000
0.323023	0.536166	0.000000
0.294221	-0.182392	0.000000
-0.539763	-0.864080	0.000000
-0.951141	0.739858	0.000000
-0.500166	-0.117063	0.000000
-0.755875	0.312794	0.000000
-0.680744	0.619435	0.000000
-0.530367	0.185262	0.000000
0.737933	-0.603844	0.000000
-0.106751	0.568390	0.000000
-0.181456	0.235686	0.000000
-0.570524	-0.708456	0.000000
0.321536	0.997915	0.000000
-0.466206	0.493503	0.000000
-0.586765	0.751126	0.000000
-0.928526	0.958579	0.000000
-0.194985	0.409394	0.000000
0.568850	0.008665	0.000000
0.813070	0.526125	0.000000
-0.184093	0.454935	0.000000
-0.302578	-0.791417	0.000000
0.425310	-0.136683	0.000000
-0.418036	0.213283	0.000000
-0.135150	-0.452626	0.000000
-0.311536	-0.036285	0.000000
0.386712	-0.031699	0.000000
0.294977	0.213473	0.000000
-0.248428	0.029404	0.000000
0.195000	0.857792	0.000000
0.298328	-0.516220	0.000000
-0.571040	-0.656836	0.000000
0.739455	-0.626880	0.000000
-0.802665	0.821732	0.000000
-0.446119	-0.167573	0.000000
0.866865	0.414273	0.000000
0.325057	0.676304	0.000000
0.154781	0.307258	0.000000
0.542290	0.516875	0.000000
0.554700	0.116397	0.000000
-0.404572	0.446923	0.000000
-0.810704	0.645727	0.000000
0.542685	0.026324	0.000000
-0.378671	0.147658	0.000000
0.531686	0.302493	0.000000
-0.376636	-0.761306	0.000000
-0.421480	0.432061	0.000000
0.387082	-0.392183	0.000000
0.789357	0.607687	0.000000
0.679604	0.704486	0.000000
-0.222134	0.369876	0.000000
-0.040147	-0.543170	0.000000
0.868835	0.581308	0.000000
0.456279	0.071163	0.000000
-0.497913	0.687259	0.000000
-0.086708	-0.489673	0.000000
-0.521328	-0.878622	0.000000
-0.549372	-0.923336	0.000000
-0.465843	0.426907	0.000000
0.754250	0.784273	0.000000
0.841698	-0.483872	0.000000
0.032344	0.730743	0.000000
0.226616	0.882210	0.000000
0.244717	0.631235	0.000000
0.522454	0.519118	0.000000
-0.926406	0.583452	0.000000
0.331812	0.640355	0.000000
0.491702	-0.586043	0.000000
0.645855	-0.363442	0.000000
-0.191840	-0.618984	0.000000
0.171142	0.195447	0.000000
0.445775	-0.280083	0.000000
0.306090	-0.474917	0.000000
0.181895	0.527965	0.000000
-0.431846	-0.168328	0.000000
-0.373605	0.396402	0.000000
-0.801879	0.693836	0.000000
-0.077891	0.008606	0.000000
0.499807	0.644765	0.000000
-0.872028	0.394358	0.000000
-0.590438	-0.392706	0.000000
0.063162	0.756258	0.000000
-0.211151	0.416887	0.000000
-0.489565	0.388872	0.000000
0.055112	0.484388	0.000000
-0.637284	0.601339	0.000000
-0.415086	0.326376	0.000000
-0.543504	0.685986	0.000000
0.605066	0.303262	0.000000
-0.295156	-0.165694	0.000000
0.305558	0.541969	0.000000
-0.055823	-0.140571	0.000000
0.053303	0.490482	0.000000
0.055835	-0.013053	0.000000
-0.279955	0.012214	0.000000
0.070713	0.219104	0.000000
-0.443346	-0.901373	0.000000
-0.302463	0.669513	0.000000
0.382286	-0.005819	0.000000
0.660882	0.592743	0.000000
-0.238940	0.676866	0.000000
-0.680729	-0.659106	0.000000
0.461005	-0.129657	0.000000
0.599299	0.648981	0.000000
-0.281724	0.079363	0.000000
0.031211	0.827580	0.000000
0.675859	-0.486475	0.000000
-0.217551	-0.683485	0.000000
-0.892417	0.350175	0.000000
-0.735900	0.844540	0.000000
0.433372	0.456651	0.000000
0.018675	-0.297056	0.000000
0.685723	0.723674	0.000000
-0.536944	0.862578	0.000000
0.853647	0.692278	0.000000
0.358414	0.003713	0.000000
0.437896	0.596254	0.000000
0.494184	0.483753	0.000000
0.117510	0.560922	0.000000
0.131465	0.536531	0.000000
-0.628862	0.926506	0.000000
0.556121	-0.401982	0.000000
-0.842386	0.445439	0.000000
-0.952240	0.736041	0.000000
0.095080	0.801203	0.000000
0.328909	0.474136	0.000000
-0.250188	0.742277	0.000000
-0.459039	0.096924	0.000000
0.468046	0.426638	0.000000
0.449126	0.183393	0.000000
-0.505236	0.487444	0.000000
0.680114	-0.017117	0.000000
-0.296459	0.479646	0.000000
-0.405710	0.775340	0.000000
0.399383	0.154374	0.000000
-0.262514	0.009432	0.000000
-0.114472	0.665734	0.000000
0.868967	0.467408	0.000000
-0.491116	0.441160	0.000000
0.047186	0.317932	0.000000
0.322716	-0.300719	0.000000
0.820454	0.714968	0.000000
-0.619494	-0.925659	0.000000
0.841788	0.474710	0.000000
0.129875	0.615045	0.000000
0.863147	-0.474838	0.000000
-0.090564	0.324816	0.000000
0.228285	0.243997	0.000000
0.583789	0.574398	0.000000
-0.459944	0.275079	0.000000
-0.138806	0.519119	0.000000
-0.516962	0.228372	0.000000
-0.816808	0.625531	0.000000
-0.594493	-0.069937	0.000000
0.518484	0.626382	0.000000
-0.212731	0.664203	0.000000
0.836114	0.788720	0.000000
0.431417	-0.425277	0.000000
-0.624500	-0.156610	0.000000
0.501211	0.308317	0.000000
0.000862	0.785955	0.000000
0.339867	0.348250	0.000000
0.385050	0.242083	0.000000
-0.075867	0.471106	0.000000
-0.475979	0.734580	0.000000
0.720756	0.489661	0.000000
0.822108	0.334700	0.000000
0.498995	0.569470	0.000000
-0.024372	0.169776	0.000000
0.407121	-0.342217	0.000000
-0.020522	-0.090580	0.000000
0.168263	0.508864	0.000000
-0.641582	0.727847	0.000000
0.808960	0.716490	0.000000
-0.768570	0.338961	0.000000
0.427315	0.119241	0.000000
-0.455346	0.736927	0.000000
-0.128059	-0.116972	0.000000
0.013620	0.740916	0.000000
0.151771	-0.162542	0.000000
-0.462574	-0.797394	0.000000
0.720236	0.869233	0.000000
-0.368059	0.582632	0.000000
0.409191	0.133578	0.000000
0.521462	0.232431	0.000000
-0.184038	-0.653133	0.000000
-0.588271	-0.472159	0.000000
0.410249	0.095346	0.000000
0.368925	-0.421292	0.000000
-0.450742	0.737560	0.000000
0.658774	-0.500280	0.000000
0.290750	-0.328454	0.000000
-0.481487	-0.836382	0.000000
0.815707	0.773605	0.000000
0.764197	0.359917	0.000000
0.571524	-0.475955	0.000000
-0.463527	0.419786	0.000000
-0.520282	-0.451652	0.000000
-0.246401	0.676212	0.000000
-0.328081	0.316815	0.000000
-0.342433	-0.629509	0.000000
-0.221050	-0.465331	0.000000
0.608530	0.476329	0.000000
-0.698244	0.657139	0.000000
-0.470916	0.630694	0.000000
-0.612941	0.805220	0.000000
0.147529	0.267822	0.000000
0.806265	0.695590	0.000000
-0.549582	-0.563660	0.000000
0.433252	-0.366631	0.000000
0.490458	0.583502	0.000000
-0.955376	0.526671	0.000000
0.806542	-0.652223	0.000000
-0.045407	-0.070271	0.000000
0.478367	-0.008302	0.000000
0.483787	0.702774	0.000000
0.335079	0.293491	0.000000
0.793292	0.844598	0.000000
-0.280689	-0.511076	0.000000
-0.302471	0.383522	0.000000
-0.379418	0.563785	0.000000
0.562391	-0.408641	0.000000
0.809107	0.603202	0.000000
-0.223888	-0.654905	0.000000
-0.054277	-0.432006	0.000000
-0.138317	-0.077302	0.000000
0.494134	0.453800	0.000000
-0.449474	-0.299696	0.000000
0.266747	0.159555	0.000000
0.360559	0.256214	0.000000
-0.212515	0.603484	0.000000
-0.549813	0.745226	0.000000
-0.138831	-0.080842	0.000000
0.318814	-0.358336	0.000000
0.425865	-0.094615	0.000000
-0.333653	-0.142731	0.000000
-0.057649	-0.606489	0.000000
0.318383	0.358500	0.000000
0.499140	0.308617	0.000000
0.367381	0.639788	0.000000
-0.461091	0.200253	0.000000
0.160712	0.524146	0.000000
0.316426	-0.070610	0.000000
0.702329	-0.333924	0.000000
0.543268	0.090311	0.000000
0.683975	0.403306	0.000000
0.538964	-0.033204	0.000000
0.737121	-0.508936	0.000000
0.250817	-0.444178	0.000000
-0.183582	-0.254757	0.000000
0.304942	0.378708	0.000000
-0.364333	-0.740475	0.000000
0.797288	0.555082	0.000000
-0.527793	-0.031036	0.000000
0.509488	0.177103	0.000000
0.212874	0.205392	0.000000
0.891975	0.688520	0.000000
0.795716	0.697841	0.000000
-0.503283	0.867573	0.000000
-0.829494	0.714075	0.000000
0.031971	-0.259199	0.000000
-0.905027	0.959369	0.000000
0.714213	0.181411	0.000000
0.105637	0.589847	0.000000
-0.173067	0.419292	0.000000
0.341867	0.392498	0.000000
0.546211	0.723067	0.000000
0.594316	0.539036	0.000000
0.531691	0.012751	0.000000
0.374677	-0.149225	0.000000
-0.924276	0.388557	0.000000
0.239592	0.377610	0.000000
0.717230	-0.663334	0.000000
-0.135353	-0.054692	0.000000
0.852070	0.386901	0.000000
0.526770	0.222094	0.000000
-0.587689	0.801364	0.000000
-0.164305	0.665870	0.000000
0.146171	-0.084940	0.000000
-0.245231	-0.339949	0.000000
-0.534359	-0.874068	0.000000
-0.083204	0.214011	0.000000
-0.400957	0.720266	0.000000
0.861053	0.411241	0.000000
0.856053	0.577916	0.000000
0.891484	0.680919	0.000000
0.607724	0.488843	0.000000
0.000872	0.113556	0.000000
0.869465	0.673632	0.000000
-0.689013	-0.017619	0.000000
0.654879	0.136782	0.000000
0.633318	-0.433968	0.000000
0.888384	0.700984	0.000000
-0.723654	-0.002721	0.000000
0.754233	0.420228	0.000000
0.783378	-0.370234	0.000000
-0.818294	0.945382	0.000000
-0.401805	0.395637	0.000000
0.116351	0.532514	0.000000
-0.201742	-0.435752	0.000000
0.417028	-0.317937	0.000000
0.375043	-0.304354	0.000000
-0.283088	0.611033	0.000000
0.460698	-0.500653	0.000000
-0.577279	-0.709487	0.000000
-0.386299	0.146815	0.000000
-0.059055	-0.086492	0.000000
-0.600325	-0.781621	0.000000
0.726498	0.066937	0.000000
-0.522595	-0.049529	0.000000
0.639267	-0.043355	0.000000
-0.853242	0.594261	0.000000
0.731309	0.677563	0.000000
-0.216304	0.149796	0.000000
-0.450271	-0.959934	0.000000
-0.315855	-0.540609	0.000000
0.713947	-0.405492	0.000000
0.326185	0.375455	0.000000
0.005454	0.600979	0.000000
0.352079	0.149614	0.000000
-0.596206	0.198467	0.000000
0.572846	-0.026101	0.000000
-0.217108	-0.111830	0.000000
0.197616	-0.061842	0.000000
0.905529	0.712995	0.000000
0.616593	-0.050751	0.000000
0.155196	0.236926	0.000000
-0.083825	-0.581743	0.000000
0.882205	0.662116	0.000000
-0.306704	0.244993	0.000000
0.715270	-0.391380	0.000000
0.709100	0.042422	0.000000
0.858085	0.552156	0.000000
0.325887	0.299875	0.000000
-0.339922	-0.142936	0.000000
-0.354502	0.325999	0.000000
-0.563786	0.811090	0.000000
-0.368715	-0.156393	0.000000
-0.879780	0.929740	0.000000
0.740907	0.721390	0.000000
-0.030141	0.546379	0.000000
-0.192925	-0.096694	0.000000
-0.791822	0.944794	0.000000
0.756563	-0.537371	0.000000
0.188046	0.537352	0.000000
0.191947	0.107330	0.000000
0.360850	0.490609	0.000000
0.019592	-0.340081	0.000000
0.038440	-0.348731	0.000000
-0.134201	-0.567476	0.000000
0.004895	0.318513	0.000000
-0.154591	-0.137079	0.000000
-0.884048	0.635382	0.000000
-0.027789	0.561443	0.000000
0.352677	0.094554	0.000000
0.659540	0.124745	0.000000
0.738511	0.676889	0.000000
0.038108	-0.279271	0.000000
0.217056	0.541727	0.000000
0.332861	0.293442	0.000000
0.861728	-0.566872	0.000000
0.293626	0.941518	0.000000
-0.672802	0.613594	0.000000
-0.608089	0.162606	0.000000
-0.523569	0.358429	0.000000
-0.516527	-0.992632	0.000000
-0.249361	0.420677	0.000000
-0.612331	-0.255726	0.000000
-0.252887	0.344715	0.000000
-0.274814	-0.502758	0.000000
0.449120	0.415642	0.000000
0.116679	0.388810	0.000000
0.537239	0.373573	0.000000
0.921337	0.517535	0.000000
0.310787	0.499102	0.000000
0.585026	0.305205	0.000000
-0.131500	-0.149252	0.000000
-0.535130	0.384552	0.000000
0.475894	-0.254508	0.000000
-0.260592	-0.655149	0.000000
0.337690	0.715293	0.000000
-0.324000	-0.800126	0.000000
0.002581	0.273985	0.000000
0.035373	0.582250	0.000000
0.087567	0.554795	0.000000
0.431316	-0.158519	0.000000
-0.086955	0.000423	0.000000
-0.560354	0.025084	0.000000
-0.711429	-0.030661	0.000000
0.287941	0.202380	0.000000
-0.106875	0.601283	0.000000
-0.157544	0.367213	0.000000
-0.679067	0.112848	0.000000
-0.576645	-0.179702	0.000000
-0.358028	0.076156	0.000000
-0.676886	-0.073035	0.000000
-0.416014	0.610716	0.000000
-0.011145	0.576400	0.000000
-0.314834	-0.479566	0.000000
-0.361367	0.057768	0.000000
-0.367414	-0.004004	0.000000
0.943123	0.753658	0.000000
0.291360	0.229478	0.000000
0.693408	0.793333	0.000000
0.290334	0.138819	0.000000
0.178306	0.045062	0.000000
-0.104669	-0.543318	0.000000
0.078761	0.305085	0.000000
-0.786591	0.919570	0.000000
0.174193	-0.044023	0.000000
-0.042556	-0.491763	0.000000
0.661624	-0.489961	0.000000
-0.192645	0.081204	0.000000
0.483029	0.090387	0.000000
0.778296	0.292861	0.000000
-0.218846	0.747471	0.000000
0.044714	-0.068099	0.000000
-0.649196	0.574521	0.000000
-0.669800	-0.574176	0.000000
-0.458902	-0.423971	0.000000
-0.561951	0.164462	0.000000
0.485573	0.171716	0.000000
-0.526781	0.717459	0.000000
0.925937	0.625283	0.000000
-0.255627	-0.445190	0.000000
0.286702	0.401230	0.000000
0.707207	0.459898	0.000000
0.842582	0.815474	0.000000
0.285159	-0.299034	0.000000
0.269932	0.211601	0.000000
0.273878	0.225462	0.000000
-0.358345	-0.195388	0.000000
0.127863	-0.426531	0.000000
0.595574	0.785051	0.000000
-0.467503	-0.780895	0.000000
-0.311131	-0.134510	0.000000
0.165126	0.313296	0.000000
-0.312919	0.166559	0.000000
0.355546	-0.256513	0.000000
-0.896524	0.675164	0.000000
0.578667	0.165925	0.000000
0.089500	0.621214	0.000000
0.294650	-0.132352	0.000000
0.104993	-0.044300	0.000000
0.015536	-0.074076	0.000000
-0.500070	-0.660390	0.000000
0.099479	-0.324752	0.000000
0.681244	0.496268	0.000000
-0.237222	0.689852	0.000000
0.900373	0.717837	0.000000
0.547697	0.041731	0.000000
-0.114327	0.260284	0.000000
0.157268	0.029868	0.000000
0.472981	0.436756	0.000000
0.635814	-0.411513	0.000000
0.855452	-0.564683	0.000000
-0.032713	0.049606	0.000000
0.846350	0.459360	0.000000
0.510169	0.380738	0.000000
-0.237876	0.728375	0.000000
-0.608436	0.866958	0.000000
0.273746	-0.286560	0.000000
-0.058947	-0.411181	0.000000
0.011378	-0.087872	0.000000
-0.438386	0.264775	0.000000
0.619198	0.668643	0.000000
-0.830298	0.578516	0.000000
-0.862572	0.581918	0.000000
-0.323294	0.106043	0.000000
0.076326	-0.057687	0.000000
-0.304878	0.720134	0.000000
0.125875	0.626386	0.000000
-0.298762	-0.153088	0.000000
-0.471923	-0.434257	0.000000
-0.190931	0.505262	0.000000
0.724325	-0.567934	0.000000
-0.311725	0.384967	0.000000
0.267823	0.776452	0.000000
0.898029	0.533945	0.000000
0.130469	-0.234011	0.000000
0.146612	0.470563	0.000000
0.180490	-0.107529	0.000000
-0.016736	0.365842	0.000000
0.664415	0.309912	0.000000
0.304277	-0.465023	0.000000
-0.403200	-0.864668	0.000000
0.047537	-0.098907	0.000000
0.056398	0.762259	0.000000
-0.365661	-0.865264	0.000000
-0.784813	0.842378	0.000000
-0.696783	0.589429	0.000000
0.315260	0.577421	0.000000
-0.370205	0.489682	0.000000
0.518902	0.042119	0.000000
-0.553139	0.264883	0.000000
0.118521	0.411697	0.000000
-0.261461	-0.369313	0.000000
0.176977	0.037894	0.000000
0.942489	0.552815	0.000000
-0.301584	-0.112272	0.000000
0.234925	-0.433036	0.000000
0.551454	0.537061	0.000000
-0.465911	-0.781457	0.000000
-0.581383	-0.965644	0.000000
-0.519167	-0.964496	0.000000
-0.319199	0.748563	0.000000
0.330360	0.200591	0.000000
0.202807	-0.379541	0.000000
0.277890	0.967824	0.000000
-0.247808	-0.096708	0.000000
-0.936786	0.676642	0.000000
-0.826871	0.281306	0.000000
0.746832	0.680328	0.000000
0.638641	0.506976	0.000000
0.778124	0.588639	0.000000
-0.124808	0.483891	0.000000
-0.020266	0.475169	0.000000
-0.596916	0.827047	0.000000
0.694892	0.733455	0.000000
0.353162	-0.333433	0.000000
0.882649	0.498717	0.000000
0.822720	0.803555	0.000000
-0.599723	0.789736	0.000000
0.389296	-0.414953	0.000000
0.812754	0.728030	0.000000
0.861071	0.718806	0.000000
0.351388	0.269935	0.000000
0.080177	0.280343	0.000000
-0.048503	0.090531	0.000000
-0.951708	0.685987	0.000000
0.664476	0.575011	0.000000
0.012603	0.513603	0.000000
0.433814	-0.400553	0.000000
0.233124	0.644748	0.000000
-0.746326	0.521340	0.000000
0.530468	0.579866	0.000000
0.143598	0.344837	0.000000
0.539332	0.371014	0.000000
-0.078468	0.431485	0.000000
0.700676	0.768976	0.000000
-0.213932	0.470055	0.000000
-0.816643	0.651789	0.000000
-0.547747	-0.955273	0.000000
0.491866	0.204017	0.000000
0.501467	0.385794	0.000000
0.553076	-0.042018	0.000000
0.599506	-0.638704	0.000000
0.389776	0.082683	0.000000
0.238341	0.010728	0.000000
-0.339553	0.710751	0.000000
-0.834243	0.627538	0.000000
-0.749602	0.560984	0.000000
0.317557	-0.589036	0.000000
0.660066	0.282098	0.000000
0.178097	-0.415158	0.000000
0.698493	-0.652911	0.000000
-0.238223	-0.531838	0.000000
-0.717521	0.308502	0.000000
0.594372	-0.623841	0.000000
0.057057	0.407321	0.000000
-0.857432	0.785657	0.000000
0.535689	0.774501	0.000000
0.357177	0.253463	0.000000
-0.496149	0.541457	0.000000
0.641811	0.238392	0.000000
-0.507030	-0.558521	0.000000
0.407611	0.515892	0.000000
0.440574	-0.183674	0.000000
0.316942	0.459504	0.000000
-0.775680	0.025625	0.000000
0.569448	-0.348391	0.000000
0.080414	0.267766	0.000000
-0.148576	-0.529125	0.000000
0.554883	0.460988	0.000000
-0.674939	0.899625	0.000000
0.480410	-0.121663	0.000000
0.522373	0.508714	0.000000
-0.294985	0.467710	0.000000
0.398422	0.222684	0.000000
-0.007882	-0.057135	0.000000
0.494044	0.069557	0.000000
0.695038	0.349161	0.000000
0.534852	0.296541	0.000000
0.476474	-0.043191	0.000000
-0.258600	-0.717875	0.000000
-0.679227	-0.059309	0.000000
0.605249	0.603190	0.000000
0.202509	-0.366574	0.000000
-0.149856	-0.462300	0.000000
0.767987	0.789633	0.000000
-0.207088	-0.318034	0.000000
-0.186585	0.685002	0.000000
-0.224297	0.451386	0.000000
0.367885	0.434663	0.000000
0.623290	0.004822	0.000000
0.010519	-0.229912	0.000000
-0.748724	0.722223	0.000000
0.283846	0.247389	0.000000
-0.711738	0.886612	0.000000
-0.076110	-0.069651	0.000000
-0.272300	0.204085	0.000000
-0.129157	0.603640	0.000000
-0.922747	0.859778	0.000000
0.495400	0.112129	0.000000
-0.740098	0.873868	0.000000
0.249010	0.566832	0.000000
-0.019214	-0.063855	0.000000
-0.548246	-0.960652	0.000000
0.810010	0.616943	0.000000
0.477391	-0.230511	0.000000
-0.344370	-0.286343	0.000000
-0.228436	-0.143863	0.000000
-0.425221	-0.933350	0.000000
-0.844638	0.312162	0.000000
0.136499	-0.088761	0.000000
0.452684	-0.462923	0.000000
-0.349414	0.457224	0.000000
-0.546098	0.645756	0.000000
0.003409	0.764564	0.000000
0.849630	0.594320	0.000000
-0.805123	0.322669	0.000000
-0.114051	-0.567920	0.000000
0.477128	-0.518680	0.000000
0.481144	0.010309	0.000000
-0.032994	0.302044	0.000000
0.422627	0.102926	0.000000
0.409515	-0.350434	0.000000
0.682251	-0.537790	0.000000
-0.376718	0.031842	0.000000
0.869682	0.475083	0.000000
-0.385104	0.797440	0.000000
-0.696041	0.932782	0.000000
-0.474256	0.044151	0.000000
0.845747	-0.523512	0.000000
0.004916	0.751141	0.000000
-0.118309	-0.306421	0.000000
0.821031	0.748892	0.000000
0.805593	-0.595253	0.000000
0.659953	0.194112	0.000000
0.316690	0.941999	0.000000
-0.319625	0.165208	0.000000
0.300302	-0.173401	0.000000
0.671614	0.533237	0.000000
0.591530	0.052589	0.000000
0.320575	0.135903	0.000000
0.530096	0.688137	0.000000
0.196936	-0.093535	0.000000
-0.042928	0.615746	0.000000
0.709978	-0.600121	0.000000
0.468550	0.331979	0.000000
-0.599845	-0.176958	0.000000
-0.400325	-0.637383	0.000000
-0.593893	-0.871164	0.000000
-0.153524	0.735221	0.000000
-0.273743	-0.304083	0.000000
-0.653063	-0.565155	0.000000
0.133712	0.622231	0.000000
-0.219958	0.116753	0.000000
0.430553	0.388387	0.000000
0.133410	0.575873	0.000000
-0.629119	-0.352387	0.000000
-0.137469	0.322055	0.000000
0.980946	0.682359	0.000000
-0.285432	0.083183	0.000000
-0.592941	0.832366	0.000000
-0.125253	-0.247365	0.000000
-0.169323	-0.157965	0.000000
-0.704721	0.498371	0.000000
0.705033	0.471410	0.000000
-0.505435	-0.723063	0.000000
-0.925810	0.923279	0.000000
-0.544529	-0.170324	0.000000
-0.571452	0.300429	0.000000
0.788513	0.656460	0.000000
-0.702230	0.352586	0.000000
-0.196619	-0.746760	0.000000
0.714292	0.406092	0.000000
0.556633	-0.375088	0.000000
-0.112982	-0.534418	0.000000
-0.583872	0.248318	0.000000
0.539366	0.553520	0.000000
-0.292780	0.778817	0.000000
-0.474570	0.317698	0.000000
0.351446	-0.008641	0.000000
0.790756	0.284304	0.000000
0.617937	0.735524	0.000000
-0.053469	0.507898	0.000000
-0.501726	-0.314989	0.000000
-0.677419	0.858656	0.000000
0.659465	-0.615125	0.000000
0.485140	-0.028762	0.000000
0.396561	0.142671	0.000000
0.024873	0.798376	0.000000
0.431015	-0.551570	0.000000
0.404257	-0.177822	0.000000
0.982616	0.773657	0.000000
0.628471	0.792622	0.000000
0.752136	-0.519993	0.000000
-0.408078	0.812743	0.000000
0.091175	-0.307753	0.000000
0.458481	-0.246206	0.000000
0.633823	0.843065	0.000000
0.493779	0.718698	0.000000
-0.163135	0.694676	0.000000
0.537400	0.191791	0.000000
0.857779	0.750561	0.000000
0.598520	-0.404688	0.000000
0.589131	0.225330	0.000000
0.397523	0.690228	0.000000
0.188823	0.413635	0.000000
0.495509	0.318314	0.000000
-0.840603	0.738230	0.000000
0.694051	0.704279	0.000000
-0.379693	-0.188184	0.000000
0.597853	0.344473	0.000000
-0.624842	0.760121	0.000000
0.372579	0.069118	0.000000
0.206396	-0.255881	0.000000
-0.354309	0.152640	0.000000
-0.287994	0.486784	0.000000
-0.573781	0.289195	0.000000
0.247668	0.710995	0.000000
-0.322231	-0.865687	0.000000
0.018780	-0.245300	0.000000
0.848530	0.543385	0.000000
-0.004950	0.686424	0.000000
-0.820165	0.266333	0.000000
0.238065	0.113304	0.000000
0.376280	-0.067373	0.000000
0.270722	0.639959	0.000000
0.409440	-0.255495	0.000000
0.016444	-0.342289	0.000000
0.524509	0.427696	0.000000
-0.014917	-0.046277	0.000000
-0.692175	0.298918	0.000000
0.409721	-0.356300	0.000000
-0.427348	0.835872	0.000000
-0.970952	0.742037	0.000000
-0.264024	0.705937	0.000000
0.228163	-0.091112	0.000000
0.468797	-0.436549	0.000000
-0.182881	0.739947	0.000000
0.715057	0.487932	0.000000
0.512401	0.652999	0.000000
0.599673	0.533619	0.000000
0.506713	0.238045	0.000000
0.187207	0.105384	0.000000
-0.708674	-0.054369	0.000000
0.829250	-0.475223	0.000000
-0.426389	-0.067852	0.000000
0.352091	0.324076	0.000000
-0.349925	-0.145632	0.000000
-0.326050	0.412284	0.000000
-0.655548	-0.811456	0.000000
-0.223202	-0.451592	0.000000
0.682272	0.669394	0.000000
0.330911	0.189327	0.000000
-0.342944	0.135718	0.000000
0.556510	-0.044897	0.000000
0.613175	0.466135	0.000000
-0.912853	0.775734	0.000000
0.366958	0.626946	0.000000
-0.709977	0.108511	0.000000
-0.262782	-0.318736	0.000000
0.351330	0.454762	0.000000
0.279713	-0.317520	0.000000
-0.266008	0.697557	0.000000
0.534336	0.073298	0.000000
0.987927	0.756407	0.000000
0.057805	0.806925	0.000000
-0.307116	0.700200	0.000000
0.486133	-0.654769	0.000000
0.341658	-0.471308	0.000000
0.407328	0.023578	0.000000
0.752792	-0.519494	0.000000
-0.784729	0.928332	0.000000
0.798908	0.703593	0.000000
-0.436538	-0.532780	0.000000
0.290345	-0.168255	0.000000
0.166550	0.069822	0.000000
0.319471	-0.304751	0.000000
-0.620207	0.559743	0.000000
-0.239924	-0.574513	0.000000
0.698600	0.068813	0.000000
0.327299	0.261087	0.000000
-0.663888	-0.500890	0.000000
0.847459	0.507243	0.000000
0.135650	-0.416038	0.000000
0.667925	0.423605	0.000000
0.608940	-0.580670	0.000000
-0.104143	-0.286910	0.000000
0.463268	-0.049265	0.000000
-0.347096	0.371970	0.000000
0.765538	-0.567161	0.000000
0.381095	0.185453	0.000000
0.173057	-0.016910	0.000000
-0.423871	-0.163363	0.000000
0.217460	-0.353759	0.000000
0.359398	0.487090	0.000000
0.694789	0.353464	0.000000
-0.166920	-0.112138	0.000000
-0.484529	0.680903	0.000000
-0.650552	-0.538321	0.000000
0.728943	0.241974	0.000000
0.189268	0.574305	0.000000
0.586186	-0.552326	0.000000
-0.120667	0.697638	0.000000
0.744225	0.421012	0.000000
0.639871	0.654114	0.000000
-0.469831	-0.690865	0.000000
0.778781	0.773982	0.000000
0.232617	0.120817	0.000000
0.886012	0.664146	0.000000
0.718654	0.599305	0.000000
0.180115	0.621156	0.000000
0.239490	-0.427012	0.000000
0.478568	-0.107531	0.000000
0.670903	0.239751	0.000000
-0.745529	0.656251	0.000000
0.844801	0.707715	0.000000
-0.024157	-0.293368	0.000000
0.809170	0.827411	0.000000
0.666770	0.764277	0.000000
0.560188	0.108126	0.000000
-0.444324	-0.724157	0.000000
-0.714174	0.888704	0.000000
0.058344	-0.002596	0.000000
-0.559387	-0.083198	0.000000
-0.021564	0.771574	0.000000
0.185951	0.642885	0.000000
0.419857	0.290948	0.000000
0.089016	0.388954	0.000000
-0.291264	0.645385	0.000000
-0.419268	-0.273641	0.000000
-0.494025	0.361461	0.000000
0.358024	0.545874	0.000000
0.794619	0.740899	0.000000
-0.975746	0.866491	0.000000
0.506913	-0.510940	0.000000
-0.144107	-0.196618	0.000000
-0.316264	-0.207351	0.000000
-0.375212	-0.373176	0.000000
-0.628808	0.733358	0.000000
-0.328484	0.400524	0.000000
-0.654287	0.897677	0.000000
0.606598	0.573751	0.000000
0.817012	-0.612861	0.000000
0.219656	-0.211059	0.000000
0.612511	-0.315078	0.000000
0.476686	0.216689	0.000000
0.352119	-0.192918	0.000000
-0.785736	0.887782	0.000000
-0.279866	-0.300194	0.000000
-0.947599	0.672308	0.000000
0.565915	-0.426145	0.000000
-0.700523	0.412666	0.000000
0.113768	0.760009	0.000000
0.061174	0.408846	0.000000
0.064960	0.196894	0.000000
0.575771	0.803614	0.000000
-0.199197	0.459777	0.000000
0.797313	0.595610	0.000000
-0.603566	-0.675416	0.000000
0.402160	0.546121	0.000000
0.185060	0.813887	0.000000
0.298376	-0.013280	0.000000
0.668774	0.339669	0.000000
0.962874	0.690681	0.000000
0.394831	0.304734	0.000000
-0.020766	0.335345	0.000000
0.452662	-0.408542	0.000000
-0.860115	0.419234	0.000000
0.088231	-0.181820	0.000000
0.357593	0.046184	0.000000
0.075456	0.491397	0.000000
-0.152663	-0.116806	0.000000
0.629879	0.024756	0.000000
-0.370305	-0.580314	0.000000
-0.853051	0.763300	0.000000
-0.191132	-0.165934	0.000000
0.434061	0.099072	0.000000
-0.341943	0.025594	0.000000
-0.955655	0.854895	0.000000
-0.801686	0.372058	0.000000
0.460015	0.162754	0.000000
0.184212	0.918372	0.000000
0.954854	0.761949	0.000000
-0.127845	0.041400	0.000000
0.388605	0.776034	0.000000
0.436493	0.157090	0.000000
-0.380342	0.663571	0.000000
-0.369287	-0.858931	0.000000
0.812293	0.335579	0.000000
0.585985	0.133848	0.000000
0.010898	0.836328	0.000000
0.045604	-0.178645	0.000000
-0.351140	-0.165851	0.000000
-0.100677	0.313908	0.000000
-0.741311	0.440633	0.000000
0.669060	-0.594923	0.000000
-0.465851	-0.424387	0.000000
-0.455353	-0.211232	0.000000
0.583799	0.764693	0.000000
-0.011172	0.663091	0.000000
0.921764	0.711179	0.000000
0.518940	0.439327	0.000000
-0.294444	-0.049232	0.000000
-0.698723	0.441599	0.000000
0.204482	0.879624	0.000000
-0.247549	-0.438843	0.000000
0.524362	-0.457075	0.000000
0.336274	0.987256	0.000000
0.070230	0.567019	0.000000
-0.475679	0.268907	0.000000
-0.231926	-0.432664	0.000000
-0.467619	0.127934	0.000000
0.597321	-0.420489	0.000000
-0.924459	0.435416	0.000000
-0.992605	0.676321	0.000000
0.760854	0.715186	0.000000
-0.471057	-0.195041	0.000000
0.839763	0.691842	0.000000
0.551122	-0.036046	0.000000
0.063794	-0.014056	0.000000
-0.205005	0.533113	0.000000
-0.412197	0.493830	0.000000
-0.263620	0.278525	0.000000
-0.305022	-0.496100	0.000000
0.894357	0.853803	0.000000
-0.641533	-0.053275	0.000000
0.418741	0.554957	0.000000
-0.478497	0.280215	0.000000
-0.714083	0.880162	0.000000
0.759979	-0.680560	0.000000
-0.180498	0.648618	0.000000
-0.335510	0.736962	0.000000
-0.906069	0.927543	0.000000
-0.045451	-0.148045	0.000000
-0.060655	0.147282	0.000000
-0.806113	0.838843	0.000000
0.794986	0.626971	0.000000
-0.244345	0.177922	0.000000
0.380811	0.386684	0.000000
0.545747	0.751805	0.000000
0.937028	0.616180	0.000000
0.564432	0.398314	0.000000
-0.011699	0.463275	0.000000
-0.468979	-0.269172	0.000000
0.435209	0.408414	0.000000
0.529418	-0.043715	0.000000
0.305566	0.139910	0.000000
-0.717016	0.475817	0.000000
-0.731456	0.912862	0.000000
0.201761	0.587284	0.000000
0.148440	-0.010000	0.000000
-0.123605	-0.334421	0.000000
-0.183429	-0.153687	0.000000
0.672899	0.474046	0.000000
-0.408958	-0.187074	0.000000
-0.158003	0.226876	0.000000
-0.152296	-0.099290	0.000000
0.582861	-0.622598	0.000000
0.535683	0.707076	0.000000
0.761068	0.229744	0.000000
0.599015	0.092550	0.000000
0.551549	0.411567	0.000000
-0.106753	-0.626583	0.000000
0.689900	-0.363356	0.000000
0.451047	0.190767	0.000000
0.131806	0.615238	0.000000
-0.654098	0.438854	0.000000
-0.397742	0.630072	0.000000
-0.184564	0.392388	0.000000
0.442097	0.461176	0.000000
0.365332	-0.337304	0.000000
0.880283	0.621044	0.000000
-0.705055	0.173307	0.000000
0.472979	0.064322	0.000000
0.414856	0.810740	0.000000
0.436019	0.441337	0.000000
0.700761	0.091551	0.000000
-0.645536	-0.414957	0.000000
-0.315276	0.168913	0.000000
-0.393289	0.348095	0.000000
-0.045431	-0.026203	0.000000
-0.132692	0.406413	0.000000
-0.065225	-0.446710	0.000000
-0.218376	-0.322433	0.000000
0.793721	0.338309	0.000000
-0.164885	-0.710457	0.000000
-0.010321	0.525761	0.000000
0.366304	-0.372279	0.000000
0.424062	0.106149	0.000000
0.622088	0.039471	0.000000
-0.539170	-0.983327	0.000000
0.121783	-0.078592	0.000000
-0.975638	0.759302	0.000000
0.322105	-0.324211	0.000000
-0.722139	0.730292	0.000000
0.262245	0.905572	0.000000
0.193889	0.046475	0.000000
0.176609	0.701912	0.000000
0.549570	0.054835	0.000000
0.727054	0.603765	0.000000
-0.258993	-0.303045	0.000000
0.215673	0.934746	0.000000
0.653774	-0.472352	0.000000
-0.233667	0.248759	0.000000
0.219242	0.749130	0.000000
0.535583	0.694474	0.000000
0.941585	0.783518	0.000000
-0.780364	0.301376	0.000000
0.178072	-0.100303	0.000000
0.263943	0.592032	0.000000
0.585880	0.819623	0.000000
0.636881	0.775344	0.000000
-0.171804	0.032796	0.000000
0.180591	0.787022	0.000000
0.649875	0.478172	0.000000
0.454805	0.216935	0.000000
0.675218	0.214255	0.000000
0.512511	0.680763	0.000000
-0.538296	0.290150	0.000000
-0.415855	0.795774	0.000000
-0.472208	-0.516352	0.000000
0.314866	0.299207	0.000000
0.148590	-0.095572	0.000000
-0.662887	0.244214	0.000000
0.325490	0.977046	0.000000
0.578908	0.489479	0.000000
0.537042	0.178136	0.000000
-0.575995	-0.691069	0.000000
0.122736	0.199992	0.000000
0.013420	0.336343	0.000000
-0.839731	0.277926	0.000000
0.032567	-0.091413	0.000000
-0.278665	-0.727833	0.000000
0.800283	0.504934	0.000000
0.293234	0.398770	0.000000
-0.679456	0.275387	0.000000
0.587402	-0.292943	0.000000
0.641914	0.716785	0.000000
-0.931811	0.635810	0.000000
0.652595	0.819325	0.000000
-0.614052	0.010730	0.000000
0.228067	-0.380252	0.000000
0.237870	-0.240084	0.000000
0.409467	0.327054	0.000000
0.801370	0.788235	0.000000
0.654798	0.756912	0.000000
0.555963	0.791964	0.000000
0.968468	0.696274	0.000000
0.145458	0.454758	0.000000
0.671815	0.591074	0.000000
0.735635	-0.403543	0.000000
0.607073	-0.456853	0.000000
-0.535389	0.768583	0.000000
0.637893	0.029342	0.000000
-0.892155	0.413444	0.000000
0.397924	-0.124994	0.000000
0.597479	-0.017362	0.000000
-0.933133	0.914135	0.000000
-0.830043	0.548499	0.000000
0.323583	0.660789	0.000000
0.685106	0.550734	0.000000
0.700190	-0.545711	0.000000
0.002670	-0.384722	0.000000
0.708102	0.000493	0.000000
0.797716	-0.495305	0.000000
0.380473	-0.253529	0.000000
0.940183	0.622458	0.000000
0.745795	-0.497564	0.000000
-0.286698	-0.471847	0.000000
-0.732778	0.838008	0.000000
0.055526	0.485203	0.000000
-0.417567	-0.017200	0.000000
0.710521	-0.613326	0.000000
0.214960	0.538779	0.000000
0.073936	0.391168	0.000000
0.447362	-0.458303	0.000000
0.196966	0.175292	0.000000
-0.130209	-0.058505	0.000000
-0.294390	-0.462750	0.000000
-0.063170	-0.132133	0.000000
-0.285237	-0.067870	0.000000
0.703455	-0.413800	0.000000
0.909672	0.745828	0.000000
0.705663	0.609279	0.000000
-0.239660	0.238621	0.000000
0.861230	-0.549497	0.000000
-0.473384	-0.378737	0.000000
0.019315	-0.343372	0.000000
-0.637804	0.057194	0.000000
0.893630	0.766481	0.000000
0.748019	0.869486	0.000000
-0.763312	0.436316	0.000000
-0.424065	0.165604	0.000000
-0.341644	0.139750	0.000000
0.067488	0.567714	0.000000
-0.730389	0.369531	0.000000
0.534363	0.509178	0.000000
0.541825	0.021540	0.000000
-0.498507	-0.685263	0.000000
-0.500022	0.642874	0.000000
0.477490	-0.620553	0.000000
-0.493986	0.443310	0.000000
0.319522	-0.225493	0.000000
-0.479819	-0.257773	0.000000
-0.487760	-0.104281	0.000000
0.591760	0.671107	0.000000
0.346423	0.920529	0.000000
-0.098970	0.380569	0.000000
0.363482	-0.291989	0.000000
0.215348	-0.470794	0.000000
-0.358718	-0.034831	0.000000
0.031128	0.757428	0.000000
0.193571	-0.199381	0.000000
0.418898	0.355474	0.000000
-0.313623	0.724130	0.000000
0.918954	0.619638	0.000000
-0.185615	0.360068	0.000000
-0.209666	-0.491156	0.000000
-0.757787	0.947716	0.000000
0.655180	-0.016834	0.000000
-0.386173	-0.892701	0.000000
0.903831	0.832968	0.000000
-0.679527	-0.629159	0.000000
0.091436	0.336587	0.000000
-0.916059	0.583678	0.000000
0.629651	0.587609	0.000000
0.558767	0.245469	0.000000
-0.461584	0.560625	0.000000
0.516464	0.468429	0.000000
0.585447	0.632180	0.000000
0.565520	0.375882	0.000000
-0.634353	0.142476	0.000000
-0.232189	0.694986	0.000000
0.870505	0.770181	0.000000
0.534222	0.335050	0.000000
-0.713285	0.721836	0.000000
-0.031037	-0.049588	0.000000
0.336640	0.480077	0.000000
0.471612	0.605000	0.000000
0.496156	-0.373435	0.000000
0.320325	0.242712	0.000000
0.801472	-0.452175	0.000000
-0.552207	0.416876	0.000000
-0.584729	0.677718	0.000000
0.253505	0.511355	0.000000
0.240776	0.715954	0.000000
0.040807	-0.137754	0.000000
0.643255	0.743177	0.000000
0.547590	-0.682543	0.000000
-0.187250	0.627019	0.000000
-0.872674	0.708427	0.000000
-0.427113	0.689840	0.000000
-0.238102	-0.128869	0.000000
-0.687506	0.158526	0.000000
0.685204	-0.023999	0.000000
-0.356286	0.269949	0.000000
0.445755	0.546331	0.000000
-0.390956	0.603359	0.000000
-0.607297	0.755834	0.000000
0.831599	0.799187	0.000000
-0.369015	0.294100	0.000000
0.217808	0.244053	0.000000
0.397311	-0.058240	0.000000
-0.515975	-0.180519	0.000000
0.513020	-0.083035	0.000000
-0.272899	0.650875	0.000000
0.154544	0.707799	0.000000
0.520471	0.255280	0.000000
-0.624993	0.230562	0.000000
-0.063352	0.675652	0.000000
-0.623712	-0.647140	0.000000
-0.216776	-0.532104	0.000000
0.372818	0.646176	0.000000
-0.867739	0.894416	0.000000
-0.315499	0.377089	0.000000
0.097078	0.486502	0.000000
-0.012589	-0.158990	0.000000
0.428671	0.762065	0.000000
-0.410827	0.792445	0.000000
0.460780	0.640481	0.000000
-0.482103	-0.110331	0.000000
-0.117605	0.114559	0.000000
0.121153	-0.236346	0.000000
0.425389	-0.480792	0.000000
0.822814	0.865122	0.000000
0.223231	0.751288	0.000000
-0.132027	0.245347	0.000000
0.849071	0.857638	0.000000
-0.141784	0.331139	0.000000
0.560045	0.474835	0.000000
0.446673	-0.640198	0.000000
0.934930	0.657608	0.000000
-0.211364	0.732289	0.000000
0.318906	-0.074425	0.000000
0.644226	0.044761	0.000000
-0.364247	0.712770	0.000000
0.083702	-0.028476	0.000000
0.451466	-0.420292	0.000000
0.393592	-0.490045	0.000000
-0.193116	0.105039	0.000000
-0.103077	-0.035399	0.000000
0.827240	0.839934	0.000000
-0.699021	0.953629	0.000000
-0.695065	-0.449420	0.000000
0.175329	0.142687	0.000000
0.589282	-0.507397	0.000000
-0.346439	-0.795551	0.000000
0.261876	0.780832	0.000000
-0.817441	0.844687	0.000000
-0.460543	-0.622233	0.000000
-0.860244	0.594487	0.000000
-0.550801	-0.116501	0.000000
-0.228804	0.382709	0.000000
0.052864	-0.388975	0.000000
0.951174	0.807923	0.000000
-0.485276	0.129476	0.000000
-0.837767	0.280415	0.000000
-0.769709	0.348055	0.000000
-0.469933	0.593061	0.000000
0.363625	0.358886	0.000000
0.701334	0.547203	0.000000
-0.395119	0.465345	0.000000
-0.060027	-0.431575	0.000000
-0.436383	0.674757	0.000000
0.657661	0.547737	0.000000
-0.501523	-0.057067	0.000000
0.585605	0.125400	0.000000
0.722648	0.771621	0.000000
-0.804696	0.928056	0.000000
0.607897	0.013337	0.000000
0.179238	0.410154	0.000000
-0.587549	0.281549	0.000000
0.568160	0.112152	0.000000
0.659701	0.559862	0.000000
-0.204101	0.678536	0.000000
0.263562	0.055786	0.000000
-0.441774	0.598600	0.000000
0.206542	0.836801	0.000000
0.374837	0.678751	0.000000
-0.179372	-0.375549	0.000000
-0.189600	0.624345	0.000000
0.660796	0.794764	0.000000
0.658075	0.413417	0.000000
0.872675	0.567156	0.000000
0.494577	0.554064	0.000000
0.133898	0.737981	0.000000
-0.433537	-0.378217	0.000000
0.654586	-0.029376	0.000000
-0.274487	-0.614210	0.000000
0.512595	0.461753	0.000000
0.256037	-0.379321	0.000000
0.654413	0.428916	0.000000
-0.459835	0.726236	0.000000
0.431698	-0.028728	0.000000
0.386334	0.255543	0.000000
-0.179906	-0.572025	0.000000
-0.134820	0.660741	0.000000
-0.653692	-0.315919	0.000000
0.881290	0.490550	0.000000
0.534312	0.037790	0.000000
-0.152706	-0.367386	0.000000
0.615363	0.105350	0.000000
-0.039701	-0.290636	0.000000
-0.070342	-0.398816	0.000000
0.167542	0.379009	0.000000
0.196735	0.530409	0.000000
-0.317745	0.707421	0.000000
0.196651	0.615318	0.000000
0.511604	-0.157204	0.000000
-0.340630	-0.463532	0.000000
-0.299776	-0.138254	0.000000
0.868441	-0.564547	0.000000
0.513035	0.262043	0.000000
0.121211	0.240131	0.000000
0.433197	-0.458340	0.000000
-0.906200	0.553510	0.000000
-0.418456	0.079867	0.000000
-0.033766	0.389452	0.000000
-0.662113	0.149874	0.000000
-0.116071	-0.536256	0.000000
-0.663951	-0.609938	0.000000
-0.300437	0.689588	0.000000
0.042213	-0.009280	0.000000
0.918037	0.721994	0.000000
0.707494	0.783309	0.000000
-0.180012	0.396488	0.000000
0.531461	0.008445	0.000000
0.633424	0.384762	0.000000
-0.514960	0.339729	0.000000
0.258103	-0.362223	0.000000
0.600190	0.531951	0.000000
-0.349612	-0.302548	0.000000
0.665657	0.674698	0.000000
0.034739	-0.112344	0.000000
0.607347	0.481902	0.000000
-0.814335	0.936461	0.000000
0.811449	0.784603	0.000000
-0.938648	0.489353	0.000000
0.582131	0.169164	0.000000
0.259386	0.612635	0.000000
-0.547529	-0.851007	0.000000
-0.987302	0.847080	0.000000
0.682659	0.259904	0.000000
-0.143746	-0.136956	0.000000
0.274764	0.892730	0.000000
0.404403	-0.147309	0.000000
0.593049	-0.458629	0.000000
0.004406	0.530554	0.000000
0.678928	0.699525	0.000000
0.279471	0.359522	0.000000
0.484649	-0.078902	0.000000
0.404117	0.278250	0.000000
0.200130	0.630669	0.000000
-0.413900	0.473226	0.000000
0.147649	-0.403528	0.000000
-0.837407	0.430250	0.000000
-0.923137	0.611252	0.000000
0.927132	0.756524	0.000000
0.363641	0.256992	0.000000
-0.469016	-0.082444	0.000000
0.503424	0.756632	0.000000
0.723332	-0.401733	0.000000
-0.469589	0.254466	0.000000
-0.696601	0.298779	0.000000
-0.333644	0.778579	0.000000
-0.171894	-0.044743	0.000000
0.517322	0.069501	0.000000
0.521548	0.655019	0.000000
-0.501957	0.630882	0.000000
-0.402338	0.115519	0.000000
0.176810	-0.046038	0.000000
-0.222101	-0.117024	0.000000
-0.325500	0.682191	0.000000
-0.007691	-0.154667	0.000000
0.647435	0.494679	0.000000
-0.136181	0.101507	0.000000
0.310132	-0.054623	0.000000
-0.168618	0.069434	0.000000
0.800043	0.716520	0.000000
-0.845317	0.489715	0.000000
-0.231559	0.514701	0.000000
-0.973839	0.687141	0.000000
0.624853	0.642955	0.000000
0.042483	0.350332	0.000000
0.644308	0.082518	0.000000
-0.516160	0.206076	0.000000
0.346724	0.917741	0.000000
-0.573477	-0.788398	0.000000
-0.294807	-0.124364	0.000000
0.577830	0.792279	0.000000
0.695268	0.586156	0.000000
-0.530966	0.006620	0.000000
0.604027	0.372193	0.000000
0.630680	0.463134	0.000000
0.307771	0.715884	0.000000
0.306311	0.247313	0.000000
-0.538934	0.758466	0.000000
-0.222911	0.144144	0.000000
0.006836	-0.402280	0.000000
-0.064902	-0.034256	0.000000
-0.627526	-0.183204	0.000000
-0.260354	0.065656	0.000000
-0.309688	-0.849738	0.000000
-0.319661	-0.057676	0.000000
0.715512	0.592089	0.000000
0.169549	0.666270	0.000000
-0.214284	0.079725	0.000000
0.349728	-0.454929	0.000000
-0.581399	-0.982117	0.000000
-0.290092	0.311265	0.000000
-0.378479	0.651601	0.000000
-0.534070	-0.371023	0.000000
0.436445	-0.376173	0.000000
-0.591707	0.132076	0.000000
-0.523807	0.867806	0.000000
0.539768	0.521621	0.000000
0.841152	-0.535343	0.000000
0.404494	0.101841	0.000000
0.685717	-0.684427	0.000000
0.366586	0.167471	0.000000
-0.064238	0.354326	0.000000
-0.280629	-0.659619	0.000000
-0.358808	0.454078	0.000000
-0.483303	0.658529	0.000000
0.443726	0.407773	0.000000
0.282461	0.350954	0.000000
0.420465	0.286377	0.000000
0.406605	-0.000367	0.000000
0.874426	0.867598	0.000000
-0.121454	0.747677	0.000000
-0.655868	0.517473	0.000000
0.672356	0.329111	0.000000
0.898024	0.632938	0.000000
-0.582924	-0.475955	0.000000
0.030788	-0.151796	0.000000
0.333436	-0.207074	0.000000
-0.338850	-0.585493	0.000000
-0.165654	0.017856	0.000000
-0.743317	0.545170	0.000000
-0.548093	-0.226599	0.000000
0.857943	0.785208	0.000000
0.875600	0.726204	0.000000
0.887662	0.807156	0.000000
0.121398	0.221098	0.000000
-0.121925	0.136514	0.000000
-0.450369	0.773432	0.000000
-0.424974	-0.536425	0.000000
0.803699	0.512061	0.000000
0.701922	0.378436	0.000000
0.050870	-0.076943	0.000000
0.291702	0.561377	0.000000
0.422376	0.146181	0.000000
-0.624980	-0.788290	0.000000
-0.815240	0.573919	0.000000
0.875126	0.861743	0.000000
-0.450942	-0.861671	0.000000
0.330230	0.132554	0.000000
0.624238	0.022043	0.000000
0.118216	0.264403	0.000000
0.337284	0.773721	0.000000
0.566543	0.381427	0.000000
0.335573	0.339328	0.000000
0.539568	-0.002533	0.000000
-0.355857	0.658108	0.000000
0.380734	0.486888	0.000000
-0.509835	-0.335118	0.000000
0.246794	0.212853	0.000000
-0.556068	0.584794	0.000000
0.905706	0.750873	0.000000
0.607145	-0.697837	0.000000
0.509414	0.099507	0.000000
-0.627606	0.461332	0.000000
-0.138329	0.362327	0.000000
-0.107569	0.556234	0.000000
0.502838	0.070704	0.000000
0.981392	0.770955	0.000000
0.596889	0.157387	0.000000
0.882331	0.604391	0.000000
0.545495	-0.559294	0.000000
0.625165	0.263399	0.000000
0.006025	0.494864	0.000000
0.537047	-0.601263	0.000000
-0.808411	0.412284	0.000000
-0.520382	0.746537	0.000000
0.577980	-0.055108	0.000000
0.541898	0.716237	0.000000
-0.963834	0.913663	0.000000
0.050149	0.329068	0.000000
0.036225	0.722773	0.000000
0.644835	0.270512	0.000000
-0.697994	0.604311	0.000000
0.555469	-0.421581	0.000000
-0.422742	-0.150526	0.000000
0.590007	-0.344457	0.000000
0.373166	-0.098968	0.000000
-0.035878	-0.369923	0.000000
-0.285914	0.701841	0.000000
-0.928006	0.832681	0.000000
-0.779024	0.408089	0.000000
0.118776	0.846597	0.000000
-0.839907	0.324070	0.000000
0.893275	0.658222	0.000000
0.309455	-0.095980	0.000000
0.712363	0.667342	0.000000
-0.436684	-0.057469	0.000000
-0.228341	0.779333	0.000000
0.090312	-0.037139	0.000000
-0.657867	0.321530	0.000000
0.864701	0.765578	0.000000
0.611650	0.724318	0.000000
0.438052	-0.022676	0.000000
0.201776	0.216538	0.000000
0.693923	0.805516	0.000000
0.764863	0.863773	0.000000
-0.343362	0.454223	0.000000
-0.423088	-0.612482	0.000000
-0.092000	0.519703	0.000000
0.174040	-0.115079	0.000000
0.124045	-0.194529	0.000000
0.022350	-0.439371	0.000000
0.970300	0.758326	0.000000
0.131018	0.742873	0.000000
-0.608701	0.406784	0.000000
0.498833	0.568184	0.000000
-0.665254	0.719641	0.000000
0.665829	0.620078	0.000000
-0.138357	-0.148838	0.000000
0.559410	0.113580	0.000000
-0.241650	0.031555	0.000000
-0.512677	-0.921485	0.000000
0.131235	-0.075758	0.000000
-0.518963	0.887003	0.000000
0.900442	0.750071	0.000000
0.303162	0.502234	0.000000
0.869495	0.659646	0.000000
0.570844	0.685882	0.000000
0.071758	0.646688	0.000000
-0.908920	0.861696	0.000000
0.562603	-0.482229	0.000000
0.973840	0.648358	0.000000
0.360754	0.215906	0.000000
0.014171	-0.084742	0.000000
-0.515603	0.466926	0.000000
0.718525	-0.640421	0.000000
-0.077543	-0.017020	0.000000
0.227316	-0.052144	0.000000
0.247935	0.564779	0.000000
0.202502	0.133660	0.000000
0.843545	0.829686	0.000000
0.533921	0.229290	0.000000
-0.209769	0.635467	0.000000
-0.035583	0.612224	0.000000
0.402614	0.606128	0.000000
0.043729	0.248136	0.000000
-0.073241	0.107074	0.000000
0.635906	0.159320	0.000000
0.474058	-0.457228	0.000000
0.683135	0.339820	0.000000
0.563602	0.806044	0.000000
-0.132810	-0.091375	0.000000
0.167210	0.298936	0.000000
-0.370787	-0.174048	0.000000
-0.455243	0.603169	0.000000
-0.782804	0.846348	0.000000
0.797348	0.669332	0.000000
-0.450144	0.030546	0.000000
-0.449665	-0.216226	0.000000
0.353294	-0.441751	0.000000
0.001837	0.026944	0.000000
0.652056	0.568347	0.000000
-0.190166	-0.568532	0.000000
-0.642582	0.880948	0.000000
0.076765	-0.112340	0.000000
0.378686	0.013035	0.000000
-0.830792	0.950658	0.000000
0.037976	-0.109971	0.000000
-0.857137	0.639820	0.000000
-0.119196	-0.152852	0.000000
0.494093	-0.637436	0.000000
0.527336	0.173366	0.000000
0.455675	0.398254	0.000000
-0.368586	0.346048	0.000000
-0.871948	0.639342	0.000000
-0.525569	0.801798	0.000000
-0.255654	0.085597	0.000000
-0.422348	0.290923	0.000000
0.760504	-0.532964	0.000000
0.449331	0.316370	0.000000
0.856703	-0.496245	0.000000
0.479919	-0.498056	0.000000
0.105583	0.545812	0.000000
-0.244123	0.495843	0.000000
0.081930	0.268847	0.000000
0.098574	-0.046752	0.000000
0.668111	0.762729	0.000000
-0.835550	0.722235	0.000000
-0.147716	-0.079259	0.000000
-0.448046	0.246825	0.000000
0.231359	0.502010	0.000000
0.210119	0.687046	0.000000
-0.614755	0.378234	0.000000
0.443497	-0.281343	0.000000
0.058034	-0.106031	0.000000
0.537564	-0.098982	0.000000
0.341151	0.408589	0.000000
0.369073	-0.520582	0.000000
-0.319839	-0.416110	0.000000
0.494547	0.298245	0.000000
-0.634057	0.847460	0.000000
0.582853	0.077772	0.000000
0.362778	0.127713	0.000000
-0.179955	0.372164	0.000000
0.750573	0.428458	0.000000
0.753616	-0.416923	0.000000
-0.098495	-0.431624	0.000000
-0.597021	0.403813	0.000000
-0.547077	0.681903	0.000000
-0.606398	-0.612842	0.000000
-0.166582	0.355889	0.000000
0.444803	0.638853	0.000000
0.120597	-0.035560	0.000000
0.689214	0.739477	0.000000
0.591028	0.157780	0.000000
0.469017	0.588918	0.000000
-0.127584	-0.333726	0.000000
-0.057074	0.528241	0.000000
-0.128448	0.472349	0.000000
0.246023	0.964364	0.000000
0.169850	-0.112831	0.000000
-0.535584	0.646629	0.000000
-0.229624	0.053082	0.000000
-0.036673	-0.048750	0.000000
-0.373361	0.815580	0.000000
0.620488	0.741976	0.000000
-0.354761	0.748880	0.000000
0.906572	0.755074	0.000000
0.607950	0.466857	0.000000
0.582459	0.299993	0.000000
-0.327170	-0.149523	0.000000
0.835859	0.523105	0.000000
-0.109008	0.470085	0.000000
0.765572	0.236499	0.000000
0.782874	0.780283	0.000000
0.297670	-0.375375	0.000000
-0.220298	0.072825	0.000000
0.508640	0.631147	0.000000
0.831090	0.557958	0.000000
0.647203	0.238128	0.000000
0.218284	-0.152265	0.000000
0.673963	0.292495	0.000000
-0.043739	-0.121619	0.000000
-0.253798	0.674575	0.000000
0.535076	0.091141	0.000000
-0.013383	0.519306	0.000000
-0.026784	0.118312	0.000000
-0.394753	0.698547	0.000000
-0.792121	0.832807	0.000000
0.716672	0.011126	0.000000
0.299229	0.548680	0.000000
0.590413	-0.341523	0.000000
0.520115	-0.048606	0.000000
-0.290816	-0.450743	0.000000
-0.826707	0.206057	0.000000
0.261223	0.090766	0.000000
0.375762	0.128109	0.000000
0.849467	-0.560045	0.000000
0.197847	0.301475	0.000000
-0.203415	-0.156158	0.000000
-0.165752	-0.477619	0.000000
-0.313598	-0.307331	0.000000
0.624603	0.251926	0.000000
0.650968	-0.312763	0.000000
0.335816	-0.155774	0.000000
0.512584	0.588963	0.000000
-0.444770	0.842209	0.000000
0.822820	0.708095	0.000000
-0.327850	0.659437	0.000000
0.850982	0.646798	0.000000
0.872209	0.764448	0.000000
-0.817452	0.921567	0.000000
-0.423332	0.178977	0.000000
0.928352	0.840459	0.000000
-0.326545	-0.078916	0.000000
-0.095816	0.728757	0.000000
0.303575	0.936685	0.000000
-0.509533	-0.445613	0.000000
0.078663	0.167655	0.000000
0.082422	-0.284849	0.000000
0.845788	0.370270	0.000000
-0.102275	0.589465	0.000000
-0.208532	-0.175944	0.000000
0.870873	-0.543590	0.000000
0.319898	0.995282	0.000000
0.414722	0.270094	0.000000
-0.247174	-0.415451	0.000000
-0.063803	0.102826	0.000000
0.445545	0.532698	0.000000
0.146694	0.848784	0.000000
0.793508	0.264656	0.000000
0.587134	-0.616628	0.000000
0.006929	-0.494124	0.000000
-0.208581	-0.697313	0.000000
0.435507	0.278168	0.000000
-0.481066	0.585512	0.000000
0.621827	0.011682	0.000000
0.199725	-0.367139	0.000000
0.304410	-0.392373	0.000000
-0.092214	0.366178	0.000000
0.177572	0.138282	0.000000
0.639536	0.450645	0.000000
-0.068596	0.069822	0.000000
-0.607281	0.163102	0.000000
-0.594968	0.463060	0.000000
0.429389	-0.555379	0.000000
0.604469	0.021119	0.000000
0.192590	0.672225	0.000000
0.808878	0.647500	0.000000
0.373040	0.068641	0.000000
-0.317745	0.211391	0.000000
-0.260014	0.231679	0.000000
-0.225786	0.164425	0.000000
-0.103072	0.344400	0.000000
0.473850	0.111455	0.000000
0.609484	0.647174	0.000000
0.844743	0.395773	0.000000
-0.085767	0.445563	0.000000
-0.778270	0.961711	0.000000
0.658186	-0.530358	0.000000
0.414286	-0.029450	0.000000
-0.604344	0.583989	0.000000
0.233625	0.034548	0.000000
0.710524	0.032533	0.000000
-0.514729	0.772072	0.000000
-0.117102	-0.043300	0.000000
-0.805655	0.489658	0.000000
-0.888381	0.661634	0.000000
0.615221	0.287775	0.000000
-0.622820	0.893796	0.000000
-0.459840	-0.404145	0.000000
0.881725	0.852090	0.000000
-0.840688	0.491953	0.000000
-0.514983	-0.204460	0.000000
-0.645227	-0.099098	0.000000
0.414441	0.381484	0.000000
-0.717405	0.222825	0.000000
0.233776	-0.398321	0.000000
-0.262426	0.639137	0.000000
0.263399	-0.214493	0.000000
0.325124	0.114156	0.000000
-0.248958	0.226084	0.000000
-0.465905	0.756200	0.000000
-0.448342	0.116751	0.000000
0.348210	-0.052858	0.000000
0.039585	0.310767	0.000000
-0.132205	-0.117682	0.000000
0.245897	0.410018	0.000000
-0.254851	0.634979	0.000000
-0.550369	0.463875	0.000000
0.206957	-0.419780	0.000000
0.155526	0.227428	0.000000
-0.494653	-0.820174	0.000000
-0.103534	0.071025	0.000000
0.521655	0.028755	0.000000
0.152808	0.573015	0.000000
0.546686	0.545997	0.000000
-0.287026	-0.404529	0.000000
-0.369666	0.558952	0.000000
-0.069346	0.431058	0.000000
0.074560	-0.217166	0.000000
0.501069	0.584841	0.000000
-0.037092	0.420541	0.000000
0.343409	-0.145610	0.000000
-0.017541	0.226602	0.000000
-0.566661	0.778250	0.000000
-0.002835	-0.014897	0.000000
0.870076	0.558068	0.000000
0.800757	0.571619	0.000000
-0.479917	-0.730682	0.000000
0.489592	-0.418916	0.000000
0.702396	0.524827	0.000000
-0.105765	-0.101314	0.000000
0.494166	0.663347	0.000000
-0.233872	0.111325	0.000000
-0.011532	0.576652	0.000000
-0.127612	0.645843	0.000000
-0.521622	-0.040791	0.000000
0.353811	0.596431	0.000000
-0.182908	0.090825	0.000000
-0.490435	0.483110	0.000000
0.810102	0.281167	0.000000
0.435890	-0.217519	0.000000
-0.660962	0.184651	0.000000
0.591681	0.300692	0.000000
-0.618836	-0.666383	0.000000
-0.362194	-0.284299	0.000000
0.789722	0.381788	0.000000
0.783970	-0.661698	0.000000
0.703130	0.405393	0.000000
0.650003	0.498962	0.000000
0.459302	0.136956	0.000000
0.151825	0.822574	0.000000
0.417629	0.511800	0.000000
0.226897	0.725759	0.000000
0.275686	0.233764	0.000000
0.043582	0.510270	0.000000
0.721016	-0.526967	0.000000
0.150307	-0.200063	0.000000
-0.406354	-0.334691	0.000000
0.345592	0.954929	0.000000
0.073779	-0.196046	0.000000
0.689766	-0.665422	0.000000
-0.480878	0.277678	0.000000
-0.293813	0.179268	0.000000
0.181392	0.358791	0.000000
-0.806546	0.569891	0.000000
0.335320	0.214976	0.000000
-0.357201	-0.725723	0.000000
0.742579	0.213847	0.000000
0.313498	-0.026325	0.000000
-0.754233	0.774165	0.000000
-0.137962	0.670014	0.000000
0.334842	-0.202570	0.000000
-0.044120	0.826171	0.000000
0.468545	0.242798	0.000000
0.837913	0.449482	0.000000
0.456207	-0.028140	0.000000
0.595729	0.224358	0.000000
0.644041	0.150372	0.000000
-0.351619	0.009799	0.000000
-0.418995	-0.828734	0.000000
0.233261	0.043285	0.000000
-0.671287	0.576658	0.000000
-0.335547	0.582243	0.000000
-0.845198	0.920861	0.000000
0.297155	0.231693	0.000000
-0.152680	0.519113	0.000000
0.260979	0.260163	0.000000
-0.640697	-0.184503	0.000000
0.585994	0.566217	0.000000
-0.401834	0.376865	0.000000
-0.458188	0.525417	0.000000
0.029331	-0.160001	0.000000
-0.673233	0.826107	0.000000
-0.421611	-0.184516	0.000000
-0.902860	0.411815	0.000000
0.499581	0.292516	0.000000
0.377428	0.624475	0.000000
-0.086255	-0.203707	0.000000
-0.246957	-0.770215	0.000000
-0.386904	0.615747	0.000000
0.623975	-0.603376	0.000000
0.442621	0.439051	0.000000
-0.015730	0.236491	0.000000
-0.250899	0.685129	0.000000
0.212600	-0.435862	0.000000
0.542081	-0.613491	0.000000
-0.341441	-0.309099	0.000000
0.314713	-0.564231	0.000000
-0.710759	0.949726	0.000000
-0.687679	-0.375810	0.000000
-0.130391	0.351015	0.000000
0.433971	0.764835	0.000000
-0.301446	0.150923	0.000000
-0.112203	0.666438	0.000000
0.862615	0.832594	0.000000
0.620900	0.625073	0.000000
-0.896119	0.446298	0.000000
-0.160621	0.657496	0.000000
-0.807853	0.840059	0.000000
-0.856930	0.766349	0.000000
0.443117	0.482985	0.000000
0.791448	0.750847	0.000000
-0.622943	0.312239	0.000000
-0.494442	0.288426	0.000000
0.557109	-0.527072	0.000000
-0.154523	-0.649875	0.000000
0.379668	0.483910	0.000000
-0.218867	0.062959	0.000000
-0.116504	-0.069279	0.000000
0.929567	0.720218	0.000000
-0.728270	0.452137	0.000000
0.318285	-0.248305	0.000000
0.849888	0.465895	0.000000
-0.357529	0.526759	0.000000
0.151220	-0.477312	0.000000
0.693320	0.365583	0.000000
0.783123	0.713223	0.000000
0.230705	0.580865	0.000000
-0.693011	-0.069569	0.000000
0.550903	0.496085	0.000000
0.009703	0.678976	0.000000
0.021727	-0.057918	0.000000
0.763073	-0.673025	0.000000
0.404575	0.644408	0.000000
-0.562774	-0.894193	0.000000
-0.430464	-0.892757	0.000000
0.662655	0.754058	0.000000
0.359213	0.339938	0.000000
0.009173	0.193592	0.000000
0.713043	0.488812	0.000000
-0.787752	0.124369	0.000000
-0.608946	0.869710	0.000000
-0.164576	0.637803	0.000000
0.324979	-0.599352	0.000000
0.524324	0.175648	0.000000
0.131469	0.397646	0.000000
-0.773432	0.454336	0.000000
-0.538399	0.858854	0.000000
-0.374519	0.617134	0.000000
0.174507	0.438071	0.000000
0.568590	0.327399	0.000000
0.622169	0.184895	0.000000
-0.004232	0.379575	0.000000
-0.144989	0.193640	0.000000
0.692288	0.719625	0.000000
-0.541549	0.053305	0.000000
0.066093	-0.183751	0.000000
-0.500710	-0.338158	0.000000
0.333264	0.089112	0.000000
0.396008	0.187083	0.000000
-0.209973	0.466223	0.000000
-0.383159	-0.311655	0.000000
0.755996	0.713873	0.000000
0.612846	-0.433216	0.000000
0.000715	-0.358897	0.000000
0.696989	-0.004179	0.000000
0.611577	-0.021113	0.000000
-0.607571	0.681960	0.000000
0.851722	0.839144	0.000000
-0.008764	0.456976	0.000000
0.645036	0.453011	0.000000
0.770654	-0.490395	0.000000
-0.579649	0.684694	0.000000
0.571644	0.759852	0.000000
0.918423	0.850446	0.000000
-0.231055	0.619683	0.000000
-0.631869	0.762575	0.000000
-0.599911	-0.525651	0.000000
0.691085	0.164001	0.000000
-0.888632	0.426961	0.000000
-0.503374	0.141051	0.000000
0.717764	0.741642	0.000000
-0.465349	0.002835	0.000000
-0.599805	-0.537535	0.000000
-0.411290	0.612248	0.000000
0.696724	0.606949	0.000000
0.660734	-0.501508	0.000000
0.702567	0.234089	0.000000
-0.642908	0.873836	0.000000
0.638697	0.678582	0.000000
-0.179270	0.606659	0.000000
-0.457834	0.694325	0.000000
0.495452	0.479845	0.000000
0.321094	0.451893	0.000000
0.767770	0.206649	0.000000
0.343983	0.635735	0.000000
-0.516246	0.647761	0.000000
0.000890	0.496420	0.000000
-0.532569	0.688262	0.000000
0.828983	0.856605	0.000000
-0.669975	0.190027	0.000000
-0.446234	0.343731	0.000000
-0.480611	0.449151	0.000000
0.380546	0.533732	0.000000
0.011974	-0.349269	0.000000
0.483115	0.481986	0.000000
0.763190	0.849351	0.000000
0.255079	0.699049	0.000000
0.439043	-0.146987	0.000000
0.455582	-0.523347	0.000000
0.532555	0.592826	0.000000
0.323788	-0.211897	0.000000
-0.225166	0.641113	0.000000
0.720982	0.440895	0.000000
-0.229698	0.035847	0.000000
0.670954	0.627502	0.000000
0.366330	0.130082	0.000000
-0.856061	0.785174	0.000000
0.296196	0.987336	0.000000
0.441808	0.584097	0.000000
0.190968	-0.189572	0.000000
0.269800	0.157911	0.000000
-0.081403	-0.565328	0.000000
0.167549	0.431612	0.000000
-0.004874	-0.506039	0.000000
0.517259	0.065974	0.000000
0.679570	-0.021509	0.000000
-0.710694	-0.020314	0.000000
0.280093	0.301966	0.000000
-0.517593	0.292873	0.000000
-0.514975	0.343478	0.000000
0.589292	0.630572	0.000000
0.261600	-0.194472	0.000000
-0.489652	0.659738	0.000000
0.552408	0.189578	0.000000
0.542940	-0.566853	0.000000
-0.202172	-0.443946	0.000000
-0.121940	0.453878	0.000000
-0.007345	0.042857	0.000000
0.624186	0.815620	0.000000
-0.648350	-0.742120	0.000000
-0.077113	-0.074810	0.000000
-0.229629	0.632984	0.000000
0.230155	-0.219857	0.000000
-0.342643	0.706288	0.000000
0.140559	0.287277	0.000000
-0.106865	0.594484	0.000000
0.037295	0.751705	0.000000
0.722743	0.175259	0.000000
0.605131	0.291590	0.000000
-0.189466	-0.183495	0.000000
-0.583984	0.802287	0.000000
0.325546	-0.395770	0.000000
-0.742640	0.632648	0.000000
0.327374	0.050428	0.000000
0.133540	0.596502	0.000000
0.764477	0.614884	0.000000
-0.539203	-0.174937	0.000000
0.634937	0.163032	0.000000
0.452347	-0.132540	0.000000
-0.192038	0.128918	0.000000
-0.884162	0.777988	0.000000
-0.863854	0.219815	0.000000
-0.475108	-0.720714	0.000000
-0.630378	-0.593022	0.000000
-0.242077	0.642333	0.000000
-0.918107	0.391630	0.000000
-0.169498	-0.262007	0.000000
0.502677	0.370449	0.000000
-0.714543	-0.044482	0.000000
-0.499129	0.472192	0.000000
0.240146	-0.267654	0.000000
0.155819	0.304124	0.000000
0.425538	0.646316	0.000000
-0.358439	-0.817890	0.000000
0.022499	-0.096401	0.000000
-0.921830	0.358844	0.000000
0.090414	0.514076	0.000000
-0.531624	0.619725	0.000000
0.184467	0.673238	0.000000
0.827205	0.719839	0.000000
0.688330	0.569155	0.000000
0.268282	0.582119	0.000000
-0.577718	-0.573656	0.000000
0.367444	-0.443452	0.000000
0.568237	0.183779	0.000000
0.748536	0.217197	0.000000
-0.307565	0.282209	0.000000
0.537032	-0.582154	0.000000
0.191375	0.302959	0.000000
0.553053	0.114658	0.000000
-0.532059	0.650395	0.000000
-0.656829	0.216185	0.000000
-0.646483	0.928873	0.000000
-0.041435	0.124069	0.000000
0.797620	0.482519	0.000000
-0.126035	0.000035	0.000000
0.471790	0.180389	0.000000
-0.261507	0.689517	0.000000
-0.418677	0.694066	0.000000
-0.516281	-0.925607	0.000000
0.238705	0.603156	0.000000
-0.652920	0.031504	0.000000
0.877780	0.697741	0.000000
0.572359	-0.570801	0.000000
0.472995	0.055289	0.000000
0.629146	-0.378462	0.000000
-0.568069	0.898837	0.000000
0.235031	0.348396	0.000000
0.112093	0.533579	0.000000
0.357470	0.921516	0.000000
0.084567	0.476360	0.000000
-0.753516	0.957470	0.000000
0.946084	0.819211	0.000000
0.274581	0.589411	0.000000
-0.161819	0.598454	0.000000
0.299320	0.338619	0.000000
0.312115	0.687497	0.000000
0.403287	0.156562	0.000000
0.529703	-0.046646	0.000000
-0.635670	0.752313	0.000000
0.688888	0.315903	0.000000
0.467046	0.502989	0.000000
-0.845161	0.829713	0.000000
-0.497524	-0.183669	0.000000
-0.813809	0.680396	0.000000
-0.473243	-0.643213	0.000000
0.031663	0.431581	0.000000
0.581817	0.598842	0.000000
0.388371	-0.127114	0.000000
0.436392	-0.197073	0.000000
0.724536	-0.320531	0.000000
0.372001	0.578519	0.000000
0.756493	0.709684	0.000000
-0.008327	-0.437961	0.000000
-0.374744	0.057356	0.000000
0.567324	0.200756	0.000000
-0.752297	0.299257	0.000000
0.545797	0.301818	0.000000
-0.399222	-0.696813	0.000000
-0.280106	-0.363930	0.000000
-0.185056	-0.088170	0.000000
0.262159	0.575096	0.000000
0.609685	-0.324559	0.000000
0.141004	-0.422791	0.000000
-0.469914	-0.156970	0.000000
-0.502107	-0.943401	0.000000
-0.317437	0.707458	0.000000
0.359876	0.430051	0.000000
-0.023047	0.098099	0.000000
0.901086	0.813261	0.000000
-0.206938	-0.685288	0.000000
-0.255302	-0.472463	0.000000
0.828230	0.415755	0.000000
0.308071	0.090685	0.000000
-0.021305	-0.381724	0.000000
-0.179531	-0.156769	0.000000
-0.625720	0.684757	0.000000
0.686028	0.785577	0.000000
0.483053	0.418227	0.000000
-0.706449	0.783560	0.000000
0.641374	-0.598604	0.000000
0.512302	0.480137	0.000000
-0.458811	-0.201943	0.000000
-0.426271	-0.474295	0.000000
-0.214445	-0.268055	0.000000
-0.164486	0.299069	0.000000
0.430267	-0.194388	0.000000
-0.839683	0.960684	0.000000
-0.110112	-0.049301	0.000000
-0.395647	-0.444227	0.000000
0.210717	-0.031741	0.000000
-0.076711	0.091508	0.000000
-0.359369	0.275331	0.000000
0.763739	0.502799	0.000000
-0.251134	0.683931	0.000000
0.797500	0.793575	0.000000
-0.131287	-0.340898	0.000000
-0.121475	-0.670331	0.000000
0.730614	0.619626	0.000000
-0.865662	0.303416	0.000000
0.169993	-0.013813	0.000000
-0.025193	-0.492829	0.000000
-0.730887	0.488124	0.000000
-0.454999	-0.464033	0.000000
-0.458248	-0.726023	0.000000
0.831764	0.413544	0.000000
0.848476	0.583032	0.000000
-0.776813	0.047876	0.000000
0.362829	0.176725	0.000000
0.653719	0.556004	0.000000
0.263569	0.372661	0.000000
-0.809784	0.836048	0.000000
-0.408511	0.834391	0.000000
-0.173347	0.299676	0.000000
-0.255864	-0.644036	0.000000
0.354390	0.026749	0.000000
0.721192	-0.357408	0.000000
0.036466	-0.138729	0.000000
-0.587425	-0.503858	0.000000
0.674292	0.510761	0.000000
0.635370	0.055961	0.000000
-0.470702	-0.973271	0.000000
0.066169	-0.303833	0.000000
-0.174969	0.417575	0.000000
0.729591	0.857004	0.000000
0.125074	0.413025	0.000000
-0.382603	0.333723	0.000000
-0.064862	0.753606	0.000000
0.147876	0.533921	0.000000
0.318440	-0.423304	0.000000
0.245499	0.189971	0.000000
0.025720	0.599537	0.000000
0.586785	0.620860	0.000000
-0.281061	-0.604114	0.000000
-0.215994	-0.729481	0.000000
0.662048	0.476163	0.000000
0.627668	0.463763	0.000000
0.302357	-0.165238	0.000000
-0.428735	0.022112	0.000000
-0.456756	-0.225676	0.000000
0.719411	-0.465948	0.000000
0.775422	0.760340	0.000000
0.400740	-0.268862	0.000000
0.150375	-0.479292	0.000000
0.621610	0.625039	0.000000
0.784927	0.411698	0.000000
0.395915	-0.518354	0.000000
-0.070670	-0.580540	0.000000
-0.810476	0.899717	0.000000
0.577153	0.105519	0.000000
0.026429	-0.093651	0.000000
-0.851798	0.189072	0.000000
0.394641	-0.440501	0.000000
0.777618	0.876920	0.000000
-0.407664	-0.301399	0.000000
-0.232732	-0.407106	0.000000
0.650660	-0.565255	0.000000
0.023541	-0.160206	0.000000
0.796180	0.746944	0.000000
0.794937	0.836165	0.000000
0.591346	0.527481	0.000000
-0.030487	-0.152226	0.000000
0.609886	0.142518	0.000000
-0.194435	-0.356967	0.000000
0.302840	0.196625	0.000000
0.728022	0.504847	0.000000
0.826350	0.553801	0.000000
-0.251232	-0.144281	0.000000
-0.271770	-0.334578	0.000000
0.372319	0.159830	0.000000
0.219811	0.549464	0.000000
-0.440178	0.588834	0.000000
0.316456	0.102005	0.000000
-0.913333	0.632000	0.000000
-0.326081	-0.235864	0.000000
0.195762	0.188589	0.000000
0.667898	-0.591275	0.000000
-0.227561	0.121517	0.000000
0.928190	0.754010	0.000000
0.118383	-0.150760	0.000000
0.823549	0.687986	0.000000
0.794355	-0.569443	0.000000
-0.478413	0.234701	0.000000
-0.061760	0.727094	0.000000
-0.652083	0.500228	0.000000
-0.842948	0.848414	0.000000
-0.497130	-0.353606	0.000000
0.310353	0.574781	0.000000
0.776037	0.568310	0.000000
-0.097809	0.599148	0.000000
0.048615	0.553827	0.000000
0.406938	0.675333	0.000000
-0.568788	0.078103	0.000000
0.841061	0.782738	0.000000
0.190355	0.927582	0.000000
0.969786	0.784953	0.000000
0.719227	0.786420	0.000000
0.496795	0.550932	0.000000
-0.342753	-0.197745	0.000000
0.571478	0.524939	0.000000
-0.477152	0.549795	0.000000
0.473215	0.306631	0.000000
0.316803	-0.427363	0.000000
-0.060762	0.422817	0.000000
0.790959	0.760146	0.000000
0.863676	0.824648	0.000000
-0.452160	-0.150185	0.000000
-0.542518	-0.585016	0.000000
0.683147	0.053013	0.000000
0.245292	-0.319023	0.000000
-0.327473	-0.135135	0.000000
0.109494	-0.061278	0.000000
-0.069439	-0.304455	0.000000
-0.581641	0.790432	0.000000
0.287854	-0.285419	0.000000
-0.206265	-0.681756	0.000000
-0.096282	-0.141757	0.000000
-0.525412	0.512347	0.000000
0.332899	-0.260220	0.000000
0.088547	0.563083	0.000000
-0.519097	-0.741845	0.000000
-0.578140	-0.044785	0.000000
0.186087	0.607564	0.000000
-0.036980	0.606132	0.000000
0.558576	-0.684467	0.000000
0.739056	0.366237	0.000000
0.463513	-0.217159	0.000000
0.145204	0.737175	0.000000
0.414440	0.152807	0.000000
-0.333004	-0.281375	0.000000
0.790353	0.604530	0.000000
0.021641	0.085177	0.000000
-0.442437	-0.215239	0.000000
0.796528	-0.410054	0.000000
-0.631139	-0.597579	0.000000
0.599468	0.174302	0.000000
0.260674	-0.522067	0.000000
-0.072804	-0.590381	0.000000
-0.185757	-0.132056	0.000000
-0.239088	0.703411	0.000000
0.522419	-0.527461	0.000000
0.385636	0.036204	0.000000
0.377327	-0.282685	0.000000
-0.217998	0.326323	0.000000
0.118527	0.564389	0.000000
0.204290	0.613554	0.000000
0.556157	0.778391	0.000000
-0.290111	0.231626	0.000000
0.194288	0.720494	0.000000
0.454838	0.618989	0.000000
0.186972	0.919801	0.000000
-0.043270	0.222157	0.000000
-0.012904	0.298855	0.000000
0.091427	0.823817	0.000000
0.089399	0.567312	0.000000
-0.361753	0.170229	0.000000
0.433255	0.472185	0.000000
-0.030316	-0.360280	0.000000
-0.015647	0.167632	0.000000
0.432238	-0.344034	0.000000
0.930208	0.795330	0.000000
0.628137	0.297184	0.000000
-0.544452	0.624890	0.000000
0.197704	0.608139	0.000000
0.520611	0.549866	0.000000
0.184325	0.453363	0.000000
0.405256	-0.517206	0.000000
-0.198816	0.183306	0.000000
-0.137005	-0.501712	0.000000
-0.403927	0.644746	0.000000
-0.393910	0.105289	0.000000
0.354319	0.584280	0.000000
0.587772	0.081437	0.000000
0.426430	0.500718	0.000000
0.735411	0.691306	0.000000
0.833511	0.856620	0.000000
0.389132	0.181014	0.000000
0.564818	0.605498	0.000000
-0.393411	0.024228	0.000000
-0.097824	0.237059	0.000000
-0.419544	0.435243	0.000000
0.265425	0.592825	0.000000
-0.002904	0.555033	0.000000
-0.575057	-0.028471	0.000000
-0.110388	-0.327497	0.000000
-0.419270	0.665859	0.000000
0.622674	0.224901	0.000000
-0.772360	0.316915	0.000000
0.184515	0.514447	0.000000
0.398313	0.583005	0.000000
-0.091845	-0.496054	0.000000
0.538646	0.403718	0.000000
-0.289233	-0.476296	0.000000
0.271183	0.198635	0.000000
0.881327	0.687585	0.000000
0.488726	-0.364455	0.000000
0.491976	-0.365855	0.000000
0.408981	0.097492	0.000000
-0.748058	0.845658	0.000000
0.556191	-0.407280	0.000000
0.498363	0.445708	0.000000
-0.186624	-0.637723	0.000000
0.952363	0.775403	0.000000
-0.281665	0.234478	0.000000
-0.251144	0.349587	0.000000
0.523456	0.666523	0.000000
-0.391238	-0.819555	0.000000
0.666588	0.343952	0.000000
0.380939	0.364796	0.000000
0.574300	0.505298	0.000000
-0.358202	0.443819	0.000000
0.793113	0.452222	0.000000
0.666115	0.765278	0.000000
-0.108987	0.351308	0.000000
0.788618	0.664533	0.000000
0.618303	0.481605	0.000000
0.734277	0.029310	0.000000
-0.015649	0.252388	0.000000
0.442205	0.620842	0.000000
-0.629871	-0.018100	0.000000
0.463760	0.682960	0.000000
0.080945	0.292160	0.000000
-0.552434	0.745781	0.000000
0.343431	0.962447	0.000000
-0.655711	0.823800	0.000000
0.356005	-0.206163	0.000000
0.383071	-0.211514	0.000000
0.388097	-0.182097	0.000000
0.302489	0.951694	0.000000
0.390485	-0.600577	0.000000
0.753180	0.624225	0.000000
0.594779	0.048192	0.000000
0.051439	0.395137	0.000000
0.146133	-0.307789	0.000000
-0.169953	0.190541	0.000000
-0.457251	0.047147	0.000000
-0.592909	0.816214	0.000000
-0.545318	-0.462365	0.000000
0.084999	-0.058836	0.000000
-0.248228	-0.787816	0.000000
0.743646	-0.389794	0.000000
0.825863	-0.579198	0.000000
-0.504127	0.326202	0.000000
-0.343593	0.347646	0.000000
-0.207402	-0.425548	0.000000
-0.128723	0.296318	0.000000
-0.438450	0.126988	0.000000
0.643336	0.375695	0.000000
0.731545	-0.360330	0.000000
0.354598	0.581442	0.000000
0.276092	-0.303412	0.000000
0.851859	0.864577	0.000000
0.132450	0.340479	0.000000
-0.731865	0.141618	0.000000
0.258522	-0.565974	0.000000
0.746517	-0.506453	0.000000
-0.654156	0.572531	0.000000
-0.548596	0.499009	0.000000
-0.709929	0.652460	0.000000
0.525273	0.629349	0.000000
-0.065620	-0.051537	0.000000
-0.199254	-0.743715	0.000000
0.643622	0.042792	0.000000
0.840759	0.811981	0.000000
-0.259003	0.114218	0.000000
-0.923303	0.749297	0.000000
0.282317	-0.497437	0.000000
0.136267	0.316294	0.000000
-0.523951	-0.793968	0.000000
-0.589932	-0.172838	0.000000
-0.352634	-0.131461	0.000000
0.745797	0.104821	0.000000
-0.695361	0.941718	0.000000
-0.631979	0.437010	0.000000
-0.125845	0.336514	0.000000
0.194322	0.510538	0.000000
-0.683098	0.615831	0.000000
-0.206099	-0.425300	0.000000
-0.120696	0.104582	0.000000
0.353018	-0.226790	0.000000
0.468956	0.707878	0.000000
0.174390	-0.172995	0.000000
0.194431	-0.246882	0.000000
-0.081858	0.768219	0.000000
0.996890	0.742664	0.000000
-0.873581	0.592315	0.000000
0.508737	-0.167194	0.000000
0.551882	-0.651817	0.000000
-0.690321	0.897980	0.000000
0.730480	-0.374024	0.000000
0.335374	0.710186	0.000000
-0.257320	0.732405	0.000000
-0.822003	0.854204	0.000000
-0.465974	-0.075452	0.000000
-0.553521	-0.179532	0.000000
0.867176	0.522046	0.000000
0.858898	0.361410	0.000000
-0.217425	0.477151	0.000000
-0.779980	0.213935	0.000000
0.794144	0.638564	0.000000
-0.694640	-0.480834	0.000000
-0.159465	0.078883	0.000000
-0.752218	0.823879	0.000000
-0.357974	0.300110	0.000000
0.676447	-0.018502	0.000000
0.150884	-0.083032	0.000000
0.064472	0.384813	0.000000
-0.140583	0.570334	0.000000
0.392582	0.139597	0.000000
-0.410171	0.626787	0.000000
0.016775	0.691261	0.000000
-0.040725	0.131414	0.000000
0.047431	0.748517	0.000000
-0.439540	-0.315819	0.000000
-0.622644	0.663886	0.000000
0.594456	0.595274	0.000000
0.052613	0.336180	0.000000
0.344510	-0.359382	0.000000
-0.121335	-0.135470	0.000000
-0.043903	-0.609439	0.000000
0.675991	0.328837	0.000000
-0.256691	-0.330071	0.000000
-0.654886	0.058733	0.000000
-0.611440	0.880909	0.000000
-0.170438	-0.450264	0.000000
-0.463353	-0.396682	0.000000
-0.324964	-0.720259	0.000000
-0.540261	0.586112	0.000000
-0.794444	0.523441	0.000000
0.243683	-0.371723	0.000000
0.424307	0.075618	0.000000
-0.447822	0.183892	0.000000
-0.095892	0.784502	0.000000
-0.244902	0.542874	0.000000
-0.147828	-0.142102	0.000000
-0.708551	0.335331	0.000000
0.375360	-0.261154	0.000000
0.328003	-0.344769	0.000000
-0.369427	-0.533017	0.000000
-0.035357	0.715285	0.000000
0.550487	-0.699212	0.000000
0.314563	0.163897	0.000000
0.833573	0.832125	0.000000
0.397330	0.585098	0.000000
-0.434846	0.143606	0.000000
-0.821123	0.345185	0.000000
0.972903	0.652508	0.000000
0.587514	-0.596719	0.000000
0.926114	0.575079	0.000000
0.455338	-0.235148	0.000000
0.373262	-0.375603	0.000000
0.563615	0.201420	0.000000
0.008622	0.756364	0.000000
-0.378921	0.525522	0.000000
-0.060923	0.423696	0.000000
0.815174	0.592682	0.000000
-0.412461	0.334961	0.000000
-0.781262	0.724992	0.000000
0.675721	-0.332606	0.000000
-0.513537	-0.428036	0.000000
-0.598083	0.673955	0.000000
-0.418055	0.454414	0.000000
0.689089	0.075306	0.000000
0.766767	0.550412	0.000000
0.453780	0.036754	0.000000
0.074537	0.307229	0.000000
-0.595787	-0.916143	0.000000
-0.100210	0.783159	0.000000
-0.151469	0.109146	0.000000
0.053622	0.541854	0.000000
-0.015346	-0.555532	0.000000
0.522357	-0.491021	0.000000
-0.176452	0.020592	0.000000
0.179054	0.580825	0.000000
0.169590	-0.233803	0.000000
0.716358	0.679209	0.000000
0.533780	0.315357	0.000000
-0.385073	0.549628	0.000000
-0.628424	0.775775	0.000000
-0.251799	-0.004640	0.000000
0.096131	0.551109	0.000000
0.622862	-0.611461	0.000000
-0.347278	0.317157	0.000000
0.092506	0.573177	0.000000
-0.197915	-0.157744	0.000000
0.677971	-0.575516	0.000000
-0.369934	0.254406	0.000000
0.101283	0.697103	0.000000
0.529912	0.693194	0.000000
0.004449	-0.079038	0.000000
0.905947	0.606755	0.000000
-0.560697	0.580031	0.000000
-0.564197	0.410631	0.000000
-0.097027	0.749188	0.000000
0.682178	0.662439	0.000000
-0.327987	-0.165509	0.000000
-0.008680	-0.135484	0.000000
-0.451421	0.090378	0.000000
0.450099	0.496239	0.000000
-0.053327	-0.325313	0.000000
0.435930	-0.568334	0.000000
0.308166	0.683022	0.000000
0.104325	0.159314	0.000000
0.742248	-0.375275	0.000000
-0.475436	-0.251797	0.000000
-0.210205	0.249449	0.000000
0.305837	-0.387043	0.000000
-0.515498	-0.383347	0.000000
-0.044905	0.296678	0.000000
-0.384706	0.053199	0.000000
0.852295	0.700212	0.000000
0.572689	0.314324	0.000000
-0.481530	0.730969	0.000000
-0.910918	0.961943	0.000000
-0.359012	0.646477	0.000000
0.387832	-0.393135	0.000000
-0.285989	-0.126873	0.000000
0.851997	0.405953	0.000000
-0.385066	-0.098576	0.000000
0.494480	0.467297	0.000000
0.837547	0.790363	0.000000
0.531742	0.204384	0.000000
-0.433138	-0.905160	0.000000
-0.591361	-0.782151	0.000000
-0.487466	-0.658454	0.000000
0.714864	0.055368	0.000000
0.246587	0.556566	0.000000
0.346755	-0.000363	0.000000
0.494258	0.043586	0.000000
0.443287	0.029019	0.000000
-0.391207	-0.884875	0.000000
0.185910	0.562717	0.000000
-0.097755	0.619121	0.000000
-0.399571	0.434420	0.000000
0.434572	-0.332004	0.000000
-0.678297	0.458092	0.000000
-0.404437	0.585393	0.000000
-0.284459	-0.289120	0.000000
0.272115	0.299814	0.000000
0.285925	0.303934	0.000000
-0.028045	0.760683	0.000000
0.512091	-0.150475	0.000000
-0.264037	-0.632538	0.000000
0.264780	-0.526725	0.000000
0.648553	0.686384	0.000000
-0.322415	-0.565577	0.000000
0.323328	-0.126071	0.000000
0.761693	-0.572124	0.000000
0.755467	0.789978	0.000000
0.252383	0.698739	0.000000
-0.900532	0.411873	0.000000
0.859618	-0.571482	0.000000
-0.277881	-0.568929	0.000000
-0.275294	-0.158751	0.000000
-0.866948	0.871633	0.000000
0.097183	-0.034042	0.000000
0.952491	0.784472	0.000000
0.571311	0.664924	0.000000
0.878689	0.638266	0.000000
0.829483	0.543041	0.000000
-0.877633	0.873526	0.000000
-0.245932	-0.288142	0.000000
-0.703719	0.841531	0.000000
0.439541	0.029416	0.000000
0.673665	0.778799	0.000000
-0.743436	0.182178	0.000000
0.688182	0.218937	0.000000
0.777874	0.309482	0.000000
-0.187055	0.142351	0.000000
-0.118351	-0.152858	0.000000
0.439022	0.639918	0.000000
0.541904	-0.382883	0.000000
0.208343	-0.005251	0.000000
0.222949	-0.001878	0.000000
-0.932392	0.831712	0.000000
0.130457	0.307510	0.000000
0.119393	-0.027963	0.000000
0.595235	0.834326	0.000000
-0.537223	0.013689	0.000000
0.556047	0.191117	0.000000
-0.581602	-0.799404	0.000000
0.251651	0.156310	0.000000
0.804772	0.484249	0.000000
-0.016408	0.472383	0.000000
0.361239	0.154357	0.000000
0.081067	0.815212	0.000000
0.791850	0.842223	0.000000
-0.897023	0.595404	0.000000
-0.155391	0.178648	0.000000
-0.259976	0.681157	0.000000
-0.853873	0.473797	0.000000
-0.164067	-0.300990	0.000000
0.003688	-0.104285	0.000000
0.631392	0.367025	0.000000
-0.008813	-0.151956	0.000000
0.415066	-0.522074	0.000000
-0.721308	0.608804	0.000000
0.652142	0.336927	0.000000
0.913220	0.595309	0.000000
0.646704	0.170313	0.000000
0.413073	-0.314711	0.000000
0.790598	0.525273	0.000000
-0.007563	0.735161	0.000000
0.702671	0.716953	0.000000
0.323062	-0.509685	0.000000
-0.405407	0.392503	0.000000
-0.338561	0.417385	0.000000
0.596621	-0.317714	0.000000
0.845463	0.715300	0.000000
0.541615	0.502814	0.000000
-0.625045	0.346509	0.000000
0.716259	0.373126	0.000000
-0.806862	0.778997	0.000000
0.601942	0.616866	0.000000
0.716769	0.546914	0.000000
-0.566407	0.870492	0.000000
0.978337	0.790428	0.000000
0.948549	0.847102	0.000000
-0.885384	0.336030	0.000000
0.309487	-0.081598	0.000000
-0.260285	-0.017214	0.000000
-0.603299	0.554245	0.000000
0.259076	0.290928	0.000000
-0.705992	0.894999	0.000000
-0.390295	0.460157	0.000000
0.466746	0.190243	0.000000
-0.650962	-0.850829	0.000000
0.612883	0.617349	0.000000
-0.448860	0.503889	0.000000
0.971966	0.695470	0.000000
-0.527402	0.546527	0.000000
-0.282753	-0.321642	0.000000
-0.232028	0.159502	0.000000
-0.795570	0.897669	0.000000
0.892242	0.859882	0.000000
0.545366	0.296327	0.000000
0.495663	-0.083316	0.000000
0.344841	0.564607	0.000000
0.560850	0.079126	0.000000
0.631054	0.730707	0.000000
-0.966913	0.926460	0.000000
0.790976	-0.479804	0.000000
-0.206616	-0.164523	0.000000
-0.085838	0.003511	0.000000
-0.770352	0.280209	0.000000
-0.628489	-0.786321	0.000000
0.504636	0.511555	0.000000
-0.259723	-0.145484	0.000000
0.424440	-0.322462	0.000000
0.497106	-0.391626	0.000000
0.525754	0.109732	0.000000
-0.580931	-0.869034	0.000000
0.473404	0.652015	0.000000
-0.033629	0.550779	0.000000
0.875562	0.531815	0.000000
0.680398	0.763842	0.000000
0.200557	-0.119229	0.000000
0.772228	0.839156	0.000000
-0.529752	-0.846451	0.000000
0.597225	0.342889	0.000000
0.217890	0.066277	0.000000
0.695352	0.800743	0.000000
-0.712084	0.829201	0.000000
0.835199	0.865355	0.000000
0.926323	0.661773	0.000000
0.044982	0.296532	0.000000
-0.256722	-0.422715	0.000000
0.071302	-0.179152	0.000000
0.578426	-0.691121	0.000000
0.883817	0.620889	0.000000
0.261371	0.634017	0.000000
0.304620	0.237105	0.000000
0.717209	0.069852	0.000000
0.352129	-0.195287	0.000000
0.106846	0.520820	0.000000
0.370914	0.614093	0.000000
-0.292896	0.232407	0.000000
0.656044	-0.433495	0.000000
-0.967483	0.697465	0.000000
0.502246	0.802944	0.000000
0.599154	-0.020866	0.000000
-0.725096	0.822765	0.000000
0.657236	0.673152	0.000000
0.097441	0.424051	0.000000
0.405263	-0.320037	0.000000
-0.854819	0.877503	0.000000
-0.002680	-0.512020	0.000000
0.459033	0.489885	0.000000
0.895942	0.782160	0.000000
-0.382664	0.527329	0.000000
0.424621	0.298591	0.000000
0.333690	0.986010	0.000000
0.564735	0.574422	0.000000
0.134990	0.438142	0.000000
0.054269	-0.054002	0.000000
0.571261	0.027595	0.000000
0.280615	0.222420	0.000000
-0.678641	0.907486	0.000000
0.436494	0.518327	0.000000
-0.356419	-0.008841	0.000000
-0.514863	0.736292	0.000000
-0.571986	0.892371	0.000000
-0.016858	-0.157349	0.000000
-0.569782	0.041161	0.000000
0.020073	-0.399166	0.000000
0.036917	0.728170	0.000000
-0.452618	0.130934	0.000000
0.322461	-0.335978	0.000000
-0.387865	-0.468825	0.000000
-0.227188	0.628567	0.000000
-0.213724	0.615804	0.000000
0.256918	-0.343884	0.000000
0.200771	0.545690	0.000000
0.538014	-0.441968	0.000000
0.626109	0.080150	0.000000
-0.467176	-0.559910	0.000000
-0.681711	0.771419	0.000000
0.481316	-0.477993	0.000000
-0.539553	0.360688	0.000000
-0.237040	-0.503663	0.000000
0.452771	0.284944	0.000000
0.591503	-0.000935	0.000000
0.866419	0.676498	0.000000
-0.547540	-0.060500	0.000000
-0.624000	0.833435	0.000000
-0.570414	0.018794	0.000000
0.779785	0.292445	0.000000
-0.750540	0.058865	0.000000
-0.955143	0.861701	0.000000
0.448977	-0.135838	0.000000
0.150133	0.663459	0.000000
0.709244	0.579975	0.000000
-0.219895	0.646763	0.000000
0.613287	0.674023	0.000000
0.448970	0.357042	0.000000
0.040927	0.037002	0.000000
-0.144104	0.248469	0.000000
0.322429	-0.189989	0.000000
-0.275317	-0.745967	0.000000
0.786228	0.407998	0.000000
0.123637	-0.414876	0.000000
0.694842	-0.531958	0.000000
-0.538290	-0.486425	0.000000
0.762721	-0.614998	0.000000
-0.126449	-0.323037	0.000000
0.683732	0.138790	0.000000
-0.233939	-0.426148	0.000000
-0.664189	0.691729	0.000000
-0.554560	-0.819305	0.000000
0.530846	0.457458	0.000000
-0.179365	-0.117450	0.000000
-0.205307	-0.492744	0.000000
-0.314813	-0.167551	0.000000
0.408634	-0.116540	0.000000
-0.095967	0.435733	0.000000
0.324462	0.430238	0.000000
0.166885	-0.388640	0.000000
-0.639471	0.135339	0.000000
0.624853	0.792714	0.000000
0.644966	0.514514	0.000000
-0.223175	-0.190889	0.000000
0.064906	0.417671	0.000000
0.581927	-0.019632	0.000000
0.595607	-0.488187	0.000000
-0.032276	0.126159	0.000000
-0.512474	-0.156652	0.000000
0.786917	0.627230	0.000000
-0.381397	0.537174	0.000000
-0.283257	0.746103	0.000000
0.461818	-0.557663	0.000000
-0.609581	-0.430860	0.000000
-0.390235	0.632119	0.000000
0.850249	-0.540648	0.000000
0.620016	0.156501	0.000000
-0.332742	-0.220755	0.000000
-0.049157	0.286918	0.000000
-0.895092	0.579809	0.000000
-0.593680	-0.387002	0.000000
0.253705	-0.127644	0.000000
0.629002	-0.345649	0.000000
-0.517071	0.818881	0.000000
-0.250226	-0.118313	0.000000
-0.449122	0.154447	0.000000
0.557667	0.369128	0.000000
0.534614	0.245136	0.000000
-0.479675	0.815851	0.000000
0.545106	0.566913	0.000000
0.403049	0.161070	0.000000
-0.138695	-0.186989	0.000000
-0.314229	-0.812842	0.000000
0.381099	-0.156058	0.000000
0.684187	0.641547	0.000000
-0.160409	-0.092961	0.000000
-0.048755	-0.092152	0.000000
-0.510194	0.188557	0.000000
-0.310839	0.456893	0.000000
0.513089	0.563887	0.000000
-0.135818	0.240629	0.000000
-0.904540	0.882762	0.000000
-0.202202	0.780116	0.000000
0.305251	-0.362663	0.000000
0.162842	0.660194	0.000000
0.765703	0.446964	0.000000
-0.043649	0.639636	0.000000
-0.076034	0.411527	0.000000
-0.273425	0.165029	0.000000
-0.493380	-0.678131	0.000000
-0.693436	0.892774	0.000000
-0.013454	-0.352055	0.000000
0.328829	0.433661	0.000000
0.525145	0.429995	0.000000
0.737165	-0.343577	0.000000
0.192713	-0.436100	0.000000
-0.292612	0.275261	0.000000
-0.058127	-0.340388	0.000000
-0.017974	0.335726	0.000000
-0.344027	-0.684281	0.000000
0.567975	0.679837	0.000000
-0.469010	0.414506	0.000000
0.289293	0.966026	0.000000
0.462192	-0.466460	0.000000
0.673743	0.369388	0.000000
0.083286	-0.418111	0.000000
-0.352950	0.291277	0.000000
-0.171909	0.291232	0.000000
0.704844	0.261820	0.000000
-0.090129	0.700160	0.000000
-0.384289	-0.094332	0.000000
0.172084	-0.215829	0.000000
-0.316752	0.733794	0.000000
0.946424	0.619129	0.000000
-0.656657	-0.414397	0.000000
-0.592109	-0.179404	0.000000
-0.765092	0.749488	0.000000
-0.620546	0.509524	0.000000
0.695617	0.562537	0.000000
-0.146544	0.278594	0.000000
0.581784	0.054898	0.000000
-0.136491	-0.525747	0.000000
-0.398750	0.165591	0.000000
0.106669	-0.383557	0.000000
-0.364218	0.521656	0.000000
0.541348	0.026227	0.000000
0.022749	-0.392889	0.000000
0.816876	0.483189	0.000000
0.521559	0.682271	0.000000
-0.351440	0.590776	0.000000
-0.380863	0.080668	0.000000
0.128035	0.462028	0.000000
0.258251	0.970184	0.000000
0.344936	0.029074	0.000000
-0.682673	0.897321	0.000000
0.256272	0.967679	0.000000
0.618924	-0.359023	0.000000
0.394499	-0.403797	0.000000
0.189355	0.129746	0.000000
0.920413	0.576176	0.000000
0.608203	0.099482	0.000000
0.120883	-0.506225	0.000000
-0.817912	0.919698	0.000000
0.766009	0.262165	0.000000
-0.423896	-0.612560	0.000000
0.612346	0.446119	0.000000
-0.044437	-0.439352	0.000000
0.576185	-0.392083	0.000000
0.442020	0.509015	0.000000
-0.506482	-0.246896	0.000000
-0.729562	0.476702	0.000000
0.792575	0.761328	0.000000
-0.795100	0.814498	0.000000
-0.096357	0.421908	0.000000
-0.331734	-0.404711	0.000000
0.835399	0.466623	0.000000
0.144899	0.344996	0.000000
-0.605739	0.349430	0.000000
-0.289470	0.507555	0.000000
0.752947	-0.345879	0.000000
0.783609	-0.650611	0.000000
0.567954	-0.038485	0.000000
-0.936264	0.494225	0.000000
-0.008957	0.526873	0.000000
0.334939	0.274532	0.000000
-0.778155	0.675007	0.000000
0.254543	0.638469	0.000000
-0.665461	0.576548	0.000000
-0.060397	-0.405127	0.000000
-0.596251	0.804718	0.000000
-0.954339	0.609995	0.000000
-0.555466	0.278999	0.000000
0.546483	0.527624	0.000000
-0.144509	-0.591230	0.000000
0.245219	0.707638	0.000000
0.271419	-0.412815	0.000000
0.786397	-0.485026	0.000000
-0.195491	-0.621933	0.000000
0.324914	0.217118	0.000000
-0.143141	0.473624	0.000000
-0.284902	0.434981	0.000000
-0.333027	0.508526	0.000000
0.753831	-0.603681	0.000000
0.468282	0.259150	0.000000
-0.268553	0.263662	0.000000
0.312503	0.277883	0.000000
0.520613	0.454590	0.000000
0.361691	0.361739	0.000000
-0.649617	0.127130	0.000000
0.249637	-0.413062	0.000000
0.871964	0.471522	0.000000
-0.665772	-0.462442	0.000000
0.147218	-0.381421	0.000000
0.037477	0.645155	0.000000
0.611032	-0.459895	0.000000
0.446805	0.350156	0.000000
0.148883	0.138498	0.000000
0.929516	0.751449	0.000000
-0.762558	0.589926	0.000000
-0.550789	-0.852854	0.000000
0.758419	0.066597	0.000000
-0.271470	0.371250	0.000000
0.318741	0.057620	0.000000
0.648515	0.448636	0.000000
0.721410	0.060225	0.000000
-0.322342	-0.331809	0.000000
-0.526165	-0.967332	0.000000
-0.942714	0.781643	0.000000
0.551964	0.546167	0.000000
0.106500	-0.087046	0.000000
-0.286647	-0.799684	0.000000
-0.659580	0.897209	0.000000
0.348087	0.060361	0.000000
-0.622893	-0.050204	0.000000
0.654267	0.577860	0.000000
-0.147524	-0.102465	0.000000
0.702073	0.044433	0.000000
0.339338	-0.057049	0.000000
-0.725424	0.267971	0.000000
-0.030101	0.644130	0.000000
-0.267088	-0.641629	0.000000
0.072456	-0.004672	0.000000
-0.131409	-0.139598	0.000000
0.625286	0.418255	0.000000
-0.700240	0.528427	0.000000
-0.440699	0.098778	0.000000
-0.006592	0.376381	0.000000
0.047811	-0.463139	0.000000
0.548869	0.302138	0.000000
-0.436538	-0.193203	0.000000
0.593951	0.087350	0.000000
-0.471452	-0.576849	0.000000
-0.318272	0.413386	0.000000
0.487795	0.725094	0.000000
0.213087	0.544949	0.000000
-0.677873	0.895173	0.000000
0.502655	0.594503	0.000000
-0.832189	0.887956	0.000000
0.433083	-0.336381	0.000000
-0.535380	-0.211171	0.000000
-0.286725	-0.783038	0.000000
0.688241	0.813796	0.000000
0.124700	0.558877	0.000000
-0.491017	-0.064478	0.000000
-0.440097	-0.478071	0.000000
0.687670	-0.674152	0.000000
0.490660	0.318061	0.000000
-0.931940	0.385609	0.000000
0.015437	-0.582432	0.000000
-0.059708	-0.046508	0.000000
0.711454	0.837289	0.000000
-0.521987	0.760890	0.000000
-0.054723	-0.610772	0.000000
0.555872	0.619518	0.000000
-0.024158	-0.534666	0.000000
0.712578	0.003768	0.000000
0.165209	0.187594	0.000000
0.860589	0.564096	0.000000
0.249050	0.224073	0.000000
-0.134184	0.521223	0.000000
0.819032	-0.471231	0.000000
0.852390	0.865134	0.000000
-0.635832	-0.541348	0.000000
-0.075898	-0.211325	0.000000
-0.327421	0.568908	0.000000
0.617894	0.519955	0.000000
0.654491	0.476227	0.000000
0.689814	0.363414	0.000000
0.283650	0.216235	0.000000
0.437918	0.036595	0.000000
-0.556023	-0.024933	0.000000
-0.664725	0.298607	0.000000
0.466182	-0.549309	0.000000
-0.226594	-0.150837	0.000000
0.933701	0.514360	0.000000
0.016391	0.631371	0.000000
0.710447	0.483371	0.000000
-0.418011	0.394334	0.000000
0.005119	0.402290	0.000000
-0.260625	-0.144654	0.000000
-0.396841	0.626310	0.000000
0.304240	0.506982	0.000000
0.166688	0.569938	0.000000
0.255271	0.164703	0.000000
-0.506859	0.847169	0.000000
0.743396	-0.571810	0.000000
-0.014170	0.764263	0.000000
-0.284313	-0.168260	0.000000
-0.421513	-0.175697	0.000000
0.518453	0.715141	0.000000
-0.411536	-0.035417	0.000000
0.602390	-0.017757	0.000000
0.339285	-0.244566	0.000000
-0.417481	-0.152464	0.000000
0.653386	-0.014517	0.000000
0.471107	0.010575	0.000000
-0.746956	0.142018	0.000000
-0.158656	-0.669412	0.000000
-0.249197	-0.634241	0.000000
0.682155	0.809553	0.000000
0.701965	0.668450	0.000000
0.364869	-0.373323	0.000000
-0.432108	0.123936	0.000000
0.890323	0.505084	0.000000
0.124844	0.616914	0.000000
0.409180	-0.323823	0.000000
0.391402	0.603479	0.000000
0.427433	0.783310	0.000000
-0.621760	-0.372590	0.000000
-0.652704	0.448688	0.000000
-0.589669	-0.860566	0.000000
-1.000000	0.737956	0.000000
0.891306	0.503764	0.000000
-0.350825	0.479532	0.000000
-0.091108	0.482123	0.000000
0.215791	-0.286798	0.000000
-0.166130	0.457350	0.000000
0.802518	0.594221	0.000000
0.313571	0.041264	0.000000
0.672873	0.445081	0.000000
0.351526	-0.364585	0.000000
0.247610	0.602909	0.000000
0.413392	0.229767	0.000000
-0.366332	-0.675873	0.000000
0.027648	0.053281	0.000000
0.730591	0.701110	0.000000
0.519961	0.336150	0.000000
0.726534	0.457909	0.000000
0.165524	0.631688	0.000000
-0.064341	0.447071	0.000000
-0.882407	0.953910	0.000000
-0.522034	-0.455385	0.000000
0.591284	0.400744	0.000000
0.630134	0.695711	0.000000
0.260185	-0.203204	0.000000
0.789699	0.711899	0.000000
0.324863	-0.225765	0.000000
-0.646674	0.134381	0.000000
-0.850762	0.453863	0.000000
0.187135	0.429190	0.000000
0.466046	0.135417	0.000000
-0.323857	-0.688724	0.000000
0.690430	0.246310	0.000000
-0.566809	0.684815	0.000000
0.172995	-0.430157	0.000000
-0.230327	0.017777	0.000000
0.683718	0.699392	0.000000
-0.322971	0.634002	0.000000
0.741158	0.276096	0.000000
-0.041756	0.045587	0.000000
0.182470	0.648248	0.000000
0.629890	-0.042355	0.000000
0.645993	0.415748	0.000000
0.199627	-0.043149	0.000000
-0.226118	-0.268134	0.000000
-0.111277	-0.245127	0.000000
-0.080694	-0.498030	0.000000
-0.426537	0.568231	0.000000
0.786710	-0.446490	0.000000
-0.704423	0.716128	0.000000
-0.799433	0.734798	0.000000
0.121253	0.746653	0.000000
0.434286	-0.101638	0.000000
0.535629	-0.535415	0.000000
0.946115	0.752593	0.000000
-0.070038	-0.068257	0.000000
0.724579	0.387066	0.000000
0.454394	-0.412560	0.000000
0.399733	-0.135927	0.000000
0.656173	0.248420	0.000000
-0.530261	-0.015306	0.000000
-0.453553	-0.108208	0.000000
-0.259009	0.373404	0.000000
0.795737	-0.514147	0.000000
0.116870	0.668427	0.000000
-0.052219	-0.083755	0.000000
0.197177	0.429462	0.000000
-0.101822	-0.018328	0.000000
-0.671872	0.206696	0.000000
0.600970	0.261083	0.000000
-0.882381	0.278497	0.000000
0.385208	0.279035	0.000000
-0.458742	0.034460	0.000000
-0.249581	-0.525654	0.000000
-0.535446	0.848659	0.000000
0.747826	0.797622	0.000000
-0.480095	-0.611427	0.000000
0.660158	0.307064	0.000000
-0.269376	0.612804	0.000000
-0.451683	0.093017	0.000000
0.455592	0.594994	0.000000
0.589746	0.142773	0.000000
-0.498644	-0.168727	0.000000
0.047581	-0.198979	0.000000
-0.924478	0.620577	0.000000
0.663825	0.144482	0.000000
0.369334	0.613824	0.000000
-0.070976	0.304233	0.000000
0.430508	0.381380	0.000000
0.394879	0.219246	0.000000
0.857242	-0.541830	0.000000
-0.201517	0.288545	0.000000
0.357318	0.515535	0.000000
0.218515	0.923571	0.000000
-0.333820	-0.113338	0.000000
0.217754	-0.454782	0.000000
0.514960	0.682350	0.000000
0.050942	0.018146	0.000000
0.692142	-0.681570	0.000000
0.427926	-0.331931	0.000000
0.929218	0.771593	0.000000
0.038931	0.777592	0.000000
-0.580624	0.110587	0.000000
0.727783	-0.552123	0.000000
0.540883	0.516356	0.000000
-0.484615	0.871140	0.000000
-0.344808	0.213881	0.000000
0.606741	0.754968	0.000000
0.329472	-0.236291	0.000000
0.107888	0.847904	0.000000
-0.261926	0.365360	0.000000
0.652975	0.242089	0.000000
-0.513567	0.593646	0.000000
-0.253413	0.675796	0.000000
0.757385	-0.406854	0.000000
0.227248	-0.114781	0.000000
0.698022	0.464594	0.000000
-0.223407	0.622642	0.000000
0.014542	0.569773	0.000000
0.686379	-0.024024	0.000000
-0.630748	0.532074	0.000000
-0.332123	0.182554	0.000000
-0.237458	-0.494730	0.000000
-0.383272	0.058958	0.000000
-0.653636	0.814709	0.000000
0.192617	0.130314	0.000000
-0.426960	0.351399	0.000000
0.261121	0.261275	0.000000
0.343945	0.193553	0.000000
-0.270330	0.651840	0.000000
-0.412390	-0.746335	0.000000
-0.446351	-0.038259	0.000000
-0.289852	-0.681543	0.000000
0.403294	0.103169	0.000000
0.554362	-0.000947	0.000000
0.769525	0.591263	0.000000
0.508333	0.368625	0.000000
0.825328	0.777706	0.000000
-0.663280	-0.193657	0.000000
0.879708	0.513287	0.000000
-0.337136	0.776309	0.000000
-0.367464	0.158462	0.000000
-0.517621	0.057659	0.000000
-0.441943	-0.671003	0.000000
-0.882244	0.949913	0.000000
0.047099	-0.056902	0.000000
0.750004	-0.504535	0.000000
0.193635	-0.140206	0.000000
0.250305	-0.548480	0.000000
-0.366341	0.775698	0.000000
0.563891	0.630725	0.000000
0.704032	0.193797	0.000000
0.237641	-0.285446	0.000000
-0.518967	0.769802	0.000000
-0.645449	-0.056028	0.000000
0.483727	0.095342	0.000000
-0.440581	-0.492953	0.000000
0.096241	-0.167729	0.000000
0.668570	0.152546	0.000000
0.428518	0.110315	0.000000
-0.518000	-0.184875	0.000000
0.418948	-0.026730	0.000000
-0.884347	0.375867	0.000000
0.944687	0.670034	0.000000
-0.666608	-0.433858	0.000000
-0.298063	-0.495101	0.000000
-0.356274	-0.332784	0.000000
0.396330	0.499744	0.000000
0.541648	0.517387	0.000000
-0.604655	0.359129	0.000000
-0.401214	0.669309	0.000000
-0.035218	-0.216250	0.000000
0.393642	0.236404	0.000000
0.049475	0.563656	0.000000
0.183350	0.283513	0.000000
0.420588	-0.608735	0.000000
-0.450926	-0.294234	0.000000
-0.412452	0.802904	0.000000
0.552251	0.074106	0.000000
-0.133740	0.097472	0.000000
-0.773085	0.205953	0.000000
-0.825897	0.867827	0.000000
-0.320726	-0.563601	0.000000
0.502965	0.653394	0.000000
0.854423	0.340537	0.000000
-0.612224	-0.173064	0.000000
0.170010	-0.063755	0.000000
-0.325806	0.225147	0.000000
-0.503644	-0.978219	0.000000
0.688821	0.540271	0.000000
-0.407576	-0.713598	0.000000
0.133332	0.424821	0.000000
-0.362854	-0.607605	0.000000
0.366081	0.530928	0.000000
-0.274031	-0.676519	0.000000
0.737384	0.206000	0.000000
0.806495	0.213995	0.000000
0.427995	-0.170773	0.000000
0.001144	-0.119199	0.000000
0.371843	0.262626	0.000000
0.015867	0.543869	0.000000
0.314408	-0.588983	0.000000
0.823838	0.711021	0.000000
0.520404	0.474701	0.000000
0.984848	0.632825	0.000000
-0.862550	0.261091	0.000000
-0.068501	-0.034677	0.000000
-0.575191	-0.017625	0.000000
0.223185	0.577127	0.000000
0.732624	0.770991	0.000000
-0.876915	0.723765	0.000000
0.613125	-0.612279	0.000000
0.570500	-0.346716	0.000000
0.480982	0.566540	0.000000
-0.343252	0.164237	0.000000
0.444657	0.331750	0.000000
0.255767	0.139661	0.000000
-0.364807	-0.289842	0.000000
-0.155152	-0.453480	0.000000
-0.107358	0.793730	0.000000
-0.855526	0.868956	0.000000
0.379779	-0.319985	0.000000
0.204525	0.923753	0.000000
0.152794	0.316843	0.000000
-0.373337	-0.242414	0.000000
-0.622756	-0.017105	0.000000
0.516021	-0.412728	0.000000
-0.063978	-0.214846	0.000000
0.389246	-0.524463	0.000000
-0.195203	-0.045027	0.000000
0.653610	0.632250	0.000000
-0.322978	-0.662736	0.000000
0.323483	0.512060	0.000000
0.009712	-0.041426	0.000000
0.185205	0.194780	0.000000
-0.866822	0.698346	0.000000
0.624891	-0.515519	0.000000
-0.168273	0.471074	0.000000
-0.440204	0.309349	0.000000
-0.279798	0.356636	0.000000
0.553081	-0.029564	0.000000
-0.081173	0.265142	0.000000
0.327949	-0.080769	0.000000
-0.132103	0.610470	0.000000
0.588726	-0.335539	0.000000
-0.585855	0.726428	0.000000
0.491451	-0.541529	0.000000
-0.218835	0.714796	0.000000
-0.071889	-0.126883	0.000000
0.235316	0.198512	0.000000
0.939024	0.853707	0.000000
0.851344	0.419607	0.000000
-0.307851	0.227264	0.000000
0.674043	0.619020	0.000000
-0.937180	0.407785	0.000000
-0.693249	0.867977	0.000000
0.177172	-0.070963	0.000000
-0.730014	0.499242	0.000000
0.895241	0.689388	0.000000
0.504486	-0.001094	0.000000
-0.075011	-0.080652	0.000000
-0.438630	-0.248011	0.000000
0.105724	-0.029127	0.000000
-0.301975	-0.005040	0.000000
0.526357	0.227792	0.000000
-0.754656	0.303763	0.000000
-0.361451	-0.881943	0.000000
0.526900	0.014467	0.000000
0.499278	0.596484	0.000000
0.402089	0.609760	0.000000
-0.611503	0.907777	0.000000
0.290115	-0.374341	0.000000
-0.446537	0.003584	0.000000
-0.608487	0.063351	0.000000
0.550949	-0.015679	0.000000
-0.462814	0.310222	0.000000
0.861113	0.868029	0.000000
-0.414081	0.834993	0.000000
0.243708	-0.471794	0.000000
0.061811	0.634492	0.000000
-0.038163	0.191651	0.000000
0.349982	0.254365	0.000000
-0.126664	0.473486	0.000000
0.879422	0.723629	0.000000
-0.799644	0.274135	0.000000
0.834034	-0.438653	0.000000
-0.329172	-0.166846	0.000000
0.314651	0.616866	0.000000
0.703796	0.865761	0.000000
-0.144718	-0.169795	0.000000
0.242611	0.265174	0.000000
0.074438	0.610210	0.000000
0.836274	0.527428	0.000000
0.370603	0.080910	0.000000
0.417514	0.046690	0.000000
-0.226830	-0.125673	0.000000
0.604808	0.380021	0.000000
0.600394	0.672139	0.000000
0.644463	0.702129	0.000000
0.778567	-0.669249	0.000000
-0.631430	0.856337	0.000000
0.052170	-0.470389	0.000000
0.571997	0.562050	0.000000
0.802210	-0.557290	0.000000
-0.018196	-0.446974	0.000000
0.757807	-0.359576	0.000000
-0.070106	-0.524057	0.000000
0.560729	0.142038	0.000000
-0.397316	0.581176	0.000000
-0.591526	0.827515	0.000000
0.918594	0.701650	0.000000
-0.551521	0.465752	0.000000
0.062875	-0.096704	0.000000
0.801309	0.433807	0.000000
-0.722186	0.083044	0.000000
0.118005	-0.031224	0.000000
-0.477986	-0.311209	0.000000
0.587393	-0.595803	0.000000
0.455396	0.274255	0.000000
0.680882	0.515177	0.000000
-0.311219	0.760145	0.000000
0.758335	0.277437	0.000000
0.585461	0.688553	0.000000
0.407794	-0.244290	0.000000
-0.722326	0.742699	0.000000
-0.668856	-0.048370	0.000000
0.657235	0.397000	0.000000
0.886165	0.824401	0.000000
-0.608512	-0.505951	0.000000
0.575934	0.658116	0.000000
0.424547	0.100670	0.000000
0.478332	-0.529489	0.000000
-0.537347	0.363460	0.000000
0.886011	0.641443	0.000000
0.233872	0.004707	0.000000
0.457879	0.006238	0.000000
0.161631	-0.068823	0.000000
0.742863	0.661738	0.000000
-0.440025	0.811014	0.000000
-0.443947	0.428959	0.000000
0.931271	0.800040	0.000000
-0.098690	0.364323	0.000000
-0.164793	0.577511	0.000000
0.403456	-0.157955	0.000000
0.647520	0.122703	0.000000
-0.143557	0.320168	0.000000
0.225193	0.224246	0.000000
0.027973	0.552328	0.000000
0.673029	0.293486	0.000000
-0.377805	0.249468	0.000000
0.164636	-0.383078	0.000000
0.205610	0.656437	0.000000
0.143671	0.554820	0.000000
-0.504188	-0.305544	0.000000
0.422468	0.063282	0.000000
0.834091	0.725014	0.000000
0.010542	-0.521247	0.000000
0.359417	0.194590	0.000000
-0.843827	0.456606	0.000000
0.888722	0.776137	0.000000
0.594538	-0.470590	0.000000
0.705101	0.794357	0.000000
-0.550773	0.116878	0.000000
-0.397843	-0.128726	0.000000
0.297476	-0.302154	0.000000
-0.948662	0.447398	0.000000
0.630621	0.351020	0.000000
-0.375994	-0.381251	0.000000
-0.376184	0.491449	0.000000
0.153580	0.801314	0.000000
0.135861	-0.382528	0.000000
-0.204428	-0.757839	0.000000
0.651342	-0.416015	0.000000
0.624074	0.511780	0.000000
0.130110	0.520432	0.000000
0.511800	-0.024773	0.000000
-0.498796	0.398495	0.000000
-0.633104	-0.001294	0.000000
0.765352	0.406307	0.000000
0.698960	0.123120	0.000000
0.339991	0.218391	0.000000
-0.543301	0.884491	0.000000
0.342463	0.610782	0.000000
-0.312850	0.604323	0.000000
0.126823	-0.063025	0.000000
0.072653	0.406566	0.000000
0.689983	0.064387	0.000000
0.307666	0.605035	0.000000
-0.014629	0.636469	0.000000
-0.311453	0.152702	0.000000
0.228578	-0.238810	0.000000
0.341807	-0.172819	0.000000
-0.523042	0.358808	0.000000
0.073432	0.506858	0.000000
0.433876	0.633777	0.000000
-0.335154	0.571357	0.000000
-0.108833	-0.024287	0.000000
0.598471	0.540963	0.000000
-0.377712	-0.530225	0.000000
-0.356566	-0.148189	0.000000
-0.416735	0.253432	0.000000
-0.480257	0.193338	0.000000
-0.194827	0.077509	0.000000
0.273187	0.853799	0.000000
0.639935	-0.318169	0.000000
0.033290	0.564239	0.000000
0.919668	0.846952	0.000000
-0.449007	-0.126440	0.000000
-0.081640	0.321564	0.000000
-0.189371	-0.245726	0.000000
-0.217787	0.691741	0.000000
0.459943	0.603415	0.000000
-0.128815	-0.112396	0.000000
-0.223896	-0.574827	0.000000
0.129759	0.506981	0.000000
-0.229792	-0.109266	0.000000
-0.018389	0.437061	0.000000
0.437791	0.237794	0.000000
0.133144	0.087131	0.000000
0.561229	0.384598	0.000000
0.527418	0.712504	0.000000
-0.171424	0.008080	0.000000
-0.907785	0.358723	0.000000
0.052437	0.573965	0.000000
0.368765	-0.460838	0.000000
0.606482	-0.661752	0.000000
0.589532	-0.019154	0.000000
-0.612993	0.741258	0.000000
0.339930	0.984663	0.000000
0.195376	0.420942	0.000000
0.316547	-0.014314	0.000000
-0.611871	0.798983	0.000000
-0.697005	0.695471	0.000000
0.187410	0.919929	0.000000
-0.171130	-0.558509	0.000000
0.261735	-0.334734	0.000000
0.732674	0.068663	0.000000
0.850754	0.579097	0.000000
-0.558741	0.201551	0.000000
0.099779	0.161220	0.000000
0.432196	-0.215025	0.000000
0.779108	0.680440	0.000000
0.716738	0.398737	0.000000
0.079975	0.267643	0.000000
0.099864	0.138114	0.000000
-0.841624	0.189881	0.000000
-0.868275	0.821646	0.000000
-0.872774	0.712203	0.000000
0.645867	-0.578753	0.000000
-0.040743	-0.060399	0.000000
0.036890	-0.586267	0.000000
0.708173	0.461945	0.000000
0.635420	-0.346377	0.000000
-0.737745	0.336898	0.000000
-0.511024	-0.410776	0.000000
0.884099	0.823521	0.000000
0.091524	0.633195	0.000000
0.555257	0.569972	0.000000
0.784323	0.350618	0.000000
0.934987	0.700512	0.000000
-0.315836	0.576798	0.000000
-0.406130	-0.666958	0.000000
0.560616	0.181737	0.000000
0.797274	0.836088	0.000000
0.549927	0.598271	0.000000
0.563542	-0.301163	0.000000
-0.123492	-0.140221	0.000000
0.444436	-0.142189	0.000000
0.717762	0.596948	0.000000
-0.954955	0.465753	0.000000
0.434621	-0.465780	0.000000
0.191589	0.770456	0.000000
-0.208482	-0.688382	0.000000
-0.396899	0.030306	0.000000
0.343537	0.768603	0.000000
0.519583	0.445334	0.000000
0.230296	-0.135707	0.000000
0.347784	0.477027	0.000000
-0.283659	-0.316438	0.000000
-0.813329	0.910285	0.000000
-0.786608	0.240684	0.000000
0.468442	0.479158	0.000000
0.303526	0.709721	0.000000
0.195153	0.919881	0.000000
0.490712	0.223352	0.000000
-0.731008	0.893120	0.000000
0.271903	-0.033701	0.000000
0.033930	-0.161920	0.000000
0.898428	0.825437	0.000000
-0.033198	0.619399	0.000000
-0.601790	-0.033173	0.000000
0.871507	0.687179	0.000000
-0.365066	0.610742	0.000000
-0.232585	-0.768461	0.000000
0.780542	-0.373548	0.000000
-0.345493	0.218175	0.000000
0.413014	0.252540	0.000000
0.482870	0.613388	0.000000
0.544060	-0.050738	0.000000
0.560289	0.178375	0.000000
0.318353	0.471943	0.000000
0.800420	0.492867	0.000000
-0.897024	0.382771	0.000000
-0.840205	0.858121	0.000000
-0.431816	-0.709869	0.000000
0.549991	-0.402072	0.000000
-0.667191	0.891875	0.000000
0.364640	0.198862	0.000000
0.269721	0.209200	0.000000
-0.256268	-0.206416	0.000000
0.285030	0.213768	0.000000
0.572028	-0.428710	0.000000
0.276459	0.977931	0.000000
-0.335685	-0.701841	0.000000
-0.482612	-0.092237	0.000000
-0.227463	0.502734	0.000000
0.068138	-0.177989	0.000000
-0.378176	0.043732	0.000000
-0.254432	-0.608365	0.000000
0.293922	0.445119	0.000000
0.070499	-0.005924	0.000000
0.199267	-0.263186	0.000000
-0.370576	-0.885695	0.000000
0.688304	0.533405	0.000000
0.293058	0.188528	0.000000
0.506809	0.754689	0.000000
-0.332554	0.163015	0.000000
0.736139	0.667986	0.000000
-0.421052	-0.845778	0.000000
0.461581	0.265518	0.000000
-0.022054	0.395498	0.000000
0.481242	-0.019448	0.000000
0.483997	-0.387691	0.000000
-0.924052	0.760234	0.000000
0.846873	0.658664	0.000000
-0.612426	0.789336	0.000000
0.021534	0.412672	0.000000
0.460535	-0.252766	0.000000
0.014592	-0.540692	0.000000
0.639771	0.573340	0.000000
0.284630	-0.564976	0.000000
0.618990	0.095767	0.000000
0.362564	0.516006	0.000000
0.530070	0.473532	0.000000
0.685484	-0.354062	0.000000
-0.564924	-0.163967	0.000000
-0.634577	-0.402905	0.000000
-0.024444	-0.217759	0.000000
0.216769	0.705507	0.000000
-0.295434	-0.064038	0.000000
-0.235773	-0.588735	0.000000
0.267601	0.300280	0.000000
-0.402917	0.252817	0.000000
-0.082101	0.045412	0.000000
0.725534	-0.490650	0.000000
-0.529475	-0.665454	0.000000
0.370717	0.576042	0.000000
-0.303537	0.180312	0.000000
-0.220274	0.719181	0.000000
0.844430	0.660609	0.000000
0.183877	-0.075092	0.000000
-0.396239	0.289165	0.000000
0.088079	0.459246	0.000000
-0.226252	-0.367921	0.000000
0.173589	0.532514	0.000000
0.288801	-0.394495	0.000000
-0.630224	0.776416	0.000000
-0.153796	0.023070	0.000000
0.388507	0.678523	0.000000
0.411189	-0.568184	0.000000
0.293191	-0.048023	0.000000
-0.449145	-0.885982	0.000000
0.357398	-0.486185	0.000000
0.835157	-0.633966	0.000000
0.255028	-0.418260	0.000000
-0.367168	-0.121324	0.000000
-0.244022	-0.347358	0.000000
-0.548018	0.378246	0.000000
0.634334	0.597170	0.000000
-0.116671	-0.155331	0.000000
0.428074	-0.625390	0.000000
-0.489255	0.107192	0.000000
0.361359	-0.363318	0.000000
-0.274453	-0.103994	0.000000
0.529377	0.544848	0.000000
0.719998	0.029820	0.000000
-0.454195	-0.213831	0.000000
0.867506	-0.521241	0.000000
-0.020120	-0.534586	0.000000
0.611925	0.078204	0.000000
0.362425	0.006605	0.000000
0.500740	-0.104828	0.000000
0.794249	-0.426382	0.000000
0.050676	0.617977	0.000000
-0.497770	-0.541877	0.000000
0.587896	0.004805	0.000000
0.577911	-0.051404	0.000000
-0.595224	0.350022	0.000000
-0.361306	0.433276	0.000000
0.058930	0.734093	0.000000
0.634541	0.334912	0.000000
-0.812801	0.463597	0.000000
-0.582933	-0.360736	0.000000
0.279554	0.621295	0.000000
-0.950803	0.686431	0.000000
-0.336735	-0.170566	0.000000
-0.749554	0.360279	0.000000
0.307811	0.884027	0.000000
-0.076650	0.399322	0.000000
-0.862382	0.490980	0.000000
0.004137	0.780953	0.000000
0.828454	0.559996	0.000000
-0.795325	0.166695	0.000000
0.580617	0.630693	0.000000
0.457818	0.164880	0.000000
0.124279	0.543725	0.000000
-0.941763	0.759720	0.000000
-0.754428	0.675855	0.000000
-0.907010	0.606752	0.000000
0.560695	0.708844	0.000000
0.659983	0.735460	0.000000
-0.727873	0.676079	0.000000
-0.074469	-0.101175	0.000000
0.022958	0.393940	0.000000
0.538554	0.481137	0.000000
0.242626	0.368794	0.000000
0.041486	-0.102797	0.000000
-0.486232	0.334273	0.000000
0.981789	0.774981	0.000000
0.087370	0.002559	0.000000
0.188921	-0.439846	0.000000
-0.919882	0.527251	0.000000
0.321888	0.169191	0.000000
-0.739992	0.684952	0.000000
0.342437	0.465283	0.000000
-0.682482	0.310390	0.000000
-0.599952	-0.518156	0.000000
0.109509	-0.082786	0.000000
0.621273	0.303477	0.000000
-0.285576	-0.567341	0.000000
0.121232	0.298494	0.000000
-0.562945	0.887479	0.000000
-0.672743	-0.640942	0.000000
-0.771144	0.346889	0.000000
-0.324556	-0.310420	0.000000
-0.299008	0.313356	0.000000
-0.030971	0.474032	0.000000
0.428218	0.231095	0.000000
0.786364	0.404812	0.000000
0.717106	0.288399	0.000000
-0.364525	0.049357	0.000000
-0.507124	-0.067786	0.000000
0.327922	0.061438	0.000000
0.372390	-0.369493	0.000000
0.614297	-0.595188	0.000000
0.385578	-0.374902	0.000000
-0.462842	0.790648	0.000000
0.837363	0.484775	0.000000
-0.251689	-0.486476	0.000000
0.870014	-0.558805	0.000000
-0.853174	0.648712	0.000000
0.780297	0.602035	0.000000
-0.201417	0.386696	0.000000
-0.386310	0.548850	0.000000
-0.474229	0.218679	0.000000
-0.419801	-0.805346	0.000000
0.340718	0.167131	0.000000
0.071804	0.119003	0.000000
-0.201508	0.306877	0.000000
-0.004386	-0.061372	0.000000
0.401660	0.111828	0.000000
0.102553	0.658774	0.000000
0.383732	-0.274844	0.000000
-0.586618	-0.050610	0.000000
-0.607768	-0.124766	0.000000
0.403394	0.114537	0.000000
-0.170248	0.478533	0.000000
-0.232754	0.058005	0.000000
0.602670	0.014096	0.000000
-0.912281	0.785343	0.000000
0.949281	0.533113	0.000000
0.808762	0.656357	0.000000
-0.037056	0.518805	0.000000
0.361140	0.580090	0.000000
-0.359791	-0.808916	0.000000
0.801916	0.792158	0.000000
-0.200661	0.634326	0.000000
-0.512964	0.845854	0.000000
0.628418	0.543151	0.000000
-0.448275	0.787610	0.000000
0.362394	0.497257	0.000000
0.689356	0.215278	0.000000
0.346462	0.177566	0.000000
-0.463719	0.735672	0.000000
0.181518	-0.402283	0.000000
0.045767	-0.073681	0.000000
0.611751	0.831164	0.000000
0.103454	-0.041823	0.000000
0.827725	0.699319	0.000000
-0.072389	-0.122620	0.000000
-0.985527	0.694842	0.000000
-0.787155	0.005159	0.000000
0.592897	-0.009206	0.000000
0.562483	0.528860	0.000000
0.634864	0.758609	0.000000
-0.731457	0.457034	0.000000
0.213970	-0.009634	0.000000
-0.512077	-0.441310	0.000000
-0.187989	-0.242842	0.000000
-0.039898	0.561050	0.000000
-0.303492	-0.466030	0.000000
0.633065	0.314431	0.000000
0.578694	0.629911	0.000000
0.338425	0.952979	0.000000
-0.228531	0.417187	0.000000
-0.486188	0.218823	0.000000
-0.246534	0.697579	0.000000
-0.637957	-0.462201	0.000000
-0.585362	-0.690212	0.000000
0.486147	0.568388	0.000000
0.194886	-0.035850	0.000000
-0.385460	0.143139	0.000000
-0.533714	-0.562366	0.000000
0.794818	0.819925	0.000000
0.748117	0.771406	0.000000
0.351988	0.619167	0.000000
-0.149395	0.511154	0.000000
0.603176	0.130100	0.000000
-0.224474	-0.133907	0.000000
0.057312	0.378977	0.000000
0.152495	-0.219150	0.000000
0.436340	0.746028	0.000000
0.124881	0.625065	0.000000
-0.792912	0.489196	0.000000
0.082876	0.369714	0.000000
-0.395409	-0.374257	0.000000
-0.810642	0.161869	0.000000
-0.382760	-0.473776	0.000000
0.418563	-0.468586	0.000000
0.194394	0.721684	0.000000
-0.175088	0.629878	0.000000
-0.594247	0.905310	0.000000
-0.851372	0.291707	0.000000
0.402637	-0.252920	0.000000
-0.336068	0.330187	0.000000
-0.117229	0.134412	0.000000
-0.334304	-0.588794	0.000000
0.494000	0.607701	0.000000
-0.394478	-0.258174	0.000000
0.498661	0.522902	0.000000
0.450553	-0.462042	0.000000
0.065819	0.359214	0.000000
0.748002	0.404417	0.000000
0.690605	-0.378031	0.000000
0.853252	0.675658	0.000000
0.529626	0.084103	0.000000
0.299925	0.147400	0.000000
-0.456028	0.790112	0.000000
0.350225	-0.090602	0.000000
0.649164	-0.319739	0.000000
0.632656	0.625361	0.000000
-0.520612	0.605672	0.000000
0.337053	0.739167	0.000000
0.029815	0.543853	0.000000
0.619769	0.455821	0.000000
-0.641528	-0.522352	0.000000
0.740684	0.130877	0.000000
-0.191630	0.597068	0.000000
-0.143013	-0.072301	0.000000
0.547643	0.689705	0.000000
0.329780	0.182852	0.000000
0.019215	-0.217577	0.000000
0.447482	-0.300025	0.000000
0.544296	0.400505	0.000000
0.482675	-0.520151	0.000000
0.063539	0.596948	0.000000
-0.090849	-0.400566	0.000000
0.735215	-0.445197	0.000000
-0.352734	0.090627	0.000000
0.278716	-0.286589	0.000000
-0.356890	0.288000	0.000000
-0.716585	0.655192	0.000000
-0.918468	0.810008	0.000000
0.548194	0.706450	0.000000
0.790265	0.704113	0.000000
0.828169	0.398336	0.000000
-0.064410	-0.056859	0.000000
0.576137	0.011857	0.000000
0.932743	0.611496	0.000000
0.402829	-0.022845	0.000000
0.716718	0.716881	0.000000
-0.369926	-0.423429	0.000000
0.465303	-0.510904	0.000000
0.499042	-0.556535	0.000000
0.575590	0.057016	0.000000
0.040475	0.296738	0.000000
0.663430	0.525362	0.000000
-0.269191	-0.625933	0.000000
0.666212	0.601104	0.000000
0.266332	0.952343	0.000000
0.661451	0.274760	0.000000
-0.225570	-0.711248	0.000000
0.345310	0.205265	0.000000
0.659636	0.293860	0.000000
-0.562864	0.040736	0.000000
-0.900330	0.290606	0.000000
0.307286	0.088238	0.000000
0.336815	0.258748	0.000000
-0.209752	-0.383549	0.000000
0.227967	0.530260	0.000000
0.257844	-0.334524	0.000000
0.679343	0.312810	0.000000
-0.108671	-0.503911	0.000000
0.172303	-0.464369	0.000000
-0.564936	0.864161	0.000000
0.185344	0.583721	0.000000
-0.896157	0.551630	0.000000
0.332883	-0.233959	0.000000
0.834523	0.679666	0.000000
-0.726643	0.685136	0.000000
0.694568	0.309797	0.000000
-0.476479	-0.869156	0.000000
-0.892810	0.675636	0.000000
0.558293	-0.481132	0.000000
-0.928361	0.644523	0.000000
-0.143623	0.432687	0.000000
0.102291	-0.239312	0.000000
0.330140	0.389720	0.000000
-0.500742	0.228319	0.000000
0.794006	0.307634	0.000000
-0.427534	0.475992	0.000000
-0.536695	-0.460377	0.000000
0.400204	0.382119	0.000000
-0.489737	-0.576535	0.000000
0.488585	0.529092	0.000000
0.309179	0.950702	0.000000
-0.248287	-0.020645	0.000000
-0.318590	0.557156	0.000000
-0.387180	0.150900	0.000000
0.410510	0.632426	0.000000
0.104113	0.765903	0.000000
-0.282037	-0.106457	0.000000
0.085984	0.414203	0.000000
0.555586	0.737317	0.000000
-0.428609	-0.791128	0.000000
-0.236431	0.506076	0.000000
0.234826	0.354842	0.000000
-0.491168	-0.268322	0.000000
0.447329	-0.411870	0.000000
0.824944	0.696869	0.000000
0.671569	0.521374	0.000000
0.349684	-0.194450	0.000000
-0.474576	-0.070739	0.000000
0.297063	0.154132	0.000000
0.756850	0.575132	0.000000
-0.929650	0.755353	0.000000
0.457936	0.243675	0.000000
0.479715	-0.366919	0.000000
0.674100	0.816661	0.000000
-0.653736	-0.322883	0.000000
-0.747922	0.329128	0.000000
-0.599034	0.200485	0.000000
0.692082	0.010903	0.000000
-0.358686	0.516413	0.000000
-0.284827	0.123923	0.000000
0.205648	0.836616	0.000000
0.872133	-0.556842	0.000000
0.353597	0.266930	0.000000
-0.584618	-0.767724	0.000000
0.174177	0.141841	0.000000
0.335589	0.155204	0.000000
0.215528	0.122145	0.000000
0.691981	0.637589	0.000000
0.521068	0.008667	0.000000
-0.549536	-0.961618	0.000000
-0.732461	0.841011	0.000000
0.831180	-0.509460	0.000000
-0.548227	-0.697841	0.000000
0.655828	0.101698	0.000000
0.259531	-0.455554	0.000000
0.353223	-0.263181	0.000000
0.490865	0.530894	0.000000
0.609577	-0.013754	0.000000
-0.078688	-0.565992	0.000000
0.207607	0.929761	0.000000
-0.858540	0.724041	0.000000
-0.944312	0.807391	0.000000
0.651676	0.601633	0.000000
-0.065576	-0.433347	0.000000
0.252075	0.231095	0.000000
0.035818	-0.534408	0.000000
-0.478738	-0.586523	0.000000
-0.516842	0.255989	0.000000
0.358864	0.538042	0.000000
0.544848	0.372829	0.000000
-0.507366	0.724940	0.000000
0.724605	-0.661041	0.000000
-0.176096	0.460043	0.000000
0.522372	0.090494	0.000000
0.430253	-0.187121	0.000000
0.451603	0.210039	0.000000
-0.891370	0.424172	0.000000
0.547898	-0.053065	0.000000
0.666576	0.496711	0.000000
0.346571	0.409339	0.000000
0.306131	-0.245940	0.000000
-0.721976	0.226833	0.000000
-0.212287	0.446572	0.000000
0.523923	0.563108	0.000000
0.592657	-0.425558	0.000000
0.237793	-0.009405	0.000000
0.696580	0.767550	0.000000
0.266247	0.835186	0.000000
0.195888	-0.113578	0.000000
0.754650	0.724824	0.000000
0.531671	0.614876	0.000000
0.561128	0.542473	0.000000
-0.434016	0.826447	0.000000
-0.542751	0.560579	0.000000
-0.598690	-0.463297	0.000000
0.147255	0.801830	0.000000
0.778702	0.228687	0.000000
-0.189909	-0.271504	0.000000
-0.163875	0.362714	0.000000
-0.180716	-0.236509	0.000000
-0.577303	-0.162095	0.000000
-0.245699	-0.451145	0.000000
-0.571822	0.463190	0.000000
-0.850643	0.324605	0.000000
0.443217	-0.408183	0.000000
0.379857	-0.381216	0.000000
0.687286	0.487473	0.000000
-0.122549	-0.308649	0.000000
-0.622577	0.035520	0.000000
0.530029	0.793077	0.000000
0.151606	-0.392150	0.000000
0.770567	0.622253	0.000000
0.808947	0.753986	0.000000
0.658653	0.472021	0.000000
0.628687	0.744401	0.000000
-0.312234	0.371821	0.000000
0.707781	0.660536	0.000000
-0.506613	0.802101	0.000000
0.681462	0.573341	0.000000
0.513831	-0.632011	0.000000
-0.037570	0.295315	0.000000
0.371908	0.553963	0.000000
-0.612925	-0.664723	0.000000
-0.193185	-0.519687	0.000000
-0.726170	0.554399	0.000000
0.299968	0.200161	0.000000
0.748109	0.802080	0.000000
0.045467	0.757405	0.000000
0.249960	0.344684	0.000000
-0.569667	-0.181476	0.000000
0.575667	-0.283488	0.000000
-0.534854	0.809521	0.000000
0.849197	0.658965	0.000000
-0.373083	0.749094	0.000000
-0.568308	0.425143	0.000000
0.226135	-0.211447	0.000000
-0.125743	0.562467	0.000000
0.671639	0.311443	0.000000
0.560883	0.484780	0.000000
-0.972744	0.847163	0.000000
-0.475882	-0.406634	0.000000
0.521820	-0.678271	0.000000
-0.631544	0.240222	0.000000
0.247837	-0.310246	0.000000
0.197170	-0.498857	0.000000
0.613520	0.174603	0.000000
0.747025	0.347792	0.000000
0.155723	0.288487	0.000000
-0.409894	-0.791230	0.000000
0.304225	-0.311529	0.000000
0.788536	0.538766	0.000000
0.953389	0.635889	0.000000
-0.078756	0.573508	0.000000
0.368217	0.077990	0.000000
0.561592	-0.035641	0.000000
-0.534674	-0.018670	0.000000
0.140846	0.334312	0.000000
0.655090	0.144883	0.000000
0.323049	0.132376	0.000000
0.126168	-0.266329	0.000000
0.310743	0.574910	0.000000
-0.692782	0.141492	0.000000
-0.712972	0.342444	0.000000
0.301696	0.138125	0.000000
0.029478	0.359141	0.000000
0.870051	0.662630	0.000000
0.316871	-0.304747	0.000000
0.283754	-0.009399	0.000000
0.400579	0.072202	0.000000
-0.474193	-0.452002	0.000000
-0.657542	0.482888	0.000000
0.852758	0.762482	0.000000
0.586521	-0.528356	0.000000
0.403697	-0.473260	0.000000
0.573542	-0.024438	0.000000
0.558332	0.078906	0.000000
-0.388625	-0.143242	0.000000
0.362346	-0.269843	0.000000
0.049206	0.631484	0.000000
0.011358	0.377539	0.000000
-0.083559	-0.148691	0.000000
0.717287	0.288558	0.000000
0.497777	-0.071143	0.000000
0.375554	-0.565421	0.000000
0.772010	0.212269	0.000000
-0.559362	-0.672512	0.000000
0.347928	0.509551	0.000000
-0.268301	-0.147275	0.000000
-0.169091	-0.522468	0.000000
-0.428262	0.778150	0.000000
-0.122612	0.358006	0.000000
-0.548418	0.263950	0.000000
-0.229650	0.709796	0.000000
-0.356096	-0.185131	0.000000
-0.077776	-0.566427	0.000000
-0.221429	0.438880	0.000000
-0.442613	0.490274	0.000000
-0.597699	-0.532717	0.000000
-0.216119	-0.457196	0.000000
-0.946763	0.873529	0.000000
-0.444597	0.255424	0.000000
0.439532	-0.195056	0.000000
-0.347902	0.718135	0.000000
0.063591	-0.482752	0.000000
0.011243	-0.513285	0.000000
0.495355	-0.228363	0.000000
-0.343666	-0.146043	0.000000
0.784620	0.788089	0.000000
0.895949	0.511421	0.000000
-0.402115	-0.258177	0.000000
0.246135	0.202512	0.000000
-0.029463	-0.374669	0.000000
-0.382510	-0.146041	0.000000
0.544878	0.353941	0.000000
0.465464	0.527707	0.000000
0.710509	0.010332	0.000000
-0.353108	0.041411	0.000000
-0.103610	-0.109347	0.000000
0.937198	0.667787	0.000000
0.418266	0.540816	0.000000
-0.746216	0.908169	0.000000
-0.684642	0.685105	0.000000
-0.865885	0.953585	0.000000
0.834233	0.542357	0.000000
0.261403	0.556677	0.000000
-0.169181	0.109406	0.000000
-0.916642	0.813360	0.000000
0.174561	0.672359	0.000000
0.523464	0.699610	0.000000
0.228137	0.637401	0.000000
-0.215399	0.503568	0.000000
-0.641670	0.827855	0.000000
-0.207195	0.275847	0.000000
0.422927	-0.228698	0.000000
0.226087	0.338803	0.000000
0.848265	0.296607	0.000000
-0.363104	-0.899355	0.000000
-0.388163	-0.056300	0.000000
0.271295	0.614754	0.000000
-0.015255	0.826852	0.000000
0.465408	0.117835	0.000000
-0.739421	0.914412	0.000000
-0.656799	0.166926	0.000000
-0.094988	0.261346	0.000000
0.467360	-0.467125	0.000000
-0.931626	0.661568	0.000000
0.478089	0.573397	0.000000
0.684308	-0.338470	0.000000
0.304979	-0.077939	0.000000
-0.445776	-0.010528	0.000000
-0.356933	0.783091	0.000000
0.439412	0.330786	0.000000
-0.207077	-0.691290	0.000000
-0.062779	0.046188	0.000000
0.665911	0.605188	0.000000
0.018856	-0.247489	0.000000
-0.641210	0.700412	0.000000
0.647980	-0.036765	0.000000
-0.240886	-0.054440	0.000000
-0.904780	0.704175	0.000000
-0.419040	0.294119	0.000000
0.667520	-0.611056	0.000000
0.894914	0.828498	0.000000
-0.766428	0.611978	0.000000
-0.650422	0.509845	0.000000
-0.478946	0.637227	0.000000
0.056038	0.581538	0.000000
-0.187136	-0.365490	0.000000
0.464908	0.301570	0.000000
0.004347	-0.047670	0.000000
-0.276940	0.352881	0.000000
-0.377819	-0.604322	0.000000
0.418348	0.762856	0.000000
0.684960	0.718207	0.000000
-0.581698	0.826953	0.000000
0.726669	0.529071	0.000000
0.707548	0.120177	0.000000
0.347710	-0.247595	0.000000
-0.027903	-0.107907	0.000000
0.656893	0.263882	0.000000
0.704917	0.030754	0.000000
-0.786228	0.890288	0.000000
-0.062912	0.789654	0.000000
0.520944	0.761440	0.000000
0.028293	-0.048136	0.000000
0.967347	0.616254	0.000000
-0.777536	0.405368	0.000000
0.833839	-0.595431	0.000000
-0.564664	0.661856	0.000000
0.041591	0.285302	0.000000
0.548314	0.283172	0.000000
0.498018	-0.383597	0.000000
0.272271	0.226185	0.000000
0.566618	-0.412891	0.000000
0.650083	0.382270	0.000000
0.388110	-0.125871	0.000000
0.462231	-0.258880	0.000000
0.033653	0.449548	0.000000
0.173405	-0.434483	0.000000
0.604459	0.712298	0.000000
0.192529	-0.022074	0.000000
-0.112174	-0.100350	0.000000
0.966541	0.795409	0.000000
0.797957	-0.643106	0.000000
0.327109	-0.315934	0.000000
-0.563267	-0.342024	0.000000
-0.822496	0.218395	0.000000
0.746057	-0.576063	0.000000
-0.472473	-0.913261	0.000000
0.126210	0.423673	0.000000
-0.006274	0.835985	0.000000
-0.606963	0.414131	0.000000
0.016863	0.464472	0.000000
-0.601809	-0.528381	0.000000
-0.810168	0.953305	0.000000
0.671015	0.648510	0.000000
-0.460071	-0.862651	0.000000
0.347572	0.190720	0.000000
0.976206	0.681264	0.000000
0.038004	0.806359	0.000000
0.744253	-0.389241	0.000000
0.332953	0.829814	0.000000
0.370411	0.208281	0.000000
0.887375	0.443144	0.000000
0.867344	0.820925	0.000000
-0.371258	-0.731383	0.000000
0.294145	0.392066	0.000000
-0.696450	0.878760	0.000000
-0.014742	0.503936	0.000000
-0.334980	0.023768	0.000000
-0.628452	-0.828936	0.000000
-0.468566	-0.862255	0.000000
0.263749	-0.303829	0.000000
-0.051709	-0.462181	0.000000
-0.523384	0.608087	0.000000
0.706345	0.604773	0.000000
0.261347	0.319469	0.000000
0.745245	0.802162	0.000000
0.072285	0.814255	0.000000
-0.742513	0.236098	0.000000
-0.073412	0.648834	0.000000
0.595093	-0.624660	0.000000
0.516803	-0.077740	0.000000
0.541574	-0.447384	0.000000
0.587487	0.302200	0.000000
0.700320	0.005298	0.000000
-0.552264	0.842255	0.000000
-0.714245	0.837828	0.000000
-0.130973	0.625462	0.000000
0.545556	0.738870	0.000000
-0.354965	0.160627	0.000000
0.746842	0.732724	0.000000
0.152903	-0.177369	0.000000
-0.276749	-0.717724	0.000000
0.386834	-0.404022	0.000000
0.093299	0.340240	0.000000
-0.898877	0.500930	0.000000
0.731741	0.379104	0.000000
0.403259	-0.467572	0.000000
0.183284	0.917587	0.000000
-0.216835	-0.755804	0.000000
0.317239	0.931030	0.000000
0.631815	-0.315728	0.000000
0.093389	0.416604	0.000000
-0.681466	0.703009	0.000000
0.371881	-0.320627	0.000000
-0.654489	0.599502	0.000000
0.012649	-0.131982	0.000000
0.859502	0.487929	0.000000
-0.217420	0.013940	0.000000
0.516656	0.446673	0.000000
-0.023227	0.727012	0.000000
0.787240	0.317094	0.000000
0.023334	-0.175746	0.000000
0.746465	-0.386404	0.000000
-0.229264	0.092974	0.000000
0.403510	0.297520	0.000000
-0.056016	0.651337	0.000000
0.613096	-0.646600	0.000000
-0.258981	0.255730	0.000000
0.295568	0.225314	0.000000
0.225086	0.005110	0.000000
0.233198	0.228113	0.000000
0.714333	0.004817	0.000000
0.003952	-0.207480	0.000000
0.667977	0.648231	0.000000
-0.567794	0.418307	0.000000
0.607133	0.649107	0.000000
-0.215932	0.504057	0.000000
-0.831635	0.215839	0.000000
-0.048186	-0.071802	0.000000
-0.561114	0.163975	0.000000
-0.615712	0.752860	0.000000
-0.673384	-0.576636	0.000000
-0.100402	-0.083481	0.000000
-0.183765	0.024864	0.000000
-0.386165	-0.125890	0.000000
0.938281	0.644236	0.000000
-0.405097	0.064875	0.000000
-0.397658	-0.719561	0.000000
-0.113998	0.573113	0.000000
0.264595	-0.057902	0.000000
-0.146496	0.462984	0.000000
0.673434	0.659401	0.000000
0.658601	0.519465	0.000000
-0.496291	-0.038765	0.000000
-0.198054	-0.222826	0.000000
-0.416885	0.483923	0.000000
-0.743120	0.110471	0.000000
0.540033	-0.010217	0.000000
-0.915676	0.835769	0.000000
0.073820	-0.163573	0.000000
0.403377	0.009754	0.000000
-0.880099	0.785704	0.000000
-0.278604	0.093460	0.000000
0.659839	0.514231	0.000000
-0.055220	-0.078570	0.000000
0.097192	-0.087386	0.000000
0.914937	0.745511	0.000000
0.512008	0.054730	0.000000
0.341803	0.033687	0.000000
-0.263329	0.241219	0.000000
0.176969	-0.144933	0.000000
0.286536	-0.285915	0.000000
-0.153625	0.628549	0.000000
0.222868	-0.018958	0.000000
0.538321	0.047740	0.000000
-0.596766	-0.755703	0.000000
0.053951	-0.510533	0.000000
-0.334461	0.576760	0.000000
-0.808864	0.901213	0.000000
-0.439022	0.695299	0.000000
-0.555564	0.280027	0.000000
-0.143624	-0.352510	0.000000
-0.072743	0.590071	0.000000
-0.423250	0.255711	0.000000
0.371688	0.274429	0.000000
-0.919787	0.862964	0.000000
0.569956	-0.035533	0.000000
0.548422	-0.339247	0.000000
0.434187	-0.098685	0.000000
-0.271069	0.585802	0.000000
0.676318	0.779628	0.000000
-0.458382	-0.888544	0.000000
-0.510542	0.013264	0.000000
0.690066	0.506422	0.000000
-0.133728	-0.276493	0.000000
0.414776	-0.276278	0.000000
0.576994	0.605716	0.000000
-0.620301	0.281764	0.000000
0.638376	0.491356	0.000000
0.598480	0.161261	0.000000
-0.320396	0.688226	0.000000
0.762231	-0.658923	0.000000
-0.561164	-0.822713	0.000000
-0.319912	-0.072726	0.000000
0.403468	0.582818	0.000000
-0.501304	-0.176684	0.000000
-0.659734	0.788643	0.000000
-0.056946	-0.304228	0.000000
-0.015017	-0.150476	0.000000
-0.387925	0.541169	0.000000
0.443010	0.072962	0.000000
-0.206431	0.139377	0.000000
0.369576	0.124749	0.000000
0.116721	0.504243	0.000000
-0.352487	0.006438	0.000000
0.571469	0.671082	0.000000
-0.052654	-0.613558	0.000000
0.539946	0.776098	0.000000
0.057014	0.029041	0.000000
0.821282	0.775275	0.000000
0.381616	0.636629	0.000000
0.467366	0.282078	0.000000
0.058094	0.371583	0.000000
-0.056986	0.177524	0.000000
0.666723	0.071871	0.000000
0.454255	-0.226855	0.000000
0.695020	0.572306	0.000000
0.662079	0.251530	0.000000
-0.857735	0.681606	0.000000
0.698927	0.717994	0.000000
0.519451	0.504792	0.000000
0.789676	0.765806	0.000000
0.515370	-0.675001	0.000000
0.022426	-0.479097	0.000000
-0.207012	-0.070193	0.000000
0.327364	0.328671	0.000000
-0.104317	0.445411	0.000000
0.655526	0.283469	0.000000
-0.025008	0.398261	0.000000
0.606155	-0.022485	0.000000
0.513132	-0.001295	0.000000
-0.114100	0.624742	0.000000
0.741402	0.674023	0.000000
-0.160119	-0.034762	0.000000
0.907239	0.728863	0.000000
0.006830	0.276110	0.000000
0.927760	0.699173	0.000000
0.979522	0.781667	0.000000
0.897590	0.444146	0.000000
0.615916	0.096352	0.000000
0.171610	0.419799	0.000000
0.328077	0.080626	0.000000
-0.483915	0.048751	0.000000
-0.189510	-0.254412	0.000000
0.342118	0.258146	0.000000
-0.379603	-0.754213	0.000000
-0.355802	-0.182410	0.000000
0.098130	0.413958	0.000000
0.273386	0.369913	0.000000
0.597288	0.675527	0.000000
0.716562	0.633198	0.000000
-0.306455	0.579314	0.000000
0.655298	0.807267	0.000000
-0.611992	-0.837280	0.000000
0.710323	0.491484	0.000000
0.388474	0.126863	0.000000
0.548806	0.066419	0.000000
0.205016	0.609920	0.000000
-0.342562	-0.457077	0.000000
0.571326	-0.409478	0.000000
-0.634228	-0.873686	0.000000
0.090979	0.434872	0.000000
-0.522830	-0.322889	0.000000
0.707516	-0.353104	0.000000
-0.276023	0.699370	0.000000
0.445463	0.139880	0.000000
0.694375	0.334988	0.000000
-0.698557	0.842640	0.000000
0.853725	0.844717	0.000000
-0.395770	0.712915	0.000000
-0.348206	0.421326	0.000000
-0.843640	0.670911	0.000000
0.042981	0.445519	0.000000
-0.161462	-0.053442	0.000000
-0.273108	0.299019	0.000000
-0.180808	-0.731640	0.000000
0.686266	-0.688214	0.000000
-0.436401	0.156768	0.000000
-0.684472	0.560546	0.000000
0.080061	-0.026611	0.000000
-0.251798	0.241124	0.000000
0.623858	-0.422041	0.000000
-0.436361	0.678497	0.000000
-0.514990	-0.152420	0.000000
0.339143	0.227989	0.000000
-0.867741	0.479646	0.000000
0.981050	0.746890	0.000000
-0.507490	0.796232	0.000000
-0.520633	-0.024639	0.000000
0.706560	0.566828	0.000000
-0.481386	0.334430	0.000000
0.184084	0.338420	0.000000
0.274126	-0.258466	0.000000
0.358243	0.184250	0.000000
-0.689221	0.836123	0.000000
0.031598	-0.521598	0.000000
-0.200442	-0.173734	0.000000
-0.878533	0.934080	0.000000
0.659416	0.316253	0.000000
0.853974	0.460653	0.000000
0.088150	0.558025	0.000000
0.833990	0.829030	0.000000
-0.507838	0.856882	0.000000
0.759448	0.660459	0.000000
0.769769	0.854656	0.000000
0.088809	-0.142082	0.000000
-0.538106	-0.425026	0.000000
0.754289	0.429761	0.000000
-0.755251	0.812487	0.000000
0.511654	0.558558	0.000000
-0.206190	0.177438	0.000000
0.568942	0.626666	0.000000
-0.670108	-0.604284	0.000000
0.531185	-0.575459	0.000000
-0.076806	-0.361667	0.000000
-0.537291	-0.597885	0.000000
-0.250521	0.439669	0.000000
-0.682550	0.893063	0.000000
-0.451953	0.502866	0.000000
-0.042555	-0.219277	0.000000
-0.475685	-0.119020	0.000000
0.046904	-0.040720	0.000000
-0.399961	0.464818	0.000000
0.170608	-0.014364	0.000000
-0.047579	0.215186	0.000000
0.555824	0.235516	0.000000
0.593365	0.508219	0.000000
-0.005512	-0.364082	0.000000
0.006424	-0.409551	0.000000
-0.841070	0.616114	0.000000
0.142899	0.628093	0.000000
-0.208523	-0.342740	0.000000
0.566506	-0.355550	0.000000
-0.366569	0.670361	0.000000
0.753454	0.526581	0.000000
0.105238	0.723704	0.000000
-0.124722	0.178559	0.000000
0.952077	0.717314	0.000000
-0.575180	0.144209	0.000000
0.871626	-0.534405	0.000000
0.597061	0.667029	0.000000
0.566162	-0.638862	0.000000
-0.199301	-0.169764	0.000000
-0.803118	0.178440	0.000000
0.161882	-0.221993	0.000000
-0.433250	0.796301	0.000000
-0.218080	0.611769	0.000000
0.367182	0.706308	0.000000
-0.263472	0.281015	0.000000
-0.824838	0.278656	0.000000
0.490428	-0.391534	0.000000
0.435114	0.651846	0.000000
-0.361415	0.325390	0.000000
-0.260794	-0.120628	0.000000
-0.959941	0.546062	0.000000
0.067468	0.268450	0.000000
-0.136951	-0.261255	0.000000
0.439472	0.619911	0.000000
-0.017672	0.768967	0.000000
-0.228743	-0.728081	0.000000
-0.308424	-0.752335	0.000000
-0.042895	-0.473672	0.000000
-0.284539	-0.485158	0.000000
-0.441338	0.306875	0.000000
0.115132	0.295740	0.000000
0.046071	0.334764	0.000000
0.124263	-0.357232	0.000000
-0.878412	0.854200	0.000000
-0.171394	-0.042997	0.000000
-0.053044	0.170377	0.000000
-0.563598	0.433235	0.000000
-0.910912	0.414530	0.000000
0.545662	-0.423383	0.000000
-0.372140	-0.578334	0.000000
-0.527909	-0.050909	0.000000
-0.446273	-0.136556	0.000000
0.629539	-0.010834	0.000000
0.624242	0.203596	0.000000
0.577292	0.400969	0.000000
-0.522037	0.336889	0.000000
-0.193045	-0.050912	0.000000
0.295549	-0.485020	0.000000
0.965102	0.802948	0.000000
0.477465	0.580310	0.000000
0.557157	-0.350417	0.000000
0.867210	0.474868	0.000000
-0.008820	-0.125679	0.000000
-0.131975	-0.400122	0.000000
-0.292055	-0.822474	0.000000
0.399484	-0.278377	0.000000
-0.235001	-0.609006	0.000000
-0.282460	-0.017335	0.000000
-0.301483	0.698131	0.000000
-0.434540	-0.001763	0.000000
0.311715	0.732454	0.000000
0.247957	-0.305439	0.000000
0.262434	0.176399	0.000000
0.275722	-0.343759	0.000000
0.472356	-0.615402	0.000000
-0.027026	0.373986	0.000000
0.204504	-0.144297	0.000000
0.518595	0.455484	0.000000
0.334773	0.525386	0.000000
-0.363174	0.450234	0.000000
0.458601	-0.262726	0.000000
0.166628	-0.056078	0.000000
-0.609143	0.390146	0.000000
-0.530291	0.047435	0.000000
-0.190498	0.401978	0.000000
0.181941	0.278192	0.000000
0.190603	0.515010	0.000000
0.353549	0.540049	0.000000
0.756219	-0.684927	0.000000
0.598199	0.323729	0.000000
-0.480876	0.480949	0.000000
0.646199	0.007416	0.000000
-0.106724	0.798994	0.000000
0.748677	0.765734	0.000000
0.146441	-0.190946	0.000000
-0.277788	0.166945	0.000000
0.582489	0.086602	0.000000
0.840241	-0.483007	0.000000
0.315152	0.790255	0.000000
0.851877	0.646373	0.000000
0.381387	0.092124	0.000000
0.054792	0.737072	0.000000
0.519376	-0.569127	0.000000
0.435888	0.256941	0.000000
-0.614306	0.679139	0.000000
-0.238733	0.696567	0.000000
-0.831838	0.414619	0.000000
0.151302	0.810247	0.000000
0.616590	0.004951	0.000000
-0.381596	0.171533	0.000000
-0.732213	0.188018	0.000000
0.570361	-0.304220	0.000000
0.374016	0.059858	0.000000
-0.351022	0.720144	0.000000
0.297416	-0.041491	0.000000
0.633605	0.459151	0.000000
-0.709982	-0.217506	0.000000
-0.291504	0.595394	0.000000
0.372465	-0.138939	0.000000
0.462941	0.314836	0.000000
0.372587	-0.333773	0.000000
0.979162	0.774686	0.000000
0.066756	0.346211	0.000000
0.759671	0.708249	0.000000
-0.032904	0.680907	0.000000
-0.593283	0.901687	0.000000
0.645421	0.482154	0.000000
-0.663423	0.563298	0.000000
-0.953220	0.635641	0.000000
-0.303690	0.384832	0.000000
-0.396586	-0.163536	0.000000
-0.572904	-0.066788	0.000000
-0.501124	0.453510	0.000000
0.608963	0.558835	0.000000
0.078641	0.463220	0.000000
0.038174	-0.353103	0.000000
-0.895223	0.355137	0.000000
0.419391	0.152277	0.000000
0.869929	0.448551	0.000000
0.172212	0.773872	0.000000
0.540736	0.005345	0.000000
-0.298762	0.349471	0.000000
0.595210	0.477736	0.000000
0.660170	0.010995	0.000000
0.238848	0.647893	0.000000
0.706598	0.373865	0.000000
0.846076	0.564393	0.000000
-0.794135	0.325720	0.000000
0.008439	0.469165	0.000000
0.289212	-0.189133	0.000000
-0.521640	-0.730744	0.000000
0.700758	0.314918	0.000000
0.805330	0.457186	0.000000
0.433539	-0.387668	0.000000
-0.111308	0.559846	0.000000
-0.148323	0.237794	0.000000
0.005539	0.679576	0.000000
0.472266	0.060604	0.000000
-0.563669	0.750577	0.000000
-0.456185	-0.574722	0.000000
-0.008714	0.704408	0.000000
0.877734	0.719913	0.000000
-0.779146	0.048473	0.000000
0.821409	-0.431430	0.000000
0.037161	-0.248437	0.000000
0.071191	0.411284	0.000000
-0.017442	-0.248222	0.000000
0.235577	0.445925	0.000000
0.532581	-0.688913	0.000000
0.351314	-0.425944	0.000000
-0.665386	0.716623	0.000000
-0.064405	0.219536	0.000000
0.392029	-0.461099	0.000000
-0.646776	0.791078	0.000000
0.466551	0.661293	0.000000
0.312624	-0.366572	0.000000
0.889246	0.795359	0.000000
0.306227	0.600102	0.000000
0.798403	0.806859	0.000000
-0.113171	0.579360	0.000000
0.685209	0.526616	0.000000
0.054449	-0.220866	0.000000
-0.785717	0.336796	0.000000
-0.541392	0.561505	0.000000
0.445894	0.030118	0.000000
-0.173347	-0.634057	0.000000
0.414938	0.191019	0.000000
0.047010	0.630854	0.000000
-0.906945	0.697288	0.000000
0.560488	-0.053165	0.000000
0.543260	-0.627178	0.000000
0.146602	0.551119	0.000000
-0.147124	-0.070666	0.000000
0.764769	-0.676032	0.000000
0.364540	0.142591	0.000000
0.308226	0.838047	0.000000
0.498923	-0.503021	0.000000
-0.437254	0.722106	0.000000
-0.355810	0.628374	0.000000
0.828033	-0.571368	0.000000
-0.424775	-0.887605	0.000000
0.870176	-0.525246	0.000000
0.344577	-0.013322	0.000000
-0.421039	0.617772	0.000000
-0.298878	-0.518857	0.000000
-0.119986	-0.108104	0.000000
-0.733174	0.690090	0.000000
0.811945	0.488630	0.000000
0.295372	-0.214747	0.000000
-0.433974	-0.065883	0.000000
-0.629998	0.783848	0.000000
-0.319725	-0.750866	0.000000
0.315734	0.996085	0.000000
-0.219169	0.684220	0.000000
0.408521	-0.557637	0.000000
0.588083	0.694064	0.000000
0.444195	0.007997	0.000000
0.253288	0.301931	0.000000
-0.329644	0.709354	0.000000
0.541164	0.222251	0.000000
0.597898	0.293822	0.000000
0.641437	-0.383390	0.000000
0.575733	-0.418114	0.000000
-0.544347	0.210228	0.000000
-0.178470	-0.133953	0.000000
-0.356617	0.768870	0.000000
0.103061	-0.219045	0.000000
0.255097	-0.336837	0.000000
0.705911	0.821806	0.000000
0.531101	0.482890	0.000000
-0.120543	0.467229	0.000000
0.742514	0.853759	0.000000
-0.291450	-0.512577	0.000000
-0.022534	-0.172444	0.000000
0.597256	0.763339	0.000000
0.563902	0.720438	0.000000
-0.269102	0.083678	0.000000
0.563620	0.578548	0.000000
0.510546	0.529517	0.000000
-0.130621	0.601436	0.000000
0.507322	-0.079893	0.000000
-0.576425	-0.636011	0.000000
-0.118925	0.410229	0.000000
0.215252	0.424824	0.000000
-0.466931	-0.410896	0.000000
0.252580	0.203862	0.000000
-0.374953	0.652501	0.000000
-0.375178	-0.665324	0.000000
-0.911364	0.489193	0.000000
-0.528842	-0.016433	0.000000
0.705380	0.505333	0.000000
0.231052	0.061272	0.000000
-0.301481	-0.211682	0.000000
0.258459	0.355077	0.000000
-0.633843	-0.345093	0.000000
0.813355	-0.398258	0.000000
-0.026602	0.625142	0.000000
-0.668314	0.883673	0.000000
-0.786503	0.687201	0.000000
0.549746	0.593610	0.000000
-0.170516	-0.108240	0.000000
0.477864	0.044862	0.000000
0.927198	0.776970	0.000000
-0.571808	-0.098052	0.000000
0.237510	-0.307378	0.000000
0.606419	-0.024750	0.000000
0.208526	-0.453476	0.000000
0.432623	0.345947	0.000000
0.751031	0.497218	0.000000
-0.426212	0.757266	0.000000
-0.600910	0.814900	0.000000
-0.471717	0.246217	0.000000
-0.703707	0.093609	0.000000
0.497787	-0.175395	0.000000
0.879436	0.506662	0.000000
-0.114401	-0.464600	0.000000
0.187292	0.656415	0.000000
0.347942	0.567052	0.000000
-0.649486	0.586566	0.000000
0.401386	0.431092	0.000000
0.424666	0.064158	0.000000
-0.274890	0.638782	0.000000
-0.679223	0.082919	0.000000
-0.187004	-0.119717	0.000000
-0.708052	0.791799	0.000000
0.043726	0.779639	0.000000
0.648685	0.533509	0.000000
-0.549422	-0.985594	0.000000
0.141570	-0.463055	0.000000
0.685537	0.319960	0.000000
0.551834	-0.493215	0.000000
0.421358	0.015328	0.000000
-0.879357	0.403255	0.000000
-0.759708	0.465956	0.000000
0.109052	-0.115781	0.000000
-0.196689	0.363516	0.000000
0.476823	-0.513635	0.000000
-0.306990	0.172323	0.000000
-0.181874	0.432522	0.000000
0.568870	-0.466433	0.000000
0.506239	0.335851	0.000000
-0.910893	0.772653	0.000000
0.422860	0.224287	0.000000
0.591073	0.498633	0.000000
0.329632	0.421496	0.000000
0.317341	0.880726	0.000000
-0.591181	-0.087400	0.000000
0.746553	0.076367	0.000000
-0.915127	0.512551	0.000000
0.053363	-0.000540	0.000000
0.160528	-0.273022	0.000000
0.008181	0.111951	0.000000
-0.261949	-0.351777	0.000000
0.884840	0.697353	0.000000
-0.698430	0.607028	0.000000
-0.429259	-0.739955	0.000000
-0.451921	-0.687004	0.000000
-0.359141	-0.655152	0.000000
0.355785	0.516975	0.000000
-0.531932	0.305326	0.000000
-0.789064	0.146526	0.000000
-0.221109	0.136991	0.000000
0.159141	0.064361	0.000000
0.055015	-0.191103	0.000000
0.865708	0.664215	0.000000
0.125349	-0.202240	0.000000
-0.905108	0.335530	0.000000
0.941802	0.640644	0.000000
0.536706	-0.382621	0.000000
-0.496963	-0.674562	0.000000
0.057648	-0.396769	0.000000
-0.682079	-0.574400	0.000000
0.022869	0.318938	0.000000
0.339242	-0.313309	0.000000
-0.029678	-0.000308	0.000000
0.090898	-0.060613	0.000000
0.749021	-0.520102	0.000000
-0.557963	-0.602428	0.000000
0.601111	0.064706	0.000000
0.500897	0.010392	0.000000
-0.549557	-0.177200	0.000000
-0.264958	-0.603613	0.000000
-0.098306	-0.484141	0.000000
0.075613	0.621303	0.000000
0.394148	0.814825	0.000000
0.019865	0.805706	0.000000
0.679918	0.688508	0.000000
0.297152	-0.207870	0.000000
-0.911654	0.671421	0.000000
-0.394011	-0.004264	0.000000
-0.542020	-0.401151	0.000000
0.298190	-0.245545	0.000000
0.424089	0.041084	0.000000
-0.036181	-0.360082	0.000000
0.242438	-0.322836	0.000000
0.372488	0.823313	0.000000
0.216069	-0.377104	0.000000
0.285628	0.635176	0.000000
-0.054595	0.621170	0.000000
-0.160900	-0.368653	0.000000
0.026502	-0.113985	0.000000
0.747979	0.709500	0.000000
0.438118	-0.288405	0.000000
0.783517	0.637894	0.000000
0.911150	0.528046	0.000000
0.429360	0.248588	0.000000
-0.015051	0.483459	0.000000
-0.734186	0.757305	0.000000
-0.183434	-0.116326	0.000000
0.533659	0.566012	0.000000
0.854830	-0.474735	0.000000
-0.803932	0.540034	0.000000
0.340611	-0.525557	0.000000
0.755918	-0.494962	0.000000
0.547715	0.194992	0.000000
0.946267	0.842975	0.000000
0.765088	0.458000	0.000000
-0.040882	-0.324029	0.000000
-0.837245	0.554338	0.000000
0.460358	0.574660	0.000000
0.722629	0.782338	0.000000
-0.363209	-0.862223	0.000000
0.070562	0.765693	0.000000
0.326996	0.922489	0.000000
-0.160673	-0.118466	0.000000
-0.603074	0.195474	0.000000
-0.765611	0.318545	0.000000
-0.466465	-0.531402	0.000000
-0.155626	0.195707	0.000000
0.600393	-0.533216	0.000000
-0.417474	-0.401700	0.000000
-0.335607	0.013068	0.000000
-0.122231	0.735797	0.000000
-0.411048	-0.032073	0.000000
-0.409866	-0.286591	0.000000
0.490518	0.206319	0.000000
0.246777	0.370378	0.000000
0.353860	0.460767	0.000000
-0.472219	0.532129	0.000000
0.838442	0.453940	0.000000
-0.238247	-0.673681	0.000000
-0.484479	-0.646934	0.000000
-0.544017	-0.111335	0.000000
-0.900341	0.729139	0.000000
0.687900	0.661576	0.000000
-0.977386	0.581469	0.000000
-0.779828	0.296283	0.000000
0.027676	0.281965	0.000000
0.200509	0.247846	0.000000
-0.975663	0.602520	0.000000
-0.109611	-0.299592	0.000000
-0.051795	-0.084507	0.000000
-0.765953	0.818633	0.000000
0.152491	0.349026	0.000000
0.373720	0.653307	0.000000
-0.839695	0.669710	0.000000
-0.287125	0.414135	0.000000
-0.074311	0.405373	0.000000
0.850070	0.817026	0.000000
0.821717	0.676477	0.000000
-0.117143	-0.386270	0.000000
-0.288180	-0.132402	0.000000
-0.270483	0.639184	0.000000
-0.399598	-0.262024	0.000000
-0.006097	0.514161	0.000000
0.477168	0.115676	0.000000
-0.183212	-0.079677	0.000000
-0.287131	0.195729	0.000000
0.658595	-0.449979	0.000000
0.379781	0.190853	0.000000
0.743073	0.732791	0.000000
0.400530	-0.175249	0.000000
0.367919	-0.565829	0.000000
-0.231236	0.598316	0.000000
-0.473890	-0.790016	0.000000
0.442241	0.162665	0.000000
0.340929	0.981978	0.000000
-0.343027	-0.613275	0.000000
0.542402	0.200773	0.000000
0.145448	0.085861	0.000000
0.556676	0.127622	0.000000
0.888157	0.649411	0.000000
0.755306	0.449164	0.000000
0.912324	0.632083	0.000000
0.734079	0.845630	0.000000
0.979446	0.771053	0.000000
0.578060	0.526741	0.000000
-0.057147	-0.045757	0.000000
0.037678	-0.167207	0.000000
0.262363	0.790863	0.000000
-0.079972	-0.287472	0.000000
-0.784388	0.005800	0.000000
0.665091	0.642432	0.000000
-0.623064	-0.409263	0.000000
-0.327906	-0.447106	0.000000
0.499259	0.151351	0.000000
-0.363496	-0.099670	0.000000
0.457334	0.379256	0.000000
-0.439534	-0.668103	0.000000
0.912183	0.800048	0.000000
0.639875	0.025818	0.000000
-0.360158	-0.822486	0.000000
0.090018	0.390776	0.000000
-0.868695	0.861151	0.000000
-0.128327	-0.490444	0.000000
-0.050243	0.008087	0.000000
-0.955126	0.553886	0.000000
-0.409164	0.815100	0.000000
-0.317390	0.419514	0.000000
-0.051794	0.437424	0.000000
-0.469554	-0.555850	0.000000
-0.200224	0.180235	0.000000
0.543384	0.267669	0.000000
-0.539645	-0.496038	0.000000
-0.071417	0.006956	0.000000
-0.630895	0.499180	0.000000
0.038222	0.506144	0.000000
0.450999	-0.095240	0.000000
0.450116	0.484330	0.000000
-0.032041	-0.534556	0.000000
0.902714	0.865645	0.000000
-0.217862	-0.154515	0.000000
-0.018687	0.013186	0.000000
0.306836	0.544817	0.000000
0.574476	0.232037	0.000000
0.319105	0.961096	0.000000
-0.368890	-0.096995	0.000000
-0.003442	-0.154815	0.000000
-0.778574	0.335920	0.000000
-0.557136	-0.260214	0.000000
-0.448226	-0.415146	0.000000
0.833878	0.595723	0.000000
-0.781536	0.099786	0.000000
-0.710498	0.212288	0.000000
-0.220456	0.136213	0.000000
0.072278	0.164731	0.000000
-0.062767	-0.071026	0.000000
-0.621086	0.755550	0.000000
0.832715	-0.451330	0.000000
0.417092	0.043568	0.000000
0.517979	0.658729	0.000000
0.531041	0.550596	0.000000
0.492471	0.299708	0.000000
0.721340	0.358481	0.000000
0.343172	0.158894	0.000000
-0.157677	0.751723	0.000000
-0.980589	0.827785	0.000000
0.739596	0.518310	0.000000
-0.946204	0.647446	0.000000
0.399873	-0.242575	0.000000
0.094387	-0.170305	0.000000
0.776771	-0.436729	0.000000
0.152336	0.683604	0.000000
0.479449	0.001749	0.000000
-0.538916	0.730199	0.000000
0.399688	0.030108	0.000000
0.169355	0.421087	0.000000
-0.705860	0.424064	0.000000
-0.565366	-0.241928	0.000000
0.760153	0.325740	0.000000
0.686493	0.282600	0.000000
0.583586	-0.050299	0.000000
-0.247875	-0.602408	0.000000
0.397141	0.144631	0.000000
0.601181	0.017596	0.000000
0.544754	-0.052954	0.000000
0.620811	-0.685654	0.000000
-0.514714	0.415907	0.000000
0.269647	-0.415780	0.000000
-0.074796	-0.387586	0.000000
0.020547	-0.029571	0.000000
0.048661	0.723882	0.000000
-0.488130	0.639393	0.000000
-0.048443	-0.594229	0.000000
0.083619	0.242586	0.000000
-0.576058	-0.237142	0.000000
-0.305762	-0.667777	0.000000
0.806883	0.818640	0.000000
-0.390437	-0.795551	0.000000
-0.240395	0.301675	0.000000
0.905977	0.575421	0.000000
-0.177258	-0.499021	0.000000
0.347805	0.669932	0.000000
-0.615376	-0.848304	0.000000
0.807579	0.494421	0.000000
0.597441	0.191005	0.000000
0.453905	0.159060	0.000000
0.826528	0.830309	0.000000
-0.381679	-0.689999	0.000000
-0.268714	0.007419	0.000000
-0.769074	0.588698	0.000000
-0.343611	0.703396	0.000000
0.311594	0.612132	0.000000
0.448460	0.167160	0.000000
-0.185674	0.190860	0.000000
-0.115500	0.529181	0.000000
-0.113563	-0.103222	0.000000
-0.914318	0.364609	0.000000
0.324851	0.629340	0.000000
0.233093	0.849536	0.000000
0.931849	0.666289	0.000000
0.321796	0.530596	0.000000
0.330638	-0.339585	0.000000
0.200263	0.643622	0.000000
-0.411076	0.614205	0.000000
0.433814	-0.523068	0.000000
-0.377492	0.179732	0.000000
0.612516	0.226375	0.000000
0.510587	0.711396	0.000000
0.468684	0.023427	0.000000
0.633437	-0.035749	0.000000
0.767745	0.827839	0.000000
0.076880	-0.185157	0.000000
-0.857248	0.706228	0.000000
-0.187472	0.638795	0.000000
0.186579	0.681597	0.000000
0.269145	0.188851	0.000000
0.742048	0.207669	0.000000
0.064141	0.542739	0.000000
0.523995	0.388287	0.000000
-0.767290	0.211664	0.000000
-0.797924	0.535629	0.000000
-0.295578	-0.483532	0.000000
-0.640369	0.735567	0.000000
0.679586	-0.009302	0.000000
-0.440114	0.155616	0.000000
-0.147802	0.361433	0.000000
-0.462080	-0.960222	0.000000
0.324224	0.874952	0.000000
0.849358	-0.605494	0.000000
-0.344383	0.519941	0.000000
0.556470	0.683004	0.000000
0.523714	0.389724	0.000000
-0.814680	0.680744	0.000000
0.462290	-0.458783	0.000000
-0.375892	-0.500461	0.000000
0.015101	0.736444	0.000000
0.826506	0.342034	0.000000
0.349151	-0.043803	0.000000
-0.497967	-0.965435	0.000000
0.373764	0.646418	0.000000
-0.146095	0.277303	0.000000
-0.112914	-0.326921	0.000000
-0.106086	0.116358	0.000000
0.021795	0.332536	0.000000
-0.392007	0.570890	0.000000
0.686735	0.728096	0.000000
-0.437345	-0.055067	0.000000
0.866642	0.591733	0.000000
0.762797	0.794063	0.000000
0.684725	-0.574581	0.000000
-0.482294	-0.336976	0.000000
0.022111	0.634952	0.000000
0.489896	0.263832	0.000000
-0.615828	-0.685210	0.000000
-0.548602	0.464053	0.000000
-0.215668	-0.156897	0.000000
0.478336	-0.240855	0.000000
0.601972	0.215125	0.000000
-0.803780	0.526581	0.000000
-0.573257	-0.965153	0.000000
-0.404897	0.684069	0.000000
-0.391868	-0.821954	0.000000
0.215889	0.010789	0.000000
0.623090	0.724537	0.000000
-0.145804	0.054764	0.000000
0.057648	0.638205	0.000000
-0.358856	-0.024117	0.000000
-0.379957	-0.862260	0.000000
0.505793	-0.535070	0.000000
-0.387027	0.609527	0.000000
0.690502	0.345799	0.000000
-0.963248	0.896600	0.000000
-0.759361	0.019062	0.000000
-0.576989	0.618186	0.000000
-0.676012	0.869713	0.000000
-0.835790	0.118715	0.000000
0.266908	-0.445119	0.000000
-0.624572	-0.041557	0.000000
0.430771	-0.513252	0.000000
-0.278326	0.087923	0.000000
0.068746	-0.049939	0.000000
-0.229878	-0.007091	0.000000
0.141654	0.629684	0.000000
0.147694	-0.290242	0.000000
-0.606739	0.240338	0.000000
-0.400909	0.805096	0.000000
0.074202	-0.000547	0.000000
0.328167	0.719432	0.000000
-0.095085	-0.415903	0.000000
0.568739	0.589384	0.000000
0.073536	0.492177	0.000000
0.708810	0.697082	0.000000
-0.843130	0.274997	0.000000
0.943752	0.741806	0.000000
-0.538463	0.452530	0.000000
-0.010873	0.837273	0.000000
0.957696	0.793287	0.000000
-0.373920	0.476878	0.000000
0.890329	0.718957	0.000000
-0.638572	-0.515951	0.000000
0.012520	0.317783	0.000000
0.344254	0.569966	0.000000
-0.793032	0.248449	0.000000
-0.092608	-0.073381	0.000000
-0.158588	0.620426	0.000000
0.926996	0.832837	0.000000
-0.289732	0.653022	0.000000
-0.145408	0.485591	0.000000
-0.437391	-0.159776	0.000000
0.126622	0.391696	0.000000
-0.186839	-0.554341	0.000000
-0.559743	0.796504	0.000000
0.992702	0.706427	0.000000
-0.693904	0.614348	0.000000
0.186259	0.612874	0.000000
-0.091377	-0.070016	0.000000
0.365915	-0.613705	0.000000
-0.134852	-0.207810	0.000000
-0.786477	0.830888	0.000000
-0.361177	0.171210	0.000000
0.021880	-0.461753	0.000000
-0.373961	0.339878	0.000000
0.426158	0.349377	0.000000
0.706788	-0.000652	0.000000
0.071566	0.747938	0.000000
0.673480	0.481944	0.000000
0.771580	-0.486538	0.000000
-0.365729	0.677912	0.000000
0.758753	0.441220	0.000000
0.242143	-0.560961	0.000000
-0.601921	-0.750621	0.000000
-0.179663	-0.087061	0.000000
0.380049	-0.290477	0.000000
0.493564	0.676847	0.000000
-0.538125	0.487766	0.000000
0.206871	0.011905	0.000000
-0.616954	-0.401406	0.000000
0.245862	0.190180	0.000000
0.112301	-0.376093	0.000000
0.522170	0.661131	0.000000
0.119715	-0.363119	0.000000
0.076494	0.233384	0.000000
0.403459	-0.161217	0.000000
0.725720	-0.551708	0.000000
0.466386	-0.198917	0.000000
-0.307078	0.181265	0.000000
0.214638	0.003272	0.000000
0.865924	0.530634	0.000000
-0.478335	0.521133	0.000000
-0.438831	-0.891508	0.000000
-0.442064	-0.418617	0.000000
0.054841	0.758920	0.000000
0.032552	0.423940	0.000000
-0.300806	0.380332	0.000000
-0.586764	-0.533043	0.000000
0.389035	-0.107364	0.000000
0.226032	-0.256798	0.000000
0.866829	-0.505269	0.000000
0.427088	0.613433	0.000000
-0.225124	0.512395	0.000000
0.460933	0.617093	0.000000
-0.842287	0.911965	0.000000
-0.540379	0.071973	0.000000
-0.016641	0.483792	0.000000
0.083821	0.095305	0.000000
0.501488	0.731397	0.000000
-0.870526	0.480727	0.000000
0.508974	0.693940	0.000000
0.661155	0.618150	0.000000
-0.564081	0.866920	0.000000
-0.204516	-0.081923	0.000000
-0.672653	-0.654202	0.000000
-0.409202	0.121464	0.000000
0.160411	0.408894	0.000000
0.624637	-0.668679	0.000000
0.089419	0.646854	0.000000
-0.602769	-0.726003	0.000000
0.590911	0.423573	0.000000
-0.566188	-0.502663	0.000000
0.429409	0.032413	0.000000
-0.249245	-0.540680	0.000000
0.218048	-0.001743	0.000000
0.730375	0.728671	0.000000
-0.019064	-0.503973	0.000000
0.638836	0.074767	0.000000
0.562838	0.673845	0.000000
0.425891	-0.142785	0.000000
0.587454	-0.016569	0.000000
0.779620	0.847837	0.000000
0.020063	0.056125	0.000000
-0.406490	-0.713747	0.000000
-0.600268	0.351909	0.000000
-0.674274	0.875598	0.000000
-0.635672	-0.769283	0.000000
-0.303569	0.483037	0.000000
0.155229	0.678007	0.000000
0.166838	-0.142002	0.000000
0.311748	0.987753	0.000000
-0.915908	0.804217	0.000000
0.720970	-0.421517	0.000000
0.020146	0.554925	0.000000
-0.486071	-0.732673	0.000000
0.314795	0.990754	0.000000
0.369393	0.201024	0.000000
0.585698	0.342412	0.000000
0.932692	0.518613	0.000000
0.516413	0.039483	0.000000
-0.748693	0.876996	0.000000
0.650452	-0.303462	0.000000
-0.747604	0.601223	0.000000
0.753850	-0.480953	0.000000
-0.385649	-0.742493	0.000000
-0.229099	-0.140419	0.000000
0.508628	-0.473923	0.000000
0.265766	0.341682	0.000000
0.479996	-0.406929	0.000000
0.907676	0.672645	0.000000
0.400526	0.759854	0.000000
0.031359	0.611529	0.000000
0.470769	-0.216327	0.000000
0.204269	-0.144032	0.000000
-0.277655	-0.773280	0.000000
0.500260	0.090080	0.000000
0.417821	-0.559463	0.000000
-0.418023	0.003465	0.000000
-0.061750	0.603492	0.000000
0.836701	-0.438144	0.000000
-0.322048	0.631502	0.000000
-0.889189	0.940481	0.000000
-0.245707	-0.797092	0.000000
-0.646934	-0.120356	0.000000
-0.474126	0.708717	0.000000
0.446986	0.115039	0.000000
-0.326544	0.254203	0.000000
0.520311	0.662102	0.000000
0.581124	0.294492	0.000000
0.168286	0.355307	0.000000
0.517602	-0.550183	0.000000
0.092913	0.137677	0.000000
0.845452	0.674860	0.000000
-0.823712	0.440912	0.000000
-0.340722	-0.254042	0.000000
0.534821	-0.505146	0.000000
0.477224	-0.108283	0.000000
-0.333738	-0.517606	0.000000
-0.862636	0.568011	0.000000
0.552679	-0.502910	0.000000
0.484285	0.655935	0.000000
0.748550	0.580231	0.000000
0.356416	-0.202557	0.000000
-0.760398	0.149763	0.000000
-0.510145	0.492238	0.000000
0.013290	0.517811	0.000000
-0.487075	0.007487	0.000000
-0.007869	0.175716	0.000000
-0.136551	0.326746	0.000000
0.393109	-0.480540	0.000000
-0.493143	0.311226	0.000000
0.126327	0.189544	0.000000
0.014475	-0.470976	0.000000
0.810822	0.347489	0.000000
0.318967	-0.435734	0.000000
0.419243	0.119244	0.000000
-0.012717	0.082272	0.000000
0.408727	0.443236	0.000000
0.488603	0.076894	0.000000
-0.281928	0.353401	0.000000
0.575251	0.338852	0.000000
0.887555	0.662362	0.000000
0.899351	0.864276	0.000000
-0.350302	0.657329	0.000000
-0.426554	-0.172534	0.000000
0.435897	-0.193549	0.000000
0.513961	0.610313	0.000000
-0.822254	0.885952	0.000000
0.498436	-0.066294	0.000000
-0.388113	0.807386	0.000000
0.701419	0.453562	0.000000
-0.672569	-0.645064	0.000000
0.783108	0.618167	0.000000
0.745639	0.729362	0.000000
0.647082	-0.507351	0.000000
-0.453804	-0.811373	0.000000
0.491912	0.229741	0.000000
-0.318422	-0.042845	0.000000
-0.604647	0.463384	0.000000
0.195151	0.661201	0.000000
-0.422799	-0.017064	0.000000
0.366691	0.565068	0.000000
0.500997	0.531142	0.000000
-0.107142	-0.321447	0.000000
0.464018	0.038376	0.000000
0.084056	0.475342	0.000000
-0.171127	0.095521	0.000000
-0.493423	0.102488	0.000000
0.497552	-0.102008	0.000000
-0.448963	-0.181149	0.000000
0.671499	0.565498	0.000000
-0.405388	-0.720423	0.000000
-0.431348	-0.828420	0.000000
0.307840	0.296393	0.000000
-0.479364	-0.287045	0.000000
0.235581	0.945221	0.000000
0.370793	0.617901	0.000000
0.838477	0.472325	0.000000
-0.168692	-0.246678	0.000000
-0.479766	0.014359	0.000000
-0.116243	0.241660	0.000000
-0.204764	0.276687	0.000000
-0.031672	0.241448	0.000000
-0.295572	0.050431	0.000000
-0.056134	-0.075685	0.000000
-0.088798	0.801464	0.000000
0.923438	0.627669	0.000000
-0.046607	-0.369893	0.000000
0.197032	0.914226	0.000000
0.277730	0.333664	0.000000
-0.291692	-0.038493	0.000000
-0.038233	0.049264	0.000000
0.709615	0.286001	0.000000
0.039837	-0.014726	0.000000
-0.327804	0.189817	0.000000
0.152514	-0.349758	0.000000
0.545863	0.030396	0.000000
-0.359064	0.643966	0.000000
0.534238	-0.399707	0.000000
0.518082	0.259396	0.000000
0.457748	0.149941	0.000000
-0.560653	0.654180	0.000000
0.560575	0.528273	0.000000
0.697812	-0.011205	0.000000
0.042680	0.619555	0.000000
0.108861	0.717098	0.000000
0.428778	-0.450527	0.000000
0.327406	0.976611	0.000000
0.461235	-0.419635	0.000000
-0.121288	-0.131163	0.000000
-0.583113	0.706523	0.000000
-0.566142	-0.329318	0.000000
0.137631	0.225124	0.000000
0.174048	-0.231088	0.000000
0.670245	0.666915	0.000000
0.754107	0.876662	0.000000
-0.089222	-0.137622	0.000000
-0.470572	-0.712559	0.000000
0.682774	0.707652	0.000000
-0.286014	0.347484	0.000000
-0.219181	-0.083302	0.000000
0.360092	0.172340	0.000000
0.609666	-0.044160	0.000000
0.246576	-0.372183	0.000000
0.134860	0.500047	0.000000
-0.701461	0.732991	0.000000
-0.636719	-0.188609	0.000000
-0.614689	0.690759	0.000000
0.673796	0.019093	0.000000
0.476266	-0.455977	0.000000
0.236256	-0.014588	0.000000
0.692925	-0.513100	0.000000
0.427748	-0.109177	0.000000
0.598844	0.754005	0.000000
-0.448983	-0.395426	0.000000
-0.731395	0.942789	0.000000
0.206399	0.420732	0.000000
-0.684927	0.593187	0.000000
-0.078655	0.367808	0.000000
0.554259	-0.699524	0.000000
0.316320	0.944181	0.000000
0.610231	-0.027115	0.000000
-0.160440	-0.367713	0.000000
-0.330756	0.048415	0.000000
-0.709454	-0.084484	0.000000
-0.905228	0.394008	0.000000
0.020284	-0.009792	0.000000
0.336262	-0.565763	0.000000
0.138246	-0.147251	0.000000
0.170696	0.708157	0.000000
-0.251801	0.223955	0.000000
-0.049623	-0.044940	0.000000
-0.748432	0.204514	0.000000
-0.052749	0.571721	0.000000
0.671206	-0.450439	0.000000
-0.405983	0.631550	0.000000
0.044754	0.687207	0.000000
0.328873	-0.216376	0.000000
-0.157442	0.591693	0.000000
-0.483264	-0.720910	0.000000
0.795024	0.659019	0.000000
-0.839940	0.824918	0.000000
-0.203444	0.635186	0.000000
-0.128716	-0.669436	0.000000
0.830392	0.831892	0.000000
0.778632	0.329371	0.000000
0.295894	0.187769	0.000000
0.452955	-0.215647	0.000000
0.899649	0.794166	0.000000
-0.417092	0.825980	0.000000
0.193818	0.629249	0.000000
0.345126	0.694122	0.000000
-0.227359	0.752842	0.000000
-0.485811	0.172696	0.000000
0.706830	0.577938	0.000000
-0.613342	0.090602	0.000000
0.089349	0.365011	0.000000
0.601280	0.134536	0.000000
0.722288	-0.658049	0.000000
0.328302	-0.288027	0.000000
-0.767438	0.350244	0.000000
0.855207	0.451213	0.000000
0.287960	0.091004	0.000000
0.045975	-0.121666	0.000000
0.616903	0.002600	0.000000
-0.609649	-0.182826	0.000000
0.313112	0.993258	0.000000
-0.161185	-0.239021	0.000000
-0.129904	0.238926	0.000000
0.492057	0.126306	0.000000
0.923384	0.454275	0.000000
-0.805864	0.752463	0.000000
0.623747	0.406856	0.000000
0.494532	0.283852	0.000000
0.009495	0.287248	0.000000
0.833301	0.721762	0.000000
0.599311	0.768677	0.000000
-0.405784	-0.541765	0.000000
0.277488	0.678997	0.000000
0.041526	-0.453770	0.000000
-0.704146	0.920108	0.000000
0.091966	0.748366	0.000000
-0.679587	0.401491	0.000000
0.915892	0.515732	0.000000
0.036636	0.323352	0.000000
-0.211870	-0.113814	0.000000
0.630696	0.729670	0.000000
0.504487	0.461094	0.000000
-0.655958	-0.484049	0.000000
0.922564	0.675881	0.000000
-0.684461	0.551280	0.000000
-0.427079	-0.741679	0.000000
0.736134	-0.551599	0.000000
-0.125560	-0.118915	0.000000
0.375353	-0.409097	0.000000
0.608227	0.752801	0.000000
0.830416	0.731020	0.000000
-0.620042	-0.793032	0.000000
0.242132	0.881682	0.000000
0.221359	0.913787	0.000000
0.648719	-0.638682	0.000000
-0.054784	0.468121	0.000000
0.953416	0.812019	0.000000
-0.612549	-0.776051	0.000000
0.529889	0.046715	0.000000
-0.112933	0.563565	0.000000
-0.166639	0.163038	0.000000
0.512813	0.669088	0.000000
0.610525	0.658674	0.000000
0.853726	0.516397	0.000000
0.305869	0.589306	0.000000
-0.398163	0.789429	0.000000
-0.340300	-0.168841	0.000000
-0.003387	0.136928	0.000000
0.365188	-0.579522	0.000000
0.184240	0.063366	0.000000
-0.317255	0.695006	0.000000
-0.188767	0.585208	0.000000
0.949727	0.632834	0.000000
0.360884	0.772834	0.000000
-0.256013	0.728712	0.000000
0.641334	0.633938	0.000000
-0.006289	0.137951	0.000000
0.468576	0.276501	0.000000
0.396008	0.017393	0.000000
-0.831040	0.214312	0.000000
0.151694	0.578435	0.000000
0.573635	-0.034565	0.000000
0.884831	0.440060	0.000000
-0.998901	0.746643	0.000000
0.891379	0.712884	0.000000
0.634761	0.151012	0.000000
0.159706	0.240172	0.000000
0.468984	-0.523839	0.000000
0.156461	0.163690	0.000000
-0.876062	0.430753	0.000000
-0.500519	0.748787	0.000000
0.191046	0.759162	0.000000
-0.536161	0.289631	0.000000
0.621410	-0.441749	0.000000
-0.139620	0.667651	0.000000
0.064308	-0.277123	0.000000
-0.575061	-0.155255	0.000000
0.758568	0.516982	0.000000
0.537025	0.132861	0.000000
0.604820	0.803730	0.000000
0.496682	-0.176729	0.000000
-0.402510	-0.015444	0.000000
0.365383	0.278026	0.000000
-0.740553	0.612449	0.000000
0.291521	0.500558	0.000000
0.613076	0.590173	0.000000
-0.335681	-0.602392	0.000000
0.591559	-0.675996	0.000000
-0.922733	0.606551	0.000000
0.779338	0.542713	0.000000
-0.195281	-0.232002	0.000000
0.735678	0.429851	0.000000
-0.529896	-0.044930	0.000000
0.202885	0.221018	0.000000
-0.831782	0.560212	0.000000
0.184848	0.911447	0.000000
0.570014	0.420153	0.000000
0.831043	0.439732	0.000000
-0.216321	0.594348	0.000000
-0.151938	0.033420	0.000000
0.537375	-0.573842	0.000000
-0.904400	0.732565	0.000000
-0.422026	0.584618	0.000000
-0.078634	0.406060	0.000000
-0.090886	-0.046115	0.000000
-0.000527	-0.549887	0.000000
0.286082	0.122929	0.000000
-0.345791	0.435549	0.000000
0.938317	0.850423	0.000000
0.530655	-0.342632	0.000000
-0.705508	0.591609	0.000000
-0.405033	0.716875	0.000000
0.314874	0.485796	0.000000
0.787190	0.846979	0.000000
-0.111182	0.133929	0.000000
0.174932	0.593291	0.000000
0.772694	-0.656066	0.000000
0.515798	0.013068	0.000000
0.724030	0.725683	0.000000
-0.716100	0.708103	0.000000
-0.641737	0.346869	0.000000
-0.830704	0.735922	0.000000
0.791444	-0.661862	0.000000
-0.718632	0.037263	0.000000
0.649533	0.185234	0.000000
0.597175	-0.511972	0.000000
-0.658189	0.345255	0.000000
0.826638	0.495240	0.000000
0.469902	-0.109875	0.000000
-0.029405	-0.260059	0.000000
-0.548578	0.791964	0.000000
0.482318	0.175616	0.000000
-0.262307	0.380022	0.000000
0.263226	0.323927	0.000000
0.306601	0.389253	0.000000
0.675218	-0.580651	0.000000
-0.188897	-0.123952	0.000000
0.150214	0.068729	0.000000
-0.334123	-0.536666	0.000000
-0.506609	0.867212	0.000000
-0.090411	0.393135	0.000000
-0.564226	0.128746	0.000000
0.079427	-0.076186	0.000000
0.274885	0.731954	0.000000
-0.917067	0.909275	0.000000
-0.643648	-0.870782	0.000000
-0.043607	0.118842	0.000000
0.090574	-0.082328	0.000000
0.334697	-0.420159	0.000000
0.034982	0.202402	0.000000
-0.096413	-0.573430	0.000000
-0.364877	-0.856216	0.000000
-0.352579	-0.589282	0.000000
0.717902	0.332094	0.000000
0.842637	-0.452534	0.000000
-0.306263	0.729787	0.000000
-0.641346	0.796297	0.000000
0.871079	0.566082	0.000000
0.905918	0.599168	0.000000
-0.129314	-0.416479	0.000000
0.604678	0.075465	0.000000
0.811242	0.747984	0.000000
0.789975	-0.447354	0.000000
0.403989	0.139006	0.000000
0.462669	0.285819	0.000000
-0.248325	0.220670	0.000000
0.713399	0.264106	0.000000
-0.476902	0.217275	0.000000
-0.658757	0.013405	0.000000
-0.358393	0.788469	0.000000
-0.538063	0.738697	0.000000
0.192231	0.093209	0.000000
0.139092	0.336757	0.000000
-0.192511	0.298892	0.000000
-0.399563	0.598229	0.000000
0.457204	0.330612	0.000000
0.498004	0.465226	0.000000
-0.564272	0.295967	0.000000
-0.230132	0.121228	0.000000
0.782649	0.243904	0.000000
0.055207	0.790196	0.000000
-0.618690	-0.197125	0.000000
0.482148	-0.653792	0.000000
0.440441	0.002298	0.000000
0.740092	-0.479988	0.000000
0.364458	0.292996	0.000000
0.467102	-0.511955	0.000000
0.373648	0.080391	0.000000
0.353184	0.211055	0.000000
-0.276432	0.073994	0.000000
0.133336	0.633007	0.000000
0.550033	0.036832	0.000000
0.650663	0.755038	0.000000
-0.151458	0.281757	0.000000
0.345813	0.911631	0.000000
-0.064757	-0.289786	0.000000
-0.225144	0.185114	0.000000
0.135401	0.621721	0.000000
-0.583884	0.004730	0.000000
-0.702475	0.649153	0.000000
-0.106586	0.466561	0.000000
0.212248	0.019405	0.000000
-0.326169	-0.616922	0.000000
0.771596	0.652992	0.000000
-0.311054	0.687736	0.000000
-0.064902	0.422459	0.000000
0.548816	0.208945	0.000000
-0.336202	0.707418	0.000000
-0.115089	0.574701	0.000000
-0.127705	-0.291899	0.000000
-0.435687	-0.136227	0.000000
0.349871	-0.222016	0.000000
-0.644981	0.629339	0.000000
-0.117313	-0.315855	0.000000
0.523243	0.393241	0.000000
0.331742	0.986722	0.000000
-0.631965	0.633514	0.000000
0.470039	0.198352	0.000000
0.305409	-0.097371	0.000000
0.673903	0.622867	0.000000
-0.123986	0.515293	0.000000
0.797198	-0.657270	0.000000
0.454653	0.312638	0.000000
0.822141	0.709909	0.000000
-0.710498	0.098284	0.000000
0.719070	0.180938	0.000000
0.241607	-0.252263	0.000000
0.431707	0.011367	0.000000
-0.053017	0.690179	0.000000
0.704683	0.432450	0.000000
0.671784	-0.533486	0.000000
0.511256	-0.439524	0.000000
-0.267981	-0.479281	0.000000
-0.679147	0.473647	0.000000
-0.226969	-0.751010	0.000000
-0.429936	-0.126892	0.000000
0.616295	0.679099	0.000000
-0.640792	0.454520	0.000000
-0.157641	-0.517943	0.000000
-0.587662	0.600271	0.000000
0.347783	-0.244069	0.000000
0.661684	-0.408301	0.000000
-0.411171	0.549319	0.000000
-0.434908	-0.158435	0.000000
0.755088	0.116050	0.000000
-0.187600	0.623731	0.000000
-0.534227	0.872031	0.000000
-0.594299	0.416931	0.000000
0.004871	0.702164	0.000000
0.769677	0.843110	0.000000
-0.319392	-0.090130	0.000000
0.023791	0.763225	0.000000
0.158302	0.713178	0.000000
-0.298383	0.634998	0.000000
0.231856	-0.088912	0.000000
-0.819679	0.681998	0.000000
0.784292	0.655499	0.000000
0.652073	0.822995	0.000000
0.239422	-0.188882	0.000000
-0.148382	0.663462	0.000000
-0.716649	0.266799	0.000000
0.248127	-0.483221	0.000000
-0.661037	0.689447	0.000000
-0.430176	-0.909606	0.000000
-0.518625	-0.449847	0.000000
-0.597176	-0.011618	0.000000
-0.072599	-0.618891	0.000000
-0.030208	0.280275	0.000000
0.170309	-0.243680	0.000000
0.265356	-0.060813	0.000000
-0.392834	0.250590	0.000000
-0.567762	-0.684095	0.000000
0.319225	0.999246	0.000000
0.435120	0.064764	0.000000
-0.579199	0.222451	0.000000
0.009484	0.720122	0.000000
0.745437	0.866210	0.000000
-0.658431	-0.401523	0.000000
0.199185	0.176447	0.000000
0.236171	0.751612	0.000000
-0.306764	0.543341	0.000000
-0.312377	-0.340725	0.000000
0.303937	0.637583	0.000000
-0.148877	-0.598225	0.000000
-0.437789	0.232233	0.000000
0.645914	-0.529769	0.000000
0.459723	0.273243	0.000000
0.625548	-0.327631	0.000000
-0.715781	0.471285	0.000000
0.120277	0.131600	0.000000
-0.110397	0.027407	0.000000
0.099116	-0.059920	0.000000
-0.454450	-0.190141	0.000000
0.780155	-0.479501	0.000000
0.838999	-0.587908	0.000000
0.793916	-0.374250	0.000000
-0.517931	0.100043	0.000000
-0.642688	-0.390002	0.000000
-0.341512	-0.149410	0.000000
0.426470	0.600215	0.000000
0.298300	-0.279780	0.000000
-0.133369	-0.017598	0.000000
-0.528237	0.274865	0.000000
-0.132062	-0.201158	0.000000
0.954197	0.632630	0.000000
-0.158958	0.212438	0.000000
0.908836	0.807746	0.000000
0.256052	-0.364579	0.000000
0.373503	0.394036	0.000000
-0.486350	0.331514	0.000000
0.223227	-0.033374	0.000000
0.544115	-0.687615	0.000000
0.246494	0.148295	0.000000
-0.428236	-0.739383	0.000000
-0.116907	-0.607728	0.000000
-0.501819	0.870444	0.000000
-0.439638	-0.909295	0.000000
-0.858212	0.358041	0.000000
-0.168343	0.278936	0.000000
-0.011521	0.567012	0.000000
0.403002	-0.184441	0.000000
-0.734475	0.689217	0.000000
-0.299124	-0.474430	0.000000
0.430213	0.588173	0.000000
-0.237573	-0.124733	0.000000
0.430022	0.592074	0.000000
-0.915465	0.365347	0.000000
0.372818	-0.354088	0.000000
0.508514	-0.382655	0.000000
-0.357352	0.767439	0.000000
-0.249780	0.426981	0.000000
-0.421808	0.527123	0.000000
-0.244804	0.662214	0.000000
0.687715	-0.445847	0.000000
0.685954	-0.419174	0.000000
0.646459	0.760072	0.000000
0.410569	-0.550211	0.000000
-0.147718	0.411426	0.000000
0.074363	0.386031	0.000000
0.290765	-0.487333	0.000000
-0.768269	0.732180	0.000000
-0.478307	-0.158633	0.000000
0.178813	-0.380675	0.000000
0.878209	0.419981	0.000000
-0.945091	0.664667	0.000000
0.612632	0.611026	0.000000
0.741738	0.729581	0.000000
0.589069	0.513679	0.000000
0.568761	0.548015	0.000000
0.984524	0.782196	0.000000
0.626083	0.565239	0.000000
-0.415277	-0.426651	0.000000
-0.581655	-0.598147	0.000000
0.608421	0.086162	0.000000
-0.151420	0.760318	0.000000
-0.324892	0.128099	0.000000
0.426914	0.189995	0.000000
0.548492	-0.286447	0.000000
0.682267	-0.622036	0.000000
0.515025	0.659380	0.000000
0.460803	0.310686	0.000000
0.211843	-0.008957	0.000000
-0.218377	0.201946	0.000000
0.853716	0.867549	0.000000
0.287255	0.579281	0.000000
-0.852010	0.777119	0.000000
0.550728	0.032404	0.000000
-0.126034	-0.364154	0.000000
-0.921145	0.354348	0.000000
-0.530929	-0.636826	0.000000
0.192883	0.671890	0.000000
0.666382	-0.384551	0.000000
0.015537	0.539672	0.000000
-0.534087	0.864205	0.000000
-0.722253	0.665747	0.000000
-0.544837	0.425484	0.000000
0.399507	-0.133485	0.000000
0.424915	0.282117	0.000000
0.877062	0.479542	0.000000
-0.418669	-0.158697	0.000000
0.698805	0.802294	0.000000
-0.336357	0.289827	0.000000
-0.204050	0.539401	0.000000
-0.510078	0.752319	0.000000
-0.540163	-0.401843	0.000000
-0.685033	0.500185	0.000000
-0.137105	0.356632	0.000000
0.993623	0.746825	0.000000
0.286180	0.683201	0.000000
-0.508286	0.387670	0.000000
0.639451	0.107822	0.000000
0.739398	-0.380985	0.000000
0.487833	0.595767	0.000000
0.634380	0.530456	0.000000
-0.922849	0.693179	0.000000
-0.321647	0.239661	0.000000
0.814629	0.704571	0.000000
0.332878	0.030420	0.000000
-0.217042	-0.270198	0.000000
0.672150	0.623643	0.000000
0.313688	0.993791	0.000000
0.397118	-0.292467	0.000000
0.837646	0.744431	0.000000
0.659032	0.740899	0.000000
-0.471725	0.568952	0.000000
0.502749	0.032361	0.000000
0.888274	0.743623	0.000000
-0.308546	0.154263	0.000000
0.826583	0.764721	0.000000
0.830139	0.622575	0.000000
0.338865	-0.269921	0.000000
0.320181	-0.071407	0.000000
0.355857	0.134310	0.000000
-0.385225	0.038350	0.000000
0.545338	0.083884	0.000000
0.592857	0.486142	0.000000
-0.243508	0.440391	0.000000
0.404172	0.575981	0.000000
-0.238422	-0.285133	0.000000
-0.247658	0.496484	0.000000
0.625269	0.812576	0.000000
-0.982988	0.854130	0.000000
-0.176202	0.005765	0.000000
0.250134	-0.238805	0.000000
-0.433969	0.184946	0.000000
0.122593	0.605194	0.000000
-0.623129	0.800538	0.000000
0.510277	0.604374	0.000000
-0.480108	0.189242	0.000000
0.836618	0.744835	0.000000
-0.806921	0.351048	0.000000
-0.326747	-0.195331	0.000000
0.696955	0.664403	0.000000
-0.452262	0.189395	0.000000
0.142078	0.233304	0.000000
0.508124	0.024193	0.000000
-0.323193	0.145661	0.000000
-0.683909	-0.290793	0.000000
0.769405	0.684579	0.000000
0.783988	-0.388369	0.000000
-0.391878	-0.393151	0.000000
-0.201437	0.626922	0.000000
0.930351	0.576943	0.000000
0.344739	-0.207796	0.000000
-0.354412	-0.099468	0.000000
0.164603	0.512824	0.000000
-0.603385	0.321073	0.000000
-0.463956	0.776334	0.000000
0.815548	0.645007	0.000000
0.694635	0.238889	0.000000
-0.485363	0.329791	0.000000
0.583761	-0.504975	0.000000
0.188397	0.784054	0.000000
-0.164308	0.608177	0.000000
-0.297209	-0.795589	0.000000
0.597841	0.690893	0.000000
0.215036	0.237538	0.000000
-0.426926	0.399821	0.000000
-0.014260	0.756203	0.000000
0.302483	0.391891	0.000000
-0.280926	0.145724	0.000000
0.789174	0.648715	0.000000
0.597545	-0.001402	0.000000
-0.311433	0.309254	0.000000
0.556063	-0.464715	0.000000
0.213544	0.600400	0.000000
-0.289384	-0.412607	0.000000
-0.125518	0.579943	0.000000
0.731840	0.282087	0.000000
-0.029895	0.618619	0.000000
-0.944989	0.479255	0.000000
0.504116	-0.684837	0.000000
-0.659535	0.699782	0.000000
0.980229	0.780656	0.000000
0.405494	-0.036081	0.000000
0.686789	0.086061	0.000000
0.266838	0.867950	0.000000
0.443685	0.634946	0.000000
-0.184889	-0.074214	0.000000
0.395510	0.215368	0.000000
-0.277785	-0.144274	0.000000
-0.325587	-0.493852	0.000000
-0.494435	-0.390908	0.000000
0.060957	-0.411290	0.000000
0.853549	0.405741	0.000000
-0.403773	0.580072	0.000000
0.271639	0.255967	0.000000
-0.237939	0.589117	0.000000
-0.204928	-0.258353	0.000000
0.597087	-0.005046	0.000000
0.041736	-0.060663	0.000000
-0.842052	0.941390	0.000000
-0.821139	0.509219	0.000000
0.893202	0.657030	0.000000
0.627615	0.394781	0.000000
-0.415404	-0.937499	0.000000
-0.326401	0.664676	0.000000
0.112847	0.588928	0.000000
0.675515	0.735643	0.000000
0.752629	0.842477	0.000000
-0.305717	0.088724	0.000000
0.119651	0.201197	0.000000
-0.327049	-0.039927	0.000000
0.418375	-0.521950	0.000000
0.968718	0.723699	0.000000
0.274188	0.977814	0.000000
0.353586	-0.400032	0.000000
-0.172011	-0.339852	0.000000
0.257665	0.378766	0.000000
0.862421	0.784788	0.000000
0.501420	0.350721	0.000000
0.548026	-0.031051	0.000000
0.832439	0.802913	0.000000
-0.016729	-0.084946	0.000000
0.018474	0.066298	0.000000
-0.546334	-0.378674	0.000000
-0.067228	0.197343	0.000000
0.833776	-0.426847	0.000000
-0.623282	0.815196	0.000000
-0.197675	-0.346685	0.000000
-0.486900	-0.581064	0.000000
0.046675	-0.090218	0.000000
0.746269	0.706232	0.000000
0.409531	0.224586	0.000000
0.149704	0.238688	0.000000
0.445145	0.612784	0.000000
0.398094	0.164479	0.000000
-0.228728	0.414561	0.000000
-0.446178	-0.556349	0.000000
-0.433705	-0.164053	0.000000
0.056554	-0.476536	0.000000
-0.507535	-0.182166	0.000000
0.316206	-0.532249	0.000000
0.607598	0.626963	0.000000
-0.953819	0.865075	0.000000
0.792136	-0.386816	0.000000
0.631950	0.418439	0.000000
0.216888	-0.374669	0.000000
-0.594343	0.403686	0.000000
0.026143	0.781791	0.000000
-0.305641	-0.109125	0.000000
0.560244	0.322672	0.000000
0.618270	0.728467	0.000000
0.486554	-0.390674	0.000000
-0.011693	0.340809	0.000000
0.515910	0.194004	0.000000
0.452683	0.190021	0.000000
0.882506	0.632066	0.000000
0.715511	-0.546593	0.000000
-0.808101	0.678598	0.000000
0.162453	-0.012710	0.000000
0.468630	-0.116601	0.000000
0.514629	0.236868	0.000000
0.800866	0.576070	0.000000
-0.059529	-0.064307	0.000000
-0.833115	0.587798	0.000000
0.164511	0.824201	0.000000
-0.323095	0.042363	0.000000
0.229483	-0.152766	0.000000
0.615267	0.372151	0.000000
0.386872	0.179165	0.000000
0.196758	-0.220530	0.000000
0.697527	0.398377	0.000000
0.718334	0.558071	0.000000
-0.788837	0.774780	0.000000
-0.557913	0.375272	0.000000
-0.215074	-0.427764	0.000000
-0.708540	0.728308	0.000000
0.141976	0.885081	0.000000
0.930285	0.693751	0.000000
-0.558267	-0.991075	0.000000
0.813535	-0.429271	0.000000
0.686233	-0.578554	0.000000
0.528856	0.040993	0.000000
-0.489836	-0.171004	0.000000
-0.381748	-0.512771	0.000000
-0.710827	0.907286	0.000000
0.751583	0.619245	0.000000
-0.291453	0.326586	0.000000
0.063385	0.579399	0.000000
-0.337933	0.316211	0.000000
-0.461124	-0.765814	0.000000
0.884413	0.740188	0.000000
-0.235424	0.081151	0.000000
0.640884	0.613441	0.000000
0.682577	0.399280	0.000000
-0.336314	0.466005	0.000000
-0.688506	0.567020	0.000000
0.413201	-0.044373	0.000000
0.540427	0.129822	0.000000
0.513426	-0.026125	0.000000
0.560614	-0.359658	0.000000
-0.963852	0.725757	0.000000
0.837625	0.764786	0.000000
-0.300317	0.216869	0.000000
-0.308304	0.455600	0.000000
0.309195	0.625905	0.000000
0.385551	0.105069	0.000000
-0.348059	0.583131	0.000000
-0.483874	-0.450030	0.000000
0.656344	0.416801	0.000000
-0.817156	0.186752	0.000000
0.653302	0.036619	0.000000
-0.525014	0.768730	0.000000
0.093948	-0.417767	0.000000
0.163120	0.519141	0.000000
-0.752444	0.293385	0.000000
-0.002111	-0.402586	0.000000
-0.087130	0.428418	0.000000
0.040947	-0.349267	0.000000
0.067366	0.113241	0.000000
-0.618854	-0.133494	0.000000
0.721902	0.180690	0.000000
-0.209831	-0.115285	0.000000
0.572711	-0.567655	0.000000
0.775230	0.405984	0.000000
0.656752	0.722197	0.000000
-0.031873	0.097229	0.000000
0.519119	0.017613	0.000000
-0.906102	0.549423	0.000000
0.778645	0.831246	0.000000
0.695091	-0.488292	0.000000
-0.120738	0.752234	0.000000
0.209425	0.819194	0.000000
-0.126769	-0.091629	0.000000
-0.795023	0.866181	0.000000
-0.969162	0.941674	0.000000
0.527039	0.006180	0.000000
0.849481	0.450141	0.000000
-0.268539	0.194843	0.000000
-0.081817	0.652866	0.000000
-0.285618	0.431010	0.000000
-0.243772	0.467481	0.000000
0.183260	-0.117646	0.000000
-0.384190	0.213604	0.000000
-0.535565	0.847237	0.000000
-0.387346	-0.153316	0.000000
0.801051	-0.533502	0.000000
0.480162	-0.427663	0.000000
-0.557048	-0.338001	0.000000
0.919182	0.560719	0.000000
0.570582	0.642156	0.000000
0.521986	-0.626635	0.000000
-0.445681	0.639456	0.000000
-0.075168	0.419759	0.000000
0.553856	0.272771	0.000000
0.300809	-0.464355	0.000000
0.407598	-0.482536	0.000000
0.675026	0.841078	0.000000
0.619761	0.223911	0.000000
0.300751	0.451587	0.000000
-0.472564	-0.761316	0.000000
-0.160918	0.557193	0.000000
-0.426238	0.326639	0.000000
0.751409	0.848538	0.000000
-0.577934	0.288994	0.000000
-0.197671	-0.694936	0.000000
0.054173	0.271748	0.000000
0.605888	0.513243	0.000000
0.774351	0.306845	0.000000
0.245480	0.797158	0.000000
0.250661	0.551522	0.000000
0.279857	0.952359	0.000000
-0.629542	-0.183910	0.000000
0.369642	0.130483	0.000000
-0.719713	0.758520	0.000000
-0.188202	-0.315273	0.000000
-0.136808	0.376786	0.000000
0.319520	-0.292866	0.000000
-0.601220	0.228982	0.000000
-0.264838	0.494491	0.000000
0.828988	0.776494	0.000000
-0.598757	0.012918	0.000000
0.633021	0.161216	0.000000
0.717793	-0.363948	0.000000
0.746042	0.202739	0.000000
0.292749	0.922113	0.000000
-0.959034	0.907149	0.000000
0.480134	-0.298087	0.000000
-0.651879	0.718706	0.000000
0.214557	0.117769	0.000000
0.580734	0.212282	0.000000
-0.073465	-0.316839	0.000000
0.403928	-0.524642	0.000000
0.142148	0.688729	0.000000
0.109026	0.211264	0.000000
-0.578284	0.763902	0.000000
-0.782331	0.603761	0.000000
-0.415366	-0.007394	0.000000
-0.347954	0.129780	0.000000
0.346543	-0.164843	0.000000
0.225240	0.529815	0.000000
0.903078	0.629500	0.000000
0.342203	0.952263	0.000000
-0.961104	0.865299	0.000000
-0.417090	-0.475885	0.000000
-0.018802	0.074997	0.000000
0.582793	0.018563	0.000000
0.024676	-0.152590	0.000000
0.943640	0.626591	0.000000
0.850066	0.575418	0.000000
0.210303	0.613548	0.000000
-0.399889	0.251635	0.000000
0.916558	0.736458	0.000000
0.176881	0.058789	0.000000
0.356319	-0.224035	0.000000
0.432399	0.018123	0.000000
-0.168126	0.749609	0.000000
0.529393	0.024758	0.000000
0.597655	-0.522444	0.000000
-0.352875	0.063082	0.000000
-0.255002	0.399501	0.000000
-0.355037	0.157273	0.000000
0.478979	-0.238078	0.000000
0.109866	0.840446	0.000000
0.781012	0.307900	0.000000
-0.265108	-0.124788	0.000000
0.088091	-0.210490	0.000000
-0.812333	0.867056	0.000000
-0.070545	-0.126289	0.000000
-0.669407	-0.032154	0.000000
0.521822	0.686419	0.000000
0.288954	0.179658	0.000000
-0.042167	0.790209	0.000000
-0.120608	-0.105674	0.000000
-0.201598	-0.148798	0.000000
-0.488939	-0.419289	0.000000
0.556819	0.151384	0.000000
-0.139173	0.765269	0.000000
0.757291	0.103216	0.000000
0.834890	0.869532	0.000000
-0.166538	-0.019197	0.000000
0.261872	0.096792	0.000000
-0.288803	-0.055436	0.000000
-0.621451	0.730881	0.000000
-0.661997	0.939482	0.000000
0.679679	0.808323	0.000000
0.637598	0.582129	0.000000
-0.086131	0.247679	0.000000
0.085945	-0.454115	0.000000
0.261106	0.397799	0.000000
0.794696	-0.660348	0.000000
-0.187957	0.081558	0.000000
0.824675	0.729473	0.000000
0.916486	0.488110	0.000000
-0.855050	0.297317	0.000000
-0.299309	-0.182382	0.000000
-0.701513	0.525950	0.000000
-0.444068	-0.751986	0.000000
0.680379	-0.360148	0.000000
0.719371	0.008794	0.000000
0.634559	0.014984	0.000000
-0.208522	-0.523241	0.000000
-0.467161	0.834839	0.000000
0.713155	-0.508535	0.000000
-0.041603	0.389375	0.000000
-0.734835	0.530469	0.000000
0.307691	0.201300	0.000000
-0.295296	0.216322	0.000000
0.885831	0.714150	0.000000
0.603046	0.422549	0.000000
-0.567822	0.235918	0.000000
-0.179192	0.292258	0.000000
0.762029	0.646341	0.000000
-0.066348	0.637404	0.000000
-0.002726	-0.566750	0.000000
0.539977	0.054248	0.000000
-0.541644	-0.484796	0.000000
-0.406532	0.174882	0.000000
-0.535871	0.081316	0.000000
0.493324	0.191521	0.000000
-0.425421	0.680439	0.000000
-0.329251	-0.279662	0.000000
-0.240056	-0.152944	0.000000
0.495783	0.583890	0.000000
0.024452	-0.064672	0.000000
0.724214	0.617022	0.000000
0.057149	0.324898	0.000000
-0.025735	0.263507	0.000000
0.639474	0.188348	0.000000
0.049693	-0.022978	0.000000
-0.334396	0.141390	0.000000
-0.542719	-0.441024	0.000000
-0.437096	0.488389	0.000000
0.250499	-0.477824	0.000000
0.240261	0.603583	0.000000
-0.315139	0.687541	0.000000
0.898758	0.596830	0.000000
-0.613605	-0.910013	0.000000
0.483260	-0.196883	0.000000
0.907351	0.838440	0.000000
0.349443	0.206274	0.000000
0.749205	0.388418	0.000000
-0.291332	-0.002166	0.000000
0.139928	0.015373	0.000000
-0.350650	-0.253576	0.000000
-0.436041	0.745275	0.000000
-0.922599	0.611250	0.000000
-0.950372	0.680681	0.000000
-0.205967	-0.574788	0.000000
0.555135	0.539077	0.000000
0.754310	0.456275	0.000000
0.438567	0.184146	0.000000
-0.202088	-0.684341	0.000000
0.638289	0.518339	0.000000
-0.624496	-0.791704	0.000000
-0.419355	-0.140322	0.000000
-0.351049	0.053805	0.000000
-0.520454	-0.028417	0.000000
0.435636	0.186312	0.000000
-0.125489	-0.396391	0.000000
-0.686064	0.640359	0.000000
-0.794080	0.738369	0.000000
-0.250245	0.681665	0.000000
0.252716	-0.196694	0.000000
0.807481	0.643388	0.000000
-0.411527	-0.631249	0.000000
0.241776	0.161593	0.000000
0.071449	-0.010182	0.000000
0.646947	-0.389171	0.000000
-0.052072	0.264870	0.000000
0.418714	-0.563519	0.000000
0.765426	0.404025	0.000000
-0.286711	-0.764801	0.000000
-0.357539	0.467080	0.000000
-0.456132	-0.503714	0.000000
0.264996	0.870810	0.000000
-0.836836	0.956033	0.000000
-0.021558	0.560420	0.000000
0.774319	-0.391577	0.000000
0.895041	0.851103	0.000000
-0.773169	0.941829	0.000000
0.022949	0.408677	0.000000
0.769974	0.411540	0.000000
0.455852	0.021658	0.000000
0.819801	0.264238	0.000000
-0.549383	0.494447	0.000000
0.571614	0.778635	0.000000
-0.423062	-0.819666	0.000000
-0.403256	0.022752	0.000000
0.993850	0.700475	0.000000
-0.417698	-0.556579	0.000000
0.551893	0.229912	0.000000
-0.046586	-0.153342	0.000000
-0.339388	-0.044544	0.000000
0.054259	0.796496	0.000000
-0.114583	0.758611	0.000000
0.279545	0.230389	0.000000
0.849997	0.560207	0.000000
-0.894347	0.297071	0.000000
0.028440	-0.436844	0.000000
-0.310387	0.213954	0.000000
-0.650787	0.845241	0.000000
0.751136	-0.674924	0.000000
0.472230	0.134630	0.000000
-0.198049	0.347628	0.000000
-0.137936	0.279552	0.000000
0.591513	0.784392	0.000000
-0.273519	-0.477969	0.000000
-0.432281	-0.319810	0.000000
-0.597229	0.678707	0.000000
0.711644	0.080105	0.000000
0.022128	0.298817	0.000000
0.628110	0.750841	0.000000
-0.249008	0.110995	0.000000
0.171015	0.412358	0.000000
-0.226824	-0.615615	0.000000
0.838928	0.695747	0.000000
-0.206902	0.589066	0.000000
-0.189747	-0.060946	0.000000
0.415632	0.237810	0.000000
0.359683	0.255506	0.000000
0.577364	0.569403	0.000000
-0.497559	0.492475	0.000000
0.569884	0.534337	0.000000
0.620387	0.733715	0.000000
0.743779	0.823072	0.000000
-0.179247	0.631485	0.000000
-0.964218	0.937676	0.000000
-0.631799	-0.631840	0.000000
-0.386447	0.722397	0.000000
0.744609	0.809335	0.000000
-0.367084	0.573856	0.000000
-0.134974	0.301089	0.000000
-0.063282	0.482634	0.000000
0.568301	0.051469	0.000000
-0.564663	-0.454931	0.000000
-0.031427	0.656219	0.000000
0.746062	0.401199	0.000000
0.644913	-0.373224	0.000000
0.146716	-0.190916	0.000000
0.875653	0.673995	0.000000
-0.310557	0.272571	0.000000
0.143861	0.338164	0.000000
0.305130	0.962445	0.000000
-0.307929	0.432012	0.000000
-0.654557	-0.629147	0.000000
0.476476	0.614820	0.000000
0.047355	0.548450	0.000000
0.548713	0.312803	0.000000
-0.422469	-0.931851	0.000000
0.730015	0.536747	0.000000
-0.159947	0.581723	0.000000
-0.278396	0.090357	0.000000
0.428977	0.532573	0.000000
0.252576	-0.246804	0.000000
0.786690	0.867809	0.000000
0.473422	0.004741	0.000000
0.385833	-0.091303	0.000000
0.750820	0.086521	0.000000
0.224606	0.708356	0.000000
-0.617975	0.584595	0.000000
0.516823	-0.114378	0.000000
0.521255	0.083360	0.000000
0.510186	0.657918	0.000000
0.499902	-0.044290	0.000000
-0.799743	0.553171	0.000000
-0.121606	0.619145	0.000000
0.714749	0.218269	0.000000
0.641897	0.356502	0.000000
0.226987	0.109489	0.000000
-0.798866	0.738182	0.000000
0.874722	0.445422	0.000000
0.185158	-0.289142	0.000000
0.213648	0.641748	0.000000
-0.224072	0.400528	0.000000
0.370197	0.170520	0.000000
0.080711	-0.017790	0.000000
-0.547980	-0.712024	0.000000
0.331498	-0.234279	0.000000
-0.637752	0.725862	0.000000
0.624829	-0.584439	0.000000
0.551715	-0.300385	0.000000
-0.727525	0.202291	0.000000
0.862883	-0.523028	0.000000
0.628745	0.198969	0.000000
-0.136101	0.535593	0.000000
0.409349	0.206820	0.000000
-0.318461	0.068761	0.000000
0.944399	0.781757	0.000000
0.190089	-0.389533	0.000000
-0.464487	-0.178046	0.000000
-0.523392	-0.908131	0.000000
-0.226358	0.166016	0.000000
0.764505	0.252300	0.000000
0.363478	-0.220431	0.000000
-0.268932	-0.357792	0.000000
-0.369262	-0.381833	0.000000
-0.030401	0.248932	0.000000
0.339776	-0.429163	0.000000
-0.823441	0.861993	0.000000
-0.470794	0.263733	0.000000
-0.060201	-0.472069	0.000000
0.755860	0.841201	0.000000
-0.535344	0.150846	0.000000
-0.312277	0.165422	0.000000
0.418801	0.801998	0.000000
-0.102211	-0.128464	0.000000
-0.469551	-0.140271	0.000000
-0.502995	-0.525435	0.000000
-0.368556	0.323150	0.000000
0.382669	-0.016770	0.000000
-0.906959	0.660763	0.000000
-0.319811	0.086038	0.000000
0.262119	-0.201309	0.000000
0.297611	0.983837	0.000000
-0.523761	-0.746751	0.000000
-0.625071	0.522231	0.000000
-0.626372	0.579304	0.000000
0.028296	0.445555	0.000000
0.245309	-0.009249	0.000000
0.277799	0.197757	0.000000
0.508341	0.486202	0.000000
-0.022871	0.783813	0.000000
0.421748	0.635736	0.000000
0.795876	0.785530	0.000000
-0.706542	0.230055	0.000000
0.400444	0.462417	0.000000
0.873336	0.830639	0.000000
0.779990	0.809137	0.000000
0.600341	-0.694782	0.000000
-0.598745	0.089581	0.000000
0.799117	0.755065	0.000000
0.883730	0.463023	0.000000
-0.002608	0.241114	0.000000
0.271659	-0.300535	0.000000
0.805462	0.654822	0.000000
0.561410	0.127921	0.000000
0.677880	-0.580404	0.000000
-0.016697	-0.097266	0.000000
-0.723775	-0.188834	0.000000
0.102025	-0.474474	0.000000
-0.094908	-0.078035	0.000000
0.532703	0.280060	0.000000
0.095726	-0.168447	0.000000
0.555549	0.765806	0.000000
0.243110	0.396662	0.000000
0.408712	0.759493	0.000000
0.704285	0.472241	0.000000
0.205495	0.751420	0.000000
0.643017	-0.675530	0.000000
-0.526055	-0.884853	0.000000
0.393445	0.225667	0.000000
0.897315	0.812507	0.000000
-0.830887	0.512489	0.000000
-0.579072	0.454960	0.000000
0.670960	0.730342	0.000000
0.366227	0.119527	0.000000
0.196025	0.698113	0.000000
0.505203	0.518007	0.000000
0.409871	0.089936	0.000000
0.106833	0.360893	0.000000
0.674220	0.170143	0.000000
0.407556	0.701048	0.000000
-0.076486	0.136546	0.000000
0.068495	0.520628	0.000000
0.692506	0.557374	0.000000
-0.206426	0.737745	0.000000
-0.289506	-0.060841	0.000000
-0.393547	-0.166063	0.000000
-0.405026	-0.346068	0.000000
0.354774	0.134916	0.000000
0.506011	0.633343	0.000000
0.639501	0.708984	0.000000
-0.239579	-0.737288	0.000000
0.817543	0.575651	0.000000
-0.491444	-0.427752	0.000000
0.418321	-0.442051	0.000000
-0.461243	-0.711426	0.000000
0.327731	0.474859	0.000000
-0.373217	0.412223	0.000000
-0.263838	0.743137	0.000000
0.173538	-0.189602	0.000000
0.373523	-0.162312	0.000000
0.459404	0.229722	0.000000
0.645577	-0.430459	0.000000
0.801893	0.802685	0.000000
-0.854862	0.174092	0.000000
-0.858850	0.903485	0.000000
0.414878	0.036267	0.000000
-0.599109	0.192327	0.000000
-0.903947	0.658032	0.000000
0.466643	0.127419	0.000000
-0.122385	0.158719	0.000000
0.181364	-0.095044	0.000000
-0.365739	0.306067	0.000000
-0.978293	0.921930	0.000000
0.560667	-0.530520	0.000000
0.462176	0.705134	0.000000
0.272246	0.098585	0.000000
0.343336	0.029796	0.000000
0.219431	-0.123676	0.000000
0.106867	0.536545	0.000000
0.285227	-0.334846	0.000000
-0.274730	-0.690757	0.000000
0.037785	-0.129195	0.000000
-0.337551	0.744383	0.000000
0.598002	0.114707	0.000000
-0.475689	0.531060	0.000000
0.001365	0.324450	0.000000
0.795503	0.613272	0.000000
-0.017103	-0.016836	0.000000
0.697221	-0.350262	0.000000
0.726194	0.370256	0.000000
0.818679	0.626496	0.000000
-0.419682	0.291814	0.000000
0.279524	0.075693	0.000000
0.618447	0.800499	0.000000
0.609989	0.024436	0.000000
0.087598	-0.007043	0.000000
0.964706	0.672208	0.000000
-0.339805	0.450890	0.000000
-0.059926	0.777623	0.000000
0.344195	0.063162	0.000000
0.842392	0.765826	0.000000
0.638256	0.049037	0.000000
-0.258659	0.651445	0.000000
0.260648	0.887747	0.000000
-0.341279	0.644696	0.000000
0.765682	0.292997	0.000000
0.519570	0.517290	0.000000
-0.292076	-0.322628	0.000000
-0.183464	-0.006885	0.000000
0.667274	-0.403573	0.000000
0.043476	0.229740	0.000000
0.025500	-0.422134	0.000000
0.212161	0.842001	0.000000
0.331555	-0.109535	0.000000
0.382447	0.677692	0.000000
0.075075	-0.388363	0.000000
-0.018796	0.090024	0.000000
0.702001	0.652973	0.000000
0.036619	-0.077146	0.000000
-0.169477	-0.334830	0.000000
0.243955	0.349157	0.000000
-0.301115	0.155109	0.000000
-0.062125	-0.087657	0.000000
0.081644	0.523068	0.000000
0.507291	-0.037962	0.000000
-0.839083	0.602597	0.000000
0.773583	-0.494185	0.000000
0.183406	-0.304518	0.000000
0.287572	0.144795	0.000000
-0.520461	0.583310	0.000000
-0.700349	0.663589	0.000000
0.938851	0.787892	0.000000
-0.265600	-0.406860	0.000000
0.391506	0.634482	0.000000
0.732025	-0.621079	0.000000
0.087275	0.322394	0.000000
0.107112	0.725714	0.000000
-0.243923	-0.275272	0.000000
0.418610	0.006843	0.000000
-0.556997	0.506532	0.000000
-0.503704	-0.445517	0.000000
-0.479991	0.621192	0.000000
-0.908901	0.848500	0.000000
-0.475792	0.282965	0.000000
0.134892	-0.205741	0.000000
0.112145	0.062612	0.000000
-0.437349	-0.906919	0.000000
-0.435455	-0.404099	0.000000
0.070159	0.139107	0.000000
0.668626	0.686479	0.000000
0.276134	0.348844	0.000000
0.328804	0.223583	0.000000
0.349833	0.259365	0.000000
0.083075	-0.134141	0.000000
0.486633	0.484362	0.000000
0.207033	-0.149150	0.000000
0.693774	0.305586	0.000000
0.337411	-0.286384	0.000000
-0.847663	0.206046	0.000000
0.348064	0.195647	0.000000
0.064287	-0.000961	0.000000
-0.861549	0.961082	0.000000
0.234504	0.074162	0.000000
0.627083	-0.573745	0.000000
0.580987	0.590574	0.000000
0.701021	0.819724	0.000000
0.151511	-0.222760	0.000000
-0.174400	-0.082991	0.000000
0.922708	0.759877	0.000000
0.132239	-0.127706	0.000000
0.037304	0.328101	0.000000
-0.082478	0.392509	0.000000
0.598499	-0.374453	0.000000
-0.792435	0.332377	0.000000
0.433387	-0.396228	0.000000
-0.297281	-0.824804	0.000000
-0.878762	0.833910	0.000000
-0.633716	-0.135348	0.000000
0.210365	0.645613	0.000000
-0.556193	0.518229	0.000000
0.026100	-0.118845	0.000000
-0.796884	0.909658	0.000000
-0.231531	0.043083	0.000000
0.137588	0.684638	0.000000
0.463047	-0.062022	0.000000
0.066651	0.110970	0.000000
0.748608	-0.649977	0.000000
0.610527	0.301141	0.000000
-0.308341	-0.277593	0.000000
-0.168545	0.407718	0.000000
-0.299103	0.301811	0.000000
0.334418	-0.558879	0.000000
0.700351	0.152013	0.000000
-0.218183	0.631678	0.000000
0.595512	0.612243	0.000000
0.549247	0.639814	0.000000
0.593336	0.118769	0.000000
0.586885	-0.289097	0.000000
0.505495	0.277425	0.000000
-0.301008	-0.758173	0.000000
0.430075	-0.190340	0.000000
0.165785	-0.043160	0.000000
-0.497691	0.440620	0.000000
-0.716667	0.628688	0.000000
0.125229	0.184493	0.000000
0.213860	-0.444218	0.000000
0.417259	0.092049	0.000000
-0.480757	0.219629	0.000000
-0.003578	0.758231	0.000000
-0.234273	0.377762	0.000000
0.206861	-0.124991	0.000000
0.700342	0.793591	0.000000
0.519988	0.443454	0.000000
-0.689669	0.842503	0.000000
0.371497	0.772146	0.000000
0.820406	-0.528464	0.000000
0.438675	0.052523	0.000000
-0.334322	-0.645240	0.000000
-0.613375	-0.874549	0.000000
0.256064	-0.223502	0.000000
0.569566	0.336040	0.000000
-0.125260	-0.323774	0.000000
-0.550182	0.747670	0.000000
-0.008678	0.641131	0.000000
-0.075586	-0.127423	0.000000
0.572283	0.780755	0.000000
0.078025	-0.028829	0.000000
0.258407	0.365739	0.000000
-0.460984	0.579522	0.000000
0.215734	0.709978	0.000000
0.905248	0.525046	0.000000
0.550488	0.017073	0.000000
0.664718	0.565710	0.000000
-0.586095	-0.385375	0.000000
-0.289619	0.431787	0.000000
0.242528	-0.308597	0.000000
0.385975	0.775653	0.000000
0.157492	0.345415	0.000000
-0.311977	-0.297593	0.000000
-0.810446	0.873860	0.000000
-0.325406	0.075147	0.000000
-0.105048	-0.007023	0.000000
-0.127562	-0.051837	0.000000
-0.405248	-0.008780	0.000000
-0.294421	-0.432912	0.000000
0.228623	0.102332	0.000000
-0.221395	-0.767181	0.000000
0.511088	-0.542498	0.000000
-0.471061	0.626381	0.000000
0.162473	0.421885	0.000000
-0.446903	0.258596	0.000000
-0.519673	-0.650217	0.000000
0.508869	0.109732	0.000000
-0.263978	-0.110341	0.000000
-0.528834	-0.969149	0.000000
-0.066205	-0.061538	0.000000
-0.091019	0.729333	0.000000
0.814554	0.345511	0.000000
0.535085	0.245242	0.000000
0.694757	0.818640	0.000000
0.429313	-0.272066	0.000000
0.184508	-0.251684	0.000000
0.514061	0.524949	0.000000
0.354547	-0.093302	0.000000
-0.731278	0.401539	0.000000
0.111486	0.029585	0.000000
0.234839	0.868557	0.000000
0.153509	-0.003194	0.000000
0.365307	-0.090917	0.000000
0.851399	0.741413	0.000000
-0.163157	-0.528206	0.000000
-0.254810	-0.324966	0.000000
0.823404	0.486463	0.000000
0.426505	-0.321260	0.000000
0.895186	0.709211	0.000000
-0.858556	0.495610	0.000000
0.218738	-0.205731	0.000000
0.755762	0.632682	0.000000
0.342125	0.744816	0.000000
-0.113927	0.325310	0.000000
0.403067	-0.408725	0.000000
-0.669681	-0.690364	0.000000
0.763294	0.226285	0.000000
0.485995	0.233380	0.000000
0.367504	0.201619	0.000000
0.981633	0.739046	0.000000
0.256313	-0.542276	0.000000
0.864774	0.751278	0.000000
-0.390287	0.513393	0.000000
-0.338281	0.586405	0.000000
-0.142897	0.681972	0.000000
-0.630003	0.199122	0.000000
0.138343	-0.005527	0.000000
0.639072	0.483970	0.000000
0.722722	0.017530	0.000000
-0.444869	0.665741	0.000000
0.910431	0.794835	0.000000
0.681906	-0.411765	0.000000
-0.403812	-0.394000	0.000000
0.828471	-0.428082	0.000000
-0.488940	0.873053	0.000000
-0.655101	0.803616	0.000000
0.308354	-0.315710	0.000000
0.976724	0.760371	0.000000
-0.677182	0.637650	0.000000
-0.397404	0.524521	0.000000
-0.973786	0.879749	0.000000
-0.378474	0.012367	0.000000
0.508537	-0.420420	0.000000
0.835242	0.696982	0.000000
0.421334	0.012982	0.000000
-0.488799	-0.771608	0.000000
0.175813	0.303780	0.000000
-0.079616	-0.449885	0.000000
0.848560	-0.454558	0.000000
-0.491649	0.727511	0.000000
0.370125	0.192452	0.000000
-0.303769	-0.780089	0.000000
0.226847	0.660184	0.000000
-0.692722	0.556421	0.000000
-0.717119	0.687554	0.000000
0.855896	0.595412	0.000000
0.277520	0.974144	0.000000
0.020927	0.376375	0.000000
0.143479	-0.213662	0.000000
-0.395114	0.331231	0.000000
0.400853	-0.351472	0.000000
-0.160359	-0.097487	0.000000
0.336982	0.117573	0.000000
-0.323108	-0.754241	0.000000
-0.427736	-0.149995	0.000000
-0.062941	0.402537	0.000000
-0.339256	-0.681319	0.000000
0.756551	0.771710	0.000000
-0.208408	-0.446171	0.000000
-0.171207	-0.038642	0.000000
0.695645	0.343216	0.000000
-0.108559	0.601324	0.000000
0.034859	0.687972	0.000000
-0.641811	0.350679	0.000000
0.096123	0.685958	0.000000
-0.361827	0.036208	0.000000
0.656221	0.412979	0.000000
0.183968	0.502037	0.000000
0.073384	0.475432	0.000000
0.963209	0.737044	0.000000
-0.946190	0.738103	0.000000
0.232835	-0.002115	0.000000
0.366723	0.756784	0.000000
0.870438	0.737442	0.000000
-0.064308	-0.316275	0.000000
-0.540975	-0.276632	0.000000
0.171732	0.001205	0.000000
0.360830	0.464542	0.000000
-0.715839	0.684231	0.000000
0.853694	0.697291	0.000000
0.118520	0.389243	0.000000
0.416644	0.603981	0.000000
-0.004506	0.392740	0.000000
-0.656023	0.173790	0.000000
-0.228399	-0.441213	0.000000
-0.909903	0.955630	0.000000
0.573085	0.483808	0.000000
0.383109	0.148263	0.000000
0.476322	-0.363027	0.000000
0.408942	-0.538736	0.000000
0.060213	0.193992	0.000000
-0.616993	0.827395	0.000000
0.978216	0.788261	0.000000
0.710030	0.617142	0.000000
-0.257826	0.167303	0.000000
-0.323202	-0.747735	0.000000
0.869488	0.708302	0.000000
0.476604	0.550642	0.000000
-0.586468	0.445333	0.000000
-0.181861	-0.718276	0.000000
-0.114999	0.158049	0.000000
-0.477892	-0.524185	0.000000
-0.277161	0.097271	0.000000
0.393842	0.126871	0.000000
0.421870	0.080432	0.000000
-0.439219	0.576336	0.000000
0.144624	0.335099	0.000000
0.651425	0.058941	0.000000
-0.293483	-0.157309	0.000000
0.366404	-0.303616	0.000000
-0.235159	0.466259	0.000000
-0.378678	0.460133	0.000000
0.189775	0.576786	0.000000
0.616680	0.411227	0.000000
-0.244060	0.564541	0.000000
0.560565	0.117796	0.000000
0.918246	0.831277	0.000000
-0.200263	-0.285074	0.000000
0.270307	0.783185	0.000000
0.007259	-0.160228	0.000000
-0.132344	0.639849	0.000000
0.188107	0.575545	0.000000
0.760356	0.631607	0.000000
-0.243228	0.056782	0.000000
-0.220921	0.559332	0.000000
-0.738535	0.479568	0.000000
0.154957	0.305714	0.000000
-0.498411	0.760026	0.000000
0.553105	0.009066	0.000000
0.630286	-0.508667	0.000000
-0.495029	0.545514	0.000000
-0.949690	0.937991	0.000000
0.717207	0.474835	0.000000
0.219335	0.150755	0.000000
-0.546356	0.867796	0.000000
-0.253420	-0.145309	0.000000
0.327689	-0.418906	0.000000
-0.301984	-0.123616	0.000000
0.764111	0.558053	0.000000
0.687739	0.673187	0.000000
-0.305269	0.082239	0.000000
-0.248907	-0.125721	0.000000
0.448752	0.165899	0.000000
0.337751	-0.200567	0.000000
0.051120	0.287562	0.000000
-0.447455	-0.178282	0.000000
0.139037	0.625561	0.000000
0.613313	0.068126	0.000000
0.484856	0.491040	0.000000
0.452286	0.735788	0.000000
-0.141675	0.414527	0.000000
0.873924	0.605033	0.000000
0.287476	-0.294644	0.000000
0.403465	0.568346	0.000000
0.317675	0.527397	0.000000
0.870210	0.782389	0.000000
0.608865	-0.378313	0.000000
0.220464	0.152776	0.000000
-0.119083	0.355199	0.000000
0.193686	-0.113676	0.000000
0.186621	0.673010	0.000000
-0.696682	0.773699	0.000000
0.002779	0.419728	0.000000
0.339290	0.894097	0.000000
0.427309	0.022570	0.000000
0.621123	-0.353815	0.000000
0.829293	-0.486696	0.000000
-0.640850	0.007067	0.000000
-0.028208	-0.423136	0.000000
0.662186	-0.033159	0.000000
-0.751111	0.606949	0.000000
0.531435	0.417184	0.000000
0.636921	-0.333634	0.000000
-0.580927	-0.075651	0.000000
0.084729	-0.201900	0.000000
0.890893	0.566918	0.000000
0.771812	0.565157	0.000000
-0.604727	0.322069	0.000000
0.528567	0.448162	0.000000
-0.667552	-0.639368	0.000000
-0.227048	-0.773696	0.000000
0.350685	0.377475	0.000000
-0.217318	0.304767	0.000000
0.052023	-0.027238	0.000000
0.590070	0.289886	0.000000
-0.587647	-0.743997	0.000000
-0.697618	0.159215	0.000000
-0.192094	-0.073426	0.000000
0.400769	0.394821	0.000000
0.212412	0.115111	0.000000
0.455492	0.505217	0.000000
0.647129	0.096851	0.000000
0.158539	0.331125	0.000000
0.804155	0.683225	0.000000
0.026242	0.297982	0.000000
0.731850	0.506803	0.000000
0.406376	-0.580752	0.000000
-0.343719	-0.480347	0.000000
-0.386046	0.159018	0.000000
0.018581	0.735259	0.000000
-0.534863	-0.975034	0.000000
0.699435	-0.551517	0.000000
0.699780	-0.632728	0.000000
-0.121890	0.684109	0.000000
0.430885	0.108059	0.000000
0.082287	0.394916	0.000000
-0.114791	-0.495545	0.000000
-0.713798	0.901894	0.000000
-0.163668	0.282613	0.000000
0.532528	0.147690	0.000000
0.072125	-0.353398	0.000000
0.585293	-0.479675	0.000000
0.345115	0.296180	0.000000
0.471385	0.156589	0.000000
-0.472379	0.550108	0.000000
0.275235	0.969687	0.000000
0.446229	-0.660242	0.000000
-0.150759	0.159992	0.000000
0.128428	0.495579	0.000000
0.366946	-0.138796	0.000000
0.720818	-0.410836	0.000000
-0.449303	0.096811	0.000000
0.098536	-0.195569	0.000000
-0.118133	-0.449195	0.000000
0.550632	0.519519	0.000000
-0.133711	0.072593	0.000000
0.135740	-0.320093	0.000000
0.683996	0.063496	0.000000
0.013836	0.434611	0.000000
-0.394503	-0.665870	0.000000
-0.736660	0.945536	0.000000
0.904533	0.647664	0.000000
0.635971	0.667567	0.000000
-0.191721	0.752473	0.000000
-0.547633	-0.441743	0.000000
0.176298	0.050228	0.000000
-0.457883	-0.276105	0.000000
-0.661055	0.860226	0.000000
-0.320949	-0.570705	0.000000
-0.416253	0.245008	0.000000
0.495563	0.430512	0.000000
0.347882	-0.226161	0.000000
-0.000609	0.829232	0.000000
0.075386	0.706330	0.000000
0.365586	0.513292	0.000000
0.437514	-0.181880	0.000000
-0.959846	0.751410	0.000000
0.359335	0.253955	0.000000
0.966796	0.698176	0.000000
0.277443	0.199051	0.000000
0.519505	0.153136	0.000000
-0.235343	-0.063752	0.000000
0.605537	0.628658	0.000000
0.163951	-0.424945	0.000000
-0.850783	0.288363	0.000000
0.492292	-0.489269	0.000000
-0.547549	0.814260	0.000000
-0.721089	0.252185	0.000000
0.830567	0.864394	0.000000
0.010353	0.674184	0.000000
-0.027005	0.136276	0.000000
0.177842	0.041506	0.000000
-0.375824	-0.289349	0.000000
0.752432	0.820661	0.000000
-0.080679	0.039473	0.000000
-0.178190	0.541449	0.000000
-0.554693	0.611268	0.000000
0.139340	0.293518	0.000000
0.500822	0.280654	0.000000
0.596393	-0.395720	0.000000
-0.904327	0.411562	0.000000
-0.851847	0.297826	0.000000
0.520194	-0.632508	0.000000
0.258702	-0.353220	0.000000
0.707774	0.278717	0.000000
0.673543	0.854347	0.000000
0.040306	0.811873	0.000000
-0.872023	0.838892	0.000000
-0.052364	-0.087369	0.000000
0.540963	-0.042946	0.000000
-0.207217	0.429111	0.000000
0.209968	0.627881	0.000000
0.907881	0.847078	0.000000
0.056523	-0.079705	0.000000
0.189570	0.901251	0.000000
0.818933	0.503418	0.000000
0.814111	0.564303	0.000000
-0.636098	0.158757	0.000000
-0.614061	0.281626	0.000000
0.368048	-0.089680	0.000000
-0.263697	0.407748	0.000000
0.105603	0.528917	0.000000
-0.137680	0.632279	0.000000
0.263625	0.039506	0.000000
-0.414728	0.302168	0.000000
-0.468472	0.597182	0.000000
-0.725565	0.440718	0.000000
0.136857	0.686058	0.000000
0.931998	0.596475	0.000000
-0.699604	0.471543	0.000000
-0.286047	-0.579639	0.000000
-0.119967	0.645898	0.000000
0.609846	0.292843	0.000000
0.808545	0.707575	0.000000
-0.635021	0.715020	0.000000
0.421894	0.558322	0.000000
0.424780	0.723911	0.000000
0.841603	0.730253	0.000000
-0.243911	-0.654593	0.000000
-0.942464	0.868263	0.000000
0.613676	0.372097	0.000000
-0.942314	0.905482	0.000000
0.547133	-0.478859	0.000000
0.828636	0.505406	0.000000
0.935018	0.576769	0.000000
0.049636	0.565930	0.000000
-0.647697	-0.514112	0.000000
0.560051	-0.031293	0.000000
-0.897714	0.293432	0.000000
-0.515598	-0.246705	0.000000
-0.633812	0.229623	0.000000
0.487068	0.350439	0.000000
-0.635190	0.386410	0.000000
0.271960	0.386291	0.000000
-0.583650	0.063918	0.000000
-0.683025	0.181169	0.000000
-0.448797	-0.652735	0.000000
0.567518	-0.044738	0.000000
0.320717	0.277621	0.000000
0.448310	0.070243	0.000000
-0.162702	-0.672471	0.000000
0.244116	0.109166	0.000000
0.258708	0.569694	0.000000
-0.336916	-0.106100	0.000000
0.665250	-0.358061	0.000000
0.551561	0.218431	0.000000
-0.513905	-0.546322	0.000000
-0.051717	0.643049	0.000000
0.548315	0.393422	0.000000
-0.423082	0.368069	0.000000
-0.263466	0.509386	0.000000
0.429233	0.111113	0.000000
-0.293350	-0.158203	0.000000
0.164065	0.699513	0.000000
-0.233527	-0.275362	0.000000
-0.043187	0.472146	0.000000
0.721892	-0.540186	0.000000
-0.054274	-0.370676	0.000000
0.469421	0.188005	0.000000
0.607983	0.289228	0.000000
0.109818	0.327272	0.000000
-0.644912	-0.692835	0.000000
0.316210	0.163198	0.000000
-0.453688	-0.862539	0.000000
0.763341	0.355164	0.000000
-0.200729	0.528771	0.000000
0.502268	0.127355	0.000000
-0.581047	-0.643487	0.000000
0.090608	0.370462	0.000000
0.054971	-0.110683	0.000000
-0.312947	-0.826024	0.000000
0.000825	0.342256	0.000000
0.035204	0.266993	0.000000
-0.847147	0.773637	0.000000
0.564809	0.639717	0.000000
0.818098	0.613114	0.000000
0.392830	0.634333	0.000000
0.833474	0.718467	0.000000
-0.338039	0.368205	0.000000
0.718607	0.635267	0.000000
-0.688382	0.898871	0.000000
0.516443	-0.143463	0.000000
-0.394716	0.719084	0.000000
-0.204085	0.529512	0.000000
-0.410546	-0.858061	0.000000
-0.029701	0.252963	0.000000
-0.614957	0.211607	0.000000
-0.114606	0.025473	0.000000
0.241153	-0.252088	0.000000
-0.309364	0.057025	0.000000
0.392206	-0.475689	0.000000
0.111100	0.843060	0.000000
0.269442	0.967540	0.000000
-0.530970	-0.413789	0.000000
-0.685277	0.020614	0.000000
0.212421	-0.478227	0.000000
0.432586	-0.129664	0.000000
0.339560	0.593012	0.000000
0.239568	0.686023	0.000000
0.065057	0.098325	0.000000
-0.334499	0.293636	0.000000
0.361696	0.167627	0.000000
-0.080858	-0.078263	0.000000
0.191182	-0.213092	0.000000
0.669933	0.536673	0.000000
-0.833621	0.411925	0.000000
-0.145222	-0.401294	0.000000
0.486460	0.311145	0.000000
0.166531	-0.005702	0.000000
-0.654280	0.610631	0.000000
-0.624095	-0.205176	0.000000
0.366873	0.231575	0.000000
0.671318	0.030206	0.000000
0.700513	0.638857	0.000000
0.426616	-0.130417	0.000000
-0.453974	0.313396	0.000000
0.164024	-0.066792	0.000000
0.056702	0.391777	0.000000
0.494127	0.626613	0.000000
-0.045140	0.196382	0.000000
0.588983	0.746467	0.000000
0.588162	0.542003	0.000000
0.930679	0.632646	0.000000
-0.423992	0.337034	0.000000
0.293818	0.096886	0.000000
0.910453	0.491293	0.000000
0.702654	-0.543053	0.000000
0.544750	0.183231	0.000000
-0.228436	0.557253	0.000000
-0.446787	-0.751828	0.000000
0.657733	-0.647122	0.000000
-0.581382	-0.797426	0.000000
0.394831	0.336230	0.000000
-0.273182	-0.820299	0.000000
0.744547	-0.685491	0.000000
-0.495017	0.207328	0.000000
-0.111151	0.184244	0.000000
0.984996	0.630084	0.000000
-0.460054	-0.483112	0.000000
-0.981686	0.779067	0.000000
0.839605	0.584656	0.000000
0.938994	0.814367	0.000000
-0.865933	0.404453	0.000000
-0.571101	0.100549	0.000000
0.618178	0.521030	0.000000
-0.290939	-0.708884	0.000000
0.503660	0.498655	0.000000
-0.570581	-0.177345	0.000000
-0.099128	0.717741	0.000000
0.557289	0.628344	0.000000
-0.295354	-0.599151	0.000000
-0.334325	-0.124558	0.000000
0.314667	0.111705	0.000000
-0.803856	0.207925	0.000000
0.690346	0.271568	0.000000
-0.295903	0.721007	0.000000
0.545990	0.702691	0.000000
-0.621452	0.534724	0.000000
0.613823	0.295775	0.000000
-0.904428	0.909574	0.000000
0.834231	0.741735	0.000000
0.588596	-0.053798	0.000000
0.392804	0.294235	0.000000
-0.368342	0.281254	0.000000
-0.822879	0.803251	0.000000
-0.433493	-0.670731	0.000000
-0.296090	-0.020658	0.000000
-0.523906	0.554118	0.000000
-0.575257	0.607608	0.000000
0.885404	0.635496	0.000000
0.417982	-0.121088	0.000000
0.713236	0.587292	0.000000
-0.420518	-0.198930	0.000000
0.810382	0.810725	0.000000
0.764331	0.752064	0.000000
0.553784	0.064227	0.000000
0.601817	0.159710	0.000000
0.360597	-0.201649	0.000000
0.629199	0.143029	0.000000
0.741172	0.566939	0.000000
0.120717	0.741278	0.000000
-0.052777	0.561422	0.000000
-0.613903	-0.688209	0.000000
0.316884	-0.187815	0.000000
0.579625	-0.565210	0.000000
0.623126	0.558343	0.000000
-0.273244	0.711196	0.000000
-0.373200	-0.283715	0.000000
0.719542	0.544089	0.000000
0.556733	-0.012483	0.000000
-0.041312	0.279655	0.000000
-0.517301	0.865740	0.000000
0.246423	0.106007	0.000000
0.425013	0.074805	0.000000
-0.816852	0.292566	0.000000
0.721034	-0.380921	0.000000
-0.920945	0.384311	0.000000
0.447734	0.500705	0.000000
0.126021	-0.196586	0.000000
0.363404	-0.264244	0.000000
-0.928669	0.959306	0.000000
-0.637127	0.429444	0.000000
0.966597	0.791509	0.000000
0.346667	0.946629	0.000000
-0.260581	-0.418251	0.000000
0.520422	0.126972	0.000000
-0.441404	0.304764	0.000000
-0.351437	0.531991	0.000000
0.148977	0.478630	0.000000
-0.437385	0.831640	0.000000
-0.385844	0.313395	0.000000
-0.094382	-0.540461	0.000000
0.090525	-0.185719	0.000000
-0.397504	0.447082	0.000000
-0.840234	0.593597	0.000000
0.375381	0.162834	0.000000
-0.195529	-0.111827	0.000000
0.336870	0.974429	0.000000
0.586162	0.279909	0.000000
0.407924	0.053444	0.000000
0.735340	-0.686461	0.000000
0.653193	0.764856	0.000000
-0.365534	-0.717362	0.000000
0.444574	-0.370036	0.000000
0.764636	-0.546976	0.000000
0.039507	0.750917	0.000000
-0.271730	-0.118154	0.000000
0.752649	-0.454692	0.000000
-0.540244	-0.171788	0.000000
0.309402	0.962951	0.000000
-0.105500	0.665912	0.000000
0.373769	0.275707	0.000000
-0.198520	-0.739802	0.000000
-0.888982	0.341223	0.000000
0.776605	-0.551492	0.000000
0.724675	0.657360	0.000000
-0.573373	0.855195	0.000000
-0.625040	0.924557	0.000000
-0.094506	0.794272	0.000000
0.543003	0.677580	0.000000
0.501670	0.119871	0.000000
-0.296560	-0.151971	0.000000
-0.201609	-0.374509	0.000000
0.147767	0.315247	0.000000
0.393872	-0.353466	0.000000
0.085772	-0.004468	0.000000
0.248107	-0.007002	0.000000
-0.325062	-0.686890	0.000000
-0.624556	-0.142058	0.000000
-0.322269	-0.154323	0.000000
0.657994	0.194129	0.000000
-0.915041	0.372227	0.000000
-0.528224	-0.913116	0.000000
0.702651	-0.569763	0.000000
0.414834	0.571479	0.000000
-0.153064	-0.019538	0.000000
-0.688942	0.732613	0.000000
-0.765039	0.907443	0.000000
0.654165	-0.015553	0.000000
0.241255	-0.050132	0.000000
0.922494	0.847726	0.000000
0.539037	0.750564	0.000000
0.954830	0.706895	0.000000
0.675879	0.601897	0.000000
0.612238	0.170165	0.000000
0.467475	0.628060	0.000000
-0.231922	-0.108191	0.000000
-0.568326	0.210229	0.000000
-0.885219	0.333121	0.000000
-0.310871	0.131495	0.000000
-0.443381	0.200815	0.000000
0.316015	-0.235283	0.000000
-0.528843	-0.179056	0.000000
0.910584	0.791541	0.000000
0.497126	0.623437	0.000000
-0.206369	0.721635	0.000000
0.389136	0.465166	0.000000
-0.715208	0.194433	0.000000
0.108328	0.353649	0.000000
-0.132766	-0.482157	0.000000
-0.221281	0.026509	0.000000
0.643476	-0.584618	0.000000
0.689030	0.432140	0.000000
-0.654228	-0.188404	0.000000
-0.557077	-0.354714	0.000000
0.701058	0.568208	0.000000
-0.718079	0.685238	0.000000
0.237925	0.659299	0.000000
-0.907475	0.824036	0.000000
0.329515	0.131047	0.000000
-0.824000	0.869463	0.000000
0.620655	0.159185	0.000000
0.482959	0.010393	0.000000
-0.668103	0.775447	0.000000
0.444425	-0.356224	0.000000
0.095499	0.594418	0.000000
-0.148776	0.516723	0.000000
-0.294891	0.590983	0.000000
-0.304936	0.219740	0.000000
-0.212743	0.679901	0.000000
0.281593	0.859781	0.000000
-0.203214	0.665096	0.000000
0.746487	0.790074	0.000000
-0.182577	-0.714151	0.000000
0.710156	-0.522264	0.000000
0.128032	-0.116466	0.000000
-0.544950	0.466046	0.000000
0.323631	0.421172	0.000000
-0.026179	0.645894	0.000000
0.947980	0.749361	0.000000
0.105595	0.705616	0.000000
0.220260	0.104761	0.000000
-0.054601	-0.097553	0.000000
0.343599	-0.196319	0.000000
0.574251	0.720666	0.000000
0.208614	-0.354930	0.000000
-0.122791	-0.116383	0.000000
0.131494	0.741126	0.000000
0.203681	-0.148875	0.000000
-0.985488	0.820436	0.000000
0.036580	0.790482	0.000000
0.482896	0.620498	0.000000
-0.279131	0.609967	0.000000
-0.216238	-0.702488	0.000000
-0.553782	0.409188	0.000000
-0.509329	0.139411	0.000000
0.844884	0.504022	0.000000
0.395931	0.362120	0.000000
0.686249	0.301078	0.000000
-0.455676	-0.113035	0.000000
0.818985	0.429788	0.000000
-0.423423	0.728431	0.000000
0.102728	0.525029	0.000000
-0.174454	0.644097	0.000000
0.604500	0.133339	0.000000
0.736737	0.659320	0.000000
-0.563259	0.676019	0.000000
-0.131849	-0.134520	0.000000
0.912744	0.807232	0.000000
0.542746	0.255643	0.000000
-0.045931	-0.134714	0.000000
0.321733	0.372910	0.000000
-0.135467	0.238233	0.000000
-0.640745	-0.770906	0.000000
-0.453275	0.132434	0.000000
-0.376339	0.037189	0.000000
0.799174	-0.663239	0.000000
0.351003	0.075257	0.000000
-0.010565	-0.050940	0.000000
0.828882	0.642489	0.000000
-0.673175	0.701064	0.000000
0.805643	0.821656	0.000000
0.920251	0.517426	0.000000
-0.787089	0.257261	0.000000
-0.366479	0.083175	0.000000
0.724700	0.728089	0.000000
-0.393146	0.667631	0.000000
-0.414075	0.655412	0.000000
0.885357	0.722184	0.000000
-0.974130	0.925399	0.000000
-0.257649	0.089266	0.000000
0.424455	0.356779	0.000000
-0.515992	-0.381428	0.000000
-0.830585	0.769712	0.000000
0.066359	-0.312936	0.000000
0.229639	0.247930	0.000000
-0.650422	-0.082773	0.000000
0.426812	0.648436	0.000000
-0.022935	0.340116	0.000000
0.227284	0.906863	0.000000
0.106400	-0.226327	0.000000
-0.344270	0.145256	0.000000
0.250566	-0.185459	0.000000
-0.849705	0.946171	0.000000
0.579115	0.784078	0.000000
-0.314240	0.764382	0.000000
0.419962	-0.565983	0.000000
0.654985	0.361614	0.000000
0.133036	0.222568	0.000000
-0.651918	0.933313	0.000000
-0.454911	-0.292404	0.000000
0.352038	0.254792	0.000000
0.262243	0.579920	0.000000
-0.452537	0.040586	0.000000
0.569530	0.633059	0.000000
-0.533770	-0.602859	0.000000
0.004488	-0.094773	0.000000
0.891245	0.805018	0.000000
-0.324977	0.473752	0.000000
0.500394	0.046135	0.000000
0.325344	-0.300870	0.000000
-0.648213	0.191689	0.000000
0.155230	-0.463294	0.000000
-0.751324	0.763562	0.000000
-0.883939	0.952184	0.000000
0.472787	0.218938	0.000000
0.290406	0.175073	0.000000
0.847319	0.781416	0.000000
-0.713290	0.320765	0.000000
0.795065	0.793833	0.000000
-0.138378	0.154664	0.000000
-0.163178	-0.585124	0.000000
-0.098041	-0.451274	0.000000
0.603563	-0.622414	0.000000
-0.367845	-0.789554	0.000000
-0.400268	-0.839481	0.000000
0.446441	-0.400050	0.000000
-0.126258	-0.417131	0.000000
0.198934	0.114053	0.000000
0.590091	0.059808	0.000000
-0.541270	-0.118158	0.000000
0.571320	0.467677	0.000000
0.067228	0.483139	0.000000
-0.880455	0.649380	0.000000
0.140046	-0.416707	0.000000
0.670424	0.598688	0.000000
-0.234728	-0.295070	0.000000
0.249352	0.047073	0.000000
-0.586154	0.578742	0.000000
0.018738	-0.093847	0.000000
0.086399	0.386434	0.000000
0.374635	0.246900	0.000000
0.365211	-0.377358	0.000000
0.463655	0.028495	0.000000
-0.794358	0.801360	0.000000
-0.677907	0.131032	0.000000
0.704610	0.642601	0.000000
-0.501827	0.041183	0.000000
0.355492	0.201686	0.000000
-0.697328	0.296839	0.000000
-0.381862	0.143727	0.000000
0.343327	0.541946	0.000000
-0.675830	0.249792	0.000000
-0.570330	-0.181390	0.000000
-0.872053	0.615658	0.000000
-0.567190	-0.345245	0.000000
-0.505326	0.857469	0.000000
-0.464888	0.810635	0.000000
0.609253	0.823884	0.000000
0.061273	-0.096644	0.000000
0.256969	-0.064806	0.000000
0.034033	-0.170329	0.000000
0.174537	0.841550	0.000000
0.748213	0.613091	0.000000
0.681221	0.421658	0.000000
0.074720	0.527051	0.000000
-0.306660	-0.561080	0.000000
0.073949	0.715480	0.000000
0.522710	0.790849	0.000000
-0.310059	0.598523	0.000000
0.721090	-0.463602	0.000000
-0.327445	-0.155760	0.000000
0.620418	0.037333	0.000000
-0.222799	0.054147	0.000000
-0.385914	-0.125928	0.000000
-0.372421	0.797293	0.000000
-0.152968	-0.700862	0.000000
0.611554	-0.025706	0.000000
0.408276	0.546797	0.000000
-0.865887	0.770677	0.000000
0.192741	-0.224790	0.000000
-0.452958	0.108491	0.000000
-0.960513	0.481034	0.000000
0.705289	0.404321	0.000000
0.577591	0.040781	0.000000
0.760191	-0.546765	0.000000
0.789375	-0.655057	0.000000
0.591203	0.390799	0.000000
-0.147066	0.068735	0.000000
0.460199	0.076003	0.000000
0.150363	-0.411133	0.000000
0.023517	0.531652	0.000000
0.267210	0.104959	0.000000
0.260995	-0.339115	0.000000
0.399694	-0.361332	0.000000
0.099757	0.698100	0.000000
0.505688	0.410093	0.000000
0.682149	0.838341	0.000000
-0.191166	-0.630207	0.000000
-0.420805	0.422065	0.000000
0.621106	0.505760	0.000000
-0.151041	0.434282	0.000000
-0.925697	0.424114	0.000000
0.293043	0.657951	0.000000
0.287800	-0.094269	0.000000
0.506091	0.634632	0.000000
0.263547	-0.388016	0.000000
-0.460730	-0.395005	0.000000
-0.671832	0.837654	0.000000
0.154472	-0.313426	0.000000
0.103446	0.320766	0.000000
0.049756	0.292031	0.000000
0.489244	0.747184	0.000000
-0.580922	-0.975967	0.000000
0.319937	0.278911	0.000000
0.566776	0.492335	0.000000
0.068842	0.002252	0.000000
-0.258736	0.493021	0.000000
-0.644019	-0.872600	0.000000
0.917647	0.658529	0.000000
0.746928	0.132209	0.000000
0.524508	0.459455	0.000000
0.571597	0.145542	0.000000
-0.728734	0.691984	0.000000
-0.206688	-0.719887	0.000000
-0.618276	-0.823055	0.000000
0.587189	-0.335645	0.000000
0.412936	0.594988	0.000000
0.066812	0.281019	0.000000
-0.418712	0.779041	0.000000
-0.967860	0.755550	0.000000
0.596741	0.016129	0.000000
0.878073	0.633456	0.000000
0.285360	-0.279646	0.000000
0.785631	0.490621	0.000000
0.496503	0.723843	0.000000
-0.594165	-0.171535	0.000000
0.325648	-0.289395	0.000000
-0.074762	-0.183090	0.000000
-0.619590	-0.196720	0.000000
0.572713	0.654827	0.000000
-0.435083	0.818500	0.000000
0.598037	0.626628	0.000000
0.849433	0.774026	0.000000
-0.068673	0.557432	0.000000
0.865306	0.406682	0.000000
0.117172	0.412641	0.000000
0.612001	0.147311	0.000000
-0.684352	0.528792	0.000000
0.589977	0.318320	0.000000
-0.818328	0.447292	0.000000
-0.337624	0.163291	0.000000
0.118098	0.493377	0.000000
0.087298	-0.001377	0.000000
0.621815	0.283944	0.000000
-0.303903	-0.120157	0.000000
-0.488674	0.162068	0.000000
0.475717	0.273674	0.000000
-0.518388	0.331946	0.000000
0.824841	0.689248	0.000000
0.328944	0.773234	0.000000
-0.799940	0.271825	0.000000
-0.733772	0.198916	0.000000
0.167148	0.847506	0.000000
-0.919528	0.568896	0.000000
-0.769515	0.616472	0.000000
-0.715953	-0.061283	0.000000
-0.190840	-0.389973	0.000000
0.788235	0.809046	0.000000
0.401279	0.147613	0.000000
-0.290390	0.760832	0.000000
0.900967	0.600027	0.000000
-0.289866	-0.002071	0.000000
-0.390270	-0.389667	0.000000
-0.425884	0.290621	0.000000
0.280740	0.224499	0.000000
0.609362	0.457265	0.000000
-0.655513	0.821373	0.000000
0.631329	0.608988	0.000000
0.168838	-0.061850	0.000000
0.311807	0.722546	0.000000
-0.003419	-0.145131	0.000000
-0.878447	0.924836	0.000000
-0.732207	0.610359	0.000000
-0.737029	0.820407	0.000000
-0.637672	0.307139	0.000000
-0.827374	0.228286	0.000000
-0.364527	-0.603031	0.000000
-0.969671	0.740656	0.000000
0.890139	0.829915	0.000000
0.327387	-0.290478	0.000000
-0.508487	-0.511121	0.000000
-0.244456	0.180202	0.000000
0.124569	-0.035499	0.000000
0.169898	-0.063502	0.000000
-0.197699	0.561398	0.000000
-0.178181	-0.601557	0.000000
-0.416693	0.797706	0.000000
0.564957	0.673079	0.000000
-0.527349	0.211423	0.000000
0.701225	0.005413	0.000000
-0.371588	0.705163	0.000000
0.550180	0.664123	0.000000
0.337321	0.987508	0.000000
0.083899	-0.389103	0.000000
0.878269	0.481468	0.000000
-0.263047	0.157768	0.000000
-0.640932	0.665828	0.000000
0.706987	-0.643756	0.000000
-0.922577	0.653338	0.000000
-0.569719	0.535177	0.000000
-0.261004	-0.339471	0.000000
-0.443107	-0.700500	0.000000
0.690964	0.813226	0.000000
0.214250	0.546187	0.000000
0.645338	0.324539	0.000000
0.793541	-0.419549	0.000000
0.539761	-0.484923	0.000000
0.628396	0.147727	0.000000
-0.382697	-0.510267	0.000000
-0.010623	-0.563925	0.000000
0.677534	0.259031	0.000000
-0.924085	0.918425	0.000000
0.535714	0.436496	0.000000
0.418304	0.403801	0.000000
0.096767	0.060342	0.000000
0.110081	-0.090447	0.000000
0.731460	0.767886	0.000000
-0.651920	-0.595400	0.000000
-0.508553	0.068344	0.000000
-0.448821	-0.566390	0.000000
0.073020	0.000190	0.000000
0.530067	-0.412469	0.000000
-0.517804	0.425989	0.000000
-0.364796	0.544539	0.000000
-0.777236	0.334168	0.000000
-0.820162	0.235548	0.000000
0.655510	0.089261	0.000000
-0.662143	-0.603365	0.000000
0.785888	0.170131	0.000000
-0.498152	0.006213	0.000000
-0.177636	-0.039705	0.000000
0.842906	-0.469566	0.000000
0.176880	-0.375323	0.000000
-0.849061	0.238190	0.000000
-0.138077	0.466681	0.000000
-0.327085	0.318057	0.000000
-0.438065	0.575669	0.000000
0.390355	-0.369193	0.000000
-0.357769	-0.174849	0.000000
-0.052383	0.803414	0.000000
-0.264791	-0.320411	0.000000
-0.241258	-0.661376	0.000000
0.193312	-0.122444	0.000000
0.163988	-0.187981	0.000000
-0.393343	0.693832	0.000000
0.499921	0.649078	0.000000
-0.160718	0.685751	0.000000
0.318622	0.418747	0.000000
0.819855	-0.528078	0.000000
0.700754	-0.008427	0.000000
-0.508109	0.702923	0.000000
-0.116132	0.221954	0.000000
-0.113946	-0.097416	0.000000
-0.257775	-0.205868	0.000000
-0.431332	-0.445947	0.000000
0.717012	0.716064	0.000000
0.692424	0.234581	0.000000
0.343249	-0.087870	0.000000
-0.701957	-0.022262	0.000000
0.555366	-0.371680	0.000000
-0.046873	0.060422	0.000000
0.200981	0.014573	0.000000
0.853974	0.553309	0.000000
-0.606712	-0.534230	0.000000
0.009673	0.425505	0.000000
0.772593	0.450836	0.000000
0.418015	0.587273	0.000000
0.332660	0.366125	0.000000
-0.841631	0.214180	0.000000
-0.732266	0.852231	0.000000
-0.360715	-0.171927	0.000000
-0.459385	-0.456871	0.000000
-0.720945	0.726174	0.000000
0.580055	-0.339082	0.000000
-0.509470	0.882341	0.000000
-0.056927	-0.301423	0.000000
-0.373682	-0.647756	0.000000
-0.135587	0.583430	0.000000
0.644666	-0.348235	0.000000
-0.668085	-0.029062	0.000000
-0.841112	0.508170	0.000000
0.557764	-0.009286	0.000000
-0.821679	0.803299	0.000000
-0.449743	-0.915507	0.000000
0.250807	-0.247758	0.000000
-0.078466	-0.027521	0.000000
0.733253	0.733893	0.000000
0.382696	-0.533039	0.000000
-0.483761	0.240765	0.000000
0.404126	0.205194	0.000000
0.971413	0.720045	0.000000
0.056905	0.377170	0.000000
-0.105588	0.633092	0.000000
-0.178334	-0.573619	0.000000
-0.827106	0.433264	0.000000
0.256138	0.209111	0.000000
0.437926	0.024830	0.000000
0.226809	0.563806	0.000000
-0.152470	0.620317	0.000000
0.009616	-0.124805	0.000000
-0.863790	0.722575	0.000000
0.435424	0.021699	0.000000
-0.907798	0.351861	0.000000
0.742240	0.764674	0.000000
-0.615692	0.516018	0.000000
0.947748	0.744783	0.000000
0.638133	0.832915	0.000000
0.511329	-0.031906	0.000000
0.656577	0.721827	0.000000
0.287184	0.409445	0.000000
-0.278143	0.486371	0.000000
-0.679966	0.235679	0.000000
-0.377380	0.654812	0.000000
0.772184	0.228329	0.000000
0.052720	0.827888	0.000000
-0.154857	-0.549278	0.000000
0.004916	-0.067155	0.000000
-0.274890	0.436131	0.000000
-0.774866	0.496757	0.000000
-0.503748	0.728695	0.000000
-0.487597	0.326559	0.000000
0.857948	0.807666	0.000000
0.280072	0.943555	0.000000
0.511010	-0.615111	0.000000
0.617291	0.146431	0.000000
0.509406	0.011396	0.000000
-0.564475	0.505535	0.000000
0.049756	0.823725	0.000000
0.420782	0.552195	0.000000
0.085264	0.623235	0.000000
-0.545469	0.867423	0.000000
0.139063	0.561800	0.000000
0.847309	0.446248	0.000000
0.443925	-0.191046	0.000000
0.534332	-0.581597	0.000000
0.336721	0.500000	0.000000
-0.830455	0.825430	0.000000
0.003237	-0.103262	0.000000
-0.044922	0.532342	0.000000
-0.467728	-0.438267	0.000000
-0.563913	-0.802294	0.000000
-0.184045	0.114658	0.000000
0.565036	0.606236	0.000000
-0.735982	0.438905	0.000000
0.733794	-0.613261	0.000000
-0.631854	0.437729	0.000000
0.441087	-0.198247	0.000000
0.626057	0.604636	0.000000
-0.428005	-0.176940	0.000000
0.430137	0.175494	0.000000
-0.100458	0.658519	0.000000
0.644936	0.603925	0.000000
-0.340445	0.162798	0.000000
0.049763	-0.147308	0.000000
0.299347	0.255936	0.000000
-0.270119	0.646594	0.000000
-0.101450	-0.352121	0.000000
0.809315	0.635388	0.000000
-0.263455	0.330860	0.000000
-0.288377	0.393092	0.000000
0.482447	0.132778	0.000000
-0.711408	0.906026	0.000000
0.052087	-0.068920	0.000000
-0.609733	-0.192115	0.000000
0.202838	0.899678	0.000000
-0.672391	-0.061705	0.000000
0.672584	0.498070	0.000000
0.762241	0.516809	0.000000
-0.369860	0.735709	0.000000
0.376838	0.084432	0.000000
-0.092441	-0.467407	0.000000
-0.218589	-0.625435	0.000000
-0.514578	0.888977	0.000000
0.039398	0.290555	0.000000
0.148052	0.621602	0.000000
-0.290079	0.596276	0.000000
-0.893559	0.785773	0.000000
-0.315765	-0.507282	0.000000
-0.509301	0.854031	0.000000
-0.763907	0.694546	0.000000
0.615447	-0.340369	0.000000
-0.710528	0.205130	0.000000
0.059679	-0.224758	0.000000
-0.235314	0.695850	0.000000
0.149306	-0.065592	0.000000
0.378969	-0.214003	0.000000
-0.177359	-0.277447	0.000000
0.523500	0.060485	0.000000
-0.435782	0.141624	0.000000
-0.104259	-0.076204	0.000000
-0.266655	0.365681	0.000000
0.458800	-0.126807	0.000000
-0.412588	-0.089029	0.000000
-0.738209	0.905444	0.000000
0.028036	-0.086856	0.000000
-0.651722	0.029667	0.000000
0.797269	-0.461283	0.000000
-0.646575	0.002095	0.000000
0.800355	-0.445914	0.000000
-0.218559	0.713418	0.000000
0.404508	0.106652	0.000000
-0.285057	-0.386374	0.000000
-0.616277	0.843311	0.000000
0.282790	0.642670	0.000000
-0.511721	-0.085449	0.000000
-0.483873	0.199641	0.000000
0.425189	-0.390315	0.000000
-0.444599	-0.164313	0.000000
-0.270882	-0.113496	0.000000
-0.022166	0.564257	0.000000
-0.319211	-0.711861	0.000000
0.343281	-0.010330	0.000000
0.342445	0.092312	0.000000
-0.427655	-0.040052	0.000000
0.848760	0.475831	0.000000
-0.460622	0.759603	0.000000
0.416516	0.699128	0.000000
-0.277902	-0.790828	0.000000
0.830138	0.427283	0.000000
-0.569807	0.433688	0.000000
-0.648570	0.519143	0.000000
-0.475245	-0.930951	0.000000
0.785404	-0.511437	0.000000
0.312558	0.232584	0.000000
-0.009226	0.242977	0.000000
0.192883	-0.011731	0.000000
-0.439336	-0.534606	0.000000
-0.760932	0.273994	0.000000
-0.417376	-0.823392	0.000000
0.185252	-0.445699	0.000000
0.691210	0.286012	0.000000
0.582811	0.729391	0.000000
-0.420271	-0.744330	0.000000
-0.601394	-0.779666	0.000000
0.494796	-0.224928	0.000000
-0.377000	0.005557	0.000000
-0.038696	0.640033	0.000000
0.453519	0.014384	0.000000
0.501033	0.220965	0.000000
0.192857	0.634761	0.000000
-0.142154	-0.337881	0.000000
-0.801435	0.831978	0.000000
-0.462085	-0.857797	0.000000
-0.930508	0.611118	0.000000
-0.398915	0.593382	0.000000
0.343775	-0.117208	0.000000
-0.191057	-0.372170	0.000000
0.144929	0.466274	0.000000
0.197814	0.332215	0.000000
-0.466560	-0.443876	0.000000
-0.845143	0.193260	0.000000
0.173790	0.116364	0.000000
0.895321	0.527028	0.000000
0.202133	0.740853	0.000000
0.143218	-0.150649	0.000000
0.793437	0.662968	0.000000
-0.087054	0.630659	0.000000
-0.323873	0.528648	0.000000
-0.824642	0.953503	0.000000
-0.552153	-0.184270	0.000000
0.131551	0.788424	0.000000
0.274850	-0.191637	0.000000
0.755231	0.864619	0.000000
-0.972834	0.862909	0.000000
0.185611	-0.425076	0.000000
0.251193	-0.195690	0.000000
-0.344463	0.386519	0.000000
0.497773	-0.633310	0.000000
0.451838	-0.141926	0.000000
-0.286127	-0.524321	0.000000
-0.611702	0.250140	0.000000
0.252574	-0.423878	0.000000
-0.242915	0.511340	0.000000
0.702689	0.756404	0.000000
0.181810	0.198215	0.000000
-0.667803	0.356224	0.000000
0.314953	-0.563917	0.000000
-0.997407	0.798713	0.000000
-0.796993	0.626058	0.000000
-0.622105	0.499737	0.000000
-0.813698	0.586963	0.000000
0.616097	-0.004652	0.000000
-0.701824	-0.172534	0.000000
0.137572	-0.255617	0.000000
-0.855203	0.328086	0.000000
-0.362775	0.565085	0.000000
0.183248	-0.017716	0.000000
0.587238	-0.025090	0.000000
0.664503	0.819690	0.000000
0.770563	0.244519	0.000000
0.150491	-0.402018	0.000000
0.143527	-0.396857	0.000000
0.801164	-0.404776	0.000000
0.449336	0.367107	0.000000
-0.786707	0.002711	0.000000
0.677471	0.019931	0.000000
-0.615388	0.795772	0.000000
0.577430	-0.531607	0.000000
0.192757	-0.398797	0.000000
0.590746	0.351126	0.000000
0.915173	0.617450	0.000000
-0.583118	0.842206	0.000000
0.818998	0.831158	0.000000
-0.414740	-0.055973	0.000000
-0.634627	0.485107	0.000000
0.514925	0.570272	0.000000
0.573877	-0.447236	0.000000
-0.461050	0.535733	0.000000
0.546380	-0.027170	0.000000
0.017899	-0.088028	0.000000
0.351071	0.522579	0.000000
0.979693	0.776390	0.000000
-0.481518	-0.796494	0.000000
-0.712447	0.519767	0.000000
0.709041	-0.339386	0.000000
0.036631	0.116230	0.000000
-0.311623	-0.572421	0.000000
0.597177	0.450605	0.000000
-0.758861	0.822319	0.000000
-0.352076	0.162428	0.000000
-0.368057	0.655326	0.000000
-0.570083	0.282265	0.000000
0.178191	-0.210455	0.000000
-0.485185	0.106719	0.000000
-0.371394	-0.514039	0.000000
-0.173459	0.297991	0.000000
0.081167	0.571789	0.000000
-0.405380	-0.137603	0.000000
-0.309774	0.750832	0.000000
0.699569	-0.339167	0.000000
-0.544105	-0.603534	0.000000
-0.313817	-0.487728	0.000000
0.221519	0.308606	0.000000
0.328753	0.408757	0.000000
0.591221	0.155864	0.000000
-0.257883	0.456543	0.000000
0.661483	0.786719	0.000000
-0.084444	-0.150476	0.000000
-0.172895	0.485593	0.000000
0.887026	0.523468	0.000000
-0.266356	0.099731	0.000000
0.584868	0.802093	0.000000
0.108718	0.459796	0.000000
0.053790	0.667192	0.000000
-0.052304	-0.448766	0.000000
0.011250	0.435877	0.000000
0.418075	-0.145898	0.000000
-0.745165	0.386126	0.000000
-0.176013	0.664502	0.000000
-0.105394	0.015223	0.000000
0.104937	-0.409599	0.000000
0.474502	-0.267447	0.000000
-0.336354	0.510203	0.000000
0.199874	-0.099810	0.000000
-0.436905	0.335611	0.000000
-0.415854	-0.793870	0.000000
-0.370712	0.761774	0.000000
-0.542641	0.308096	0.000000
0.505257	-0.465914	0.000000
0.295470	0.705410	0.000000
0.518823	0.116547	0.000000
0.385456	0.214600	0.000000
-0.677162	0.013928	0.000000
-0.379134	-0.043251	0.000000
0.560223	0.696819	0.000000
-0.438717	0.444180	0.000000
0.119509	0.452074	0.000000
0.765281	-0.474441	0.000000
-0.623616	0.684973	0.000000
0.724000	0.852871	0.000000
-0.130914	0.578509	0.000000
0.296190	-0.202691	0.000000
0.920340	0.837218	0.000000
-0.496780	0.680710	0.000000
0.429025	0.327304	0.000000
-0.479191	0.624534	0.000000
-0.260287	-0.458398	0.000000
-0.791191	0.010498	0.000000
-0.171853	-0.205695	0.000000
0.756493	-0.376311	0.000000
0.652594	0.589153	0.000000
0.367970	0.341559	0.000000
0.318026	0.995030	0.000000
0.618573	0.308799	0.000000
-0.786984	0.554171	0.000000
0.147809	-0.432558	0.000000
-0.673730	-0.332726	0.000000
-0.141668	0.541258	0.000000
0.444178	0.045168	0.000000
-0.539670	0.519039	0.000000
-0.663931	0.390534	0.000000
0.877351	0.490275	0.000000
-0.190407	-0.077835	0.000000
0.374026	-0.400353	0.000000
-0.107257	0.634269	0.000000
-0.559248	-0.750400	0.000000
0.127759	0.496039	0.000000
-0.065147	0.265621	0.000000
0.315401	0.425891	0.000000
0.643671	0.787036	0.000000
0.675812	0.329131	0.000000
-0.460691	0.799125	0.000000
0.829856	0.822470	0.000000
0.430812	0.607284	0.000000
-0.209896	0.383650	0.000000
0.657664	0.019575	0.000000
0.601218	-0.044703	0.000000
-0.159717	-0.006279	0.000000
-0.637957	0.742263	0.000000
0.086491	-0.101631	0.000000
0.219190	0.817109	0.000000
-0.101486	-0.589831	0.000000
0.386499	0.311188	0.000000
-0.422061	0.819109	0.000000
0.530970	-0.375827	0.000000
0.916212	0.637282	0.000000
-0.143551	-0.371964	0.000000
0.130462	0.430643	0.000000
-0.775345	0.351085	0.000000
-0.262926	-0.664667	0.000000
0.029781	0.686168	0.000000
-0.533031	0.502109	0.000000
0.440907	0.063954	0.000000
0.431669	-0.371976	0.000000
0.214393	0.099813	0.000000
-0.527004	0.518653	0.000000
-0.379789	0.570915	0.000000
0.209129	0.363006	0.000000
-0.403285	-0.133109	0.000000
0.056804	-0.314612	0.000000
-0.007188	0.472347	0.000000
0.656328	0.824855	0.000000
0.881505	0.435450	0.000000
-0.980159	0.909343	0.000000
0.460045	0.054504	0.000000
-0.190524	-0.077619	0.000000
0.476991	0.165894	0.000000
0.667718	0.229657	0.000000
-0.670547	0.878871	0.000000
0.754624	0.619601	0.000000
0.014249	-0.237554	0.000000
0.131477	0.527748	0.000000
0.616433	0.154950	0.000000
0.027435	0.613436	0.000000
0.206197	-0.204567	0.000000
-0.186341	0.641888	0.000000
0.632930	-0.674588	0.000000
0.482133	0.633549	0.000000
-0.724373	0.205570	0.000000
-0.746051	0.186095	0.000000
-0.748547	0.798278	0.000000
-0.379759	0.353023	0.000000
0.087324	-0.192649	0.000000
-0.219578	-0.069794	0.000000
0.147599	0.272380	0.000000
-0.297744	0.489922	0.000000
0.669480	0.701311	0.000000
0.609201	0.627259	0.000000
0.004246	-0.027332	0.000000
-0.559404	0.044056	0.000000
-0.470831	-0.150435	0.000000
-0.548757	0.198545	0.000000
0.690901	-0.482695	0.000000
0.507848	0.574684	0.000000
0.687850	-0.016054	0.000000
-0.357891	0.478053	0.000000
-0.536879	0.139688	0.000000
-0.054068	-0.599488	0.000000
0.626333	0.566538	0.000000
0.243294	-0.168942	0.000000
-0.564208	0.100183	0.000000
0.883954	0.461788	0.000000
0.411933	0.000081	0.000000
0.705448	0.388027	0.000000
0.297294	0.662738	0.000000
-0.758576	0.826041	0.000000
0.822633	0.830946	0.000000
0.380927	0.074831	0.000000
0.270580	0.204019	0.000000
0.627313	-0.032703	0.000000
0.405105	-0.448141	0.000000
-0.614175	0.132233	0.000000
-0.936840	0.690784	0.000000
0.569248	0.200624	0.000000
-0.960343	0.617913	0.000000
0.751809	0.426069	0.000000
-0.698060	0.400485	0.000000
-0.086985	0.580544	0.000000
-0.165494	-0.657507	0.000000
-0.222388	0.281211	0.000000
0.065874	-0.416079	0.000000
-0.286703	0.361105	0.000000
0.159160	0.577131	0.000000
0.393199	0.004827	0.000000
0.042878	0.626157	0.000000
-0.471041	-0.564824	0.000000
0.191540	0.296222	0.000000
0.334004	-0.580868	0.000000
-0.055770	0.320589	0.000000
-0.143382	0.623320	0.000000
-0.476667	-0.158706	0.000000
-0.608391	-0.822187	0.000000
0.352747	0.321728	0.000000
-0.327342	-0.602727	0.000000
0.142125	0.353180	0.000000
0.530386	0.494510	0.000000
0.687751	0.614725	0.000000
-0.912329	0.362068	0.000000
-0.888533	0.264053	0.000000
0.462187	0.479568	0.000000
-0.779760	0.886335	0.000000
0.599669	-0.449789	0.000000
-0.165913	0.568902	0.000000
0.074183	-0.013762	0.000000
0.690811	-0.015189	0.000000
0.631973	0.218301	0.000000
-0.828464	0.799662	0.000000
0.913275	0.690518	0.000000
0.238864	0.708243	0.000000
0.873782	0.740015	0.000000
-0.396284	0.452397	0.000000
-0.148795	-0.360175	0.000000
0.048680	0.764304	0.000000
0.433632	0.329219	0.000000
-0.310749	-0.350936	0.000000
0.615653	0.071120	0.000000
0.190475	-0.123633	0.000000
0.221755	-0.394566	0.000000
0.019480	-0.079311	0.000000
-0.700512	0.703714	0.000000
0.013041	0.810764	0.000000
0.042191	0.588328	0.000000
0.748774	-0.336038	0.000000
0.034201	-0.325371	0.000000
0.187743	-0.099083	0.000000
-0.372009	-0.061729	0.000000
-0.676257	-0.628925	0.000000
-0.426415	-0.388886	0.000000
-0.504093	-0.921203	0.000000
0.014398	0.001080	0.000000
-0.295767	-0.076089	0.000000
-0.213009	0.061760	0.000000
-0.512844	0.783355	0.000000
-0.611458	-0.651736	0.000000
0.663025	0.543466	0.000000
0.088843	-0.015572	0.000000
-0.010331	0.725513	0.000000
0.025738	0.819948	0.000000
0.877533	0.535927	0.000000
-0.190330	0.057123	0.000000
-0.122065	-0.526083	0.000000
-0.481399	-0.068991	0.000000
-0.397515	-0.654507	0.000000
-0.530220	-0.871080	0.000000
0.376744	-0.579658	0.000000
-0.582055	0.760725	0.000000
0.086190	-0.023272	0.000000
0.870461	0.749679	0.000000
-0.634590	0.098364	0.000000
-0.119025	0.304286	0.000000
0.614799	0.748710	0.000000
0.708060	0.372723	0.000000
0.506135	-0.337602	0.000000
0.671166	0.844504	0.000000
-0.192558	-0.030948	0.000000
0.759535	0.423887	0.000000
0.439073	0.170758	0.000000
0.668738	0.295357	0.000000
-0.868791	0.672042	0.000000
-0.289680	0.480349	0.000000
0.040546	-0.001973	0.000000
0.436000	0.587009	0.000000
-0.103882	0.170652	0.000000
-0.480110	-0.580793	0.000000
0.644536	-0.430746	0.000000
0.801506	-0.508052	0.000000
0.669292	0.170380	0.000000
0.041257	-0.104967	0.000000
-0.288357	-0.635760	0.000000
0.493228	-0.425887	0.000000
0.544532	-0.397818	0.000000
0.221174	0.131425	0.000000
-0.253444	0.469524	0.000000
-0.042248	0.174921	0.000000
-0.276192	-0.531775	0.000000
0.487543	-0.338980	0.000000
-0.509184	0.871462	0.000000
0.684431	0.489749	0.000000
-0.151964	0.081821	0.000000
0.937613	0.627003	0.000000
0.510317	0.029048	0.000000
0.009857	0.321432	0.000000
0.633451	0.502536	0.000000
0.515221	-0.638002	0.000000
0.151597	-0.220830	0.000000
0.774280	0.711219	0.000000
0.579461	-0.381313	0.000000
-0.042243	-0.167702	0.000000
-0.357581	0.797696	0.000000
-0.398762	0.203573	0.000000
0.033371	-0.124878	0.000000
-0.297331	0.742086	0.000000
-0.425049	-0.152186	0.000000
0.348171	0.664177	0.000000
0.791413	0.738552	0.000000
-0.892993	0.348534	0.000000
0.617779	0.154350	0.000000
-0.120175	-0.463946	0.000000
0.571586	0.762747	0.000000
0.655555	0.484942	0.000000
0.204848	0.661849	0.000000
0.679501	0.760097	0.000000
0.676089	0.763771	0.000000
-0.210671	0.020043	0.000000
-0.343878	0.119578	0.000000
0.859147	0.627298	0.000000
0.638099	0.627156	0.000000
-0.581612	0.041955	0.000000
-0.221569	-0.198090	0.000000
-0.432774	0.498804	0.000000
-0.684188	0.804349	0.000000
0.572322	0.572076	0.000000
0.622243	0.701125	0.000000
0.081873	0.412186	0.000000
0.475574	0.149375	0.000000
0.513744	0.020807	0.000000
0.095173	0.709650	0.000000
0.546252	0.168420	0.000000
0.340957	0.231177	0.000000
-0.824576	0.840318	0.000000
0.357715	-0.218713	0.000000
0.552938	0.491203	0.000000
-0.642577	-0.610969	0.000000
0.687973	0.564607	0.000000
-0.103698	0.477829	0.000000
0.573475	-0.345547	0.000000
0.354591	-0.207090	0.000000
-0.209947	-0.276390	0.000000
0.614154	0.620028	0.000000
-0.869708	0.629330	0.000000
-0.028319	0.572898	0.000000
0.851539	0.409769	0.000000
0.402805	0.110892	0.000000
0.528486	0.015084	0.000000
0.062470	0.758287	0.000000
-0.667270	-0.655920	0.000000
-0.538773	-0.975620	0.000000
-0.385268	-0.156625	0.000000
0.119877	-0.021419	0.000000
0.678743	0.626167	0.000000
-0.002615	0.122661	0.000000
-0.684188	-0.689221	0.000000
0.592539	0.590535	0.000000
0.319269	0.333334	0.000000
0.426319	-0.563186	0.000000
-0.375661	0.192317	0.000000
-0.788770	0.035903	0.000000
0.707439	0.533338	0.000000
-0.116791	0.526326	0.000000
-0.025957	-0.491743	0.000000
-0.660068	0.930081	0.000000
-0.112467	0.123620	0.000000
0.064774	0.004066	0.000000
0.208259	0.717880	0.000000
0.345487	-0.127766	0.000000
0.078576	0.375977	0.000000
-0.368577	0.790037	0.000000
-0.773306	0.576258	0.000000
0.180836	0.676219	0.000000
-0.379507	-0.809086	0.000000
0.028244	0.051545	0.000000
-0.549420	-0.559465	0.000000
-0.402220	0.223035	0.000000
-0.713021	0.092390	0.000000
-0.836680	0.748660	0.000000
-0.624549	-0.590399	0.000000
-0.046818	0.208816	0.000000
-0.953587	0.630166	0.000000
-0.070505	0.745375	0.000000
-0.128865	-0.552953	0.000000
0.981799	0.743357	0.000000
0.317419	0.173593	0.000000
-0.422956	0.503860	0.000000
-0.430383	-0.503681	0.000000
-0.577302	0.903968	0.000000
-0.072750	-0.416826	0.000000
0.763458	-0.429115	0.000000
0.634194	0.406554	0.000000
0.690374	0.412771	0.000000
0.378625	-0.328034	0.000000
-0.517580	-0.783042	0.000000
-0.040091	-0.082436	0.000000
-0.341429	-0.585625	0.000000
-0.474531	0.511458	0.000000
-0.698725	0.535239	0.000000
-0.330646	-0.764601	0.000000
0.512721	0.678566	0.000000
0.360179	0.104509	0.000000
0.402483	-0.057367	0.000000
0.645728	-0.487704	0.000000
-0.109216	-0.676704	0.000000
0.258829	-0.479569	0.000000
-0.160401	0.091225	0.000000
-0.131607	-0.366131	0.000000
0.359188	0.591219	0.000000
-0.427178	-0.403917	0.000000
0.544275	0.381485	0.000000
0.218217	-0.155786	0.000000
0.710735	0.091678	0.000000
-0.098063	-0.119072	0.000000
0.430283	0.780168	0.000000
0.230512	0.571769	0.000000
-0.387154	0.248237	0.000000
-0.145187	0.358434	0.000000
-0.192470	-0.562400	0.000000
-0.305585	0.070902	0.000000
-0.378417	0.054064	0.000000
-0.361490	-0.686932	0.000000
0.673902	0.579486	0.000000
-0.171854	-0.251689	0.000000
-0.850714	0.492116	0.000000
0.262323	0.322934	0.000000
-0.878216	0.936029	0.000000
-0.196520	0.611082	0.000000
0.075959	0.829580	0.000000
0.065361	0.269618	0.000000
0.685895	-0.372882	0.000000
-0.699140	-0.112014	0.000000
0.328774	0.602064	0.000000
0.241088	-0.223702	0.000000
0.062776	0.128212	0.000000
-0.101474	0.760647	0.000000
-0.591346	0.381168	0.000000
0.634545	0.470170	0.000000
-0.426342	-0.065488	0.000000
0.789116	0.316419	0.000000
0.392970	0.041991	0.000000
0.660472	0.286645	0.000000
-0.105858	-0.294248	0.000000
-0.921977	0.624266	0.000000
0.740498	0.442973	0.000000
0.294688	0.961135	0.000000
0.123162	0.574437	0.000000
0.919690	0.506677	0.000000
-0.458770	-0.388162	0.000000
-0.227835	0.220507	0.000000
-0.000519	0.642454	0.000000
0.952947	0.647107	0.000000
-0.579577	0.530147	0.000000
-0.279461	-0.438553	0.000000
0.845875	-0.463339	0.000000
0.621044	0.175941	0.000000
0.777134	0.634124	0.000000
-0.280908	0.637867	0.000000
0.796983	0.312191	0.000000
-0.337206	0.789337	0.000000
0.731304	-0.374142	0.000000
-0.621008	-0.775406	0.000000
-0.621726	0.450466	0.000000
0.261741	0.304939	0.000000
-0.257341	-0.505030	0.000000
-0.340871	0.024043	0.000000
0.842846	0.510592	0.000000
0.358261	0.043579	0.000000
-0.282321	-0.447126	0.000000
0.553512	0.253610	0.000000
-0.675624	0.155028	0.000000
0.185647	-0.297027	0.000000
-0.239476	0.014929	0.000000
0.692981	0.846534	0.000000
-0.402456	0.068489	0.000000
0.744109	-0.328286	0.000000
0.850288	0.783779	0.000000
0.085046	-0.324543	0.000000
0.220706	0.788607	0.000000
0.205060	0.900322	0.000000
0.781245	0.714997	0.000000
0.689707	-0.335707	0.000000
0.614626	0.408142	0.000000
0.133059	0.316636	0.000000
0.595937	0.805758	0.000000
-0.181359	-0.105375	0.000000
0.766554	0.612247	0.000000
0.493643	0.567639	0.000000
-0.357112	0.687756	0.000000
-0.469040	-0.771700	0.000000
0.347683	0.291300	0.000000
0.472655	0.522355	0.000000
0.301837	-0.465320	0.000000
0.490367	0.148983	0.000000
0.881566	0.727815	0.000000
0.823996	-0.431912	0.000000
-0.176528	0.499584	0.000000
0.343291	-0.033345	0.000000
0.396843	0.594510	0.000000
-0.396979	-0.167952	0.000000
0.466330	-0.465607	0.000000
0.869148	0.648376	0.000000
-0.722657	-0.034585	0.000000
0.182453	0.852277	0.000000
-0.549003	0.615980	0.000000
-0.952028	0.716509	0.000000
-0.315049	-0.722870	0.000000
-0.641353	-0.614019	0.000000
0.373317	0.767962	0.000000
0.710448	-0.476613	0.000000
0.563052	0.599603	0.000000
0.143854	-0.024892	0.000000
0.902857	0.802665	0.000000
0.632171	0.076462	0.000000
-0.192635	-0.423216	0.000000
0.996422	0.747397	0.000000
0.589164	0.054144	0.000000
0.132231	-0.020411	0.000000
0.680671	0.002109	0.000000
0.591536	-0.506741	0.000000
0.239669	0.907880	0.000000
0.694312	-0.666777	0.000000
0.285047	-0.309773	0.000000
0.618109	-0.007694	0.000000
-0.585568	0.279760	0.000000
0.138843	-0.130111	0.000000
0.758010	0.621678	0.000000
-0.548043	0.519071	0.000000
0.319634	0.994793	0.000000
-0.608490	-0.376612	0.000000
0.751886	0.878230	0.000000
0.778520	0.791385	0.000000
0.705320	0.172193	0.000000
0.405138	0.054632	0.000000
-0.211940	0.156572	0.000000
0.449193	0.313877	0.000000
0.341944	0.748497	0.000000
-0.703053	0.901324	0.000000
0.719031	0.575576	0.000000
-0.274289	0.726299	0.000000
0.551870	0.690200	0.000000
-0.153710	-0.470047	0.000000
-0.319510	0.691076	0.000000
-0.393569	-0.044157	0.000000
0.543978	-0.486322	0.000000
0.353326	0.518415	0.000000
0.826189	0.425422	0.000000
-0.526616	0.692023	0.000000
0.355454	-0.360727	0.000000
-0.440833	-0.158010	0.000000
0.351568	0.117025	0.000000
0.828336	0.767471	0.000000
-0.308310	0.265871	0.000000
-0.001664	0.556045	0.000000
-0.589213	0.044650	0.000000
0.821548	0.700073	0.000000
-0.277382	-0.132351	0.000000
-0.437054	-0.151936	0.000000
-0.367439	0.157159	0.000000
0.195970	0.094691	0.000000
-0.757821	0.865146	0.000000
0.220503	0.612353	0.000000
-0.562934	0.497026	0.000000
0.939621	0.765942	0.000000
0.458720	-0.021334	0.000000
-0.414111	-0.866154	0.000000
0.545810	-0.504672	0.000000
0.915550	0.499205	0.000000
0.335951	0.328361	0.000000
0.635033	0.410422	0.000000
-0.179383	0.436536	0.000000
-0.481203	-0.444888	0.000000
0.062424	0.595511	0.000000
-0.481651	-0.205338	0.000000
0.204315	0.873991	0.000000
0.065064	-0.153754	0.000000
0.521911	-0.670339	0.000000
0.652619	-0.363904	0.000000
0.641257	0.499006	0.000000
0.590835	-0.495964	0.000000
0.061444	0.769276	0.000000
0.528842	0.311525	0.000000
0.279767	0.559520	0.000000
-0.413666	0.763664	0.000000
0.383878	0.192555	0.000000
-0.242642	-0.777352	0.000000
-0.477447	-0.547689	0.000000
0.834069	-0.637581	0.000000
0.021620	-0.012031	0.000000
-0.388036	-0.631808	0.000000
0.342094	-0.269012	0.000000
-0.783942	0.925156	0.000000
-0.502551	0.665078	0.000000
0.339707	-0.265335	0.000000
-0.366712	-0.803745	0.000000
-0.682369	0.114352	0.000000
0.698645	-0.639188	0.000000
0.764698	0.824156	0.000000
0.265360	-0.266873	0.000000
0.405502	-0.452398	0.000000
0.122320	0.648405	0.000000
0.786309	0.675805	0.000000
0.518155	-0.372910	0.000000
0.827526	0.745086	0.000000
-0.957902	0.851130	0.000000
-0.716727	0.394875	0.000000
-0.656274	0.808397	0.000000
0.397249	0.247662	0.000000
0.799965	0.467764	0.000000
0.673188	0.197343	0.000000
-0.455691	0.131641	0.000000
-0.118347	0.474237	0.000000
-0.325758	-0.653081	0.000000
-0.969880	0.932012	0.000000
0.522953	0.610126	0.000000
-0.433191	0.682898	0.000000
-0.280708	0.372347	0.000000
-0.131391	0.429103	0.000000
-0.270660	0.641344	0.000000
0.156376	0.277164	0.000000
0.789161	-0.376656	0.000000
0.110521	0.375925	0.000000
-0.598837	-0.036429	0.000000
0.696134	0.828751	0.000000
-0.908182	0.643350	0.000000
-0.477753	-0.964884	0.000000
-0.381308	0.369001	0.000000
-0.363610	-0.088509	0.000000
-0.734671	0.235057	0.000000
0.750240	0.058291	0.000000
0.517042	0.308488	0.000000
-0.326698	0.534964	0.000000
-0.784617	0.220267	0.000000
0.863739	0.678955	0.000000
0.535572	-0.041059	0.000000
-0.005231	0.404729	0.000000
0.250446	-0.251726	0.000000
0.800785	0.786600	0.000000
0.834074	0.358823	0.000000
0.285290	0.300593	0.000000
-0.452783	-0.311415	0.000000
-0.104653	-0.218171	0.000000
0.351266	-0.102912	0.000000
-0.240378	0.097166	0.000000
0.564876	-0.416356	0.000000
0.551359	0.019087	0.000000
-0.663772	-0.070190	0.000000
0.726503	0.584725	0.000000
-0.267506	0.434461	0.000000
0.136887	-0.025487	0.000000
-0.421279	-0.159694	0.000000
-0.297835	-0.172715	0.000000
0.703095	0.547389	0.000000
0.841641	-0.552094	0.000000
0.699426	0.201538	0.000000
0.295983	-0.131930	0.000000
0.508456	0.224846	0.000000
-0.840560	0.807729	0.000000
-0.130321	0.318371	0.000000
0.906784	0.816960	0.000000
-0.076991	0.433877	0.000000
0.203680	0.929265	0.000000
0.355367	0.870208	0.000000
-0.307435	-0.259768	0.000000
0.657770	0.456820	0.000000
-0.031539	0.140178	0.000000
0.533243	0.766830	0.000000
-0.215861	-0.300950	0.000000
0.148225	-0.120252	0.000000
-0.674529	0.789677	0.000000
0.766185	-0.346958	0.000000
0.813950	-0.494387	0.000000
-0.710112	0.794381	0.000000
0.231563	-0.057543	0.000000
-0.135807	0.211198	0.000000
0.797440	0.322024	0.000000
0.754545	-0.431333	0.000000
0.132222	-0.371091	0.000000
-0.044237	-0.074412	0.000000
-0.729666	0.529970	0.000000
0.222015	-0.034901	0.000000
0.331561	-0.150073	0.000000
-0.872188	0.579859	0.000000
0.182171	-0.211214	0.000000
-0.289444	0.282656	0.000000
-0.785178	0.022466	0.000000
0.740169	-0.431931	0.000000
0.013314	0.343568	0.000000
0.917657	0.650064	0.000000
0.423818	-0.013582	0.000000
0.555480	0.684595	0.000000
-0.559675	-0.131168	0.000000
-0.726554	0.724024	0.000000
0.757256	0.257655	0.000000
-0.091770	0.310843	0.000000
0.319952	-0.150563	0.000000
0.874672	0.729843	0.000000
0.127121	-0.031997	0.000000
-0.456232	-0.156407	0.000000
-0.222702	0.186129	0.000000
-0.183787	-0.065302	0.000000
-0.482208	-0.943093	0.000000
0.398336	0.574638	0.000000
0.470295	0.223782	0.000000
0.066320	-0.244543	0.000000
-0.164184	-0.192801	0.000000
-0.669473	-0.708068	0.000000
0.335248	0.984547	0.000000
0.559144	0.110270	0.000000
0.690487	-0.686399	0.000000
0.088219	-0.205417	0.000000
0.035963	0.199887	0.000000
0.692287	0.766714	0.000000
-0.403050	0.125449	0.000000
0.328611	-0.362146	0.000000
0.013095	-0.505676	0.000000
0.172802	0.871793	0.000000
-0.353241	0.141991	0.000000
-0.080190	-0.131518	0.000000
0.806746	0.821512	0.000000
-0.196218	0.072890	0.000000
-0.466529	0.406637	0.000000
0.259070	0.105809	0.000000
0.369688	-0.373294	0.000000
0.763697	0.610901	0.000000
-0.009679	0.777114	0.000000
0.589253	-0.382590	0.000000
-0.592116	-0.389533	0.000000
-0.012738	0.671467	0.000000
-0.409603	-0.511825	0.000000
0.413545	0.063118	0.000000
-0.223590	0.634971	0.000000
-0.647640	-0.081087	0.000000
-0.580658	-0.797072	0.000000
0.339070	0.072159	0.000000
-0.361812	0.738613	0.000000
0.524013	-0.654255	0.000000
0.986108	0.752400	0.000000
0.064696	0.641466	0.000000
0.750515	0.824316	0.000000
-0.463608	-0.972975	0.000000
-0.007221	-0.201398	0.000000
-0.330129	0.499600	0.000000
-0.667283	-0.611324	0.000000
0.755857	0.433893	0.000000
-0.019490	0.056115	0.000000
0.058633	0.732701	0.000000
-0.351298	0.628666	0.000000
-0.225698	-0.119848	0.000000
0.739784	0.579811	0.000000
0.914202	0.523379	0.000000
-0.327303	-0.172743	0.000000
0.837317	0.285020	0.000000
-0.130774	-0.383844	0.000000
0.910128	0.714243	0.000000
0.541276	-0.002599	0.000000
0.145437	-0.214599	0.000000
0.739105	0.793289	0.000000
0.284006	0.072381	0.000000
-0.138511	-0.524691	0.000000
0.569915	0.452085	0.000000
-0.417037	0.212569	0.000000
0.012134	0.143794	0.000000
-0.769791	0.843037	0.000000
-0.330469	0.180489	0.000000
-0.426271	-0.267333	0.000000
0.421907	0.438722	0.000000
0.014880	0.265030	0.000000
-0.612623	-0.723011	0.000000
0.611859	0.644275	0.000000
-0.570058	-0.157110	0.000000
-0.069151	-0.057864	0.000000
-0.567149	0.810986	0.000000
0.128487	0.354646	0.000000
-0.751653	0.189361	0.000000
-0.808377	0.632843	0.000000
0.042955	-0.518853	0.000000
0.692964	-0.007713	0.000000
0.576795	-0.051702	0.000000
0.730212	0.671168	0.000000
-0.827582	0.847427	0.000000
-0.503729	-0.191987	0.000000
0.257162	-0.208401	0.000000
-0.677100	0.672193	0.000000
-0.861791	0.496490	0.000000
0.643331	0.779296	0.000000
0.890543	0.429089	0.000000
-0.033248	-0.086226	0.000000
-0.263559	0.266346	0.000000
0.538914	-0.051526	0.000000
0.764719	0.655605	0.000000
-0.350445	-0.199014	0.000000
0.765910	-0.415665	0.000000
0.148389	0.299795	0.000000
-0.192960	0.518934	0.000000
0.739016	0.419006	0.000000
0.531422	0.562482	0.000000
0.397688	-0.222936	0.000000
-0.748971	0.064224	0.000000
0.074244	0.733988	0.000000
0.508721	-0.529992	0.000000
0.102135	0.208159	0.000000
0.503388	-0.058245	0.000000
0.687569	0.357936	0.000000
0.301184	0.240247	0.000000
0.434370	0.084389	0.000000
0.183270	0.864945	0.000000
-0.525781	-0.622014	0.000000
-0.827151	0.490546	0.000000
0.023501	0.639978	0.000000
0.672682	0.011398	0.000000
0.455774	-0.035165	0.000000
0.316853	-0.414435	0.000000
-0.372433	-0.857892	0.000000
0.485082	-0.167040	0.000000
0.579682	0.777424	0.000000
-0.740293	0.198385	0.000000
-0.529088	0.709187	0.000000
0.072542	0.842390	0.000000
0.325865	0.406782	0.000000
0.371900	0.088573	0.000000
-0.118526	-0.413866	0.000000
0.140791	-0.210125	0.000000
-0.550508	-0.295993	0.000000
-0.367621	0.290764	0.000000
-0.312253	-0.128964	0.000000
-0.356944	0.744695	0.000000
-0.391844	0.241925	0.000000
0.323235	-0.010460	0.000000
0.682699	0.560291	0.000000
0.566500	0.538721	0.000000
0.449480	-0.070997	0.000000
0.477893	-0.305548	0.000000
0.031991	0.706976	0.000000
-0.269963	0.354280	0.000000
-0.131541	0.073185	0.000000
-0.130796	0.201391	0.000000
-0.596322	-0.883646	0.000000
-0.935950	0.757423	0.000000
0.429289	0.336624	0.000000
-0.146437	0.317054	0.000000
0.554966	-0.342123	0.000000
0.673495	0.160626	0.000000
0.285131	0.221895	0.000000
0.888269	0.745608	0.000000
-0.238779	-0.302417	0.000000
-0.566083	0.407258	0.000000
0.466172	-0.366250	0.000000
0.718580	0.132009	0.000000
-0.211982	0.590230	0.000000
-0.659769	0.581896	0.000000
0.144910	-0.073898	0.000000
-0.441087	0.854780	0.000000
0.689923	0.167779	0.000000
-0.705604	0.263103	0.000000
0.318235	-0.230405	0.000000
0.468134	0.219093	0.000000
-0.460110	0.515452	0.000000
-0.507838	-0.815876	0.000000
0.189859	-0.164567	0.000000
0.647394	0.120593	0.000000
-0.561730	0.205107	0.000000
-0.652987	-0.358616	0.000000
-0.378316	0.241504	0.000000
0.633967	0.475719	0.000000
0.812007	0.658835	0.000000
-0.396500	0.139134	0.000000
0.139956	0.438936	0.000000
0.667177	0.834578	0.000000
0.653213	0.209419	0.000000
0.151282	0.677146	0.000000
-0.450959	-0.723942	0.000000
-0.147756	-0.622709	0.000000
0.293442	0.278814	0.000000
0.309806	0.318952	0.000000
-0.124426	-0.596483	0.000000
-0.576819	-0.296952	0.000000
-0.453610	0.117867	0.000000
-0.476548	-0.171138	0.000000
-0.360978	0.641059	0.000000
-0.774700	0.961079	0.000000
0.202981	-0.108582	0.000000
0.936413	0.779009	0.000000
-0.550147	-0.787128	0.000000
-0.746987	0.906078	0.000000
0.457064	0.522185	0.000000
0.144285	0.511615	0.000000
-0.663356	0.274854	0.000000
-0.599186	-0.176649	0.000000
0.006454	0.669753	0.000000
-0.662354	0.805616	0.000000
0.184936	0.405727	0.000000
0.780671	-0.533913	0.000000
0.554281	0.003401	0.000000
0.101064	0.225396	0.000000
0.817132	0.808852	0.000000
0.734486	-0.402829	0.000000
0.013389	-0.077046	0.000000
0.226410	0.736615	0.000000
-0.404891	0.475327	0.000000
-0.106470	-0.086642	0.000000
-0.388463	0.336135	0.000000
0.018681	0.746493	0.000000
0.462950	-0.425210	0.000000
-0.205509	-0.060502	0.000000
0.711386	0.853472	0.000000
0.800835	0.784598	0.000000
-0.692802	0.675281	0.000000
-0.551540	-0.561808	0.000000
0.513732	0.161988	0.000000
0.392383	0.485475	0.000000
0.730656	0.870686	0.000000
-0.545369	0.689345	0.000000
-0.559742	-0.068297	0.000000
-0.596813	0.129495	0.000000
0.920352	0.503963	0.000000
-0.018722	0.350716	0.000000
-0.425742	-0.181541	0.000000
0.872263	0.865980	0.000000
-0.018975	-0.319386	0.000000
0.564698	-0.484727	0.000000
-0.489873	-0.979181	0.000000
0.241961	0.016978	0.000000
-0.821913	0.886482	0.000000
-0.344940	0.650499	0.000000
0.076781	-0.060008	0.000000
-0.154880	0.576804	0.000000
-0.058153	-0.626600	0.000000
0.481926	0.495572	0.000000
0.377504	0.435461	0.000000
-0.803564	0.954286	0.000000
0.250964	0.169685	0.000000
-0.188570	-0.366451	0.000000
-0.344042	-0.384144	0.000000
-0.593950	-0.874711	0.000000
-0.579612	-0.113642	0.000000
-0.359717	0.041523	0.000000
0.162461	0.116947	0.000000
0.152367	-0.213555	0.000000
0.725895	0.431008	0.000000
0.735714	0.486224	0.000000
0.541359	0.696422	0.000000
0.098105	-0.456139	0.000000
0.425588	-0.040921	0.000000
-0.878696	0.764358	0.000000
0.780149	0.141660	0.000000
-0.909921	0.556073	0.000000
-0.225289	0.395127	0.000000
0.798730	0.532108	0.000000
0.464711	-0.304569	0.000000
-0.346705	0.041674	0.000000
-0.302034	-0.322373	0.000000
0.188550	0.417388	0.000000
0.434015	0.248532	0.000000
0.253835	0.184786	0.000000
0.216072	-0.065919	0.000000
0.575456	0.007627	0.000000
0.726440	0.583098	0.000000
-0.581213	0.277156	0.000000
0.363057	0.362065	0.000000
-0.287686	0.490675	0.000000
0.533970	0.344982	0.000000
-0.364740	0.239898	0.000000
-0.312925	-0.785086	0.000000
-0.925906	0.704962	0.000000
0.488760	0.599057	0.000000
0.550797	0.667789	0.000000
-0.638427	-0.170622	0.000000
-0.556602	-0.428679	0.000000
0.237055	-0.545230	0.000000
0.520178	0.445063	0.000000
0.143476	-0.189392	0.000000
-0.954197	0.580305	0.000000
-0.022743	0.698871	0.000000
0.243103	0.760283	0.000000
-0.023184	0.754996	0.000000
0.402676	0.079142	0.000000
0.066964	0.411269	0.000000
0.106830	0.668053	0.000000
0.844967	0.623028	0.000000
0.296940	0.218055	0.000000
-0.382663	-0.607799	0.000000
0.651036	0.841224	0.000000
-0.185571	0.205641	0.000000
0.855623	0.851247	0.000000
-0.166179	-0.099696	0.000000
0.096835	0.570590	0.000000
0.425214	0.640004	0.000000
-0.239220	0.625312	0.000000
0.653532	-0.019458	0.000000
-0.346472	0.513485	0.000000
0.317717	-0.509472	0.000000
0.518404	0.297018	0.000000
0.828920	-0.427702	0.000000
0.622866	-0.423966	0.000000
0.381784	0.537574	0.000000
-0.207444	-0.386976	0.000000
0.826415	0.575301	0.000000
-0.972770	0.758511	0.000000
-0.213672	0.264416	0.000000
0.297725	-0.330068	0.000000
0.546244	-0.526543	0.000000
0.792842	-0.383011	0.000000
-0.095595	0.300955	0.000000
0.011533	0.445639	0.000000
-0.613540	0.556125	0.000000
0.313485	0.712183	0.000000
0.810108	0.337111	0.000000
0.846815	0.342788	0.000000
0.154778	-0.018537	0.000000
-0.919523	0.637045	0.000000
0.312018	0.608671	0.000000
0.124444	-0.006901	0.000000
0.191598	0.506053	0.000000
0.833907	0.591713	0.000000
0.160001	-0.141619	0.000000
-0.608739	-0.779474	0.000000
-0.430532	0.112828	0.000000
0.068720	-0.252082	0.000000
-0.854417	0.957368	0.000000
0.669502	0.142592	0.000000
0.251650	0.166400	0.000000
-0.040488	-0.015375	0.000000
0.342597	0.386388	0.000000
0.413047	0.563622	0.000000
-0.229022	0.700652	0.000000
0.732313	-0.502898	0.000000
0.782480	-0.611761	0.000000
-0.075093	-0.618312	0.000000
0.304712	-0.475452	0.000000
-0.382250	-0.528662	0.000000
-0.243636	0.706121	0.000000
0.708264	-0.543258	0.000000
-0.097800	0.328030	0.000000
0.356566	0.456374	0.000000
0.585530	0.142195	0.000000
-0.285298	-0.117296	0.000000
0.275536	0.336000	0.000000
-0.259367	-0.667998	0.000000
-0.190813	-0.633616	0.000000
0.453564	-0.015249	0.000000
-0.284516	0.509098	0.000000
-0.473816	0.689089	0.000000
-0.437732	-0.179181	0.000000
0.729359	-0.594871	0.000000
0.059169	0.328784	0.000000
-0.074194	0.766005	0.000000
-0.385942	0.051602	0.000000
-0.189145	-0.666821	0.000000
0.615317	0.272820	0.000000
0.528325	0.229846	0.000000
-0.479440	0.522220	0.000000
0.599144	-0.628058	0.000000
-0.174240	-0.122093	0.000000
-0.338888	-0.163263	0.000000
0.886573	0.846867	0.000000
-0.199116	0.320878	0.000000
0.460784	0.173880	0.000000
0.385478	0.524274	0.000000
-0.368397	-0.019333	0.000000
-0.284789	-0.818070	0.000000
0.477045	-0.071347	0.000000
0.609380	0.392822	0.000000
-0.159031	-0.119527	0.000000
-0.611528	0.739384	0.000000
-0.198260	0.022291	0.000000
0.329574	0.612327	0.000000
0.724290	0.790908	0.000000
-0.606581	0.430181	0.000000
-0.900590	0.602377	0.000000
0.239205	0.640158	0.000000
0.530050	0.634386	0.000000
0.268511	0.722694	0.000000
-0.792434	0.382887	0.000000
-0.496927	-0.546086	0.000000
-0.769580	0.928367	0.000000
-0.300183	0.325306	0.000000
-0.357537	0.241895	0.000000
0.761459	0.434001	0.000000
0.472102	-0.478416	0.000000
0.037673	0.757089	0.000000
-0.556726	0.881477	0.000000
0.224478	-0.115050	0.000000
-0.670068	0.933375	0.000000
-0.159862	0.425222	0.000000
0.426366	-0.176579	0.000000
-0.567610	0.476239	0.000000
-0.342537	-0.446522	0.000000
-0.462336	-0.557423	0.000000
-0.007698	-0.443802	0.000000
-0.175787	-0.092784	0.000000
0.350238	-0.078650	0.000000
0.283147	0.534534	0.000000
-0.309536	0.391884	0.000000
0.660274	0.739774	0.000000
-0.181435	-0.647539	0.000000
-0.492901	-0.720453	0.000000
-0.507880	0.004237	0.000000
-0.077391	0.497323	0.000000
0.253194	0.317465	0.000000
-0.421247	-0.737183	0.000000
-0.148610	0.740680	0.000000
0.316154	0.998172	0.000000
-0.368744	0.795762	0.000000
0.294566	-0.331172	0.000000
0.426705	0.144434	0.000000
0.060701	-0.164216	0.000000
-0.600510	-0.967123	0.000000
0.802917	0.447413	0.000000
0.419054	0.637921	0.000000
-0.417653	0.771882	0.000000
-0.755702	0.735266	0.000000
0.610215	0.055032	0.000000
0.340856	0.362440	0.000000
0.137932	-0.413792	0.000000
0.855588	-0.492733	0.000000
-0.484865	-0.144830	0.000000
0.790666	0.553731	0.000000
-0.896338	0.962232	0.000000
0.341807	0.978405	0.000000
-0.444259	-0.474992	0.000000
-0.167305	-0.138122	0.000000
-0.451380	0.627186	0.000000
-0.327601	0.089116	0.000000
-0.526466	0.872821	0.000000
-0.420939	0.576755	0.000000
0.628999	-0.336758	0.000000
-0.174197	0.651004	0.000000
0.724598	0.637031	0.000000
0.289633	0.233313	0.000000
0.922303	0.833699	0.000000
-0.575138	-0.937064	0.000000
-0.651672	-0.438266	0.000000
0.895598	0.635622	0.000000
0.491450	-0.404347	0.000000
0.503390	-0.045787	0.000000
0.410649	0.152108	0.000000
-0.256003	0.714616	0.000000
0.379428	-0.356707	0.000000
-0.162877	0.378698	0.000000
-0.156228	0.275114	0.000000
0.152848	0.264029	0.000000
0.616323	0.070740	0.000000
-0.138673	-0.622950	0.000000
0.016867	-0.055810	0.000000
-0.437882	0.019985	0.000000
0.050279	0.611798	0.000000
0.544031	-0.509625	0.000000
0.129314	0.415555	0.000000
0.575957	0.677875	0.000000
-0.601720	0.789590	0.000000
0.494424	0.006174	0.000000
-0.540075	0.844550	0.000000
0.314357	0.441360	0.000000
0.909087	0.788851	0.000000
0.215137	-0.193449	0.000000
0.389954	0.063777	0.000000
-0.568569	-0.450266	0.000000
-0.657076	0.842848	0.000000
0.586622	0.284883	0.000000
0.602591	0.088778	0.000000
-0.743541	0.767669	0.000000
-0.327041	0.277253	0.000000
-0.974253	0.574760	0.000000
-0.357002	0.648772	0.000000
-0.250640	0.224888	0.000000
-0.563034	0.844280	0.000000
0.179478	-0.065923	0.000000
-0.639322	0.867494	0.000000
0.472407	-0.379468	0.000000
0.387539	-0.364033	0.000000
0.583966	0.605057	0.000000
0.442169	-0.051329	0.000000
0.866893	0.529926	0.000000
-0.565271	0.586269	0.000000
-0.200743	0.355979	0.000000
-0.111999	0.636826	0.000000
-0.974087	0.580876	0.000000
0.291124	0.044651	0.000000
0.079810	-0.484699	0.000000
-0.484420	-0.967475	0.000000
0.658787	0.821912	0.000000
0.839756	0.719140	0.000000
-0.942331	0.631779	0.000000
-0.436689	0.276933	0.000000
-0.369377	-0.032900	0.000000
0.324799	0.234582	0.000000
-0.482911	-0.177006	0.000000
0.663130	0.614362	0.000000
-0.315504	-0.497051	0.000000
-0.241559	-0.789739	0.000000
-0.284356	-0.491113	0.000000
0.732711	-0.486602	0.000000
-0.482909	0.334179	0.000000
-0.212475	0.019188	0.000000
0.419438	-0.381959	0.000000
-0.135191	0.410825	0.000000
0.065961	0.019452	0.000000
0.621881	0.550920	0.000000
0.294616	0.220633	0.000000
0.775498	0.418303	0.000000
-0.781976	0.791204	0.000000
0.156609	0.833384	0.000000
-0.120023	0.657520	0.000000
0.063859	-0.428341	0.000000
0.097348	0.426542	0.000000
0.501233	0.694851	0.000000
-0.712975	0.716473	0.000000
0.704476	0.846041	0.000000
0.505807	0.175851	0.000000
0.658637	0.017991	0.000000
0.651150	0.330095	0.000000
0.760031	0.687415	0.000000
0.364420	0.576669	0.000000
0.422167	0.635448	0.000000
0.608998	0.105949	0.000000
0.751024	0.573385	0.000000
0.325255	0.555640	0.000000
0.540888	0.725157	0.000000
-0.153096	0.517536	0.000000
0.700461	0.002441	0.000000
-0.616896	-0.619174	0.000000
0.937088	0.828416	0.000000
0.243976	0.321232	0.000000
0.666802	0.598437	0.000000
-0.521431	0.374909	0.000000
0.102949	-0.482324	0.000000
0.118900	-0.028262	0.000000
-0.556653	0.743248	0.000000
0.119574	-0.273743	0.000000
-0.538856	0.499635	0.000000
-0.719672	0.778837	0.000000
0.235394	-0.015500	0.000000
-0.380663	-0.840645	0.000000
0.350847	-0.262113	0.000000
0.654991	0.465002	0.000000
-0.563672	0.435497	0.000000
0.566396	0.125870	0.000000
0.428951	-0.620319	0.000000
0.745152	0.104115	0.000000
-0.275634	0.610366	0.000000
0.691755	0.789899	0.000000
0.611237	0.638217	0.000000
0.000299	-0.105776	0.000000
-0.599610	0.676904	0.000000
0.159965	-0.065783	0.000000
-0.624476	0.308786	0.000000
0.412502	0.705210	0.000000
0.125850	0.542967	0.000000
-0.469720	0.492634	0.000000
-0.399637	-0.082164	0.000000
0.655665	0.517724	0.000000
0.524670	0.014904	0.000000
0.060750	-0.030847	0.000000
-0.835387	0.401222	0.000000
-0.484227	-0.286039	0.000000
-0.817633	0.941621	0.000000
-0.194727	-0.081484	0.000000
-0.777071	0.233560	0.000000
-0.527271	-0.167251	0.000000
0.691931	0.368661	0.000000
-0.138837	0.513017	0.000000
0.609157	-0.335160	0.000000
0.706222	0.245204	0.000000
0.836711	0.738349	0.000000
-0.154237	0.507786	0.000000
0.683355	0.109895	0.000000
0.451190	0.095226	0.000000
0.668708	-0.345625	0.000000
-0.272992	-0.794758	0.000000
0.845901	0.590236	0.000000
-0.183625	-0.291470	0.000000
0.432760	0.080106	0.000000
-0.160049	-0.071926	0.000000
0.639863	0.073847	0.000000
0.536438	0.531279	0.000000
0.184983	0.602826	0.000000
-0.574051	0.762782	0.000000
0.903070	0.649605	0.000000
-0.272300	-0.413096	0.000000
0.074502	-0.172090	0.000000
0.265036	0.251318	0.000000
-0.461879	-0.152003	0.000000
-0.674426	0.185949	0.000000
0.589896	-0.532249	0.000000
-0.691260	0.041386	0.000000
0.495564	0.145665	0.000000
-0.460914	0.247741	0.000000
-0.074168	0.165431	0.000000
-0.093067	-0.661839	0.000000
0.929730	0.726515	0.000000
-0.417793	0.475333	0.000000
0.733085	0.737204	0.000000
-0.915700	0.410814	0.000000
0.388533	-0.107371	0.000000
-0.401450	-0.462587	0.000000
0.760813	0.796822	0.000000
0.496730	-0.668552	0.000000
0.667069	0.433943	0.000000
0.162161	-0.027649	0.000000
0.651067	0.632069	0.000000
-0.913803	0.685749	0.000000
-0.003566	-0.046173	0.000000
0.119233	0.275472	0.000000
0.489716	0.448582	0.000000
0.451902	-0.146003	0.000000
0.447168	0.105441	0.000000
-0.205371	-0.230284	0.000000
0.263579	0.025597	0.000000
-0.323920	-0.814348	0.000000
0.956482	0.708806	0.000000
-0.541835	0.534460	0.000000
0.261567	-0.387897	0.000000
0.656720	0.748090	0.000000
0.911645	0.775800	0.000000
0.318166	0.591088	0.000000
0.323942	0.716889	0.000000
0.463902	0.006468	0.000000
0.603881	-0.623576	0.000000
