-0.608420	0.228032	0.000000
-0.599961	0.501837	0.000000
-0.304885	-0.202850	0.000000
-0.891293	-0.696899	0.000000
0.006995	-0.366949	0.000000
-0.518504	-0.395565	0.000000
0.033932	-0.390756	0.000000
0.186302	-0.056582	0.000000
0.043240	-0.067440	0.000000
-0.276720	0.741028	0.000000
-0.168589	0.379150	0.000000
-0.234834	-0.344901	0.000000
-0.263357	0.534314	0.000000
-0.144372	-0.569836	0.000000
-0.791808	0.178863	0.000000
-0.599428	0.454865	0.000000
-0.118766	-0.923743	0.000000
-0.282889	-0.236868	0.000000
0.014671	-0.613164	0.000000
-0.061745	-0.676553	0.000000
-0.010806	0.439104	0.000000
-0.075917	-0.056067	0.000000
-0.256511	0.592477	0.000000
-0.201207	-0.777955	0.000000
-0.292782	0.346496	0.000000
-0.659783	0.611533	0.000000
-0.355436	-0.213065	0.000000
0.067069	-0.496089	0.000000
-0.696624	0.278343	0.000000
0.074301	-0.232282	0.000000
-0.329414	-0.220192	0.000000
-0.028512	0.251447	0.000000
0.968794	-0.027390	0.000000
-0.126352	-0.191395	0.000000
-0.725188	0.243879	0.000000
-0.384337	-0.435596	0.000000
-0.370108	0.153933	0.000000
-0.293860	-0.229433	0.000000
-0.071935	0.362618	0.000000
0.087693	-0.295185	0.000000
0.142648	0.012611	0.000000
-0.929745	-0.510443	0.000000
-0.346283	-0.356917	0.000000
-0.359004	-0.630057	0.000000
-0.158517	0.324076	0.000000
-0.065848	0.029042	0.000000
0.982018	0.141790	0.000000
0.037816	-0.331925	0.000000
-0.069709	-0.754940	0.000000
-0.291019	-0.062461	0.000000
-0.055495	-0.496231	0.000000
-0.260327	-0.313230	0.000000
0.076719	0.293630	0.000000
-0.429303	-0.344173	0.000000
-0.502670	0.425821	0.000000
-0.376965	-0.634613	0.000000
-0.714907	0.314761	0.000000
-0.271019	-0.298234	0.000000
-0.424976	-0.379503	0.000000
-0.586652	0.709493	0.000000
-0.110478	-0.574533	0.000000
-0.117230	-0.621339	0.000000
-0.291894	0.630817	0.000000
-0.079030	0.404765	0.000000
-0.259291	-0.095548	0.000000
0.030803	-0.600132	0.000000
0.074116	-0.490446	0.000000
-0.920750	-0.511931	0.000000
-0.318604	-0.222565	0.000000
-0.437949	-0.150238	0.000000
0.084595	-0.434321	0.000000
-0.370781	-0.646391	0.000000
0.044860	-0.435960	0.000000
-0.909290	-0.530550	0.000000
0.029306	0.142587	0.000000
-0.280077	-0.451153	0.000000
0.000254	-0.639423	0.000000
-0.269717	-0.679012	0.000000
-0.346749	-0.239372	0.000000
-0.192516	0.017721	0.000000
-0.074302	-0.229949	0.000000
-0.295199	-0.086061	0.000000
-0.391413	0.145258	0.000000
0.010340	0.401122	0.000000
0.148199	-0.138609	0.000000
0.027762	0.393058	0.000000
-0.235944	0.594323	0.000000
-0.223517	0.350243	0.000000
-0.217350	-0.516417	0.000000
-0.366465	0.052274	0.000000
-0.341880	-0.179112	0.000000
-0.156552	0.342292	0.000000
-0.324535	-0.479555	0.000000
-0.417368	0.161042	0.000000
-0.078241	-0.479751	0.000000
-0.018094	0.514234	0.000000
-0.279082	-0.386619	0.000000
-0.500562	0.130565	0.000000
-0.356818	-0.162487	0.000000
0.064157	-0.321347	0.000000
0.081888	-0.033668	0.000000
0.205663	-0.017671	0.000000
-0.101340	0.311112	0.000000
-0.693632	-0.024413	0.000000
-0.170366	0.445549	0.000000
0.141862	-0.040032	0.000000
-0.223121	0.586457	0.000000
0.157689	-0.011761	0.000000
-0.190458	0.206082	0.000000
-0.234108	-0.432563	0.000000
-0.315614	0.744643	0.000000
-0.321706	0.522711	0.000000
-0.521504	0.704615	0.000000
-0.541850	-0.281537	0.000000
-0.179835	-0.244730	0.000000
-0.302410	-0.308892	0.000000
-0.213538	-0.887961	0.000000
-0.277088	-0.440556	0.000000
-0.434043	-0.207442	0.000000
-0.037823	-0.532059	0.000000
-0.102183	0.563768	0.000000
-0.222530	-0.287683	0.000000
-0.194941	-0.609554	0.000000
-0.532745	-0.402114	0.000000
-0.601744	0.539511	0.000000
-0.579762	0.703905	0.000000
0.038569	-0.011115	0.000000
-0.136070	-0.950591	0.000000
-0.583481	0.882500	0.000000
-0.516474	-0.395517	0.000000
-0.001115	-0.329624	0.000000
-0.184063	-0.156029	0.000000
-0.127200	-0.175593	0.000000
0.163841	0.071790	0.000000
-0.341521	-0.281710	0.000000
-0.425496	0.300015	0.000000
-0.261197	0.757201	0.000000
-0.051103	0.319235	0.000000
-0.052541	0.138824	0.000000
-0.263491	-0.235432	0.000000
-0.001189	0.248271	0.000000
-0.084554	-0.051262	0.000000
-0.951127	0.069470	0.000000
-0.021902	-0.699622	0.000000
-0.137523	0.381067	0.000000
-0.384707	-0.452188	0.000000
-0.126802	-0.037074	0.000000
-0.013519	0.524713	0.000000
-0.069011	0.352114	0.000000
-0.061114	-0.733520	0.000000
-0.253729	0.530422	0.000000
-0.641247	0.697354	0.000000
-0.231130	0.560053	0.000000
-0.078304	-0.659273	0.000000
-0.259470	0.639867	0.000000
0.054177	0.236615	0.000000
-0.309841	0.085297	0.000000
-0.434957	0.340346	0.000000
-0.129093	0.482290	0.000000
-0.471187	0.450242	0.000000
0.075053	-0.037344	0.000000
-0.014692	-0.073333	0.000000
-0.626827	0.281271	0.000000
-0.847093	-0.092171	0.000000
-0.019750	0.296408	0.000000
-0.494610	-0.185458	0.000000
-0.251081	-0.452728	0.000000
-0.085438	0.031824	0.000000
-0.227320	0.647163	0.000000
-0.070589	0.436702	0.000000
-0.149676	-0.271433	0.000000
-0.219477	-0.499425	0.000000
-0.305274	-0.728655	0.000000
-0.501861	-0.437159	0.000000
-0.312067	0.139023	0.000000
0.020145	-0.496619	0.000000
-0.088193	0.099037	0.000000
-0.438332	-0.198649	0.000000
-0.114168	-0.052068	0.000000
-0.572982	0.799380	0.000000
-0.636696	0.752814	0.000000
-0.189699	-0.422889	0.000000
0.177237	0.017126	0.000000
-0.660251	-0.278444	0.000000
-0.367650	-0.054964	0.000000
-0.332448	-0.163860	0.000000
-0.010444	-0.369266	0.000000
-0.466040	-0.087244	0.000000
-0.312220	0.639561	0.000000
-0.194055	-0.485647	0.000000
0.027293	-0.396858	0.000000
-0.116256	-0.039017	0.000000
0.060976	-0.308978	0.000000
-0.143103	-0.094310	0.000000
0.106686	0.429820	0.000000
-0.255472	-0.184795	0.000000
0.141383	0.032174	0.000000
-0.212484	-0.615630	0.000000
-0.143793	0.435555	0.000000
-0.476967	-0.115196	0.000000
-0.590639	0.888657	0.000000
-0.362996	0.106171	0.000000
0.002914	0.099657	0.000000
-0.349274	-0.616511	0.000000
-0.228860	0.597000	0.000000
-0.216789	-0.154181	0.000000
-0.525993	-0.276306	0.000000
-0.250974	-0.269077	0.000000
-0.495625	-0.012516	0.000000
-0.262905	0.607761	0.000000
-0.260190	0.616096	0.000000
0.110708	0.014203	0.000000
-0.346800	0.713560	0.000000
-0.276808	-0.164246	0.000000
-0.473948	-0.062507	0.000000
-0.299050	-0.133178	0.000000
-0.768534	0.282613	0.000000
-0.603431	0.466067	0.000000
-0.005513	-0.704412	0.000000
-0.537604	-0.129007	0.000000
-0.638941	0.702389	0.000000
-0.617985	-0.185590	0.000000
0.107402	-0.080046	0.000000
-0.274308	0.074879	0.000000
-0.254826	-0.437384	0.000000
-0.380208	0.257222	0.000000
0.045420	-0.676473	0.000000
-0.294298	-0.621616	0.000000
-0.094601	0.297286	0.000000
-0.526576	0.572344	0.000000
-0.247484	0.578542	0.000000
-0.351868	-0.701467	0.000000
-0.401226	-0.172722	0.000000
-0.392521	-0.042951	0.000000
-0.584421	-0.263661	0.000000
-0.350185	-0.730795	0.000000
0.022752	0.280410	0.000000
-0.254034	-0.200808	0.000000
-0.605222	0.374217	0.000000
-0.450250	-0.700830	0.000000
-0.565738	-0.225191	0.000000
-0.045844	-0.354981	0.000000
-0.296826	-0.211413	0.000000
-0.371640	0.855943	0.000000
-0.070055	0.236824	0.000000
-0.103684	-0.738225	0.000000
-0.343838	-0.399980	0.000000
-0.067537	-0.136239	0.000000
-0.147569	0.396940	0.000000
-0.058106	0.146328	0.000000
-0.174438	-0.441101	0.000000
-0.919268	-0.524899	0.000000
-0.465417	-0.258369	0.000000
-0.811458	-0.296915	0.000000
-0.416452	0.272752	0.000000
-0.510477	-0.260595	0.000000
-0.361657	0.094750	0.000000
0.061428	-0.364293	0.000000
-0.285828	-0.672842	0.000000
-0.285361	-0.329611	0.000000
-0.876275	0.112829	0.000000
-0.235991	-0.186218	0.000000
-0.119685	-0.938262	0.000000
-0.425644	-0.263913	0.000000
-0.223319	-0.617863	0.000000
-0.090763	-0.941052	0.000000
-0.046322	0.195028	0.000000
-0.778046	-0.097754	0.000000
0.007253	0.573240	0.000000
-0.318928	-0.581656	0.000000
-0.196147	0.036189	0.000000
-0.682657	0.649511	0.000000
-0.361319	0.242085	0.000000
0.024173	0.040002	0.000000
-0.246763	0.169035	0.000000
-0.309677	-0.375613	0.000000
-0.369579	0.849314	0.000000
-0.373131	0.361673	0.000000
-0.257060	0.409610	0.000000
-0.155602	-0.826118	0.000000
-0.204953	-0.435818	0.000000
-0.712924	0.410039	0.000000
-0.064561	-0.545884	0.000000
-0.355972	0.407866	0.000000
-0.539141	-0.432166	0.000000
0.079438	-0.017420	0.000000
-0.241978	-0.348064	0.000000
-0.584603	-0.459475	0.000000
-0.397776	0.725898	0.000000
-0.317355	-0.707043	0.000000
-0.071981	0.135104	0.000000
-0.441371	0.080928	0.000000
-0.288023	-0.655771	0.000000
-0.147563	-0.541434	0.000000
-0.364704	0.888255	0.000000
-0.089041	-0.508088	0.000000
-0.391856	0.866062	0.000000
-0.326059	0.509279	0.000000
-0.352692	-0.630818	0.000000
-0.310314	-0.003528	0.000000
-0.309159	-0.465791	0.000000
-0.548196	0.573378	0.000000
-0.110293	0.317568	0.000000
-0.058222	-0.583608	0.000000
-0.252100	-0.182546	0.000000
-0.042162	-0.171713	0.000000
-0.350904	-0.540033	0.000000
-0.413094	-0.537289	0.000000
-0.502129	-0.372383	0.000000
-0.253360	-0.399792	0.000000
-0.249669	-0.726897	0.000000
0.090533	0.187515	0.000000
-0.654419	0.432177	0.000000
0.064017	-0.255467	0.000000
-0.730757	0.062765	0.000000
-0.132032	0.573036	0.000000
-0.059072	-0.032834	0.000000
-0.331069	-0.193863	0.000000
-0.667190	0.182877	0.000000
-0.237600	-0.432651	0.000000
-0.254666	-0.544877	0.000000
-0.120547	-0.549685	0.000000
-0.577454	0.014414	0.000000
-0.588705	-0.534329	0.000000
-0.423813	-0.617736	0.000000
-0.353043	-0.258991	0.000000
0.075433	0.108151	0.000000
-0.225561	0.006754	0.000000
-0.369195	-0.050645	0.000000
-0.618637	0.545969	0.000000
-0.660753	-0.234252	0.000000
-0.310341	-0.458001	0.000000
-0.151836	-0.686262	0.000000
-0.307384	-0.196414	0.000000
-0.261843	-0.251155	0.000000
-0.042280	0.437218	0.000000
-0.884687	0.096475	0.000000
-0.326853	-0.296055	0.000000
-0.415499	-0.018843	0.000000
-0.443105	-0.799267	0.000000
-0.259923	0.652863	0.000000
-0.281303	-0.592982	0.000000
-0.082667	-0.764865	0.000000
-0.318785	-0.276992	0.000000
-0.311665	-0.580379	0.000000
-0.033123	0.167149	0.000000
-0.150492	0.144074	0.000000
-0.839316	0.095737	0.000000
-0.265720	-0.704496	0.000000
-0.241208	0.581248	0.000000
-0.302400	-0.533100	0.000000
-0.701533	0.763213	0.000000
-0.234026	-0.459479	0.000000
-0.198267	0.278638	0.000000
-0.393655	0.266893	0.000000
-0.483106	-0.051863	0.000000
0.072904	-0.510484	0.000000
-0.599789	0.400978	0.000000
-0.374821	0.290513	0.000000
0.003736	0.544425	0.000000
-0.590367	0.785794	0.000000
-0.831485	-0.202722	0.000000
-0.697299	0.316462	0.000000
-0.106498	-0.612841	0.000000
0.041138	-0.675980	0.000000
-0.247724	0.033333	0.000000
-0.415021	0.211633	0.000000
-0.399393	0.173555	0.000000
-0.265997	0.581857	0.000000
-0.110943	-0.113489	0.000000
-0.458268	0.268948	0.000000
-0.548641	0.609216	0.000000
0.016524	-0.390490	0.000000
-0.323148	-0.622944	0.000000
-0.288433	0.501359	0.000000
-0.055443	-0.236913	0.000000
-0.603329	0.741105	0.000000
-0.721807	0.298326	0.000000
-0.577686	0.599784	0.000000
-0.686620	0.729227	0.000000
0.150834	-0.191209	0.000000
-0.580315	0.400637	0.000000
0.105768	0.266732	0.000000
-0.386858	0.836689	0.000000
-0.068008	0.153688	0.000000
-0.044594	0.619234	0.000000
-0.615853	0.640395	0.000000
-0.562240	0.629223	0.000000
-0.040887	0.354900	0.000000
-0.636636	0.374914	0.000000
-0.141312	0.106012	0.000000
-0.353686	0.113691	0.000000
0.035233	0.012413	0.000000
-0.385849	0.833175	0.000000
-0.302762	-0.287459	0.000000
-0.105562	0.551189	0.000000
-0.543899	0.527975	0.000000
-0.060133	-0.069179	0.000000
0.068516	0.001259	0.000000
-0.143484	0.331465	0.000000
-0.382439	-0.213318	0.000000
-0.384647	0.087807	0.000000
0.058961	-0.327020	0.000000
0.096115	-0.259836	0.000000
-0.740676	0.184677	0.000000
-0.055376	0.407760	0.000000
-0.381544	-0.167914	0.000000
-0.317793	-0.338648	0.000000
-0.205852	0.033643	0.000000
-0.114798	-0.911190	0.000000
0.044427	-0.483534	0.000000
-0.177798	0.771982	0.000000
-0.686517	0.129619	0.000000
-0.289402	-0.316742	0.000000
-0.143377	-0.629124	0.000000
-0.199566	-0.419052	0.000000
-0.473599	-0.466457	0.000000
-0.145619	-0.314082	0.000000
-0.069081	0.528786	0.000000
-0.065077	-0.341948	0.000000
-0.653634	0.474997	0.000000
-0.561247	0.621484	0.000000
-0.355169	-0.465304	0.000000
-0.274754	-0.070538	0.000000
-0.891391	-0.636342	0.000000
-0.419004	0.089023	0.000000
-0.140069	0.333385	0.000000
-0.101100	-0.302294	0.000000
0.074453	0.328617	0.000000
-0.521105	-0.466824	0.000000
-0.216691	-0.294839	0.000000
-0.925857	-0.519400	0.000000
-0.515305	0.694860	0.000000
-0.563520	0.627305	0.000000
0.041145	0.020089	0.000000
-0.261227	-0.053497	0.000000
-0.063431	-0.104475	0.000000
-0.323272	-0.903265	0.000000
-0.271075	-0.396460	0.000000
-0.529309	0.571211	0.000000
-0.480774	-0.754503	0.000000
-0.199476	0.730715	0.000000
-0.462352	-0.612510	0.000000
-0.713430	0.267177	0.000000
-0.212415	-0.581443	0.000000
-0.361619	-0.519319	0.000000
0.093110	-0.388874	0.000000
0.044562	-0.492737	0.000000
-0.356099	0.678528	0.000000
-0.075555	-0.482014	0.000000
-0.960448	-0.588131	0.000000
-0.299561	-0.053850	0.000000
-0.282892	0.678835	0.000000
-0.335590	0.570847	0.000000
-0.274722	-0.358600	0.000000
-0.342829	0.405655	0.000000
-0.232603	-0.073280	0.000000
-0.187619	0.520336	0.000000
-0.413974	-0.120994	0.000000
-0.217490	-0.450931	0.000000
-0.040879	0.285633	0.000000
0.026480	0.331138	0.000000
-0.160363	-0.203077	0.000000
-0.639209	-0.508432	0.000000
-0.729288	-0.208584	0.000000
-0.532689	0.463422	0.000000
-0.440842	0.182280	0.000000
-0.102331	-0.493299	0.000000
-0.250907	-0.134002	0.000000
-0.199703	0.613323	0.000000
-0.374936	-0.053822	0.000000
-0.775629	-0.109430	0.000000
-0.198204	0.789694	0.000000
-0.536862	0.531322	0.000000
-0.177012	0.057693	0.000000
-0.036577	-0.425630	0.000000
-0.607446	-0.174528	0.000000
0.021449	0.288035	0.000000
-0.268854	-0.382428	0.000000
-0.003227	-0.404125	0.000000
-0.222054	-0.684914	0.000000
-0.357067	-0.246293	0.000000
-0.057456	0.391805	0.000000
-0.177597	-0.080844	0.000000
-0.039559	0.594187	0.000000
-0.481456	-0.325260	0.000000
-0.592623	0.702264	0.000000
-0.044231	-0.165689	0.000000
-0.154554	-0.726248	0.000000
-0.138297	-0.892577	0.000000
-0.350649	0.316341	0.000000
-0.339526	-0.224845	0.000000
-0.291607	-0.528528	0.000000
-0.360068	0.447802	0.000000
-0.312268	-0.753973	0.000000
-0.788269	0.527275	0.000000
-0.642911	-0.339461	0.000000
-0.194183	-0.462659	0.000000
-0.260243	-0.228273	0.000000
-0.293659	-0.541414	0.000000
-0.337899	0.846410	0.000000
-0.217326	-0.353846	0.000000
-0.348096	-0.629606	0.000000
-0.210170	-0.151907	0.000000
-0.024592	-0.739889	0.000000
-0.657579	0.722362	0.000000
-0.053723	-0.682449	0.000000
0.965734	0.368058	0.000000
-0.889519	0.132659	0.000000
-0.588096	0.795436	0.000000
-0.371541	-0.100164	0.000000
-0.025216	0.163648	0.000000
-0.274438	0.720453	0.000000
-0.329627	0.481641	0.000000
-0.314623	-0.501997	0.000000
-0.764750	-0.030724	0.000000
-0.045270	-0.075725	0.000000
-0.015526	0.024782	0.000000
0.073475	-0.108587	0.000000
-0.539660	0.068263	0.000000
-0.243505	-0.348794	0.000000
-0.209512	-0.665922	0.000000
-0.661344	0.535472	0.000000
-0.316220	-0.027846	0.000000
-0.008351	0.232074	0.000000
-0.282924	-0.709583	0.000000
-0.167066	-0.257664	0.000000
0.082997	-0.023286	0.000000
-0.371328	-0.482840	0.000000
-0.462129	-0.204819	0.000000
-0.267036	-0.162069	0.000000
-0.214443	-0.403984	0.000000
-0.238324	0.478201	0.000000
-0.294329	-0.761026	0.000000
0.030149	-0.504505	0.000000
-0.321498	-0.475281	0.000000
-0.462814	-0.653152	0.000000
0.027554	-0.229484	0.000000
-0.379303	0.056925	0.000000
-0.584916	-0.568939	0.000000
-0.229895	-0.342138	0.000000
0.176822	0.011799	0.000000
-0.608906	0.370376	0.000000
-0.173544	0.209249	0.000000
-0.285495	-0.788885	0.000000
0.970927	-0.066900	0.000000
-0.746218	0.138930	0.000000
0.062880	0.335630	0.000000
-0.481128	-0.172018	0.000000
-0.663733	-0.335587	0.000000
-0.426438	-0.388834	0.000000
-0.737086	0.653720	0.000000
-0.666510	-0.264853	0.000000
0.046880	-0.596817	0.000000
-0.134717	-0.423818	0.000000
-0.067028	-0.117213	0.000000
-0.256808	0.588116	0.000000
-0.074024	0.719955	0.000000
-0.454118	-0.356143	0.000000
-0.681713	0.289933	0.000000
-0.952826	0.052692	0.000000
0.191832	0.044534	0.000000
0.195780	-0.073778	0.000000
-0.127728	-0.984423	0.000000
-0.357570	0.450510	0.000000
-0.345722	-0.046477	0.000000
-0.340693	0.577833	0.000000
-0.348395	0.787266	0.000000
-0.186142	0.248580	0.000000
-0.014636	0.551519	0.000000
-0.295735	0.624388	0.000000
-0.680650	0.699756	0.000000
-0.430767	0.105294	0.000000
0.101447	0.088896	0.000000
0.166338	0.053536	0.000000
-0.116025	0.035204	0.000000
-0.064471	0.454287	0.000000
-0.160922	-0.345520	0.000000
-0.223841	0.581830	0.000000
-0.080227	0.436267	0.000000
-0.438890	0.065955	0.000000
-0.056022	-0.273580	0.000000
-0.204093	-0.743600	0.000000
-0.281685	-0.329164	0.000000
-0.364172	-0.723094	0.000000
-0.280833	-0.339568	0.000000
0.018059	0.432482	0.000000
-0.505547	-0.516998	0.000000
-0.611452	-0.266375	0.000000
0.957401	0.013577	0.000000
-0.118221	0.278667	0.000000
-0.085934	0.117571	0.000000
-0.284226	-0.252146	0.000000
-0.367050	0.347644	0.000000
-0.305888	-0.169516	0.000000
-0.514622	0.120328	0.000000
-0.480739	-0.186763	0.000000
-0.126184	-0.115868	0.000000
0.004480	-0.452459	0.000000
-0.056489	-0.642204	0.000000
-0.631717	0.506458	0.000000
-0.034119	0.185679	0.000000
-0.045752	-0.581815	0.000000
0.004922	-0.575459	0.000000
-0.049967	-0.419189	0.000000
-0.334771	-0.575951	0.000000
-0.621220	0.225796	0.000000
0.959333	0.268549	0.000000
-0.590517	-0.134597	0.000000
-0.630387	0.871340	0.000000
-0.275748	0.748796	0.000000
-0.597051	0.928504	0.000000
-0.072823	-0.734793	0.000000
-0.380609	-0.427303	0.000000
-0.037192	0.192954	0.000000
-0.115309	-0.925051	0.000000
-0.267384	0.694791	0.000000
-0.373363	-0.702393	0.000000
-0.468450	-0.109268	0.000000
-0.189572	0.443179	0.000000
0.088520	-0.037750	0.000000
-0.574009	0.815771	0.000000
0.036908	-0.028507	0.000000
-0.482845	-0.362403	0.000000
0.126741	0.041905	0.000000
-0.314677	-0.326636	0.000000
0.086971	-0.462645	0.000000
-0.292817	-0.023716	0.000000
-0.648325	0.956205	0.000000
0.142267	0.166233	0.000000
-0.328750	0.663713	0.000000
-0.924135	0.362091	0.000000
-0.625796	0.738109	0.000000
-0.375076	-0.330950	0.000000
-0.290351	-0.687815	0.000000
-0.561447	0.235175	0.000000
0.035516	-0.190337	0.000000
-0.132962	0.217756	0.000000
-0.281976	-0.400600	0.000000
0.094821	-0.241905	0.000000
-0.332075	-0.049725	0.000000
-0.059602	-0.186824	0.000000
-0.030713	0.312161	0.000000
-0.291447	-0.497654	0.000000
-0.251566	0.407943	0.000000
-0.266022	0.543725	0.000000
-0.214508	-0.218037	0.000000
-0.473955	0.023324	0.000000
-0.214031	-0.557912	0.000000
-0.235769	-0.313928	0.000000
-0.587093	-0.104849	0.000000
0.026421	-0.395807	0.000000
-0.280884	-0.633698	0.000000
-0.283917	-0.365386	0.000000
-0.250143	-0.282122	0.000000
-0.112258	0.726555	0.000000
-0.381982	0.343651	0.000000
-0.306364	0.399425	0.000000
-0.278839	-0.440692	0.000000
-0.257418	-0.091774	0.000000
0.024819	-0.529475	0.000000
-0.044931	0.583495	0.000000
-0.112212	0.690655	0.000000
-0.071721	0.210408	0.000000
-0.287269	-0.816125	0.000000
-0.110743	0.002002	0.000000
-0.572798	0.137187	0.000000
-0.358700	-0.402099	0.000000
-0.329112	-0.412824	0.000000
0.032580	-0.407383	0.000000
-0.074039	-0.190029	0.000000
-0.031796	-0.713232	0.000000
-0.009994	-0.040953	0.000000
-0.478079	-0.603676	0.000000
-0.121592	0.637769	0.000000
-0.287354	-0.138869	0.000000
-0.254210	0.067102	0.000000
-0.043347	-0.261448	0.000000
0.053462	-0.350577	0.000000
-0.077514	-0.212716	0.000000
-0.464566	-0.046035	0.000000
-0.285017	-0.236295	0.000000
0.007088	0.200907	0.000000
-0.305294	-0.428034	0.000000
-0.695166	0.455264	0.000000
-0.374697	-0.001620	0.000000
-0.447111	-0.737750	0.000000
-0.453400	0.120147	0.000000
-0.206297	-0.514819	0.000000
0.146458	-0.175213	0.000000
-0.538800	-0.428597	0.000000
-0.934255	0.062155	0.000000
-0.518832	0.763022	0.000000
-0.046120	0.246588	0.000000
-0.515737	0.363052	0.000000
0.067428	-0.453505	0.000000
-0.189760	0.475274	0.000000
-0.279477	0.574353	0.000000
-0.104251	0.025744	0.000000
-0.174472	0.685812	0.000000
-0.563848	0.629305	0.000000
-0.267244	-0.320376	0.000000
-0.403951	-0.574181	0.000000
-0.036155	0.384608	0.000000
-0.381995	-0.717874	0.000000
-0.324030	0.292180	0.000000
-0.739196	0.565281	0.000000
-0.486272	-0.097347	0.000000
-0.855862	-0.105297	0.000000
-0.209384	0.772068	0.000000
-0.065071	-0.651025	0.000000
-0.239335	-0.349200	0.000000
-0.238003	-0.429687	0.000000
-0.205393	0.650107	0.000000
0.083893	-0.173706	0.000000
0.160776	0.143721	0.000000
-0.511860	-0.419240	0.000000
-0.369809	-0.237395	0.000000
0.023471	0.474351	0.000000
-0.185020	-0.557748	0.000000
-0.144713	0.136363	0.000000
-0.470408	0.018936	0.000000
-0.220221	-0.792791	0.000000
-0.313117	-0.279213	0.000000
-0.189109	-0.491408	0.000000
-0.148167	0.693832	0.000000
-0.184039	0.572370	0.000000
-0.314474	-0.369190	0.000000
-0.490215	-0.766512	0.000000
-0.226150	-0.439913	0.000000
-0.262325	-0.497708	0.000000
-0.201521	-0.005951	0.000000
0.133338	-0.145112	0.000000
-0.270898	0.679181	0.000000
-0.027146	0.601177	0.000000
-0.201048	-0.159671	0.000000
-0.113789	0.313279	0.000000
-0.170934	-0.188065	0.000000
-0.280802	-0.530800	0.000000
-0.173007	-0.663731	0.000000
-0.896724	0.094426	0.000000
-0.588838	-0.515526	0.000000
-0.562681	0.534010	0.000000
-0.023830	0.383416	0.000000
-0.427630	-0.773083	0.000000
0.126657	-0.145391	0.000000
0.100316	-0.193135	0.000000
-0.264803	0.041584	0.000000
-0.447506	-0.375537	0.000000
-0.685759	0.171242	0.000000
-0.596749	0.477186	0.000000
-0.439537	0.014552	0.000000
-0.284753	-0.572388	0.000000
0.059649	0.417656	0.000000
-0.414763	0.698235	0.000000
0.154101	-0.099317	0.000000
-0.623021	0.405326	0.000000
0.121269	0.258078	0.000000
-0.291189	-0.239889	0.000000
-0.663859	-0.287707	0.000000
0.011468	0.171754	0.000000
-0.769417	0.035996	0.000000
-0.396855	-0.659759	0.000000
-0.197502	-0.282945	0.000000
-0.063546	0.380582	0.000000
-0.017717	0.145263	0.000000
-0.330761	0.170543	0.000000
-0.013902	-0.358906	0.000000
-0.123321	-0.407966	0.000000
-0.056859	-0.722969	0.000000
0.018766	0.140518	0.000000
-0.085189	-0.069847	0.000000
-0.202524	-0.476975	0.000000
-0.612095	-0.228807	0.000000
-0.143038	-0.088663	0.000000
-0.129631	-0.545976	0.000000
-0.495386	-0.230297	0.000000
0.073936	-0.057097	0.000000
-0.547083	0.368282	0.000000
-0.086094	-0.244068	0.000000
-0.108777	0.155658	0.000000
-0.114777	-0.987747	0.000000
0.056512	-0.186824	0.000000
-0.166485	0.153179	0.000000
0.006273	0.505369	0.000000
-0.499818	0.040828	0.000000
-0.002159	-0.353409	0.000000
-0.667664	-0.325478	0.000000
0.096969	-0.492301	0.000000
-0.247929	-0.460214	0.000000
-0.013626	0.313099	0.000000
-0.443105	-0.740677	0.000000
-0.384267	-0.252427	0.000000
-0.332366	-0.513224	0.000000
0.071432	0.162365	0.000000
-0.376887	0.074241	0.000000
-0.525136	-0.397968	0.000000
-0.135669	-0.088040	0.000000
-0.515651	-0.616869	0.000000
-0.089864	-0.612830	0.000000
-0.666366	0.733102	0.000000
-0.151807	-0.074167	0.000000
-0.609412	0.755439	0.000000
-0.323211	-0.732799	0.000000
-0.731786	0.651935	0.000000
-0.058324	-0.375227	0.000000
-0.098116	0.400765	0.000000
-0.111458	-0.059905	0.000000
-0.602671	0.352437	0.000000
-0.134802	-0.965209	0.000000
-0.660323	0.555330	0.000000
0.030132	0.285378	0.000000
-0.632521	-0.504987	0.000000
0.016400	-0.022958	0.000000
-0.296339	-0.058752	0.000000
-0.054617	0.519265	0.000000
-0.402812	-0.002443	0.000000
0.034070	-0.328626	0.000000
-0.006861	0.339996	0.000000
0.082761	0.082899	0.000000
-0.249301	0.341610	0.000000
-0.442990	-0.559585	0.000000
0.104360	-0.485292	0.000000
-0.252711	-0.146957	0.000000
-0.344660	0.390922	0.000000
-0.215014	-0.201195	0.000000
-0.773880	-0.106460	0.000000
-0.688113	0.596865	0.000000
-0.402004	0.188872	0.000000
-0.221830	0.365387	0.000000
-0.510800	0.594087	0.000000
-0.038189	0.577215	0.000000
-0.125142	0.647940	0.000000
-0.165998	-0.672334	0.000000
-0.424057	-0.740007	0.000000
0.003748	0.225824	0.000000
-0.510006	-0.380298	0.000000
-0.255611	0.644961	0.000000
-0.641208	0.770400	0.000000
-0.211039	0.331508	0.000000
-0.125142	-0.335411	0.000000
-0.335501	-0.872497	0.000000
-0.444423	0.316667	0.000000
-0.698469	-0.287954	0.000000
-0.167969	-0.453431	0.000000
-0.631337	0.455591	0.000000
-0.656524	0.815613	0.000000
-0.452921	-0.180363	0.000000
0.096596	-0.088028	0.000000
-0.225437	0.503717	0.000000
-0.176888	0.452517	0.000000
-0.050799	-0.767414	0.000000
-0.119361	-0.481503	0.000000
-0.473252	0.026552	0.000000
-0.189087	-0.092271	0.000000
-0.069652	0.178664	0.000000
0.133869	-0.062486	0.000000
0.061418	-0.148238	0.000000
-0.085631	0.126601	0.000000
-0.234329	-0.573369	0.000000
-0.298185	-0.835562	0.000000
-0.230344	0.578647	0.000000
-0.448835	-0.105494	0.000000
0.119111	0.001763	0.000000
-0.927683	0.360010	0.000000
-0.343506	0.403628	0.000000
-0.251427	-0.495928	0.000000
-0.422888	-0.193205	0.000000
-0.036747	0.382028	0.000000
0.014400	0.391101	0.000000
-0.611540	0.657661	0.000000
-0.790933	-0.173377	0.000000
-0.117294	0.544081	0.000000
-0.206966	-0.611766	0.000000
-0.304341	0.415654	0.000000
-0.269734	-0.563693	0.000000
-0.410071	0.088563	0.000000
0.033731	-0.562868	0.000000
-0.302580	-0.027096	0.000000
-0.306137	-0.574541	0.000000
-0.873499	0.122156	0.000000
0.078216	-0.491557	0.000000
-0.838212	-0.106157	0.000000
-0.349071	-0.071067	0.000000
-0.070443	0.166713	0.000000
-0.507514	0.118836	0.000000
-0.621299	0.541885	0.000000
-0.299600	-0.110111	0.000000
0.095652	0.356842	0.000000
-0.585039	-0.554095	0.000000
-0.034631	0.101953	0.000000
0.071570	-0.159592	0.000000
-0.582641	0.552698	0.000000
-0.264032	0.690596	0.000000
-0.597925	0.916928	0.000000
-0.440086	0.252886	0.000000
-0.097928	0.391819	0.000000
-0.139834	-0.309764	0.000000
-0.265019	-0.271272	0.000000
-0.185837	-0.533369	0.000000
-0.717759	0.265671	0.000000
-0.510476	0.605214	0.000000
-0.059643	-0.185550	0.000000
-0.106710	0.211261	0.000000
-0.260258	-0.293398	0.000000
-0.611579	0.913613	0.000000
-0.528367	0.592792	0.000000
-0.289712	-0.135774	0.000000
-0.604172	0.604545	0.000000
-0.067678	-0.299118	0.000000
-0.251487	0.571281	0.000000
0.038910	0.015659	0.000000
-0.375322	0.869928	0.000000
-0.614356	-0.362863	0.000000
-0.370655	-0.674758	0.000000
-0.954229	0.058876	0.000000
-0.080793	-0.543415	0.000000
-0.278321	0.341609	0.000000
-0.058782	0.202294	0.000000
-0.514131	0.663982	0.000000
-0.238230	0.281860	0.000000
0.969086	-0.020290	0.000000
-0.119486	-0.001444	0.000000
-0.075356	-0.124423	0.000000
-0.631063	0.420208	0.000000
-0.278842	0.784671	0.000000
-0.396688	0.121092	0.000000
-0.507748	-0.430149	0.000000
-0.005141	0.135146	0.000000
0.041195	-0.669998	0.000000
-0.326334	-0.095715	0.000000
0.061374	0.366215	0.000000
-0.668434	-0.330624	0.000000
0.047362	-0.049455	0.000000
-0.224829	0.165216	0.000000
-0.191626	0.016768	0.000000
0.180616	0.029617	0.000000
-0.201534	0.562540	0.000000
-0.651787	0.672204	0.000000
-0.367254	0.875456	0.000000
-0.790540	-0.208844	0.000000
-0.190203	0.420971	0.000000
-0.220461	0.537783	0.000000
-0.317422	-0.679718	0.000000
-0.337750	0.720417	0.000000
0.057056	-0.569707	0.000000
-0.894244	0.027069	0.000000
-0.882439	0.093861	0.000000
0.025306	-0.613782	0.000000
-0.525117	-0.448743	0.000000
-0.769034	-0.169720	0.000000
-0.995461	-0.516103	0.000000
-0.332797	0.858659	0.000000
-0.555515	0.404378	0.000000
-0.046842	-0.334675	0.000000
-0.231556	0.207490	0.000000
-0.109962	0.319306	0.000000
-0.450637	0.506659	0.000000
-0.522804	0.729843	0.000000
-0.179297	0.404118	0.000000
-0.469005	0.035270	0.000000
0.081950	-0.483572	0.000000
0.004552	-0.369067	0.000000
-0.244151	0.440692	0.000000
0.120385	-0.303298	0.000000
-0.271517	0.183902	0.000000
-0.160657	0.285534	0.000000
-0.046698	-0.709129	0.000000
-0.710858	0.114275	0.000000
-0.276745	-0.319014	0.000000
-0.239120	0.422243	0.000000
-0.340613	-0.160741	0.000000
-0.253837	0.490936	0.000000
0.086620	0.127417	0.000000
0.096668	0.045630	0.000000
0.118736	0.003225	0.000000
-0.521321	-0.591304	0.000000
-0.173663	-0.024101	0.000000
-0.058918	-0.041138	0.000000
-0.289662	-0.136027	0.000000
0.100783	-0.510043	0.000000
0.021961	-0.392374	0.000000
-0.334965	-0.465095	0.000000
0.089435	0.382089	0.000000
-0.675739	0.738697	0.000000
-0.120143	0.634056	0.000000
-0.434005	0.280477	0.000000
-0.628106	0.523737	0.000000
-0.371509	-0.210693	0.000000
0.057591	-0.011124	0.000000
-0.604867	0.367711	0.000000
0.077667	0.053278	0.000000
-0.361899	-0.090788	0.000000
-0.370513	-0.140152	0.000000
-0.636316	-0.249771	0.000000
-0.426617	0.136695	0.000000
-0.288976	-0.224956	0.000000
0.012914	-0.388187	0.000000
-0.179584	-0.490220	0.000000
-0.612959	-0.327913	0.000000
-0.139448	0.516322	0.000000
-0.489642	-0.714338	0.000000
-0.106864	0.279931	0.000000
0.105146	-0.053670	0.000000
0.035615	-0.564957	0.000000
-0.373013	-0.192255	0.000000
-0.402198	-0.607749	0.000000
-0.142706	0.323206	0.000000
-0.365261	0.901616	0.000000
0.082700	0.366292	0.000000
0.102860	-0.245124	0.000000
-0.104597	-0.653010	0.000000
-0.083145	-0.885557	0.000000
-0.433275	0.008869	0.000000
-0.257709	-0.499644	0.000000
-0.344482	-0.340254	0.000000
-0.030169	0.283756	0.000000
-0.132107	-0.036512	0.000000
0.175465	-0.018965	0.000000
-0.493865	-0.310738	0.000000
-0.662808	0.672041	0.000000
0.073402	0.038860	0.000000
-0.261369	-0.504087	0.000000
0.138958	0.227379	0.000000
0.115110	-0.251548	0.000000
-0.146652	0.484521	0.000000
-0.281483	-0.619003	0.000000
0.044757	0.468521	0.000000
-0.234515	-0.192696	0.000000
-0.217220	0.291225	0.000000
-0.195239	-0.270134	0.000000
-0.720679	-0.234010	0.000000
-0.051264	-0.434658	0.000000
-0.096164	0.510687	0.000000
-0.633481	0.796682	0.000000
-0.526295	0.745786	0.000000
-0.888273	0.257136	0.000000
-0.523928	0.048373	0.000000
-0.453281	-0.342414	0.000000
0.150647	-0.092559	0.000000
-0.805332	-0.134648	0.000000
-0.263540	-0.442830	0.000000
0.049420	0.171559	0.000000
-0.316442	-0.414407	0.000000
-0.215591	-0.021768	0.000000
-0.735417	-0.026667	0.000000
-0.064293	0.569620	0.000000
-0.256061	0.512698	0.000000
-0.509714	-0.391951	0.000000
-0.688006	0.339801	0.000000
-0.436787	0.023419	0.000000
-0.131100	-0.507941	0.000000
-0.038537	-0.711597	0.000000
-0.278766	0.639651	0.000000
-0.207129	-0.342475	0.000000
0.063161	0.136465	0.000000
0.029138	0.467142	0.000000
-0.060694	-0.213022	0.000000
-0.479308	-0.673705	0.000000
-0.518550	0.336490	0.000000
-0.155695	-0.341215	0.000000
-0.182853	0.433603	0.000000
-0.145747	0.201738	0.000000
-0.319851	-0.102982	0.000000
-0.121210	-0.915696	0.000000
-0.598598	0.879603	0.000000
-0.809974	-0.285463	0.000000
-0.535042	0.551716	0.000000
-0.333972	-0.460771	0.000000
-0.096763	0.290839	0.000000
-0.292255	-0.212185	0.000000
0.002659	-0.458841	0.000000
-0.011610	0.368897	0.000000
-0.070732	-0.565375	0.000000
-0.800575	0.397768	0.000000
-0.320372	-0.874193	0.000000
-0.331909	-0.769365	0.000000
-0.598691	0.530135	0.000000
-0.751125	0.127253	0.000000
-0.910246	0.070627	0.000000
-0.400407	0.015822	0.000000
-0.388595	0.842041	0.000000
-0.268552	-0.397695	0.000000
0.078530	0.372287	0.000000
-0.114607	0.171075	0.000000
0.020234	-0.599414	0.000000
-0.400967	-0.620129	0.000000
-0.599316	0.937690	0.000000
-0.359717	-0.571794	0.000000
-0.189624	-0.676630	0.000000
-0.005715	0.033829	0.000000
-0.222832	0.224872	0.000000
-0.343398	0.404555	0.000000
-0.060211	-0.394145	0.000000
-0.092210	0.109302	0.000000
-0.382351	0.321502	0.000000
-0.597126	0.476937	0.000000
0.974901	-0.037149	0.000000
-0.576555	0.874052	0.000000
-0.217316	-0.084375	0.000000
-0.380397	-0.668760	0.000000
-0.382353	-0.272174	0.000000
-0.904917	-0.692997	0.000000
-0.427067	-0.456651	0.000000
-0.303356	0.419725	0.000000
0.041638	0.318034	0.000000
-0.123190	-0.264318	0.000000
-0.144454	-0.091015	0.000000
0.037155	-0.070922	0.000000
-0.541974	-0.128055	0.000000
0.105248	0.245277	0.000000
-0.039364	0.564906	0.000000
-0.904292	-0.670321	0.000000
-0.188796	-0.127701	0.000000
-0.324337	-0.753352	0.000000
-0.293911	-0.551661	0.000000
-0.361446	0.113859	0.000000
-0.139211	-0.231357	0.000000
-0.310967	0.297334	0.000000
-0.130560	0.594570	0.000000
-0.719068	0.382025	0.000000
-0.716467	0.637607	0.000000
-0.258536	-0.553472	0.000000
-0.058959	0.001957	0.000000
-0.752209	0.196715	0.000000
-0.273913	-0.204051	0.000000
-0.373830	0.681435	0.000000
-0.484881	-0.784450	0.000000
-0.403693	0.258416	0.000000
-0.213051	-0.453510	0.000000
-0.085970	0.266106	0.000000
-0.682264	-0.119488	0.000000
-0.023979	0.175849	0.000000
-0.130941	-0.169119	0.000000
-0.308389	-0.013539	0.000000
-0.472895	0.110542	0.000000
-0.467198	-0.416687	0.000000
-0.001893	0.312354	0.000000
-0.010305	0.161657	0.000000
-0.259764	0.143972	0.000000
-0.421372	-0.786656	0.000000
-0.404874	0.124459	0.000000
-0.027843	-0.064408	0.000000
-0.062997	-0.151099	0.000000
0.047834	-0.213800	0.000000
-0.225340	-0.056470	0.000000
-0.331786	0.114723	0.000000
-0.570928	0.455654	0.000000
-0.527005	-0.065268	0.000000
-0.636853	0.804302	0.000000
-0.275675	0.615919	0.000000
-0.486532	-0.746434	0.000000
-0.398378	-0.680036	0.000000
-0.798367	0.395680	0.000000
0.084380	-0.074388	0.000000
-0.630626	0.432754	0.000000
0.056835	-0.129896	0.000000
-0.685375	-0.270765	0.000000
-0.835897	0.042883	0.000000
-0.095173	0.397979	0.000000
0.960933	0.390674	0.000000
0.112664	-0.271706	0.000000
-0.029244	0.267475	0.000000
-0.303882	-0.352161	0.000000
-0.000242	-0.323333	0.000000
-0.614292	-0.460473	0.000000
-0.284400	-0.594661	0.000000
0.116076	0.218587	0.000000
-0.285983	-0.566268	0.000000
0.135854	0.035837	0.000000
-0.539096	-0.324208	0.000000
-0.021914	0.448421	0.000000
-0.373614	0.018113	0.000000
0.044743	0.374212	0.000000
-0.354590	-0.651123	0.000000
-0.661075	-0.098812	0.000000
-0.314499	0.293592	0.000000
-0.289002	-0.518065	0.000000
-0.250359	-0.257357	0.000000
0.004789	0.083087	0.000000
0.132373	-0.108899	0.000000
0.007823	-0.432873	0.000000
-0.202730	0.390344	0.000000
0.033367	0.421222	0.000000
-0.276208	-0.540105	0.000000
-0.286742	-0.190964	0.000000
-0.195268	-0.287017	0.000000
-0.053775	0.422345	0.000000
-0.565946	-0.453038	0.000000
0.085265	-0.392652	0.000000
-0.473463	-0.805074	0.000000
-0.526269	0.573112	0.000000
-0.458699	-0.572370	0.000000
-0.528237	0.715598	0.000000
-0.293012	-0.211058	0.000000
-0.377044	-0.618380	0.000000
-0.387922	0.805958	0.000000
0.085702	-0.058157	0.000000
0.134752	0.045540	0.000000
-0.079642	-0.355650	0.000000
-0.481058	-0.053002	0.000000
-0.339300	-0.461539	0.000000
-0.167765	0.110933	0.000000
-0.193114	0.222653	0.000000
-0.399805	0.171934	0.000000
-0.087559	0.246957	0.000000
-0.019213	-0.439239	0.000000
0.046891	-0.411544	0.000000
-0.156448	0.271688	0.000000
-0.639959	-0.379890	0.000000
-0.207522	-0.567169	0.000000
-0.379396	0.065254	0.000000
-0.915244	0.016125	0.000000
-0.689734	-0.245987	0.000000
-0.067805	-0.068408	0.000000
-0.510718	-0.445925	0.000000
-0.487533	0.471947	0.000000
-0.521610	-0.467570	0.000000
-0.627479	0.660216	0.000000
-0.254293	-0.398768	0.000000
-0.691422	0.865069	0.000000
0.136491	0.034765	0.000000
-0.365863	-0.149514	0.000000
0.053104	-0.026602	0.000000
-0.196351	-0.581477	0.000000
-0.405256	-0.533855	0.000000
-0.286889	-0.458536	0.000000
-0.308569	-0.709497	0.000000
-0.769411	0.022004	0.000000
0.110232	-0.311955	0.000000
-0.095242	0.455182	0.000000
-0.116557	-0.065498	0.000000
-0.424856	-0.060731	0.000000
0.075748	-0.478116	0.000000
-0.224755	-0.276561	0.000000
-0.717804	-0.046619	0.000000
-0.272440	0.477978	0.000000
-0.276350	0.349291	0.000000
-0.918931	-0.519672	0.000000
-0.229543	0.524984	0.000000
-0.601206	0.919662	0.000000
-0.152033	0.420433	0.000000
-0.783865	0.653490	0.000000
0.167231	0.063315	0.000000
-0.351371	-0.314658	0.000000
-0.745694	0.499681	0.000000
-0.247767	0.465539	0.000000
-0.592423	0.314314	0.000000
-0.619956	-0.527660	0.000000
-0.484320	0.442336	0.000000
0.018783	-0.165308	0.000000
-0.123110	0.055675	0.000000
0.969287	-0.103464	0.000000
-0.557249	0.051865	0.000000
-0.197067	0.621739	0.000000
-0.578058	-0.319815	0.000000
-0.562615	0.561524	0.000000
-0.737096	-0.042893	0.000000
-0.041120	0.463186	0.000000
-0.671735	0.695835	0.000000
-0.269743	0.434321	0.000000
-0.304310	0.295649	0.000000
-0.780800	0.340601	0.000000
-0.262595	-0.499240	0.000000
-0.203926	-0.317587	0.000000
-0.014539	-0.488516	0.000000
-0.297253	0.640326	0.000000
-0.645884	-0.167474	0.000000
-0.459453	-0.420465	0.000000
-0.072768	0.147408	0.000000
-0.371816	0.807062	0.000000
-0.328459	0.398625	0.000000
-0.817362	0.225270	0.000000
-0.004706	-0.384935	0.000000
-0.052058	0.303012	0.000000
-0.366035	0.566246	0.000000
-0.214790	-0.493317	0.000000
-0.065088	-0.384275	0.000000
-0.233400	-0.276567	0.000000
-0.305033	0.001649	0.000000
-0.166556	-0.036821	0.000000
0.031089	0.088804	0.000000
0.110364	0.276233	0.000000
-0.257113	0.697911	0.000000
-0.313183	0.332416	0.000000
-0.161143	-0.034837	0.000000
-0.298118	-0.476000	0.000000
-0.586204	-0.480133	0.000000
-0.449611	0.178393	0.000000
-0.227812	0.488660	0.000000
0.016047	-0.702798	0.000000
-0.490965	-0.512007	0.000000
-0.622928	0.943835	0.000000
0.019342	0.232656	0.000000
-0.643076	0.763514	0.000000
0.041899	-0.696603	0.000000
-0.752437	-0.192656	0.000000
0.064830	0.137123	0.000000
-0.610740	-0.538362	0.000000
-0.564369	-0.179445	0.000000
-0.155711	-0.765206	0.000000
0.961010	-0.004924	0.000000
-0.367162	0.900399	0.000000
-0.510397	-0.161189	0.000000
-0.385377	0.024744	0.000000
0.974320	-0.054015	0.000000
-0.214541	-0.212290	0.000000
-0.536853	-0.128321	0.000000
-0.908416	0.006366	0.000000
-0.119918	-0.014151	0.000000
-0.090285	-0.479961	0.000000
-0.481822	-0.133718	0.000000
-0.289184	0.595744	0.000000
0.078385	-0.093095	0.000000
-0.617532	-0.515744	0.000000
-0.331717	0.028779	0.000000
-0.364474	-0.442741	0.000000
-0.618753	-0.381979	0.000000
-0.083556	-0.379471	0.000000
-0.201103	-0.602870	0.000000
-0.637132	0.985184	0.000000
-0.349878	0.272062	0.000000
-0.375203	0.102933	0.000000
-0.808135	-0.299883	0.000000
-0.314185	-0.255509	0.000000
-0.188738	-0.649251	0.000000
-0.131881	-0.319751	0.000000
0.985818	0.096087	0.000000
-0.410860	-0.599696	0.000000
0.080152	-0.040705	0.000000
-0.352004	-0.369111	0.000000
-0.532454	-0.405842	0.000000
-0.403492	0.116391	0.000000
-0.170936	-0.443092	0.000000
-0.179236	-0.280606	0.000000
-0.540700	0.533206	0.000000
-0.884638	0.134188	0.000000
-0.099042	0.177945	0.000000
0.987084	0.104829	0.000000
-0.152249	-0.495169	0.000000
-0.195895	-0.665862	0.000000
-0.332133	-0.050869	0.000000
-0.006137	0.195509	0.000000
-0.314677	-0.264990	0.000000
-0.073024	0.412380	0.000000
-0.502640	-0.453923	0.000000
-0.036889	-0.406254	0.000000
-0.441293	0.352003	0.000000
0.084643	0.206619	0.000000
-0.158752	0.476220	0.000000
0.048809	0.139387	0.000000
-0.071882	-0.520627	0.000000
-0.214913	0.448688	0.000000
-0.481128	0.079940	0.000000
-0.135986	-0.846898	0.000000
-0.335619	0.397493	0.000000
-0.277345	0.180396	0.000000
-0.052023	-0.247614	0.000000
-0.297779	-0.434530	0.000000
-0.080779	-0.376629	0.000000
-0.332130	0.728045	0.000000
-0.433092	-0.139294	0.000000
-0.223542	-0.629708	0.000000
0.024011	0.481150	0.000000
-0.224082	0.466698	0.000000
-0.287193	-0.630153	0.000000
-0.600018	0.643451	0.000000
0.077887	0.010543	0.000000
-0.251404	-0.410590	0.000000
-0.131514	0.515974	0.000000
-0.209873	-0.706898	0.000000
-0.229500	-0.365276	0.000000
-0.313553	-0.088328	0.000000
-0.298949	-0.808402	0.000000
-0.350995	-0.377177	0.000000
-0.531679	-0.217320	0.000000
0.021641	-0.422014	0.000000
-0.295422	-0.603565	0.000000
0.004064	-0.477453	0.000000
-0.750441	0.251538	0.000000
-0.910057	-0.556630	0.000000
-0.570427	-0.504964	0.000000
-0.392647	0.420957	0.000000
-0.638549	0.407367	0.000000
-0.636552	-0.409303	0.000000
-0.118413	0.261453	0.000000
-0.421400	-0.312146	0.000000
-0.587893	0.317731	0.000000
0.133277	0.036272	0.000000
-0.439940	0.323886	0.000000
-0.302906	-0.642908	0.000000
-0.002218	0.087278	0.000000
-0.394736	-0.459352	0.000000
-0.112758	-0.276817	0.000000
-0.524159	-0.503247	0.000000
0.069227	0.248156	0.000000
-0.242038	0.416836	0.000000
-0.622484	0.508576	0.000000
-0.580420	0.285282	0.000000
-0.409046	-0.018769	0.000000
0.030350	0.340893	0.000000
-0.271456	0.219268	0.000000
-0.232779	-0.527896	0.000000
-0.232822	-0.484044	0.000000
-0.231013	0.478671	0.000000
-0.345423	-0.354833	0.000000
-0.895441	0.350186	0.000000
-0.594592	0.691266	0.000000
-0.126009	-0.565525	0.000000
-0.565397	0.140790	0.000000
-0.186128	0.437707	0.000000
-0.285656	-0.473872	0.000000
0.012248	0.508081	0.000000
-0.507971	-0.441007	0.000000
-0.210338	-0.753415	0.000000
-0.746435	0.200224	0.000000
-0.593392	0.152381	0.000000
-0.201591	-0.714465	0.000000
-0.096749	0.235278	0.000000
-0.648509	0.753149	0.000000
-0.897908	0.095551	0.000000
-0.356003	0.109970	0.000000
-0.512802	0.758749	0.000000
-0.049974	0.032215	0.000000
-0.223851	0.667463	0.000000
-0.261241	-0.497418	0.000000
0.019806	-0.675912	0.000000
-0.413347	0.244762	0.000000
-0.346048	0.638252	0.000000
-0.393391	0.108375	0.000000
-0.072925	0.575676	0.000000
-0.610279	0.312458	0.000000
-0.091079	0.421324	0.000000
-0.141548	-0.182890	0.000000
-0.654316	-0.203829	0.000000
0.044616	-0.663785	0.000000
-0.652470	-0.273231	0.000000
-0.281796	0.570876	0.000000
-0.256734	-0.434664	0.000000
-0.576265	0.402282	0.000000
-0.043202	0.379861	0.000000
-0.597696	0.923969	0.000000
-0.282756	0.465275	0.000000
-0.659154	0.788833	0.000000
0.058704	0.499675	0.000000
-0.173201	-0.685589	0.000000
-0.152411	-0.267815	0.000000
-0.322279	0.401367	0.000000
-0.631230	0.539842	0.000000
0.031667	0.076821	0.000000
0.096960	-0.482838	0.000000
-0.420750	-0.270218	0.000000
-0.528964	0.503591	0.000000
-0.326612	0.004621	0.000000
-0.639003	-0.407312	0.000000
-0.400814	0.824897	0.000000
-0.755876	-0.174055	0.000000
-0.431727	0.762335	0.000000
-0.291695	0.398320	0.000000
0.019711	0.299832	0.000000
-0.463553	-0.663546	0.000000
-0.255865	-0.063810	0.000000
-0.413670	0.801914	0.000000
-0.092445	-0.472691	0.000000
-0.279582	0.743711	0.000000
-0.027250	0.515004	0.000000
-0.066723	0.557029	0.000000
-0.344423	0.889286	0.000000
-0.711678	0.624647	0.000000
-0.502316	-0.005402	0.000000
-0.761600	-0.203470	0.000000
-0.036265	-0.034529	0.000000
-0.268145	0.720430	0.000000
-0.101827	0.439174	0.000000
0.087153	-0.115617	0.000000
0.003614	0.283810	0.000000
-0.222910	0.764997	0.000000
0.134011	0.307375	0.000000
-0.223095	0.541758	0.000000
-0.295799	0.690829	0.000000
0.073359	-0.447735	0.000000
0.150931	-0.072928	0.000000
-0.211276	-0.497148	0.000000
-0.970140	-0.571445	0.000000
-0.071143	-0.360318	0.000000
-0.575779	0.548147	0.000000
-0.073423	0.272358	0.000000
-0.272570	-0.148980	0.000000
-0.644878	0.958827	0.000000
-0.290388	0.587734	0.000000
-0.462954	-0.104114	0.000000
-0.400925	-0.481488	0.000000
-0.002735	0.476834	0.000000
-0.526547	0.555444	0.000000
-0.976506	-0.553470	0.000000
0.033388	0.104762	0.000000
-0.226260	0.358667	0.000000
0.050011	0.115079	0.000000
-0.543546	0.788119	0.000000
-0.552021	0.680038	0.000000
-0.034425	0.234287	0.000000
-0.021737	-0.070091	0.000000
-0.394095	-0.311332	0.000000
-0.505870	-0.337270	0.000000
-0.081752	0.320368	0.000000
0.103054	0.227751	0.000000
0.079383	-0.290122	0.000000
-0.432730	0.309788	0.000000
-0.560654	-0.492799	0.000000
-0.162273	-0.399803	0.000000
-0.526117	0.443566	0.000000
-0.430630	-0.218326	0.000000
0.054484	-0.509402	0.000000
-0.133303	0.231739	0.000000
-0.098682	-0.289248	0.000000
-0.293435	-0.401374	0.000000
-0.254302	0.665679	0.000000
-0.425641	0.526844	0.000000
-0.093134	0.234623	0.000000
-0.317755	-0.199489	0.000000
-0.431385	-0.276570	0.000000
-0.335408	0.684123	0.000000
0.042031	-0.183331	0.000000
0.093625	-0.442068	0.000000
-0.216535	0.547975	0.000000
-0.078457	-0.561461	0.000000
-0.235535	0.108158	0.000000
0.068116	0.059504	0.000000
0.992848	0.046123	0.000000
-0.173689	-0.789460	0.000000
0.066978	0.292782	0.000000
-0.741775	0.315335	0.000000
0.940204	0.413602	0.000000
0.043407	-0.370385	0.000000
-0.013230	-0.212899	0.000000
-0.258417	-0.029253	0.000000
0.146589	-0.227598	0.000000
-0.276104	-0.432348	0.000000
-0.470011	0.281667	0.000000
-0.407096	0.848161	0.000000
-0.053335	-0.274338	0.000000
-0.297053	-0.564687	0.000000
-0.330564	-0.580913	0.000000
-0.205917	-0.214016	0.000000
-0.314944	-0.789659	0.000000
0.018310	0.255310	0.000000
-0.119865	-0.618262	0.000000
-0.262077	-0.475968	0.000000
-0.331126	0.072523	0.000000
0.040662	-0.467102	0.000000
0.171486	-0.007510	0.000000
-0.086549	0.690824	0.000000
-0.121471	-0.990482	0.000000
-0.290559	0.554712	0.000000
0.025942	-0.337236	0.000000
-0.450917	-0.740854	0.000000
-0.250622	-0.255236	0.000000
0.052216	0.025779	0.000000
-0.016146	-0.311580	0.000000
-0.247468	0.405366	0.000000
-0.208567	0.653392	0.000000
-0.549517	0.329308	0.000000
-0.840848	-0.080961	0.000000
-0.479606	-0.279209	0.000000
-0.143475	0.363577	0.000000
-0.410724	-0.179991	0.000000
-0.137753	-0.280658	0.000000
-0.035264	-0.550293	0.000000
0.962620	0.380157	0.000000
-0.232550	0.523424	0.000000
-0.223285	0.561156	0.000000
-0.208189	0.407940	0.000000
-0.276091	-0.511484	0.000000
-0.602939	0.524901	0.000000
-0.070372	0.130914	0.000000
-0.371408	-0.466841	0.000000
-0.079941	0.456545	0.000000
-0.258419	0.449215	0.000000
-0.340717	0.739988	0.000000
-0.280082	-0.386652	0.000000
-0.181460	-0.152669	0.000000
-0.501688	-0.726243	0.000000
-0.115714	0.031731	0.000000
-0.045691	-0.759543	0.000000
-0.308263	-0.086834	0.000000
-0.030044	0.361543	0.000000
-0.364393	-0.692603	0.000000
-0.398759	-0.294014	0.000000
-0.664953	-0.325044	0.000000
-0.252670	-0.376104	0.000000
-0.485609	-0.642433	0.000000
0.107969	-0.074581	0.000000
-0.835379	-0.103461	0.000000
-0.457258	-0.122483	0.000000
-0.624112	-0.442228	0.000000
-0.350649	0.801570	0.000000
-0.225221	-0.476244	0.000000
-0.471118	-0.726768	0.000000
-0.427420	-0.351433	0.000000
-0.515594	-0.542902	0.000000
-0.444366	-0.814323	0.000000
0.041301	-0.305030	0.000000
-0.465916	-0.218287	0.000000
-0.479029	-0.669904	0.000000
-0.386295	0.095678	0.000000
-0.583593	0.864668	0.000000
-0.415331	-0.635987	0.000000
-0.160171	0.406945	0.000000
0.101839	-0.313957	0.000000
0.020893	0.321307	0.000000
0.130613	0.141290	0.000000
-0.690195	0.120373	0.000000
-0.156728	0.209265	0.000000
0.097778	-0.457115	0.000000
0.117165	-0.300972	0.000000
-0.048754	0.362653	0.000000
-0.276331	-0.094456	0.000000
-0.311183	0.000537	0.000000
-0.189214	0.201763	0.000000
-0.571465	0.572144	0.000000
-0.382233	0.118531	0.000000
-0.136300	-0.231363	0.000000
-0.001815	-0.341108	0.000000
0.073723	-0.496955	0.000000
-0.105657	0.353429	0.000000
-0.199782	-0.309415	0.000000
-0.058398	0.350493	0.000000
0.011702	-0.092969	0.000000
-0.229928	0.492022	0.000000
-0.632482	-0.434854	0.000000
-0.015784	0.505762	0.000000
-0.400140	-0.344156	0.000000
-0.241315	0.333330	0.000000
-0.313918	-0.190904	0.000000
0.020939	0.025838	0.000000
0.960654	0.004108	0.000000
-0.262102	0.036268	0.000000
-0.042545	-0.736695	0.000000
0.018227	0.324954	0.000000
-0.033489	0.276292	0.000000
-0.196375	-0.269111	0.000000
-0.216311	-0.289263	0.000000
-0.032443	0.596369	0.000000
-0.516994	0.714202	0.000000
-0.385502	-0.265816	0.000000
0.074342	-0.104335	0.000000
0.024564	0.361518	0.000000
-0.664301	0.455099	0.000000
-0.247750	0.661008	0.000000
-0.641296	0.533569	0.000000
-0.319368	-0.858416	0.000000
-0.259872	-0.387162	0.000000
-0.353655	-0.758225	0.000000
-0.536030	0.543241	0.000000
0.015550	0.472046	0.000000
-0.067135	-0.141820	0.000000
-0.105897	0.290136	0.000000
-0.209593	0.160463	0.000000
-0.317895	-0.762655	0.000000
-0.138646	0.386457	0.000000
-0.478911	-0.445791	0.000000
-0.015222	-0.289134	0.000000
-0.411246	0.300556	0.000000
-0.069092	0.618969	0.000000
-0.180969	-0.532875	0.000000
-0.772314	0.191661	0.000000
-0.143770	0.298881	0.000000
-0.145702	0.039314	0.000000
-0.201588	0.692552	0.000000
-0.559781	-0.471214	0.000000
-0.063650	0.416036	0.000000
0.051085	-0.189522	0.000000
-0.211433	-0.633855	0.000000
-0.142080	0.411910	0.000000
-0.183830	-0.091709	0.000000
0.122828	-0.097525	0.000000
-0.169469	0.091502	0.000000
-0.854195	-0.101897	0.000000
-0.435140	-0.296896	0.000000
-0.108156	-0.917696	0.000000
-0.617269	0.129053	0.000000
-0.282391	0.603828	0.000000
-0.147791	-0.950330	0.000000
-0.280665	-0.148797	0.000000
-0.375956	0.835616	0.000000
-0.230482	0.012751	0.000000
-0.022281	0.462160	0.000000
-0.023075	0.300360	0.000000
-0.468857	-0.226694	0.000000
0.089098	-0.481128	0.000000
-0.730753	0.596618	0.000000
-0.311130	0.274367	0.000000
0.083899	-0.168893	0.000000
-0.275770	0.035340	0.000000
0.061231	0.239152	0.000000
-0.033818	0.102957	0.000000
-0.243986	-0.225135	0.000000
0.078883	-0.123127	0.000000
-0.317988	-0.123835	0.000000
-0.202275	-0.006100	0.000000
-0.384365	0.771796	0.000000
0.970040	0.403164	0.000000
0.971706	-0.059492	0.000000
-0.185509	-0.109069	0.000000
0.021664	-0.123399	0.000000
-0.169113	0.592784	0.000000
-0.111405	-0.535116	0.000000
-0.327991	0.399722	0.000000
-0.194628	0.354559	0.000000
-0.597224	0.819130	0.000000
-0.030293	0.373627	0.000000
-0.358680	-0.200135	0.000000
0.106684	-0.469581	0.000000
-0.136218	-0.032896	0.000000
-0.078290	0.420822	0.000000
-0.997406	-0.515432	0.000000
-0.449192	0.481066	0.000000
-0.666346	0.709488	0.000000
-0.594982	0.751078	0.000000
-0.122035	-0.984521	0.000000
0.973843	-0.055507	0.000000
-0.310200	-0.151033	0.000000
-0.839032	0.067641	0.000000
-0.251457	0.726895	0.000000
-0.391474	0.361159	0.000000
-0.644398	-0.200785	0.000000
-0.048367	-0.182821	0.000000
-0.354774	-0.389410	0.000000
-0.254537	0.482848	0.000000
-0.231457	-0.013138	0.000000
-0.913239	-0.531669	0.000000
-0.198288	-0.028605	0.000000
-0.296446	0.661111	0.000000
-0.267276	0.552760	0.000000
-0.542355	0.493191	0.000000
-0.297836	-0.330582	0.000000
-0.498640	-0.552184	0.000000
-0.312502	0.394572	0.000000
-0.466639	-0.129850	0.000000
-0.094852	0.107223	0.000000
-0.467807	0.094791	0.000000
0.083064	0.013710	0.000000
-0.284428	-0.838819	0.000000
-0.153265	0.480923	0.000000
-0.123227	-0.735790	0.000000
-0.022851	-0.426258	0.000000
-0.439106	-0.677186	0.000000
-0.088666	-0.087095	0.000000
-0.597483	-0.017338	0.000000
-0.191752	0.518024	0.000000
-0.121066	-0.749379	0.000000
-0.023642	-0.052313	0.000000
-0.632094	0.706608	0.000000
-0.246904	-0.401750	0.000000
-0.606051	0.929459	0.000000
-0.568682	-0.508139	0.000000
0.097300	0.445400	0.000000
-0.153966	0.453606	0.000000
-0.232728	0.242345	0.000000
0.122549	-0.232137	0.000000
-0.240004	-0.120895	0.000000
0.050283	-0.351970	0.000000
-0.225183	-0.391916	0.000000
-0.617713	0.738219	0.000000
-0.397353	0.317250	0.000000
-0.410511	0.252104	0.000000
0.016238	-0.262225	0.000000
-0.583028	0.259815	0.000000
-0.222104	-0.470694	0.000000
-0.610560	0.729717	0.000000
-0.316460	-0.438550	0.000000
-0.653958	-0.379759	0.000000
-0.047739	-0.731267	0.000000
-0.529567	-0.448219	0.000000
-0.351813	0.724827	0.000000
-0.207439	0.119063	0.000000
-0.246178	-0.535151	0.000000
-0.271222	0.122399	0.000000
-0.221826	0.711283	0.000000
-0.535537	-0.220448	0.000000
0.085710	-0.006053	0.000000
-0.455211	-0.261614	0.000000
-0.035740	0.056524	0.000000
-0.085170	0.254333	0.000000
-0.619211	-0.334720	0.000000
-0.416358	-0.097171	0.000000
0.054323	-0.456643	0.000000
-0.124360	-0.191785	0.000000
-0.046702	-0.048733	0.000000
-0.901508	-0.699460	0.000000
-0.188151	-0.531015	0.000000
-0.693200	0.138917	0.000000
-0.160836	0.526932	0.000000
-0.635483	-0.495687	0.000000
-0.366457	-0.209472	0.000000
-0.122281	-0.500556	0.000000
-0.260671	-0.368876	0.000000
-0.236548	-0.196991	0.000000
-0.378801	0.893503	0.000000
-0.030302	0.478911	0.000000
0.080742	0.329594	0.000000
0.006975	-0.686160	0.000000
0.992597	0.076229	0.000000
-0.097071	0.388261	0.000000
-0.834205	-0.135612	0.000000
-0.342718	-0.177504	0.000000
-0.803121	0.167068	0.000000
-0.801056	0.396621	0.000000
-0.369029	-0.158382	0.000000
-0.248776	-0.407789	0.000000
-0.348372	-0.263039	0.000000
-0.275641	0.089399	0.000000
-0.375675	0.790645	0.000000
-0.279519	-0.755865	0.000000
-0.452399	-0.706343	0.000000
-0.742479	0.440159	0.000000
-0.281569	-0.309996	0.000000
-0.435030	-0.212247	0.000000
-0.260850	0.573024	0.000000
-0.723111	0.627771	0.000000
-0.280571	-0.535725	0.000000
-0.620452	0.899649	0.000000
0.040289	0.070619	0.000000
-0.171035	0.684803	0.000000
0.110051	-0.042007	0.000000
-0.626913	-0.508046	0.000000
-0.216511	-0.593261	0.000000
-0.569217	0.569394	0.000000
-0.403713	0.230657	0.000000
-0.454943	-0.412480	0.000000
0.064700	-0.508892	0.000000
0.079388	0.018769	0.000000
-0.077718	0.018896	0.000000
-0.518023	-0.125251	0.000000
-0.249924	-0.298748	0.000000
-0.475592	-0.103152	0.000000
-0.296261	-0.309604	0.000000
0.011348	-0.131461	0.000000
-0.530149	-0.322043	0.000000
-0.671802	0.515917	0.000000
-0.263488	-0.507379	0.000000
-0.521534	0.771217	0.000000
-0.139105	-0.867089	0.000000
-0.585070	0.414020	0.000000
-0.790843	0.253011	0.000000
0.139022	0.009345	0.000000
0.028186	-0.169167	0.000000
-0.894958	-0.701005	0.000000
-0.335334	-0.426600	0.000000
-0.141645	-0.178438	0.000000
-0.926210	-0.631918	0.000000
-0.626419	0.744313	0.000000
-0.346943	-0.460555	0.000000
-0.584062	0.861892	0.000000
-0.418228	-0.354992	0.000000
-0.701770	0.508145	0.000000
0.135245	-0.011460	0.000000
-0.326612	-0.076257	0.000000
-0.296687	-0.240285	0.000000
0.982320	0.158798	0.000000
-0.414819	-0.599616	0.000000
-0.113377	0.202815	0.000000
-0.286566	-0.424015	0.000000
0.054208	-0.098448	0.000000
-0.020229	-0.416317	0.000000
0.079153	-0.165366	0.000000
-0.278593	-0.208725	0.000000
0.038443	-0.422305	0.000000
0.044303	-0.677894	0.000000
-0.521682	0.607414	0.000000
0.104623	-0.134340	0.000000
-0.421282	-0.398947	0.000000
-0.126952	0.365801	0.000000
-0.006942	-0.188364	0.000000
-0.229320	0.071826	0.000000
-0.490628	-0.460335	0.000000
-0.262051	0.196499	0.000000
-0.250574	-0.204841	0.000000
-0.551624	0.806373	0.000000
0.178573	0.001850	0.000000
-0.023813	-0.540536	0.000000
-0.610341	0.590760	0.000000
0.045504	-0.564595	0.000000
-0.135057	-0.743787	0.000000
0.111175	0.145320	0.000000
-0.717991	0.612988	0.000000
-0.317625	-0.053114	0.000000
-0.591275	0.348343	0.000000
0.135615	0.144587	0.000000
-0.434186	-0.815944	0.000000
-0.111662	-0.249479	0.000000
-0.294167	-0.596471	0.000000
-0.406052	-0.593677	0.000000
-0.385867	-0.146391	0.000000
-0.000045	-0.374391	0.000000
-0.108191	0.661830	0.000000
0.021281	-0.265883	0.000000
-0.513644	-0.265608	0.000000
-0.033511	0.238054	0.000000
-0.002149	0.135802	0.000000
-0.750239	-0.236397	0.000000
0.179376	-0.135086	0.000000
-0.324911	-0.228368	0.000000
0.055690	0.057837	0.000000
0.970920	0.298761	0.000000
-0.375250	0.896244	0.000000
0.016491	-0.431398	0.000000
-0.380756	-0.060199	0.000000
-0.250682	-0.343411	0.000000
-0.041211	0.045932	0.000000
-0.067979	-0.106320	0.000000
0.948708	0.422598	0.000000
-0.228727	0.624701	0.000000
-0.142326	0.289365	0.000000
-0.451650	0.279174	0.000000
-0.096702	-0.051798	0.000000
-0.303988	-0.850176	0.000000
0.106656	-0.274669	0.000000
0.974580	0.078446	0.000000
-0.046061	0.584371	0.000000
-0.024462	0.198714	0.000000
-0.304112	-0.824989	0.000000
-0.789250	-0.048378	0.000000
0.103423	-0.090476	0.000000
-0.019962	0.486276	0.000000
-0.588241	-0.518233	0.000000
0.010777	-0.562471	0.000000
-0.519399	-0.255451	0.000000
-0.306445	-0.515209	0.000000
-0.353435	-0.800089	0.000000
-0.144420	0.446058	0.000000
-0.346603	-0.122794	0.000000
-0.180312	-0.566062	0.000000
-0.202739	-0.555474	0.000000
0.122659	-0.080709	0.000000
-0.190040	-0.000312	0.000000
-0.090885	0.469990	0.000000
-0.226795	-0.121034	0.000000
-0.169175	0.092364	0.000000
-0.280427	0.473438	0.000000
-0.921692	0.039454	0.000000
-0.544363	0.788143	0.000000
-0.366087	-0.206018	0.000000
0.064420	-0.230852	0.000000
-0.346130	-0.278497	0.000000
-0.362003	0.053403	0.000000
-0.047039	-0.739077	0.000000
-0.077507	-0.687260	0.000000
0.056958	0.222524	0.000000
-0.179404	-0.525212	0.000000
0.143210	0.247320	0.000000
-0.424180	-0.241214	0.000000
0.057012	-0.463008	0.000000
-0.229708	-0.674587	0.000000
-0.377860	0.000807	0.000000
-0.069811	0.338946	0.000000
-0.528725	-0.588730	0.000000
-0.289075	-0.287482	0.000000
-0.242688	-0.326433	0.000000
-0.087826	-0.478752	0.000000
-0.277940	-0.558748	0.000000
-0.287651	-0.347319	0.000000
0.030504	0.375887	0.000000
-0.277136	-0.489748	0.000000
0.034827	-0.659974	0.000000
-0.576389	-0.215566	0.000000
-0.378784	-0.133015	0.000000
-0.474622	-0.609110	0.000000
-0.293158	-0.423962	0.000000
-0.467362	-0.538494	0.000000
-0.238029	0.050339	0.000000
-0.400030	-0.375900	0.000000
-0.019375	0.499711	0.000000
-0.262511	-0.610240	0.000000
0.122800	-0.061559	0.000000
-0.028968	0.472957	0.000000
-0.155367	0.043634	0.000000
-0.510467	-0.674100	0.000000
0.091000	-0.483063	0.000000
-0.245892	-0.078125	0.000000
0.201929	-0.067303	0.000000
-0.299744	0.082851	0.000000
-0.910335	-0.672626	0.000000
-0.279228	-0.417824	0.000000
-0.354931	-0.092943	0.000000
-0.799071	0.399005	0.000000
-0.083174	0.001710	0.000000
-0.730017	0.498404	0.000000
-0.300590	-0.222010	0.000000
-0.369307	0.734100	0.000000
-0.282511	-0.129567	0.000000
-0.305442	-0.458289	0.000000
-0.330801	-0.198346	0.000000
-0.002451	0.246404	0.000000
0.073208	0.387911	0.000000
0.114134	0.290227	0.000000
-0.577512	0.386755	0.000000
-0.329031	-0.472941	0.000000
-0.226534	-0.359146	0.000000
-0.247456	-0.453848	0.000000
-0.262441	0.601237	0.000000
-0.011862	-0.234410	0.000000
-0.288146	-0.495357	0.000000
-0.930137	0.049769	0.000000
-0.188188	-0.591659	0.000000
-0.580568	0.487730	0.000000
0.006322	0.449733	0.000000
-0.205587	0.110997	0.000000
-0.505789	0.499045	0.000000
-0.213147	-0.626884	0.000000
-0.386298	0.415244	0.000000
-0.643529	-0.477768	0.000000
0.023450	-0.418601	0.000000
0.101608	0.314257	0.000000
-0.232671	0.232837	0.000000
-0.215541	0.502504	0.000000
-0.324104	0.760959	0.000000
0.011433	-0.359814	0.000000
-0.480792	-0.064796	0.000000
-0.334340	0.430860	0.000000
-0.406467	0.163756	0.000000
-0.137175	0.352289	0.000000
-0.550339	0.578434	0.000000
-0.845994	0.142616	0.000000
-0.082478	0.416292	0.000000
0.141871	-0.107935	0.000000
-0.608147	-0.349121	0.000000
0.173615	-0.024090	0.000000
0.090999	0.159570	0.000000
-0.257077	-0.090195	0.000000
-0.538828	0.122377	0.000000
-0.088112	0.400978	0.000000
-0.636680	-0.295276	0.000000
-0.414802	0.294989	0.000000
-0.437629	0.280934	0.000000
-0.313673	-0.190163	0.000000
-0.247288	-0.298023	0.000000
-0.230206	0.495089	0.000000
-0.322540	-0.339240	0.000000
-0.080872	-0.593544	0.000000
0.114692	-0.018756	0.000000
-0.138745	-0.911726	0.000000
-0.148671	-0.328903	0.000000
0.020107	0.534365	0.000000
-0.466962	-0.233166	0.000000
-0.084480	-0.580189	0.000000
-0.629306	-0.193683	0.000000
-0.065465	0.450152	0.000000
-0.232125	0.072177	0.000000
-0.604727	0.029407	0.000000
-0.534219	0.301940	0.000000
-0.270022	-0.297430	0.000000
-0.207833	0.676976	0.000000
0.082256	0.057999	0.000000
-0.017498	-0.043025	0.000000
-0.052206	0.178917	0.000000
-0.604590	0.275862	0.000000
-0.263764	-0.344693	0.000000
-0.317303	-0.490928	0.000000
0.066217	-0.151820	0.000000
-0.212076	-0.465684	0.000000
-0.298715	-0.266537	0.000000
-0.036271	-0.674404	0.000000
-0.227676	-0.136730	0.000000
-0.383828	-0.022545	0.000000
-0.318631	-0.037165	0.000000
0.083710	-0.547628	0.000000
-0.598177	0.667359	0.000000
-0.227107	0.686447	0.000000
-0.306819	-0.200213	0.000000
-0.507983	-0.416843	0.000000
-0.507353	-0.390053	0.000000
-0.153135	0.653996	0.000000
-0.794731	-0.174137	0.000000
-0.399679	-0.750789	0.000000
0.921582	0.495949	0.000000
-0.488049	-0.759033	0.000000
-0.330610	-0.320691	0.000000
-0.105595	0.638469	0.000000
-0.251467	0.429250	0.000000
-0.772369	0.234764	0.000000
-0.269700	0.346932	0.000000
-0.168066	0.069345	0.000000
-0.917301	-0.581899	0.000000
-0.021623	-0.231354	0.000000
-0.184542	0.002987	0.000000
-0.213639	0.522001	0.000000
-0.074992	0.375187	0.000000
-0.167387	-0.003624	0.000000
-0.383811	0.843197	0.000000
-0.498594	-0.484293	0.000000
-0.117739	-0.240074	0.000000
-0.242019	0.184941	0.000000
-0.123457	0.620384	0.000000
-0.233800	-0.318745	0.000000
0.117393	0.236889	0.000000
-0.669258	0.684308	0.000000
-0.651010	-0.456688	0.000000
-0.396485	-0.543136	0.000000
-0.240456	-0.421869	0.000000
-0.295461	0.382738	0.000000
-0.601143	-0.559425	0.000000
-0.490514	0.682048	0.000000
-0.426004	-0.636561	0.000000
-0.167248	-0.277622	0.000000
-0.040491	0.256285	0.000000
-0.409477	-0.029718	0.000000
0.124057	-0.171192	0.000000
-0.437464	0.273106	0.000000
-0.339882	0.794728	0.000000
-0.388985	-0.420800	0.000000
-0.210650	0.345807	0.000000
-0.249885	-0.222729	0.000000
-0.525815	0.051173	0.000000
-0.402325	-0.761680	0.000000
-0.270096	0.316381	0.000000
0.045286	-0.437636	0.000000
-0.593303	0.534200	0.000000
0.106988	0.227251	0.000000
-0.347896	-0.528584	0.000000
-0.053827	0.392846	0.000000
-0.024373	0.196468	0.000000
-0.004085	-0.536491	0.000000
-0.648825	0.907200	0.000000
-0.576007	-0.181961	0.000000
-0.572575	0.626181	0.000000
-0.448982	-0.316999	0.000000
-0.126493	0.631438	0.000000
-0.426507	-0.800226	0.000000
-0.237630	-0.367711	0.000000
-0.214680	0.584190	0.000000
0.108254	-0.359100	0.000000
-0.598366	0.355353	0.000000
-0.215936	-0.662493	0.000000
-0.054134	-0.450244	0.000000
0.123909	-0.044841	0.000000
-0.748163	-0.009061	0.000000
0.054831	0.159085	0.000000
0.066327	-0.122409	0.000000
-0.207706	0.548382	0.000000
0.162182	-0.144775	0.000000
-0.485476	-0.301679	0.000000
-0.310102	-0.372998	0.000000
-0.173485	0.626277	0.000000
-0.110225	-0.732476	0.000000
-0.100870	-0.556829	0.000000
-0.141730	-0.854433	0.000000
-0.653119	0.871599	0.000000
-0.394761	-0.702790	0.000000
-0.448400	-0.504360	0.000000
-0.104878	0.428398	0.000000
0.001502	0.450497	0.000000
-0.424445	-0.326689	0.000000
0.069950	0.360431	0.000000
-0.319144	0.406389	0.000000
-0.663871	-0.345134	0.000000
-0.488471	-0.625944	0.000000
-0.652409	-0.387297	0.000000
-0.391749	0.137992	0.000000
-0.235393	-0.158175	0.000000
-0.152181	-0.198313	0.000000
0.015752	-0.498374	0.000000
-0.295225	-0.163114	0.000000
-0.437933	0.269630	0.000000
-0.066070	-0.077959	0.000000
-0.838052	-0.185878	0.000000
-0.362463	-0.689108	0.000000
-0.325667	-0.437490	0.000000
0.040647	0.194377	0.000000
-0.091026	-0.018652	0.000000
-0.250831	0.421581	0.000000
-0.250479	-0.414899	0.000000
-0.766611	0.047649	0.000000
-0.569271	0.509529	0.000000
-0.346270	0.797120	0.000000
-0.138042	0.158146	0.000000
-0.753232	0.233591	0.000000
-0.739252	0.262141	0.000000
-0.746305	0.642394	0.000000
-0.021876	0.310684	0.000000
0.063081	-0.533204	0.000000
-0.108143	-0.990434	0.000000
-0.561031	-0.356305	0.000000
-0.585867	0.479689	0.000000
-0.208273	-0.775792	0.000000
-0.302452	-0.173319	0.000000
-0.048846	-0.578994	0.000000
-0.331452	-0.168769	0.000000
-0.009210	0.205749	0.000000
0.026849	0.049561	0.000000
-0.135383	0.647843	0.000000
-0.008138	0.376853	0.000000
-0.206124	-0.837334	0.000000
-0.096896	-0.163524	0.000000
-0.030666	0.558209	0.000000
-0.969838	-0.564558	0.000000
-0.192083	-0.532692	0.000000
-0.781892	0.323644	0.000000
-0.525993	0.568279	0.000000
-0.466937	0.439899	0.000000
0.044589	-0.365474	0.000000
0.045473	0.234344	0.000000
-0.266595	0.363551	0.000000
-0.113033	0.640476	0.000000
-0.470269	-0.493593	0.000000
-0.218420	0.445202	0.000000
-0.465362	-0.686597	0.000000
-0.295833	-0.670834	0.000000
-0.540341	0.036202	0.000000
-0.211981	-0.467663	0.000000
-0.480807	-0.280053	0.000000
-0.336750	0.140446	0.000000
0.052990	-0.114736	0.000000
-0.002865	0.323070	0.000000
-0.011326	0.131037	0.000000
-0.166931	-0.216927	0.000000
-0.262614	-0.221705	0.000000
-0.219037	0.143555	0.000000
-0.496166	0.015327	0.000000
-0.498448	0.386908	0.000000
-0.408981	-0.503390	0.000000
-0.130964	-0.228456	0.000000
-0.081016	-0.794959	0.000000
-0.239874	-0.173681	0.000000
-0.213703	0.746765	0.000000
-0.075142	0.255886	0.000000
-0.242830	-0.271552	0.000000
-0.765247	0.203825	0.000000
-0.983115	-0.549985	0.000000
0.022922	-0.063717	0.000000
-0.187111	0.300863	0.000000
-0.190828	-0.437715	0.000000
0.044461	-0.555963	0.000000
0.086999	-0.083347	0.000000
0.107187	0.040260	0.000000
-0.315810	0.036744	0.000000
-0.359447	-0.202572	0.000000
0.107655	0.350209	0.000000
0.029955	-0.110444	0.000000
-0.128076	0.268052	0.000000
-0.379916	0.706606	0.000000
-0.392494	0.033577	0.000000
-0.671304	-0.325948	0.000000
-0.521763	0.204863	0.000000
-0.047105	0.375373	0.000000
0.051270	-0.003962	0.000000
-0.149168	0.195191	0.000000
-0.421070	0.154483	0.000000
-0.334079	-0.385815	0.000000
-0.381166	-0.367617	0.000000
-0.836005	-0.159226	0.000000
-0.141712	0.574201	0.000000
-0.073098	-0.080911	0.000000
-0.892893	0.140851	0.000000
-0.383774	-0.522361	0.000000
-0.191378	-0.444545	0.000000
-0.048802	0.149851	0.000000
-0.301022	0.773535	0.000000
-0.531739	0.556470	0.000000
-0.722585	0.244345	0.000000
-0.619278	0.508336	0.000000
-0.062994	-0.724940	0.000000
0.011403	0.123703	0.000000
-0.319091	0.679380	0.000000
-0.410919	-0.058045	0.000000
0.006279	0.223868	0.000000
0.974948	0.237225	0.000000
-0.327837	-0.053160	0.000000
0.052265	-0.252825	0.000000
0.113042	0.435999	0.000000
-0.489652	0.354889	0.000000
0.037925	0.216431	0.000000
-0.139180	-0.884694	0.000000
-0.471189	0.370806	0.000000
0.093477	0.124038	0.000000
-0.244068	0.616657	0.000000
-0.072874	-0.120612	0.000000
-0.277984	-0.409144	0.000000
-0.726478	0.645500	0.000000
-0.577708	0.528696	0.000000
-0.172694	0.471224	0.000000
-0.232875	-0.189319	0.000000
0.087248	-0.354522	0.000000
-0.306242	0.033398	0.000000
-0.657981	0.698545	0.000000
0.058153	-0.594492	0.000000
-0.675137	0.067221	0.000000
-0.246703	-0.077879	0.000000
-0.068424	-0.279700	0.000000
-0.219296	-0.101875	0.000000
-0.305173	-0.569446	0.000000
-0.494247	-0.195676	0.000000
-0.662944	0.378742	0.000000
0.087801	0.228473	0.000000
-0.413830	0.171206	0.000000
-0.692334	0.290757	0.000000
-0.490017	0.422344	0.000000
-0.641657	-0.418098	0.000000
0.081920	-0.460525	0.000000
-0.242717	-0.182084	0.000000
-0.575726	-0.337022	0.000000
-0.237078	0.060764	0.000000
-0.343080	-0.154633	0.000000
-0.343314	-0.845678	0.000000
-0.142708	-0.330212	0.000000
-0.678626	0.634618	0.000000
-0.132829	-0.168130	0.000000
-0.593605	0.894219	0.000000
0.151024	-0.080843	0.000000
0.102119	-0.022212	0.000000
-0.345609	0.217354	0.000000
-0.020040	0.486485	0.000000
-0.026754	-0.098168	0.000000
-0.252280	-0.383708	0.000000
-0.375281	0.896495	0.000000
-0.473572	-0.449164	0.000000
-0.283735	-0.306950	0.000000
-0.587781	0.495255	0.000000
0.049918	-0.060044	0.000000
-0.225976	-0.529811	0.000000
-0.298817	-0.433040	0.000000
-0.338529	-0.732348	0.000000
0.087130	0.022066	0.000000
-0.545773	0.604519	0.000000
-0.407806	0.807805	0.000000
-0.276953	0.144577	0.000000
0.048945	-0.654810	0.000000
-0.525321	-0.001795	0.000000
-0.294114	-0.446460	0.000000
-0.368587	0.330207	0.000000
-0.383628	0.644596	0.000000
-0.333485	-0.659560	0.000000
-0.438808	0.001339	0.000000
-0.121199	0.170025	0.000000
-0.265528	-0.237192	0.000000
-0.052239	-0.584113	0.000000
-0.230165	-0.290902	0.000000
-0.878452	0.166814	0.000000
-0.678557	0.329623	0.000000
0.041640	-0.471505	0.000000
-0.182261	0.404505	0.000000
-0.658053	0.774222	0.000000
-0.303840	-0.496992	0.000000
0.046874	-0.230488	0.000000
0.980776	0.185398	0.000000
-0.039917	0.414585	0.000000
0.063649	-0.132932	0.000000
-0.325461	-0.390813	0.000000
-0.533992	-0.447982	0.000000
-0.168006	0.220504	0.000000
0.065392	0.329566	0.000000
-0.635106	-0.401637	0.000000
-0.670110	0.504449	0.000000
-0.243404	0.417030	0.000000
-0.052154	0.148179	0.000000
-0.333341	0.868566	0.000000
0.035938	-0.584619	0.000000
0.018136	-0.498299	0.000000
-0.589643	0.317980	0.000000
-0.329161	-0.398032	0.000000
-0.115033	0.290415	0.000000
-0.388843	-0.549525	0.000000
-0.512545	0.092749	0.000000
-0.436119	0.278425	0.000000
-0.393813	0.143048	0.000000
-0.185261	-0.592314	0.000000
-0.234756	0.216431	0.000000
-0.787877	0.649292	0.000000
-0.250480	0.431695	0.000000
-0.071250	-0.630086	0.000000
-0.640811	0.250593	0.000000
-0.069354	-0.412820	0.000000
-0.181063	0.273767	0.000000
-0.140431	-0.690901	0.000000
-0.556292	-0.305063	0.000000
-0.485073	-0.720195	0.000000
-0.324414	0.774497	0.000000
-0.501155	-0.598356	0.000000
0.065388	0.283089	0.000000
-0.191581	0.454665	0.000000
-0.254496	0.153612	0.000000
-0.369865	-0.452260	0.000000
-0.078328	0.537376	0.000000
-0.007735	0.451687	0.000000
0.077692	-0.137676	0.000000
-0.014689	-0.145725	0.000000
-0.001718	-0.070647	0.000000
0.024054	0.356978	0.000000
0.012940	0.449204	0.000000
-0.025113	0.486204	0.000000
-0.397330	-0.039206	0.000000
-0.224391	0.304721	0.000000
-0.255681	0.448625	0.000000
-0.616224	0.547816	0.000000
-0.927866	-0.026669	0.000000
-0.063638	-0.207357	0.000000
-0.596172	-0.225338	0.000000
-0.082188	0.150154	0.000000
0.985109	0.148177	0.000000
-0.005328	-0.727114	0.000000
-0.629116	0.587543	0.000000
-0.290586	0.560146	0.000000
0.001773	0.506671	0.000000
0.074204	-0.173261	0.000000
0.002363	-0.378478	0.000000
-0.119101	0.184261	0.000000
-0.292224	0.083015	0.000000
0.096611	0.377986	0.000000
0.090678	-0.401245	0.000000
-0.497419	-0.205256	0.000000
-0.261263	0.426501	0.000000
-0.241422	0.584265	0.000000
-0.516635	0.474150	0.000000
0.091404	-0.059547	0.000000
-0.792639	0.418890	0.000000
-0.192707	-0.714405	0.000000
-0.053349	0.527830	0.000000
-0.237891	0.375889	0.000000
-0.626211	-0.424227	0.000000
-0.138812	-0.449602	0.000000
-0.350880	0.014384	0.000000
0.106219	-0.087482	0.000000
-0.664607	0.737246	0.000000
-0.558045	-0.445195	0.000000
-0.575385	0.543641	0.000000
-0.338202	-0.542628	0.000000
-0.283443	0.639145	0.000000
-0.098148	-0.537766	0.000000
-0.785873	0.034271	0.000000
-0.662133	0.534561	0.000000
-0.624685	0.183301	0.000000
-0.539394	0.742737	0.000000
-0.452734	-0.351439	0.000000
-0.222083	-0.518662	0.000000
-0.502290	0.238537	0.000000
-0.367819	-0.004225	0.000000
-0.396299	0.113260	0.000000
-0.160623	0.269334	0.000000
0.091680	-0.031970	0.000000
-0.173477	0.661709	0.000000
-0.546758	0.536567	0.000000
-0.305080	-0.385523	0.000000
-0.704584	0.367619	0.000000
0.161785	-0.208064	0.000000
-0.298960	0.728669	0.000000
-0.393978	0.139480	0.000000
-0.041442	0.423370	0.000000
-0.740747	0.006852	0.000000
-0.127608	-0.335873	0.000000
-0.285194	0.773592	0.000000
-0.226671	0.698359	0.000000
0.156810	-0.020957	0.000000
-0.235687	-0.348492	0.000000
-0.170065	0.701083	0.000000
-0.109912	-0.619572	0.000000
-0.797596	0.404052	0.000000
-0.523605	-0.147213	0.000000
-0.292503	-0.127370	0.000000
0.030228	0.384100	0.000000
0.936907	0.432989	0.000000
-0.134777	-0.925411	0.000000
-0.226950	0.526913	0.000000
-0.251711	0.210584	0.000000
-0.325071	0.786095	0.000000
-0.617231	0.466917	0.000000
-0.914689	0.104708	0.000000
-0.486326	-0.759555	0.000000
0.034877	0.094882	0.000000
-0.344644	-0.374195	0.000000
-0.610840	0.865625	0.000000
-0.075333	-0.154315	0.000000
0.068911	0.208742	0.000000
-0.215004	-0.204085	0.000000
-0.631182	0.447787	0.000000
-0.079589	0.444525	0.000000
-0.305941	0.583837	0.000000
-0.561668	0.763537	0.000000
0.102243	-0.069533	0.000000
-0.744744	0.346766	0.000000
-0.568910	0.179815	0.000000
-0.051374	0.108594	0.000000
-0.304190	-0.150466	0.000000
-0.349913	0.319931	0.000000
-0.577497	0.606499	0.000000
-0.604170	0.720782	0.000000
-0.443378	-0.375840	0.000000
-0.012931	-0.364411	0.000000
-0.143743	-0.339424	0.000000
-0.209359	-0.644166	0.000000
-0.404860	0.304558	0.000000
-0.645126	0.964888	0.000000
-0.621819	-0.366744	0.000000
-0.467386	-0.460461	0.000000
-0.661890	0.174065	0.000000
-0.420902	-0.634920	0.000000
-0.239007	0.096792	0.000000
-0.413321	-0.732572	0.000000
-0.163903	0.279798	0.000000
-0.255726	0.334056	0.000000
-0.081838	-0.296996	0.000000
0.972071	0.061500	0.000000
-0.036509	0.144962	0.000000
0.068398	-0.348487	0.000000
-0.197768	-0.002389	0.000000
-0.005163	0.557473	0.000000
-0.245434	0.440524	0.000000
-0.388777	-0.243856	0.000000
-0.141119	-0.150791	0.000000
0.002073	-0.564680	0.000000
0.058423	0.057061	0.000000
-0.204455	-0.504301	0.000000
-0.331366	-0.831437	0.000000
-0.542369	-0.432301	0.000000
-0.541641	-0.350485	0.000000
-0.150145	-0.001024	0.000000
-0.036888	0.005981	0.000000
-0.124005	-0.939057	0.000000
-0.296596	-0.742182	0.000000
-0.580682	-0.411763	0.000000
-0.918794	-0.524342	0.000000
-0.393515	0.054484	0.000000
-0.190025	-0.370373	0.000000
-0.135869	-0.623997	0.000000
-0.186750	-0.279294	0.000000
-0.569161	-0.564577	0.000000
-0.052714	-0.707056	0.000000
-0.536471	-0.651641	0.000000
-0.318184	-0.824739	0.000000
0.046816	-0.513537	0.000000
-0.217173	0.624322	0.000000
-0.609819	-0.506887	0.000000
-0.326651	0.437015	0.000000
-0.334995	-0.248448	0.000000
-0.275398	0.154310	0.000000
-0.044222	-0.451073	0.000000
-0.626498	0.767519	0.000000
-0.106822	-0.778728	0.000000
-0.385588	-0.160093	0.000000
-0.687978	0.309126	0.000000
-0.555530	-0.323523	0.000000
-0.118957	0.365399	0.000000
-0.348819	-0.478542	0.000000
-0.136521	-0.575692	0.000000
-0.701517	0.000241	0.000000
-0.293058	0.512575	0.000000
-0.297603	-0.746614	0.000000
-0.284242	-0.166117	0.000000
-0.533858	0.446410	0.000000
0.093599	-0.307529	0.000000
-0.299265	-0.203753	0.000000
-0.311703	0.660432	0.000000
-0.199453	-0.241351	0.000000
-0.902685	0.353537	0.000000
-0.148919	0.412653	0.000000
-0.722715	0.007849	0.000000
-0.232094	-0.131034	0.000000
-0.090566	0.195730	0.000000
-0.592818	0.366593	0.000000
-0.347706	-0.093495	0.000000
-0.477369	-0.453568	0.000000
-0.083468	0.368533	0.000000
-0.152992	-0.117696	0.000000
-0.569351	0.361879	0.000000
0.068463	-0.155302	0.000000
-0.656657	-0.416572	0.000000
-0.345435	-0.482442	0.000000
-0.792385	0.371932	0.000000
-0.517191	-0.471614	0.000000
-0.616043	0.495522	0.000000
-0.251832	-0.386729	0.000000
-0.644094	0.531138	0.000000
-0.260335	0.603944	0.000000
-0.262030	0.191215	0.000000
-0.315220	-0.359527	0.000000
-0.179965	-0.095113	0.000000
-0.534246	0.402340	0.000000
0.165735	-0.126903	0.000000
-0.507008	0.070191	0.000000
-0.283717	0.677174	0.000000
-0.391299	0.849356	0.000000
-0.434851	-0.795491	0.000000
-0.275169	0.573293	0.000000
0.030334	0.215508	0.000000
-0.462049	-0.338006	0.000000
0.104820	0.220122	0.000000
0.171056	-0.151668	0.000000
-0.132149	-0.338713	0.000000
-0.554314	0.772266	0.000000
-0.002275	0.309222	0.000000
-0.485562	-0.758748	0.000000
-0.461056	-0.777713	0.000000
-0.606867	-0.370106	0.000000
-0.115091	0.171213	0.000000
-0.549694	0.099685	0.000000
0.090161	-0.036774	0.000000
-0.565706	0.361878	0.000000
-0.119321	-0.980192	0.000000
-0.035767	0.607669	0.000000
-0.108913	0.581070	0.000000
-0.622288	0.526284	0.000000
-0.052509	0.165571	0.000000
-0.178742	0.421398	0.000000
-0.417492	-0.236767	0.000000
-0.616436	0.911342	0.000000
-0.371626	-0.273454	0.000000
-0.180503	-0.302106	0.000000
-0.308927	0.615135	0.000000
0.044726	-0.671426	0.000000
-0.229625	0.269447	0.000000
-0.287622	0.202338	0.000000
-0.308695	-0.107535	0.000000
-0.283701	-0.159307	0.000000
-0.074425	-0.174939	0.000000
-0.359377	0.264109	0.000000
-0.278830	0.027914	0.000000
-0.246189	-0.531413	0.000000
-0.336473	0.420744	0.000000
-0.304507	0.760113	0.000000
-0.676802	0.118577	0.000000
-0.235000	-0.326625	0.000000
-0.065347	0.330466	0.000000
-0.116133	-0.934816	0.000000
-0.126133	0.663001	0.000000
0.964536	0.366861	0.000000
-0.338518	-0.869155	0.000000
-0.442082	-0.681387	0.000000
-0.238061	-0.262138	0.000000
-0.625560	0.760735	0.000000
-0.641170	-0.232692	0.000000
-0.298384	-0.490539	0.000000
-0.666872	0.759527	0.000000
0.076357	0.086626	0.000000
-0.215018	0.315075	0.000000
-0.609632	0.826080	0.000000
-0.475124	-0.556826	0.000000
-0.694837	0.631630	0.000000
-0.414471	-0.399777	0.000000
-0.389301	-0.242448	0.000000
0.148481	0.034300	0.000000
-0.636101	0.825550	0.000000
-0.301786	-0.752326	0.000000
-0.557611	0.301161	0.000000
-0.230851	-0.597042	0.000000
-0.269763	-0.415608	0.000000
0.025912	0.052023	0.000000
-0.312793	-0.237877	0.000000
-0.515393	0.530486	0.000000
-0.465221	-0.246831	0.000000
-0.598882	-0.382538	0.000000
-0.090597	0.515716	0.000000
-0.240057	-0.331633	0.000000
-0.573612	0.578025	0.000000
-0.564481	-0.131802	0.000000
-0.342237	-0.627589	0.000000
-0.235524	-0.336085	0.000000
-0.304823	-0.121505	0.000000
-0.187742	0.033658	0.000000
-0.698440	0.214374	0.000000
-0.584055	0.109495	0.000000
-0.105035	0.067498	0.000000
0.004697	-0.610146	0.000000
-0.105477	-0.700229	0.000000
-0.304863	-0.304716	0.000000
-0.121482	-0.432371	0.000000
-0.312429	0.445848	0.000000
-0.796780	0.311389	0.000000
-0.242803	0.340897	0.000000
-0.388087	0.815521	0.000000
0.096935	0.314591	0.000000
-0.170898	0.416134	0.000000
0.000925	0.220536	0.000000
-0.185100	0.629622	0.000000
-0.392464	0.204984	0.000000
-0.740938	0.255534	0.000000
-0.057085	0.037769	0.000000
-0.070336	0.397973	0.000000
-0.020731	-0.703337	0.000000
-0.027452	0.486805	0.000000
-0.242363	-0.294039	0.000000
-0.519995	0.051053	0.000000
0.000901	0.246913	0.000000
-0.021268	-0.344169	0.000000
-0.610834	0.359654	0.000000
-0.352392	-0.118295	0.000000
-0.192328	-0.461371	0.000000
-0.335537	-0.680178	0.000000
-0.257790	0.430385	0.000000
-0.354918	-0.471783	0.000000
-0.371880	-0.072019	0.000000
-0.272377	-0.202084	0.000000
0.051155	-0.061471	0.000000
-0.558566	-0.133583	0.000000
-0.171377	0.071149	0.000000
-0.074611	0.447886	0.000000
0.083964	-0.471372	0.000000
0.029060	-0.459269	0.000000
-0.177635	-0.111915	0.000000
-0.134012	0.521657	0.000000
-0.459797	0.275885	0.000000
-0.548071	0.092723	0.000000
-0.205626	-0.805106	0.000000
-0.216511	-0.531007	0.000000
-0.549729	-0.507809	0.000000
-0.326895	0.617046	0.000000
-0.161594	-0.886930	0.000000
-0.599711	0.901144	0.000000
-0.180654	0.091258	0.000000
-0.275059	-0.322007	0.000000
0.068311	0.310812	0.000000
-0.340481	-0.388431	0.000000
-0.608979	-0.216313	0.000000
-0.311908	-0.417696	0.000000
0.010566	0.328920	0.000000
-0.336418	0.137017	0.000000
-0.739533	0.091591	0.000000
-0.244596	-0.323069	0.000000
-0.459197	-0.553134	0.000000
-0.045413	0.488243	0.000000
-0.615060	0.578993	0.000000
-0.019133	-0.482631	0.000000
-0.570841	0.524209	0.000000
-0.562025	0.428840	0.000000
-0.835804	0.125379	0.000000
0.002807	0.441369	0.000000
-0.305210	0.613335	0.000000
-0.368996	0.760353	0.000000
-0.445390	-0.158562	0.000000
0.000066	0.511834	0.000000
-0.235483	-0.169951	0.000000
-0.496910	-0.148848	0.000000
-0.571478	0.386051	0.000000
-0.351283	0.875035	0.000000
-0.670645	0.501475	0.000000
-0.441498	-0.513411	0.000000
0.076997	-0.575270	0.000000
-0.052217	0.449318	0.000000
-0.011124	-0.486131	0.000000
0.106297	-0.263444	0.000000
-0.341195	-0.266741	0.000000
0.068466	-0.488697	0.000000
0.071836	-0.407351	0.000000
0.081582	0.040236	0.000000
-0.143607	0.268193	0.000000
-0.605221	0.224087	0.000000
-0.153251	-0.732844	0.000000
-0.293840	-0.687064	0.000000
-0.835217	-0.132821	0.000000
-0.025320	-0.026468	0.000000
-0.357517	-0.420322	0.000000
-0.021155	0.315141	0.000000
-0.027846	0.411152	0.000000
-0.077989	-0.572371	0.000000
-0.378582	0.208098	0.000000
-0.067406	0.452604	0.000000
-0.275392	-0.555035	0.000000
-0.452402	-0.759067	0.000000
-0.387896	0.846463	0.000000
-0.297389	-0.421489	0.000000
0.064648	0.527515	0.000000
-0.433570	-0.148846	0.000000
-0.272065	-0.198549	0.000000
-0.115736	-0.937473	0.000000
-0.063376	0.481432	0.000000
-0.496492	-0.753528	0.000000
-0.020019	-0.236669	0.000000
-0.890415	0.129504	0.000000
-0.127507	0.099561	0.000000
-0.474594	-0.002745	0.000000
-0.188724	0.102600	0.000000
-0.637591	0.967875	0.000000
-0.694332	0.635133	0.000000
0.961687	0.085122	0.000000
-0.191621	-0.294646	0.000000
-0.354738	0.899311	0.000000
0.049464	-0.539898	0.000000
-0.502893	-0.499140	0.000000
-0.093771	0.151701	0.000000
-0.399208	0.086312	0.000000
-0.732713	0.333965	0.000000
-0.468800	-0.296886	0.000000
0.063578	-0.085542	0.000000
-0.266352	-0.285625	0.000000
0.110812	-0.179515	0.000000
-0.809846	-0.289918	0.000000
-0.390123	-0.124713	0.000000
0.106791	0.295448	0.000000
0.068203	-0.018336	0.000000
-0.306126	0.361935	0.000000
-0.338566	-0.628392	0.000000
-0.378799	0.292053	0.000000
-0.259165	0.162020	0.000000
-0.168998	0.205625	0.000000
0.031249	0.167820	0.000000
-0.529765	-0.124464	0.000000
-0.086609	-0.199391	0.000000
-0.322862	-0.382112	0.000000
0.028086	0.184028	0.000000
-0.341402	-0.378531	0.000000
-0.356253	-0.529676	0.000000
-0.332771	-0.285209	0.000000
-0.047331	-0.712258	0.000000
-0.509164	0.657222	0.000000
-0.591182	0.873872	0.000000
-0.255298	-0.507175	0.000000
-0.321531	-0.328392	0.000000
-0.030127	-0.630642	0.000000
-0.296138	-0.336711	0.000000
-0.284615	-0.289270	0.000000
-0.115665	0.215831	0.000000
-0.273678	-0.027163	0.000000
-0.799378	0.158148	0.000000
-0.307141	0.264666	0.000000
0.140801	0.193659	0.000000
-0.205225	0.555391	0.000000
-0.075088	-0.039760	0.000000
-0.672838	-0.156274	0.000000
0.130700	0.174012	0.000000
-0.264853	-0.342234	0.000000
-0.187823	0.006344	0.000000
-0.269673	-0.492134	0.000000
-0.104646	0.157369	0.000000
-0.189809	-0.592598	0.000000
-0.272466	-0.210714	0.000000
0.011079	-0.397366	0.000000
-0.327648	-0.437606	0.000000
-0.623919	0.638412	0.000000
-0.333318	-0.528063	0.000000
-0.067767	-0.565343	0.000000
-0.769197	0.660043	0.000000
0.158182	0.015155	0.000000
-0.177002	0.576186	0.000000
-0.586945	-0.472092	0.000000
-0.005018	0.061963	0.000000
-0.352714	-0.416191	0.000000
-0.400350	0.843899	0.000000
-0.611108	-0.422858	0.000000
-0.099972	0.301750	0.000000
-0.420447	-0.701158	0.000000
-0.333475	-0.607554	0.000000
-0.932911	-0.657299	0.000000
-0.357859	-0.300395	0.000000
-0.313183	-0.090356	0.000000
0.076920	0.508332	0.000000
-0.678632	-0.269942	0.000000
-0.874340	0.098712	0.000000
-0.005134	0.549195	0.000000
0.030129	-0.206443	0.000000
-0.602027	0.708146	0.000000
-0.285058	-0.650389	0.000000
-0.456968	-0.283888	0.000000
-0.113079	-0.375134	0.000000
0.049928	-0.409343	0.000000
-0.387566	0.017423	0.000000
0.111289	0.431511	0.000000
-0.215020	-0.544012	0.000000
-0.034522	-0.275567	0.000000
-0.716405	0.631088	0.000000
-0.188860	0.390258	0.000000
-0.590648	0.285338	0.000000
0.084868	-0.386163	0.000000
-0.526928	0.106031	0.000000
-0.564338	0.431774	0.000000
-0.027029	0.567100	0.000000
-0.191826	0.449558	0.000000
-0.075033	-0.515434	0.000000
-0.568080	-0.224533	0.000000
-0.051789	-0.218850	0.000000
-0.233587	-0.362522	0.000000
-0.022922	0.244968	0.000000
-0.495569	-0.203271	0.000000
-0.047430	-0.101940	0.000000
-0.435745	-0.304499	0.000000
-0.159207	0.492524	0.000000
-0.707907	0.730600	0.000000
-0.669226	0.519075	0.000000
-0.208441	0.629076	0.000000
-0.337655	-0.273676	0.000000
0.005173	0.459324	0.000000
-0.382349	0.858781	0.000000
-0.270690	0.596429	0.000000
-0.138361	0.691377	0.000000
-0.319155	-0.107177	0.000000
-0.142992	0.715229	0.000000
-0.171449	0.165628	0.000000
-0.009248	-0.440253	0.000000
-0.298291	-0.561629	0.000000
-0.408858	-0.363588	0.000000
-0.295988	0.328411	0.000000
-0.410055	0.071393	0.000000
-0.435283	-0.429189	0.000000
0.094243	-0.622575	0.000000
-0.421075	-0.511816	0.000000
-0.019734	0.410106	0.000000
-0.205690	-0.757419	0.000000
-0.312262	-0.823963	0.000000
0.019481	-0.075205	0.000000
-0.017775	-0.714949	0.000000
-0.299328	0.180347	0.000000
-0.261629	-0.545130	0.000000
0.103634	-0.056812	0.000000
-0.008415	-0.251697	0.000000
-0.327244	-0.134121	0.000000
-0.821075	0.029724	0.000000
-0.517858	-0.354562	0.000000
-0.216370	-0.212926	0.000000
-0.367846	-0.563152	0.000000
-0.018870	-0.556880	0.000000
-0.992386	-0.528275	0.000000
-0.361749	0.850414	0.000000
-0.101406	-0.684695	0.000000
-0.422609	0.302060	0.000000
-0.413657	-0.741991	0.000000
-0.218202	-0.480864	0.000000
-0.670825	0.936933	0.000000
-0.213069	-0.339056	0.000000
-0.186998	-0.146961	0.000000
-0.505729	-0.134622	0.000000
-0.664275	-0.030384	0.000000
0.015660	-0.203643	0.000000
-0.551765	0.553258	0.000000
-0.647575	-0.318700	0.000000
-0.266351	-0.081491	0.000000
-0.129503	-0.337786	0.000000
-0.274921	0.566270	0.000000
-0.292539	0.249908	0.000000
-0.245444	0.683857	0.000000
-0.176091	-0.222249	0.000000
-0.129819	-0.055678	0.000000
-0.300936	-0.035776	0.000000
-0.398013	-0.731589	0.000000
-0.312092	-0.450824	0.000000
0.964923	0.317206	0.000000
-0.279263	0.719901	0.000000
-0.398251	0.716461	0.000000
-0.364851	-0.538412	0.000000
-0.428368	0.084745	0.000000
-0.247728	0.243507	0.000000
-0.366727	0.324982	0.000000
-0.506482	-0.360119	0.000000
-0.712108	0.514529	0.000000
-0.187304	0.005643	0.000000
-0.259617	-0.277483	0.000000
-0.568122	-0.215167	0.000000
-0.359070	0.332099	0.000000
-0.060766	-0.147234	0.000000
0.185904	0.024465	0.000000
-0.529490	0.587708	0.000000
-0.188842	-0.393822	0.000000
0.042632	-0.003962	0.000000
0.991509	0.079507	0.000000
-0.585473	0.506367	0.000000
0.971709	0.281900	0.000000
-0.208416	-0.520483	0.000000
-0.081676	-0.320914	0.000000
0.006811	0.425712	0.000000
-0.342818	-0.781729	0.000000
-0.215588	-0.395836	0.000000
-0.119613	0.709250	0.000000
-0.306325	-0.166276	0.000000
-0.012271	0.344292	0.000000
-0.191839	-0.543472	0.000000
0.133036	0.085919	0.000000
0.052384	-0.586038	0.000000
-0.224357	0.714264	0.000000
-0.519814	-0.174126	0.000000
-0.425327	-0.063860	0.000000
-0.171961	0.463602	0.000000
-0.440400	-0.714717	0.000000
-0.393472	0.250805	0.000000
0.107853	-0.043716	0.000000
0.167153	-0.010461	0.000000
-0.443015	0.244321	0.000000
-0.254094	-0.464416	0.000000
-0.332078	0.209490	0.000000
0.099420	-0.551979	0.000000
-0.180490	0.492208	0.000000
-0.255348	-0.255669	0.000000
-0.326837	-0.373876	0.000000
-0.288665	-0.385515	0.000000
-0.138820	-0.256167	0.000000
-0.014425	-0.383238	0.000000
0.099830	-0.511051	0.000000
-0.554970	-0.409905	0.000000
-0.370219	-0.199279	0.000000
-0.294730	-0.605926	0.000000
0.108839	0.276314	0.000000
-0.203356	0.630346	0.000000
-0.946141	0.044105	0.000000
-0.413040	-0.299005	0.000000
-0.920877	0.358678	0.000000
0.133246	-0.158653	0.000000
0.152046	0.072687	0.000000
-0.638773	-0.202895	0.000000
0.044808	-0.027236	0.000000
-0.574390	0.452089	0.000000
-0.908670	-0.604509	0.000000
-0.400829	0.811584	0.000000
-0.161658	-0.061107	0.000000
0.198790	0.009794	0.000000
-0.294623	0.235374	0.000000
-0.417441	0.827675	0.000000
0.020481	0.483731	0.000000
-0.244300	0.382061	0.000000
-0.391219	0.236999	0.000000
-0.926175	0.357417	0.000000
-0.747394	0.016962	0.000000
0.967858	0.341368	0.000000
-0.271728	-0.120083	0.000000
-0.147016	-0.643206	0.000000
-0.744882	-0.248512	0.000000
-0.107032	0.070956	0.000000
-0.013656	-0.374191	0.000000
-0.561545	0.547039	0.000000
-0.207612	0.613922	0.000000
0.122724	-0.058959	0.000000
-0.328215	-0.868442	0.000000
-0.010799	-0.630605	0.000000
0.026215	0.147351	0.000000
-0.778793	-0.134447	0.000000
-0.261339	-0.473117	0.000000
-0.638040	-0.421789	0.000000
-0.259964	-0.469693	0.000000
-0.060615	-0.134853	0.000000
-0.663098	0.786183	0.000000
-0.719410	-0.016329	0.000000
-0.562275	-0.268242	0.000000
-0.403141	-0.176801	0.000000
-0.484098	0.048830	0.000000
0.027668	-0.658703	0.000000
-0.323035	0.097875	0.000000
-0.330482	0.800380	0.000000
-0.915257	-0.533764	0.000000
-0.586740	0.644368	0.000000
-0.240706	0.403935	0.000000
-0.189244	-0.352883	0.000000
-0.155684	0.237366	0.000000
0.162146	-0.014375	0.000000
-0.348571	-0.598519	0.000000
-0.304334	0.172430	0.000000
-0.307503	-0.842767	0.000000
-0.268858	-0.229210	0.000000
-0.484100	0.366282	0.000000
-0.237286	0.507355	0.000000
-0.303465	-0.508240	0.000000
-0.276030	-0.129982	0.000000
-0.240441	0.116634	0.000000
-0.041269	-0.709579	0.000000
-0.440193	0.085681	0.000000
0.041859	0.408621	0.000000
-0.144229	-0.813165	0.000000
-0.025096	0.574509	0.000000
-0.333915	0.585731	0.000000
0.038129	-0.199331	0.000000
-0.291850	-0.563107	0.000000
-0.403133	-0.757770	0.000000
-0.089539	0.292104	0.000000
-0.639034	0.761726	0.000000
-0.130276	-0.877827	0.000000
-0.455153	0.046404	0.000000
-0.325259	-0.322892	0.000000
-0.265214	-0.336677	0.000000
-0.428125	0.076275	0.000000
-0.285266	-0.809202	0.000000
-0.005116	0.281770	0.000000
-0.652058	0.519209	0.000000
-0.339210	-0.836365	0.000000
-0.017362	0.298967	0.000000
-0.294423	-0.226824	0.000000
-0.214146	0.538188	0.000000
-0.592964	0.903083	0.000000
-0.386620	-0.215220	0.000000
-0.248641	-0.493340	0.000000
-0.286215	-0.555896	0.000000
0.135424	0.106368	0.000000
0.027847	0.405975	0.000000
-0.930423	-0.004818	0.000000
-0.435424	0.272804	0.000000
0.088911	-0.539106	0.000000
-0.519836	0.116809	0.000000
-0.299542	-0.223615	0.000000
0.015636	0.285567	0.000000
-0.205114	0.206871	0.000000
-0.276171	0.632720	0.000000
-0.603992	-0.250562	0.000000
-0.170896	0.324474	0.000000
0.168792	0.023594	0.000000
-0.293714	-0.399070	0.000000
0.969999	0.064526	0.000000
-0.733817	0.652334	0.000000
0.102842	0.042695	0.000000
-0.343121	0.607952	0.000000
-0.129678	-0.312713	0.000000
-0.395184	-0.512660	0.000000
-0.589100	-0.454992	0.000000
-0.054052	-0.132632	0.000000
0.009167	-0.234800	0.000000
-0.226913	0.782534	0.000000
-0.238935	0.724915	0.000000
-0.179890	0.181134	0.000000
-0.342291	-0.111229	0.000000
-0.383298	0.017410	0.000000
0.930126	0.333270	0.000000
-0.352812	-0.140938	0.000000
0.018406	0.178088	0.000000
0.152738	-0.035079	0.000000
-0.012594	0.439926	0.000000
-0.638054	-0.447051	0.000000
-0.241943	0.560730	0.000000
-0.138899	0.420373	0.000000
-0.638408	0.863228	0.000000
-0.141701	0.758089	0.000000
-0.001531	0.238307	0.000000
0.083220	-0.001960	0.000000
-0.107331	0.256470	0.000000
0.086605	0.148743	0.000000
-0.245289	0.340021	0.000000
-0.284152	0.612671	0.000000
-0.337236	-0.339063	0.000000
-0.468240	-0.411145	0.000000
-0.220580	0.531565	0.000000
-0.640065	0.836784	0.000000
-0.387650	0.274081	0.000000
-0.600851	-0.405812	0.000000
-0.642418	0.875417	0.000000
-0.199238	-0.323065	0.000000
-0.593967	-0.400242	0.000000
-0.543588	0.533144	0.000000
-0.325607	-0.377552	0.000000
-0.682403	0.750321	0.000000
0.983282	0.100502	0.000000
-0.413238	0.294391	0.000000
-0.312495	0.742927	0.000000
-0.355708	-0.163706	0.000000
-0.452965	-0.472681	0.000000
-0.257176	0.619462	0.000000
0.072479	-0.234145	0.000000
-0.309650	-0.285443	0.000000
0.034676	-0.055286	0.000000
-0.095276	-0.053407	0.000000
-0.418874	-0.094600	0.000000
-0.103401	0.060431	0.000000
0.089472	0.132391	0.000000
-0.231880	-0.370211	0.000000
-0.441843	0.009744	0.000000
-0.865062	-0.016297	0.000000
-0.288461	-0.314226	0.000000
0.023962	-0.021229	0.000000
-0.448473	-0.387304	0.000000
-0.528229	0.659980	0.000000
-0.022297	-0.665110	0.000000
-0.220205	-0.854973	0.000000
0.935389	0.456360	0.000000
-0.180029	0.148880	0.000000
-0.745744	0.353533	0.000000
-0.095928	-0.191597	0.000000
-0.208892	-0.757020	0.000000
-0.275397	-0.721784	0.000000
-0.436398	0.293802	0.000000
-0.452600	-0.323401	0.000000
-0.255824	0.494677	0.000000
0.192327	-0.064837	0.000000
0.199802	-0.018123	0.000000
-0.195953	-0.709674	0.000000
-0.003496	-0.512944	0.000000
-0.296790	0.048149	0.000000
-0.315749	0.458870	0.000000
-0.208893	-0.778447	0.000000
-0.312961	-0.465672	0.000000
0.149812	0.163500	0.000000
-0.064637	0.038805	0.000000
-0.594920	0.905667	0.000000
-0.224986	0.027318	0.000000
-0.343654	0.787051	0.000000
-0.477248	-0.635279	0.000000
-0.250783	0.250893	0.000000
0.062084	-0.088827	0.000000
0.165410	-0.149623	0.000000
-0.284858	-0.386171	0.000000
-0.003589	0.420840	0.000000
-0.336154	-0.637735	0.000000
-0.660639	0.756877	0.000000
-0.686603	0.681839	0.000000
-0.206899	0.321949	0.000000
0.101895	-0.491963	0.000000
0.162912	0.107873	0.000000
0.039974	-0.408292	0.000000
-0.014527	0.102634	0.000000
-0.000983	-0.572181	0.000000
-0.002309	0.440945	0.000000
-0.394690	0.054185	0.000000
-0.203761	-0.627543	0.000000
-0.763080	-0.169408	0.000000
-0.259586	-0.299678	0.000000
-0.758144	-0.084935	0.000000
-0.251960	0.324771	0.000000
-0.172161	-0.025356	0.000000
-0.311113	-0.411027	0.000000
-0.700742	0.498837	0.000000
0.101420	-0.064102	0.000000
-0.044629	-0.759309	0.000000
-0.169426	0.157316	0.000000
-0.267613	0.647981	0.000000
-0.249169	-0.376480	0.000000
-0.352505	-0.701390	0.000000
-0.316871	0.280729	0.000000
-0.361154	-0.190923	0.000000
-0.348956	-0.370882	0.000000
-0.665171	0.490375	0.000000
-0.348478	0.463760	0.000000
-0.406339	-0.349518	0.000000
-0.381894	-0.444816	0.000000
-0.168678	0.089254	0.000000
-0.274701	-0.762680	0.000000
-0.342319	0.682504	0.000000
-0.144312	-0.316393	0.000000
0.053674	-0.450701	0.000000
-0.388877	-0.157075	0.000000
-0.609008	0.811887	0.000000
-0.685286	0.340478	0.000000
-0.724856	0.601850	0.000000
-0.073138	-0.342790	0.000000
-0.431390	-0.210850	0.000000
-0.296355	-0.276138	0.000000
-0.093090	0.158720	0.000000
-0.524321	0.370855	0.000000
-0.876356	0.139796	0.000000
-0.489984	0.709619	0.000000
-0.440138	0.267485	0.000000
-0.249200	0.323983	0.000000
-0.403788	0.356453	0.000000
-0.142793	-0.768847	0.000000
-0.686545	0.548442	0.000000
-0.168358	-0.032790	0.000000
-0.380162	0.279823	0.000000
-0.243144	-0.189001	0.000000
-0.597180	-0.118316	0.000000
-0.601763	0.311803	0.000000
-0.009266	0.444932	0.000000
-0.134439	0.521773	0.000000
-0.705801	0.511393	0.000000
-0.168470	0.562394	0.000000
0.196149	-0.014522	0.000000
0.002982	0.263249	0.000000
-0.291416	0.426276	0.000000
-0.362616	-0.780601	0.000000
-0.149504	0.406674	0.000000
-0.584021	0.334166	0.000000
-0.711385	0.644588	0.000000
-0.327380	-0.417716	0.000000
-0.550740	-0.184221	0.000000
0.078916	-0.002757	0.000000
-0.636598	-0.464184	0.000000
-0.536584	0.038091	0.000000
-0.506860	0.623903	0.000000
-0.446940	-0.685103	0.000000
-0.242870	0.398807	0.000000
-0.169504	0.570791	0.000000
0.101953	-0.294223	0.000000
-0.321050	0.679198	0.000000
-0.338137	-0.029774	0.000000
-0.286752	-0.111192	0.000000
-0.391201	-0.513553	0.000000
-0.225415	-0.340420	0.000000
-0.246447	-0.370380	0.000000
-0.396022	0.256100	0.000000
-0.188562	-0.301127	0.000000
-0.491653	0.050945	0.000000
-0.601938	-0.522069	0.000000
0.016025	-0.441645	0.000000
-0.830260	-0.140294	0.000000
-0.430700	0.256391	0.000000
-0.156384	-0.682194	0.000000
-0.146981	0.689938	0.000000
-0.206290	-0.768850	0.000000
-0.262155	0.779763	0.000000
-0.369442	-0.033225	0.000000
-0.572409	0.352171	0.000000
0.024541	0.383256	0.000000
-0.087014	0.335237	0.000000
-0.290350	0.660244	0.000000
0.076863	-0.334319	0.000000
-0.017895	-0.155358	0.000000
-0.127730	-0.178646	0.000000
-0.613382	-0.406261	0.000000
-0.219456	0.022843	0.000000
-0.659848	0.462022	0.000000
-0.029108	0.543984	0.000000
-0.372832	-0.668347	0.000000
0.089386	-0.297102	0.000000
-0.659716	0.740374	0.000000
-0.794117	0.369987	0.000000
0.069961	0.376313	0.000000
-0.227358	-0.506174	0.000000
-0.289050	0.812187	0.000000
-0.269479	0.549201	0.000000
-0.332092	-0.230913	0.000000
-0.231178	-0.518781	0.000000
-0.315406	-0.365042	0.000000
-0.368400	0.363088	0.000000
-0.654968	0.673475	0.000000
-0.643690	0.941103	0.000000
-0.289814	-0.182104	0.000000
-0.645944	0.791579	0.000000
0.097009	0.415078	0.000000
-0.080618	0.371390	0.000000
-0.022937	0.090142	0.000000
-0.252409	-0.267588	0.000000
-0.108505	0.352750	0.000000
0.174004	0.064298	0.000000
0.098867	-0.074911	0.000000
-0.406956	0.779933	0.000000
-0.235266	-0.240851	0.000000
-0.002809	-0.637008	0.000000
-0.610250	-0.180217	0.000000
0.068315	0.324137	0.000000
-0.631339	0.262379	0.000000
-0.348819	-0.862986	0.000000
-0.151402	0.495658	0.000000
-0.373243	0.286716	0.000000
-0.267358	-0.242285	0.000000
-0.140735	0.706739	0.000000
0.078594	-0.060418	0.000000
-0.509666	-0.516871	0.000000
-0.032435	0.210796	0.000000
0.046071	0.027022	0.000000
0.025033	-0.701487	0.000000
-0.191288	-0.574006	0.000000
-0.809076	-0.290685	0.000000
-0.380938	0.269169	0.000000
-0.082812	0.242552	0.000000
-0.348818	-0.728910	0.000000
-0.067261	0.314308	0.000000
-0.090077	0.406089	0.000000
0.022708	-0.322983	0.000000
-0.114645	0.172331	0.000000
-0.007908	-0.496650	0.000000
-0.778429	0.034052	0.000000
-0.236468	0.237178	0.000000
-0.506618	0.696348	0.000000
-0.018898	-0.709164	0.000000
-0.629111	-0.428495	0.000000
-0.466117	0.341432	0.000000
-0.090822	-0.699112	0.000000
-0.175164	-0.293973	0.000000
-0.185914	-0.606794	0.000000
-0.395492	-0.349267	0.000000
-0.079839	0.266473	0.000000
0.066418	-0.485872	0.000000
-0.674813	-0.342499	0.000000
-0.190297	-0.389970	0.000000
0.039615	-0.401877	0.000000
-0.483334	-0.770955	0.000000
-0.588662	0.023699	0.000000
-0.870966	0.147874	0.000000
-0.358334	0.321317	0.000000
0.130990	-0.004545	0.000000
0.075209	0.488743	0.000000
-0.417954	0.213693	0.000000
-0.311765	-0.488395	0.000000
-0.305677	0.318419	0.000000
-0.629697	0.781433	0.000000
-0.290244	-0.257411	0.000000
0.004858	0.477547	0.000000
-0.916092	-0.036278	0.000000
-0.259071	-0.473108	0.000000
-0.100432	-0.274380	0.000000
-0.192424	0.423433	0.000000
-0.069076	0.530234	0.000000
-0.903725	-0.695937	0.000000
0.072301	0.182573	0.000000
-0.016965	-0.179592	0.000000
-0.017663	0.621217	0.000000
-0.431851	0.307734	0.000000
-0.171260	-0.262249	0.000000
-0.099956	0.577664	0.000000
0.092240	-0.316421	0.000000
-0.075990	-0.061753	0.000000
-0.203629	0.459639	0.000000
-0.128430	0.298497	0.000000
-0.155169	-0.201376	0.000000
-0.687418	-0.183246	0.000000
0.055679	0.413003	0.000000
-0.191574	0.402307	0.000000
-0.434893	-0.771562	0.000000
0.173071	-0.007447	0.000000
-0.685787	0.672716	0.000000
-0.164135	-0.323186	0.000000
-0.050422	0.062465	0.000000
-0.426806	0.205575	0.000000
-0.210814	0.511631	0.000000
-0.666225	0.110552	0.000000
0.027621	-0.211696	0.000000
-0.256834	-0.439057	0.000000
-0.644309	0.338338	0.000000
-0.096978	-0.383959	0.000000
0.164840	-0.178786	0.000000
-0.344518	-0.093498	0.000000
0.004981	0.060029	0.000000
-0.241244	-0.265937	0.000000
-0.265350	-0.416952	0.000000
0.073627	0.122081	0.000000
-0.323613	0.645019	0.000000
-0.422854	0.000500	0.000000
-0.094626	0.358368	0.000000
-0.279600	-0.447127	0.000000
-0.287167	-0.607092	0.000000
-0.702771	-0.188721	0.000000
-0.385493	-0.702105	0.000000
-0.358117	-0.617573	0.000000
-0.760837	-0.038483	0.000000
-0.476319	0.057117	0.000000
-0.419700	-0.753728	0.000000
0.001033	-0.618489	0.000000
-0.353986	0.736347	0.000000
-0.155996	0.155347	0.000000
-0.789708	0.334762	0.000000
0.086787	-0.351482	0.000000
0.179376	0.037879	0.000000
-0.476465	-0.413941	0.000000
-0.585992	0.533017	0.000000
-0.644630	-0.370022	0.000000
-0.489281	0.443888	0.000000
-0.686661	0.636343	0.000000
-0.251997	-0.407182	0.000000
-0.129668	0.739125	0.000000
0.003468	0.362727	0.000000
0.958802	0.380632	0.000000
0.006500	-0.195951	0.000000
0.100284	-0.337265	0.000000
-0.853744	0.065895	0.000000
-0.102525	0.634045	0.000000
-0.381172	0.643653	0.000000
-0.451143	-0.739366	0.000000
-0.197962	0.288755	0.000000
-0.639762	-0.511291	0.000000
-0.510408	-0.151940	0.000000
-0.242999	0.630059	0.000000
-0.080966	0.335122	0.000000
-0.134019	-0.819080	0.000000
-0.659591	0.768011	0.000000
-0.088540	-0.129694	0.000000
-0.194360	0.640299	0.000000
-0.087806	-0.263429	0.000000
-0.266867	-0.290499	0.000000
-0.663171	-0.045757	0.000000
-0.447793	-0.786520	0.000000
-0.481971	-0.274254	0.000000
-0.598104	-0.284024	0.000000
-0.161798	-0.024509	0.000000
-0.405633	0.087310	0.000000
-0.200164	0.118936	0.000000
-0.080469	0.526972	0.000000
-0.261045	-0.420924	0.000000
-0.287226	0.170933	0.000000
-0.442435	-0.360232	0.000000
-0.255528	0.737877	0.000000
-0.206243	-0.280816	0.000000
0.114187	-0.084251	0.000000
-0.613418	-0.213428	0.000000
0.089949	-0.021619	0.000000
0.155256	-0.004050	0.000000
-0.374301	0.850073	0.000000
-0.457204	-0.120259	0.000000
-0.262500	-0.700958	0.000000
-0.578620	0.569036	0.000000
-0.218237	-0.021802	0.000000
-0.355876	0.143961	0.000000
-0.271910	0.743292	0.000000
-0.837146	0.128717	0.000000
-0.322576	-0.004745	0.000000
-0.351831	-0.583985	0.000000
-0.209961	0.666158	0.000000
-0.287322	-0.486264	0.000000
-0.493450	-0.641373	0.000000
-0.532237	-0.494178	0.000000
-0.199403	0.392378	0.000000
-0.605156	-0.223648	0.000000
-0.059214	-0.350092	0.000000
-0.021425	0.651809	0.000000
0.109186	-0.424514	0.000000
0.070247	-0.235479	0.000000
-0.719720	-0.155838	0.000000
-0.451085	-0.207078	0.000000
-0.047108	-0.142411	0.000000
-0.726719	0.668110	0.000000
-0.272377	0.380738	0.000000
-0.380481	0.119279	0.000000
-0.134912	-0.810955	0.000000
0.089438	0.158524	0.000000
-0.757057	0.322650	0.000000
0.063294	0.076527	0.000000
-0.290827	0.249055	0.000000
-0.693685	0.603296	0.000000
-0.485756	-0.681347	0.000000
-0.107923	-0.580163	0.000000
-0.093244	0.483441	0.000000
-0.606090	0.747419	0.000000
-0.619740	-0.175923	0.000000
-0.756281	0.306462	0.000000
-0.541477	-0.254359	0.000000
-0.707231	0.553026	0.000000
-0.054892	-0.297103	0.000000
-0.119482	0.267666	0.000000
-0.342492	-0.471819	0.000000
-0.340911	-0.449598	0.000000
0.095316	-0.293329	0.000000
-0.217563	0.003920	0.000000
-0.174083	0.218596	0.000000
-0.618955	0.963628	0.000000
-0.205853	0.540398	0.000000
0.135421	0.306591	0.000000
0.059899	0.111580	0.000000
-0.320331	-0.418215	0.000000
0.055059	0.336332	0.000000
-0.582056	0.607573	0.000000
-0.564765	-0.608457	0.000000
-0.481207	0.076402	0.000000
-0.147516	-0.522090	0.000000
-0.676565	0.562192	0.000000
-0.662070	-0.332376	0.000000
-0.406820	0.306628	0.000000
-0.689815	-0.298483	0.000000
-0.058447	-0.106848	0.000000
-0.307124	-0.594023	0.000000
-0.358700	-0.634651	0.000000
-0.010241	0.201939	0.000000
-0.316079	0.056933	0.000000
-0.422581	0.273073	0.000000
-0.426512	0.613341	0.000000
-0.619816	0.362924	0.000000
0.079707	-0.108022	0.000000
-0.241804	0.547707	0.000000
-0.296591	-0.242535	0.000000
-0.494346	-0.220234	0.000000
-0.498425	0.121341	0.000000
-0.336569	0.094423	0.000000
-0.015526	-0.245848	0.000000
0.053569	0.343254	0.000000
-0.323577	-0.596418	0.000000
-0.327618	-0.696503	0.000000
-0.050017	0.196508	0.000000
-0.172733	0.636738	0.000000
-0.304807	-0.621255	0.000000
-0.005892	-0.366216	0.000000
-0.439918	0.294379	0.000000
-0.130184	0.669873	0.000000
-0.432209	-0.552483	0.000000
-0.500637	-0.750112	0.000000
-0.541522	0.013227	0.000000
-0.154809	-0.078727	0.000000
-0.069000	0.372356	0.000000
-0.049025	0.285826	0.000000
-0.486787	0.660403	0.000000
-0.359118	0.880344	0.000000
-0.098170	-0.348439	0.000000
-0.361891	-0.341959	0.000000
-0.355471	-0.658436	0.000000
0.022420	0.196009	0.000000
-0.512691	0.054701	0.000000
-0.284334	0.657555	0.000000
-0.696877	0.878900	0.000000
-0.010277	0.292251	0.000000
-0.874529	0.129032	0.000000
-0.017186	-0.175672	0.000000
-0.385914	0.280915	0.000000
-0.214055	-0.316772	0.000000
-0.684584	0.611981	0.000000
-0.571712	0.024325	0.000000
-0.012995	0.215212	0.000000
0.184628	-0.038398	0.000000
-0.327670	-0.388548	0.000000
-0.346655	-0.216261	0.000000
-0.443903	-0.174265	0.000000
0.109837	-0.292376	0.000000
-0.047620	0.414732	0.000000
-0.614302	0.428919	0.000000
-0.522730	0.384957	0.000000
-0.266764	0.618445	0.000000
-0.621322	-0.419624	0.000000
-0.148495	0.413598	0.000000
-0.025096	-0.077659	0.000000
-0.034942	-0.360410	0.000000
-0.345272	-0.253718	0.000000
0.005609	-0.278287	0.000000
-0.724935	0.584160	0.000000
-0.438008	0.069145	0.000000
-0.727791	0.019999	0.000000
0.063303	-0.167687	0.000000
-0.431727	-0.186074	0.000000
-0.548639	0.577942	0.000000
-0.554988	0.357339	0.000000
-0.131793	0.435292	0.000000
-0.263866	0.006149	0.000000
-0.524471	0.567059	0.000000
-0.469284	0.475966	0.000000
-0.194036	-0.351846	0.000000
0.078867	-0.173546	0.000000
-0.918418	-0.520237	0.000000
-0.370639	0.025616	0.000000
-0.181444	-0.062953	0.000000
0.130985	-0.126287	0.000000
-0.265017	0.235313	0.000000
-0.279969	-0.263697	0.000000
-0.667824	0.524014	0.000000
0.088788	0.502323	0.000000
-0.140916	-0.117658	0.000000
-0.070121	-0.096169	0.000000
-0.152322	-0.901868	0.000000
-0.754081	0.651059	0.000000
-0.302659	-0.112782	0.000000
-0.668350	0.275841	0.000000
-0.290228	-0.858206	0.000000
-0.280352	-0.405453	0.000000
-0.803609	-0.156456	0.000000
-0.214702	-0.410027	0.000000
-0.318774	0.044491	0.000000
-0.913825	0.378444	0.000000
0.100607	-0.172555	0.000000
-0.288283	0.424082	0.000000
-0.321755	-0.763644	0.000000
-0.302033	-0.234476	0.000000
-0.189389	-0.619454	0.000000
-0.620263	-0.359828	0.000000
-0.393832	0.325417	0.000000
-0.460965	0.093917	0.000000
-0.260547	0.273706	0.000000
-0.520280	0.142643	0.000000
-0.327721	-0.717506	0.000000
-0.313626	-0.390914	0.000000
0.085702	0.031675	0.000000
-0.516558	-0.376586	0.000000
0.082247	0.131205	0.000000
-0.286150	0.367563	0.000000
-0.454236	-0.360461	0.000000
-0.134025	-0.984044	0.000000
-0.317891	-0.724716	0.000000
-0.490488	-0.633723	0.000000
0.033663	-0.030180	0.000000
-0.386700	0.162469	0.000000
-0.043730	-0.310324	0.000000
-0.250978	-0.026989	0.000000
-0.117999	0.702037	0.000000
-0.791322	0.621555	0.000000
-0.339249	-0.725162	0.000000
-0.234021	-0.303422	0.000000
-0.098489	0.401984	0.000000
-0.259985	0.503143	0.000000
-0.364169	0.870120	0.000000
0.039832	-0.295184	0.000000
-0.032228	0.341759	0.000000
-0.503696	0.415501	0.000000
-0.431587	0.262776	0.000000
0.148880	0.001571	0.000000
-0.704468	-0.222300	0.000000
-0.164102	0.610126	0.000000
-0.720922	0.665349	0.000000
-0.194115	-0.558125	0.000000
-0.427400	-0.515910	0.000000
-0.579388	-0.098632	0.000000
-0.703996	-0.120490	0.000000
-0.021258	-0.284505	0.000000
-0.285828	-0.310222	0.000000
0.064297	-0.460987	0.000000
0.113701	-0.002502	0.000000
-0.414886	0.357632	0.000000
-0.275033	-0.178646	0.000000
-0.244845	-0.298325	0.000000
-0.330395	-0.425447	0.000000
0.061664	-0.025285	0.000000
-0.182136	-0.494874	0.000000
0.066796	-0.183806	0.000000
-0.514566	0.484874	0.000000
0.135212	-0.065263	0.000000
-0.209712	-0.756758	0.000000
-0.544762	0.538666	0.000000
-0.298603	-0.761878	0.000000
-0.287688	0.311547	0.000000
-0.249535	0.167237	0.000000
-0.381028	-0.680671	0.000000
-0.545681	0.544132	0.000000
-0.385888	-0.056394	0.000000
0.065381	0.018990	0.000000
-0.157939	0.600077	0.000000
-0.097789	-0.506521	0.000000
-0.278560	0.613847	0.000000
0.025661	0.503127	0.000000
-0.117965	0.246819	0.000000
-0.122182	-0.846362	0.000000
-0.214033	0.306285	0.000000
-0.418338	0.186010	0.000000
-0.594851	0.159987	0.000000
-0.235331	-0.225719	0.000000
0.053234	-0.081439	0.000000
-0.307538	-0.017711	0.000000
-0.208739	-0.566035	0.000000
-0.915933	0.113046	0.000000
0.031129	-0.423873	0.000000
-0.219304	-0.523717	0.000000
-0.312746	0.320049	0.000000
-0.357301	-0.643693	0.000000
-0.241296	-0.018516	0.000000
-0.263331	-0.357702	0.000000
-0.310858	-0.543303	0.000000
-0.266779	0.577484	0.000000
-0.005329	0.011620	0.000000
-0.586013	-0.195775	0.000000
-0.584352	0.495882	0.000000
-0.464724	-0.606038	0.000000
0.103883	0.239934	0.000000
-0.405755	-0.186163	0.000000
-0.146564	-0.905180	0.000000
-0.419788	-0.801781	0.000000
-0.597158	-0.163029	0.000000
-0.206244	-0.270305	0.000000
-0.405449	0.805378	0.000000
-0.251832	-0.359587	0.000000
-0.269208	-0.391877	0.000000
-0.264719	-0.251697	0.000000
-0.532820	0.415564	0.000000
-0.064553	0.110203	0.000000
-0.395082	0.648702	0.000000
-0.510386	-0.615110	0.000000
-0.375312	0.313443	0.000000
0.079681	-0.044517	0.000000
-0.081024	0.601903	0.000000
-0.139708	-0.657442	0.000000
-0.442307	-0.631924	0.000000
-0.117196	0.243547	0.000000
-0.623315	-0.514287	0.000000
-0.236134	-0.312094	0.000000
-0.412826	0.786747	0.000000
-0.407508	-0.149804	0.000000
-0.183030	-0.273925	0.000000
-0.810736	-0.291638	0.000000
-0.065245	0.301986	0.000000
0.086756	-0.035456	0.000000
-0.013970	0.457652	0.000000
0.028419	0.340291	0.000000
-0.290081	0.368636	0.000000
-0.693647	0.268356	0.000000
-0.201258	0.595829	0.000000
-0.408863	0.310764	0.000000
0.049178	-0.023902	0.000000
-0.298667	0.280764	0.000000
-0.267326	-0.367981	0.000000
-0.327982	0.033906	0.000000
-0.320970	0.387188	0.000000
-0.011520	-0.379959	0.000000
-0.189650	0.593176	0.000000
0.096873	-0.350227	0.000000
-0.132847	0.013340	0.000000
-0.207217	-0.745485	0.000000
-0.280904	-0.300480	0.000000
-0.510366	-0.178153	0.000000
0.003092	0.482180	0.000000
-0.518471	-0.077230	0.000000
-0.078777	-0.382683	0.000000
-0.216111	-0.460064	0.000000
-0.420496	-0.054701	0.000000
-0.158277	0.314183	0.000000
-0.003157	-0.330928	0.000000
-0.588441	0.607419	0.000000
-0.294103	0.287778	0.000000
-0.393320	-0.278429	0.000000
-0.339878	0.436277	0.000000
-0.395938	-0.583464	0.000000
-0.548937	-0.009385	0.000000
0.132172	0.110315	0.000000
-0.342721	0.546450	0.000000
-0.429090	-0.117131	0.000000
-0.683644	0.335730	0.000000
-0.154333	0.370081	0.000000
-0.465011	-0.327189	0.000000
0.093827	-0.543232	0.000000
-0.359897	0.099393	0.000000
-0.234922	-0.537865	0.000000
-0.261584	-0.691192	0.000000
-0.266471	-0.339743	0.000000
-0.335892	-0.533064	0.000000
-0.572069	-0.165479	0.000000
-0.242071	-0.399930	0.000000
-0.258071	0.268197	0.000000
-0.226474	0.243200	0.000000
0.990263	0.066247	0.000000
-0.693821	0.214426	0.000000
-0.782763	-0.079939	0.000000
-0.025850	-0.685925	0.000000
-0.041664	0.363775	0.000000
-0.317139	-0.680466	0.000000
-0.465927	-0.189914	0.000000
0.082681	0.467002	0.000000
-0.065107	-0.581285	0.000000
-0.464133	-0.411798	0.000000
-0.410653	-0.569918	0.000000
-0.384536	-0.066984	0.000000
0.062678	-0.217738	0.000000
-0.064290	0.700312	0.000000
-0.106862	0.196169	0.000000
-0.510569	0.414069	0.000000
-0.348865	-0.036109	0.000000
-0.475418	0.485303	0.000000
-0.271032	0.744254	0.000000
-0.488821	-0.523610	0.000000
-0.468282	-0.691885	0.000000
-0.273807	-0.210398	0.000000
-0.334181	-0.785513	0.000000
-0.530553	-0.451901	0.000000
-0.120402	-0.157526	0.000000
-0.641902	0.677910	0.000000
-0.100338	0.324138	0.000000
-0.405289	0.838236	0.000000
0.068968	0.369946	0.000000
0.968776	-0.099097	0.000000
-0.092577	-0.652409	0.000000
0.052720	-0.161743	0.000000
-0.370471	0.468829	0.000000
-0.286914	-0.673289	0.000000
-0.571276	-0.537510	0.000000
-0.224034	0.284863	0.000000
-0.354883	-0.849608	0.000000
-0.652432	0.545720	0.000000
-0.717992	0.633563	0.000000
-0.327700	0.818314	0.000000
-0.371293	-0.090687	0.000000
0.016987	-0.687877	0.000000
0.098064	-0.038200	0.000000
-0.328826	-0.736688	0.000000
-0.625057	-0.475353	0.000000
-0.547540	-0.162916	0.000000
0.093543	-0.003728	0.000000
-0.671357	-0.376792	0.000000
-0.506645	-0.486425	0.000000
-0.201472	-0.265465	0.000000
-0.217382	-0.287305	0.000000
-0.038358	0.361894	0.000000
-0.604066	0.509205	0.000000
-0.148653	0.382221	0.000000
-0.035293	-0.112743	0.000000
-0.313935	-0.530485	0.000000
-0.522154	0.572320	0.000000
-0.115984	0.581745	0.000000
-0.117131	0.506844	0.000000
-0.904257	0.000522	0.000000
-0.569477	0.625426	0.000000
0.063751	-0.501092	0.000000
-0.199038	-0.528762	0.000000
-0.296525	-0.558415	0.000000
-0.033919	-0.736135	0.000000
-0.196991	0.184633	0.000000
0.976670	0.157556	0.000000
-0.140116	-0.209960	0.000000
0.174686	-0.032893	0.000000
-0.517634	-0.326406	0.000000
-0.451648	-0.497260	0.000000
-0.321182	-0.129289	0.000000
-0.632349	0.121906	0.000000
-0.261936	0.582512	0.000000
-0.549741	-0.148192	0.000000
-0.710548	0.485610	0.000000
-0.148731	-0.599916	0.000000
-0.655414	0.645743	0.000000
0.093857	-0.392922	0.000000
0.962446	-0.015258	0.000000
-0.275897	-0.342071	0.000000
-0.501838	-0.160619	0.000000
-0.777683	0.601497	0.000000
-0.068202	0.115750	0.000000
-0.451361	0.169370	0.000000
-0.824349	0.041395	0.000000
-0.599859	0.246765	0.000000
-0.145862	-0.693123	0.000000
-0.033047	-0.178314	0.000000
-0.319640	-0.794651	0.000000
-0.042613	0.626194	0.000000
-0.373522	-0.397833	0.000000
-0.611519	0.409533	0.000000
-0.306715	-0.345952	0.000000
-0.068034	0.462918	0.000000
-0.620437	0.727707	0.000000
-0.241422	-0.330468	0.000000
-0.651100	0.950590	0.000000
-0.365124	-0.094829	0.000000
-0.363328	-0.596562	0.000000
-0.159721	-0.179926	0.000000
0.080277	0.114870	0.000000
-0.631793	-0.359136	0.000000
0.082149	0.496868	0.000000
-0.105360	-0.970406	0.000000
-0.466393	-0.255619	0.000000
-0.065520	-0.739008	0.000000
-0.609411	0.467849	0.000000
-0.025214	0.267782	0.000000
-0.871212	0.152119	0.000000
-0.017314	0.258593	0.000000
-0.115106	-0.207082	0.000000
-0.334221	0.100222	0.000000
-0.273683	-0.244302	0.000000
-0.441378	-0.811484	0.000000
-0.620796	0.353168	0.000000
0.120603	0.246251	0.000000
-0.271753	-0.552594	0.000000
0.192150	-0.082272	0.000000
-0.202551	-0.274424	0.000000
-0.774896	0.062642	0.000000
-0.398003	0.015349	0.000000
0.036422	0.004944	0.000000
-0.608880	0.209826	0.000000
-0.166256	0.373961	0.000000
-0.239965	0.707992	0.000000
0.065711	0.527047	0.000000
-0.179259	0.546929	0.000000
0.082896	-0.242314	0.000000
-0.685184	0.921016	0.000000
-0.400476	-0.460659	0.000000
-0.095822	-0.610378	0.000000
-0.028626	0.116605	0.000000
-0.610550	-0.406158	0.000000
0.007032	0.158270	0.000000
-0.064735	0.085141	0.000000
-0.703354	-0.129188	0.000000
0.045633	-0.595161	0.000000
-0.882128	0.256559	0.000000
-0.333078	0.632467	0.000000
-0.421913	-0.412545	0.000000
-0.348907	0.574221	0.000000
-0.148897	0.756012	0.000000
-0.070614	-0.057884	0.000000
-0.073372	0.218626	0.000000
-0.540198	-0.493064	0.000000
-0.634331	0.396439	0.000000
0.038320	-0.422682	0.000000
-0.316890	-0.478136	0.000000
0.190141	-0.093936	0.000000
-0.349994	-0.232783	0.000000
-0.539597	-0.465867	0.000000
-0.298242	0.405204	0.000000
0.048691	-0.582350	0.000000
-0.027317	-0.164895	0.000000
0.015775	-0.705418	0.000000
-0.265574	0.210886	0.000000
-0.313406	0.349909	0.000000
0.054190	-0.186922	0.000000
-0.260591	-0.183171	0.000000
-0.646408	-0.398843	0.000000
-0.002962	-0.591975	0.000000
-0.086168	0.600917	0.000000
-0.208256	-0.510046	0.000000
-0.457253	0.478446	0.000000
-0.352253	-0.341366	0.000000
-0.685085	-0.104404	0.000000
-0.317828	0.411294	0.000000
-0.518929	-0.281816	0.000000
0.136693	0.328266	0.000000
-0.121533	0.026879	0.000000
-0.200485	-0.316235	0.000000
-0.345320	0.790994	0.000000
-0.429646	-0.757304	0.000000
-0.643565	0.942230	0.000000
-0.046008	-0.693576	0.000000
-0.172275	0.494424	0.000000
-0.137799	-0.887561	0.000000
-0.120612	0.634133	0.000000
-0.202053	-0.530912	0.000000
-0.573693	-0.559096	0.000000
-0.126363	-0.445684	0.000000
-0.088816	-0.321132	0.000000
-0.730535	-0.117021	0.000000
-0.263412	-0.477950	0.000000
-0.280625	-0.365689	0.000000
0.074361	-0.611967	0.000000
-0.054310	-0.098119	0.000000
-0.303130	-0.874650	0.000000
-0.610486	-0.470984	0.000000
-0.195182	-0.618678	0.000000
-0.280684	-0.299302	0.000000
-0.110394	-0.730822	0.000000
0.189732	-0.034432	0.000000
-0.608728	0.282040	0.000000
-0.215363	-0.462589	0.000000
-0.506901	-0.252188	0.000000
-0.082287	0.387247	0.000000
-0.443627	-0.573280	0.000000
-0.075447	-0.527053	0.000000
-0.295299	-0.101450	0.000000
-0.325390	-0.192027	0.000000
0.014575	-0.677292	0.000000
0.090797	-0.465053	0.000000
-0.366338	-0.135946	0.000000
-0.349705	-0.058514	0.000000
-0.271163	-0.469975	0.000000
-0.212402	-0.762993	0.000000
-0.221624	-0.268021	0.000000
0.018037	-0.438686	0.000000
-0.255876	0.452506	0.000000
0.002411	0.278494	0.000000
-0.275219	-0.766969	0.000000
-0.655408	0.529828	0.000000
-0.148736	-0.143123	0.000000
-0.439480	-0.784006	0.000000
-0.442607	-0.178871	0.000000
-0.626898	0.793893	0.000000
0.093325	-0.388705	0.000000
-0.108344	0.105179	0.000000
-0.037558	0.190501	0.000000
-0.525583	0.538151	0.000000
-0.012955	0.450743	0.000000
-0.317632	0.480627	0.000000
-0.437784	-0.279510	0.000000
-0.032582	-0.180899	0.000000
-0.124298	0.343365	0.000000
0.959015	0.004958	0.000000
-0.330734	-0.602766	0.000000
-0.183143	0.015896	0.000000
-0.591186	-0.125741	0.000000
-0.592375	-0.176787	0.000000
-0.470963	0.102105	0.000000
-0.616408	-0.204939	0.000000
-0.101935	0.169550	0.000000
-0.003726	0.463451	0.000000
-0.554048	-0.080929	0.000000
0.019115	-0.522527	0.000000
-0.372411	-0.114324	0.000000
-0.137037	-0.241067	0.000000
-0.624810	0.516262	0.000000
-0.206411	0.424004	0.000000
-0.652604	0.938436	0.000000
-0.037273	-0.716816	0.000000
-0.379086	0.584091	0.000000
-0.862670	0.084737	0.000000
-0.265513	-0.131672	0.000000
-0.062331	-0.343526	0.000000
-0.325431	-0.637154	0.000000
-0.589488	0.601807	0.000000
-0.296871	-0.819292	0.000000
-0.076585	-0.074438	0.000000
0.031057	0.412038	0.000000
0.081059	0.024655	0.000000
-0.531788	-0.196326	0.000000
-0.300694	-0.306700	0.000000
0.101681	-0.019852	0.000000
-0.066359	0.434303	0.000000
-0.361375	-0.323102	0.000000
-0.801457	-0.186846	0.000000
-0.132121	0.707793	0.000000
0.111686	0.438000	0.000000
-0.386160	-0.215887	0.000000
0.027492	0.113266	0.000000
-0.906648	0.250239	0.000000
-0.271885	0.280799	0.000000
0.020751	-0.392693	0.000000
-0.663858	0.828076	0.000000
-0.451388	0.115085	0.000000
-0.268716	-0.288063	0.000000
-0.419870	-0.315948	0.000000
-0.370292	0.822571	0.000000
-0.099743	0.400993	0.000000
-0.642064	0.812575	0.000000
-0.373116	-0.576241	0.000000
-0.262351	-0.370893	0.000000
-0.547307	0.028764	0.000000
-0.193272	-0.338505	0.000000
-0.763936	-0.015039	0.000000
-0.697992	0.292050	0.000000
-0.518646	0.087450	0.000000
-0.409074	0.808852	0.000000
-0.581176	0.543508	0.000000
-0.626169	0.398798	0.000000
-0.120198	-0.765541	0.000000
0.149857	-0.305506	0.000000
0.022005	0.142623	0.000000
-0.263846	-0.090735	0.000000
-0.267522	0.709514	0.000000
0.010963	0.158360	0.000000
-0.630649	0.539885	0.000000
0.083596	0.242352	0.000000
-0.528930	-0.596207	0.000000
-0.608909	0.624780	0.000000
-0.443556	-0.392999	0.000000
0.029324	0.347938	0.000000
-0.519292	-0.405011	0.000000
-0.533500	-0.250927	0.000000
-0.632401	-0.455336	0.000000
-0.195984	0.037787	0.000000
-0.285135	0.567598	0.000000
-0.495912	0.065035	0.000000
-0.652292	0.671037	0.000000
0.163699	0.030086	0.000000
-0.798364	0.178373	0.000000
-0.524063	0.446782	0.000000
-0.322882	-0.155432	0.000000
-0.415721	-0.544145	0.000000
0.085574	0.012296	0.000000
0.168365	0.000336	0.000000
-0.415212	-0.285146	0.000000
-0.389485	0.365198	0.000000
-0.426549	0.135736	0.000000
-0.123862	-0.741038	0.000000
-0.759461	0.160899	0.000000
-0.412012	-0.485210	0.000000
-0.255282	0.774479	0.000000
-0.813699	-0.288127	0.000000
-0.259207	0.761186	0.000000
-0.423400	-0.776720	0.000000
-0.136299	0.542036	0.000000
-0.317784	0.652863	0.000000
0.044489	-0.319014	0.000000
-0.371187	-0.105491	0.000000
-0.205334	-0.225248	0.000000
-0.329393	0.239307	0.000000
0.157100	0.019877	0.000000
-0.295774	0.445395	0.000000
-0.068550	0.523694	0.000000
-0.352101	-0.180148	0.000000
-0.680804	0.730310	0.000000
0.040652	-0.371657	0.000000
-0.515053	0.610409	0.000000
-0.089190	0.575622	0.000000
-0.469516	0.026130	0.000000
-0.028282	-0.653782	0.000000
-0.920935	-0.528103	0.000000
0.961461	0.269886	0.000000
-0.091482	0.025860	0.000000
0.134504	0.069213	0.000000
-0.040282	0.387248	0.000000
-0.283887	-0.586166	0.000000
-0.657007	0.749442	0.000000
0.038181	-0.128588	0.000000
-0.354122	-0.684051	0.000000
-0.371381	0.799842	0.000000
-0.227551	-0.530124	0.000000
0.111096	0.320635	0.000000
-0.536589	0.130778	0.000000
0.010059	-0.722993	0.000000
-0.005415	-0.684706	0.000000
-0.688984	-0.300881	0.000000
-0.037000	-0.010172	0.000000
-0.326713	0.839485	0.000000
-0.528305	-0.501831	0.000000
-0.219345	-0.822294	0.000000
-0.272507	-0.256734	0.000000
0.142698	-0.107890	0.000000
-0.542914	0.097288	0.000000
0.936665	0.437500	0.000000
-0.492925	-0.389181	0.000000
-0.587652	0.629232	0.000000
-0.642399	0.792793	0.000000
-0.243209	-0.325884	0.000000
-0.761083	0.482235	0.000000
-0.116790	-0.680658	0.000000
-0.568255	0.622110	0.000000
-0.375156	-0.597568	0.000000
-0.396058	0.274207	0.000000
-0.281218	-0.510311	0.000000
-0.753561	0.041926	0.000000
-0.572184	0.749058	0.000000
-0.082939	0.017367	0.000000
-0.049065	-0.476260	0.000000
-0.418724	-0.336014	0.000000
-0.806882	-0.292286	0.000000
-0.365467	0.768223	0.000000
-0.370301	-0.269220	0.000000
-0.589266	0.871108	0.000000
-0.154143	0.650754	0.000000
-0.235568	-0.452521	0.000000
0.098522	-0.210437	0.000000
-0.308733	-0.787107	0.000000
-0.082332	-0.103397	0.000000
-0.644340	0.327636	0.000000
-0.703519	0.804910	0.000000
-0.123820	0.729831	0.000000
0.106817	0.321236	0.000000
-0.573571	0.124080	0.000000
0.052282	-0.045443	0.000000
-0.490082	0.467563	0.000000
-0.460644	-0.762800	0.000000
-0.248670	0.102158	0.000000
-0.329738	-0.696516	0.000000
-0.333825	-0.527107	0.000000
-0.246639	-0.265423	0.000000
0.114595	-0.127469	0.000000
-0.315232	-0.627829	0.000000
-0.531118	-0.098541	0.000000
-0.371397	-0.270545	0.000000
0.122566	0.180478	0.000000
0.019273	0.130810	0.000000
-0.778685	0.231393	0.000000
0.167023	-0.121554	0.000000
-0.899817	-0.680966	0.000000
-0.382662	0.003607	0.000000
-0.290293	-0.810757	0.000000
-0.161609	-0.440132	0.000000
0.053762	-0.672883	0.000000
-0.012035	-0.110144	0.000000
-0.413031	0.764928	0.000000
-0.058551	-0.081853	0.000000
-0.393520	-0.013769	0.000000
-0.243172	-0.522453	0.000000
-0.675510	-0.159252	0.000000
-0.201416	0.473895	0.000000
-0.308894	-0.170796	0.000000
-0.227084	-0.454709	0.000000
0.995593	0.055997	0.000000
-0.607426	-0.481547	0.000000
-0.316925	-0.629121	0.000000
-0.600465	0.062799	0.000000
-0.271291	-0.421012	0.000000
-0.037362	0.130380	0.000000
-0.368998	-0.491209	0.000000
-0.498209	-0.393255	0.000000
0.105445	0.076043	0.000000
-0.275930	-0.482534	0.000000
-0.657607	0.911557	0.000000
-0.255482	-0.674419	0.000000
-0.128851	-0.987458	0.000000
-0.130509	0.504877	0.000000
-0.268987	0.602664	0.000000
-0.648101	-0.196032	0.000000
-0.248976	-0.442215	0.000000
0.097320	-0.356931	0.000000
-0.353567	-0.022886	0.000000
-0.348483	0.867689	0.000000
-0.438667	0.199591	0.000000
-0.292248	-0.087498	0.000000
0.128838	-0.060599	0.000000
-0.048169	0.173291	0.000000
-0.209044	-0.175152	0.000000
-0.214934	0.118730	0.000000
-0.659118	0.785979	0.000000
-0.380729	0.787947	0.000000
-0.317108	-0.375479	0.000000
-0.372616	0.031531	0.000000
-0.361639	-0.302607	0.000000
-0.426563	-0.077371	0.000000
-0.285559	-0.130585	0.000000
-0.304108	-0.136893	0.000000
-0.098604	-0.078849	0.000000
-0.348135	-0.361364	0.000000
0.065588	-0.445087	0.000000
-0.635533	0.300008	0.000000
-0.693784	0.701731	0.000000
-0.390482	0.825318	0.000000
0.128774	-0.075034	0.000000
-0.116121	-0.639955	0.000000
-0.315395	-0.677180	0.000000
-0.269398	-0.306132	0.000000
-0.066891	0.507448	0.000000
-0.388039	0.261465	0.000000
-0.220763	-0.377551	0.000000
-0.236233	0.332318	0.000000
-0.009953	-0.407699	0.000000
-0.342519	-0.395531	0.000000
-0.417280	0.261800	0.000000
-0.557293	0.530300	0.000000
-0.180495	0.308225	0.000000
-0.243793	-0.125623	0.000000
-0.283296	-0.613035	0.000000
-0.080212	-0.742766	0.000000
-0.043927	-0.403172	0.000000
0.100704	0.139088	0.000000
-0.693339	-0.295399	0.000000
0.048212	0.009791	0.000000
-0.493831	0.407249	0.000000
-0.526188	0.668559	0.000000
-0.194809	-0.667120	0.000000
-0.225087	-0.061737	0.000000
-0.051588	0.111966	0.000000
-0.344107	-0.305055	0.000000
-0.524760	0.529080	0.000000
0.129014	0.053762	0.000000
0.058910	0.043665	0.000000
-0.122554	-0.313290	0.000000
-0.470990	0.531007	0.000000
-0.727728	0.560506	0.000000
-0.570877	0.558354	0.000000
-0.302954	-0.717012	0.000000
-0.436311	-0.113849	0.000000
-0.244506	0.090282	0.000000
0.102852	0.279386	0.000000
-0.226079	0.449062	0.000000
0.052306	-0.118972	0.000000
-0.121806	0.592451	0.000000
-0.477984	0.027056	0.000000
-0.309685	0.329608	0.000000
-0.383092	-0.102253	0.000000
-0.143760	-0.224401	0.000000
-0.016924	0.641036	0.000000
-0.245433	0.599488	0.000000
-0.236398	-0.255250	0.000000
-0.621964	0.310820	0.000000
-0.194909	-0.058035	0.000000
-0.003372	-0.145798	0.000000
-0.290690	-0.537504	0.000000
-0.190401	-0.368706	0.000000
-0.281127	-0.407890	0.000000
-0.333737	0.296531	0.000000
-0.333008	0.586741	0.000000
-0.451803	-0.802515	0.000000
-0.100113	0.348323	0.000000
0.070597	-0.470704	0.000000
-0.533772	-0.422352	0.000000
-0.287374	0.078924	0.000000
-0.338145	-0.739876	0.000000
-0.205587	-0.771066	0.000000
-0.551624	0.788983	0.000000
-0.565555	-0.244210	0.000000
0.124543	0.409859	0.000000
-0.279964	-0.375504	0.000000
-0.456227	-0.195516	0.000000
-0.323283	0.162237	0.000000
0.040022	-0.484275	0.000000
-0.038336	0.176576	0.000000
-0.371602	0.866118	0.000000
0.137637	0.283915	0.000000
0.161722	-0.023477	0.000000
-0.340238	-0.648468	0.000000
-0.058979	0.517929	0.000000
-0.662261	0.521401	0.000000
-0.525842	-0.061989	0.000000
-0.305633	-0.553764	0.000000
-0.168270	-0.160825	0.000000
-0.174191	0.569101	0.000000
-0.224228	-0.322908	0.000000
-0.040185	0.326579	0.000000
-0.055551	0.556522	0.000000
-0.088931	0.353207	0.000000
-0.549457	-0.396018	0.000000
-0.298753	-0.349527	0.000000
-0.135728	-0.834882	0.000000
-0.369362	-0.607661	0.000000
-0.196743	-0.363093	0.000000
0.093310	0.004504	0.000000
-0.256358	-0.393960	0.000000
-0.225308	-0.201692	0.000000
-0.273137	-0.078159	0.000000
-0.059150	-0.232696	0.000000
-0.738828	0.256823	0.000000
-0.208188	-0.398720	0.000000
0.087888	-0.033333	0.000000
-0.291764	-0.256793	0.000000
-0.271013	0.409273	0.000000
0.088441	-0.159288	0.000000
-0.849410	0.022006	0.000000
-0.182245	0.245253	0.000000
-0.077615	0.453757	0.000000
-0.126157	0.734479	0.000000
-0.257230	-0.418513	0.000000
-0.020110	-0.397755	0.000000
-0.223613	-0.425649	0.000000
0.126075	-0.258179	0.000000
-0.558958	0.376167	0.000000
-0.266028	0.672088	0.000000
-0.781706	0.035695	0.000000
-0.493151	0.059958	0.000000
-0.254497	-0.294294	0.000000
-0.190832	-0.349703	0.000000
-0.231180	-0.269988	0.000000
-0.389844	0.234175	0.000000
-0.274680	-0.219805	0.000000
-0.343739	0.726159	0.000000
-0.568312	-0.583252	0.000000
-0.498281	0.064212	0.000000
-0.036778	0.234826	0.000000
0.073292	-0.476183	0.000000
0.126659	0.069123	0.000000
-0.361347	-0.015439	0.000000
-0.367775	0.363759	0.000000
-0.157966	-0.162959	0.000000
-0.793515	0.609673	0.000000
-0.293175	-0.274209	0.000000
-0.308507	0.675968	0.000000
-0.611158	-0.033970	0.000000
-0.134983	0.719885	0.000000
-0.093241	0.355223	0.000000
-0.019534	-0.549938	0.000000
-0.723858	0.343490	0.000000
0.971524	0.227111	0.000000
-0.573417	-0.232421	0.000000
-0.263317	-0.518131	0.000000
-0.176211	0.018840	0.000000
-0.284905	0.702070	0.000000
0.018570	-0.136197	0.000000
-0.430166	-0.466630	0.000000
-0.237862	0.216925	0.000000
0.043925	0.424117	0.000000
-0.512227	0.752000	0.000000
-0.372989	0.725650	0.000000
-0.054091	0.214830	0.000000
0.039999	-0.091713	0.000000
-0.475984	-0.231054	0.000000
0.075830	0.296185	0.000000
-0.271702	-0.701145	0.000000
0.095409	0.428956	0.000000
-0.070746	-0.132082	0.000000
-0.514253	-0.193362	0.000000
0.038162	-0.403653	0.000000
-0.066502	-0.753471	0.000000
0.079695	-0.286062	0.000000
-0.266823	0.603073	0.000000
0.121454	0.188878	0.000000
-0.170688	-0.089509	0.000000
-0.162665	0.041422	0.000000
0.025140	-0.039620	0.000000
0.149696	0.005567	0.000000
-0.365220	-0.538291	0.000000
0.011497	0.104181	0.000000
-0.342357	-0.214400	0.000000
-0.731408	0.787670	0.000000
0.080636	-0.137434	0.000000
-0.652904	-0.279082	0.000000
-0.531993	0.045640	0.000000
-0.176799	-0.162653	0.000000
-0.323692	-0.608540	0.000000
0.011036	-0.434094	0.000000
-0.544765	0.597487	0.000000
-0.033583	0.555330	0.000000
-0.284031	-0.454138	0.000000
-0.504097	0.659153	0.000000
-0.194022	0.736585	0.000000
-0.316411	-0.322219	0.000000
-0.264656	-0.440402	0.000000
-0.637996	0.847653	0.000000
-0.455028	-0.275595	0.000000
-0.032279	-0.520302	0.000000
-0.330312	-0.285269	0.000000
-0.718136	0.336806	0.000000
-0.346341	-0.135986	0.000000
0.066850	-0.108897	0.000000
0.063911	0.126342	0.000000
-0.239725	-0.247508	0.000000
-0.223687	0.527645	0.000000
-0.359193	-0.490887	0.000000
-0.442070	-0.783628	0.000000
-0.394009	0.796259	0.000000
-0.518778	0.575691	0.000000
-0.478995	-0.725472	0.000000
-0.657387	-0.279835	0.000000
-0.205773	0.623124	0.000000
-0.352790	-0.041758	0.000000
-0.219679	0.576823	0.000000
-0.746374	-0.103070	0.000000
-0.563352	-0.430546	0.000000
-0.110808	0.007495	0.000000
-0.511241	0.401734	0.000000
-0.411638	0.316952	0.000000
-0.256030	0.608461	0.000000
-0.708246	-0.148772	0.000000
0.181421	0.034773	0.000000
-0.121889	0.047354	0.000000
-0.204157	-0.240396	0.000000
-0.286636	0.696645	0.000000
-0.253906	-0.058807	0.000000
-0.043901	0.423962	0.000000
-0.558169	-0.395533	0.000000
-0.075358	0.314160	0.000000
-0.680458	0.392983	0.000000
-0.346504	-0.663575	0.000000
0.084918	0.133738	0.000000
-0.241352	-0.521604	0.000000
-0.782763	-0.093698	0.000000
-0.286093	0.332920	0.000000
-0.944015	0.067055	0.000000
-0.278996	-0.486225	0.000000
-0.100341	-0.584301	0.000000
-0.045208	0.502690	0.000000
-0.664217	-0.127686	0.000000
-0.263414	-0.294247	0.000000
-0.670446	-0.291882	0.000000
-0.128890	0.400568	0.000000
-0.869522	0.280841	0.000000
-0.257464	0.108728	0.000000
0.080089	0.051762	0.000000
-0.811663	-0.292249	0.000000
-0.130124	-0.336350	0.000000
0.009102	-0.215848	0.000000
0.108489	-0.466925	0.000000
-0.144130	-0.560735	0.000000
-0.115086	0.582388	0.000000
-0.638874	-0.370137	0.000000
-0.548349	0.595139	0.000000
-0.810814	-0.295531	0.000000
-0.521422	0.441232	0.000000
-0.565956	0.564883	0.000000
0.032856	-0.420296	0.000000
-0.443307	-0.361088	0.000000
-0.547998	-0.216312	0.000000
-0.090809	-0.108822	0.000000
-0.270603	-0.083657	0.000000
-0.454137	0.226106	0.000000
-0.643565	0.694564	0.000000
-0.187933	0.614385	0.000000
-0.281060	0.420672	0.000000
-0.205541	-0.786033	0.000000
-0.513070	-0.423597	0.000000
0.045318	0.303624	0.000000
-0.433554	-0.609496	0.000000
-0.196838	-0.486067	0.000000
-0.082384	0.735456	0.000000
-0.248965	0.667397	0.000000
0.144530	-0.190011	0.000000
-0.194779	-0.631112	0.000000
-0.539551	0.749178	0.000000
-0.012042	-0.589525	0.000000
-0.556240	0.544448	0.000000
-0.137628	0.057484	0.000000
-0.115636	0.608969	0.000000
-0.225042	-0.277169	0.000000
-0.007502	-0.292395	0.000000
0.105211	-0.425335	0.000000
-0.322852	-0.088264	0.000000
0.013464	0.199157	0.000000
-0.076881	0.491521	0.000000
-0.177599	-0.305674	0.000000
-0.239944	-0.260033	0.000000
-0.486571	-0.113763	0.000000
-0.071946	0.036306	0.000000
-0.257749	-0.493086	0.000000
0.042869	0.057430	0.000000
-0.316798	-0.181403	0.000000
-0.224204	-0.105334	0.000000
-0.396168	-0.699038	0.000000
-0.265778	0.408566	0.000000
-0.463070	-0.421778	0.000000
-0.244746	-0.409082	0.000000
-0.205000	-0.541501	0.000000
0.138107	0.249970	0.000000
-0.283477	0.578590	0.000000
-0.244330	0.004072	0.000000
-0.069480	0.254966	0.000000
-0.181073	0.560424	0.000000
-0.003429	-0.148469	0.000000
-0.569117	0.554422	0.000000
-0.274981	-0.035719	0.000000
-0.739686	-0.125011	0.000000
-0.690918	0.537480	0.000000
-0.657431	0.534442	0.000000
-0.450057	-0.786807	0.000000
-0.242270	0.688844	0.000000
-0.174772	0.001800	0.000000
-0.197647	-0.576123	0.000000
-0.201324	0.742768	0.000000
-0.676443	-0.106984	0.000000
0.098760	0.241958	0.000000
-0.199561	-0.700144	0.000000
0.075275	-0.415502	0.000000
0.023890	-0.627104	0.000000
-0.420291	0.170877	0.000000
0.060825	0.097999	0.000000
0.976525	0.228603	0.000000
-0.618152	0.471916	0.000000
-0.234932	0.664723	0.000000
-0.299199	-0.761611	0.000000
-0.407323	-0.038742	0.000000
-0.579162	-0.055504	0.000000
-0.278440	-0.439901	0.000000
0.050570	-0.035203	0.000000
-0.435466	-0.399648	0.000000
-0.259118	-0.614343	0.000000
-0.249951	0.057961	0.000000
-0.308623	-0.521430	0.000000
-0.381396	-0.184135	0.000000
-0.779271	0.141406	0.000000
-0.542812	0.471602	0.000000
-0.691263	0.172700	0.000000
-0.095392	-0.223531	0.000000
0.101099	-0.310158	0.000000
0.000835	0.173073	0.000000
-0.692449	0.399412	0.000000
-0.302943	-0.781889	0.000000
-0.337903	0.135480	0.000000
-0.325632	-0.616742	0.000000
-0.402819	0.310931	0.000000
-0.217680	-0.843309	0.000000
-0.272340	-0.121846	0.000000
-0.464488	-0.576801	0.000000
-0.318522	0.811032	0.000000
-0.413320	-0.723350	0.000000
-0.163141	-0.315056	0.000000
-0.441491	-0.376084	0.000000
-0.464233	-0.590399	0.000000
-0.410805	-0.313147	0.000000
-0.072547	-0.637582	0.000000
-0.545229	0.745528	0.000000
0.970778	0.323865	0.000000
0.100739	0.277026	0.000000
-0.120570	-0.223683	0.000000
0.086822	-0.086167	0.000000
-0.202399	-0.334403	0.000000
-0.105430	0.234356	0.000000
0.107424	0.177372	0.000000
-0.651092	-0.301240	0.000000
-0.774796	-0.125253	0.000000
-0.572978	0.824569	0.000000
0.166181	-0.036950	0.000000
-0.228636	0.679651	0.000000
-0.481588	-0.611430	0.000000
-0.176620	-0.361607	0.000000
-0.259914	0.308955	0.000000
-0.654135	-0.146981	0.000000
-0.194919	-0.088886	0.000000
-0.245507	-0.501493	0.000000
0.974556	0.116224	0.000000
-0.403874	-0.168315	0.000000
-0.056810	-0.757267	0.000000
-0.274369	-0.698723	0.000000
-0.245086	-0.454372	0.000000
0.126149	0.024941	0.000000
-0.471884	0.480558	0.000000
-0.643968	-0.394603	0.000000
-0.037932	0.370944	0.000000
-0.208209	0.631511	0.000000
-0.133772	0.720247	0.000000
-0.391157	-0.194381	0.000000
-0.669549	0.520137	0.000000
0.092153	0.010240	0.000000
-0.370622	0.003703	0.000000
-0.129736	0.014910	0.000000
-0.055568	0.278421	0.000000
-0.196457	0.095905	0.000000
0.081919	0.242437	0.000000
0.068093	0.282159	0.000000
-0.057319	-0.176818	0.000000
-0.549586	0.610034	0.000000
-0.163885	0.123113	0.000000
-0.675282	0.580541	0.000000
-0.122630	0.491248	0.000000
0.159919	-0.028145	0.000000
-0.170887	-0.517636	0.000000
-0.085466	0.194278	0.000000
-0.290904	-0.204843	0.000000
-0.290960	0.096884	0.000000
0.013473	0.211778	0.000000
-0.422924	-0.551373	0.000000
-0.428146	0.031201	0.000000
0.150181	-0.012619	0.000000
-0.036650	0.425553	0.000000
-0.627648	0.524728	0.000000
0.048887	0.161512	0.000000
-0.315883	-0.285606	0.000000
-0.330534	-0.778532	0.000000
-0.367503	-0.392648	0.000000
-0.136981	0.424102	0.000000
-0.608694	-0.369267	0.000000
-0.250548	0.446164	0.000000
-0.080246	-0.030536	0.000000
-0.428741	-0.321141	0.000000
0.081640	-0.031713	0.000000
0.172002	0.069610	0.000000
-0.915522	-0.532687	0.000000
-0.595536	0.670353	0.000000
-0.318779	-0.485960	0.000000
-0.184328	-0.246654	0.000000
-0.005063	-0.201708	0.000000
-0.423441	-0.124327	0.000000
-0.139144	-0.113472	0.000000
-0.313311	-0.506361	0.000000
-0.099303	0.547929	0.000000
0.114480	-0.196509	0.000000
-0.535721	0.746247	0.000000
-0.477253	0.515663	0.000000
0.086819	-0.291877	0.000000
-0.093050	-0.415138	0.000000
0.141585	-0.032518	0.000000
-0.366657	0.299858	0.000000
0.073865	0.259301	0.000000
0.119680	0.396384	0.000000
-0.113636	0.426366	0.000000
0.144413	0.266701	0.000000
-0.533107	-0.662014	0.000000
-0.078785	-0.571846	0.000000
-0.115814	0.739097	0.000000
0.039923	0.346330	0.000000
0.154175	-0.176217	0.000000
-0.248235	-0.433796	0.000000
-0.373364	-0.127949	0.000000
-0.399141	-0.227408	0.000000
0.092506	-0.155409	0.000000
0.038122	0.399764	0.000000
-0.482143	-0.760430	0.000000
-0.357629	0.206481	0.000000
-0.112456	0.262699	0.000000
-0.091530	0.712874	0.000000
-0.214163	0.603717	0.000000
-0.257229	0.303568	0.000000
-0.204923	0.377605	0.000000
0.122049	0.408764	0.000000
0.113452	0.008118	0.000000
-0.330164	-0.315658	0.000000
-0.423980	-0.045865	0.000000
-0.196935	0.330484	0.000000
-0.249098	0.606983	0.000000
-0.784190	0.213044	0.000000
-0.324741	-0.475364	0.000000
-0.052519	0.208536	0.000000
-0.386931	-0.225492	0.000000
0.030106	-0.644712	0.000000
-0.538295	0.624931	0.000000
-0.163017	0.169883	0.000000
0.969458	0.030724	0.000000
-0.145266	-0.104934	0.000000
-0.344667	-0.021907	0.000000
-0.322509	-0.349882	0.000000
-0.617188	-0.146663	0.000000
-0.171689	-0.048586	0.000000
-0.348841	-0.136684	0.000000
-0.240354	-0.037680	0.000000
-0.246685	0.648679	0.000000
0.079836	0.026423	0.000000
-0.368247	-0.321387	0.000000
-0.286668	-0.535463	0.000000
-0.661030	-0.361844	0.000000
-0.112602	0.400784	0.000000
-0.784906	0.183507	0.000000
-0.048429	-0.758448	0.000000
0.078672	0.264139	0.000000
-0.206656	0.590825	0.000000
-0.273578	-0.163509	0.000000
-0.177114	0.663730	0.000000
-0.208357	-0.824666	0.000000
-0.552374	0.593514	0.000000
-0.277619	-0.465347	0.000000
0.052614	0.324039	0.000000
-0.021209	0.624849	0.000000
-0.172119	0.015541	0.000000
-0.010677	-0.419457	0.000000
-0.153516	0.412036	0.000000
0.030076	-0.353507	0.000000
-0.084204	-0.040705	0.000000
-0.203266	0.745811	0.000000
-0.468689	-0.382431	0.000000
-0.496912	0.414549	0.000000
0.127109	0.211736	0.000000
-0.404358	0.321842	0.000000
-0.016902	-0.482648	0.000000
-0.343910	0.853977	0.000000
-0.341957	-0.452739	0.000000
-0.268810	0.712185	0.000000
-0.370920	0.720757	0.000000
-0.279865	0.725154	0.000000
-0.242992	0.651013	0.000000
-0.296988	0.554334	0.000000
-0.183682	-0.446369	0.000000
-0.344292	0.325430	0.000000
0.050185	0.000340	0.000000
-0.921271	0.078999	0.000000
-0.366234	-0.295558	0.000000
-0.135364	-0.318071	0.000000
-0.038891	-0.395008	0.000000
-0.188296	-0.238641	0.000000
-0.204596	-0.655522	0.000000
-0.247707	-0.510275	0.000000
-0.799685	-0.124786	0.000000
-0.296661	0.515524	0.000000
-0.555403	-0.467760	0.000000
-0.372677	-0.147624	0.000000
0.204168	-0.097176	0.000000
-0.139728	-0.116627	0.000000
-0.292390	-0.516761	0.000000
0.156442	-0.178113	0.000000
0.974985	-0.052846	0.000000
0.062593	0.121876	0.000000
-0.379730	0.674872	0.000000
-0.197492	0.331433	0.000000
-0.267528	-0.466592	0.000000
-0.238200	-0.098393	0.000000
-0.016288	-0.381733	0.000000
-0.393790	-0.216688	0.000000
-0.300086	-0.121674	0.000000
-0.290715	-0.441647	0.000000
-0.254188	-0.459129	0.000000
-0.653635	-0.256605	0.000000
-0.837425	0.060595	0.000000
-0.132162	-0.440356	0.000000
-0.270329	-0.572550	0.000000
-0.039154	0.236911	0.000000
-0.606253	0.739432	0.000000
-0.298981	0.252444	0.000000
0.100696	-0.184510	0.000000
-0.026109	-0.376736	0.000000
0.115327	0.117946	0.000000
-0.319071	-0.450456	0.000000
0.031261	0.185574	0.000000
-0.233586	-0.154080	0.000000
-0.208642	0.736776	0.000000
-0.458266	-0.761038	0.000000
-0.488148	0.015066	0.000000
-0.565081	-0.200020	0.000000
-0.041627	-0.294663	0.000000
-0.248823	-0.290751	0.000000
-0.085821	0.492036	0.000000
-0.304187	0.735939	0.000000
-0.013945	0.479841	0.000000
-0.749812	0.245701	0.000000
0.957772	0.395394	0.000000
-0.550756	0.793489	0.000000
-0.407926	0.424223	0.000000
0.034181	-0.299149	0.000000
-0.651949	-0.421115	0.000000
0.955616	0.405075	0.000000
-0.434959	0.399727	0.000000
0.187491	-0.017937	0.000000
0.031578	-0.683506	0.000000
-0.224308	-0.277317	0.000000
-0.177342	-0.383411	0.000000
-0.582502	-0.321594	0.000000
-0.335439	0.098452	0.000000
-0.071342	0.521707	0.000000
-0.207599	-0.211974	0.000000
-0.313246	-0.113862	0.000000
-0.917088	-0.534688	0.000000
0.133017	0.236009	0.000000
-0.673673	0.867897	0.000000
-0.191011	0.140646	0.000000
-0.567076	-0.214963	0.000000
-0.351152	0.838535	0.000000
-0.375884	0.197060	0.000000
-0.174970	0.044532	0.000000
-0.339401	0.273223	0.000000
-0.214959	-0.220962	0.000000
-0.675843	0.707585	0.000000
-0.150655	-0.123010	0.000000
-0.083894	0.270975	0.000000
-0.095789	0.269227	0.000000
0.149899	0.001802	0.000000
-0.299252	-0.243769	0.000000
-0.331281	-0.109614	0.000000
-0.225489	0.725963	0.000000
-0.158767	0.418988	0.000000
-0.245840	-0.239485	0.000000
-0.298934	-0.306702	0.000000
0.039566	-0.670303	0.000000
-0.941159	0.073352	0.000000
-0.099236	0.352038	0.000000
-0.376588	-0.656522	0.000000
0.000456	0.161223	0.000000
-0.374918	-0.326683	0.000000
-0.178182	-0.571443	0.000000
-0.139210	-0.849141	0.000000
-0.264892	-0.301434	0.000000
-0.272569	-0.204170	0.000000
-0.429444	-0.529265	0.000000
-0.305856	0.100607	0.000000
-0.532095	0.060544	0.000000
-0.154894	0.374107	0.000000
-0.725663	0.677093	0.000000
-0.655584	0.534469	0.000000
0.061011	0.157993	0.000000
-0.267149	-0.382918	0.000000
-0.244279	-0.367514	0.000000
-0.659410	-0.264707	0.000000
-0.378707	0.011956	0.000000
-0.459288	-0.096536	0.000000
0.103243	0.016198	0.000000
-0.312123	0.654504	0.000000
-0.353528	0.838915	0.000000
-0.506032	0.315269	0.000000
-0.459382	-0.737868	0.000000
-0.280881	0.769756	0.000000
-0.470787	-0.140200	0.000000
-0.385655	-0.192097	0.000000
-0.214854	-0.397591	0.000000
-0.276174	0.205047	0.000000
0.143232	-0.104199	0.000000
-0.638170	0.480650	0.000000
-0.604357	-0.383136	0.000000
-0.288728	-0.363095	0.000000
-0.649270	0.747026	0.000000
-0.439141	-0.484734	0.000000
-0.365992	-0.126881	0.000000
-0.739089	0.116631	0.000000
-0.571351	0.463584	0.000000
0.101005	-0.055603	0.000000
-0.130855	0.538436	0.000000
-0.245138	-0.249988	0.000000
0.060430	0.336191	0.000000
-0.371877	-0.506381	0.000000
0.005238	-0.617835	0.000000
-0.327996	0.024427	0.000000
-0.050907	0.545681	0.000000
-0.157525	0.191798	0.000000
-0.327687	-0.537251	0.000000
-0.632024	0.784116	0.000000
-0.257350	-0.479089	0.000000
-0.068348	0.046788	0.000000
-0.036680	0.611500	0.000000
-0.273629	-0.262386	0.000000
-0.228665	-0.545926	0.000000
0.042597	0.183382	0.000000
-0.562422	-0.469007	0.000000
-0.779760	-0.131364	0.000000
-0.185229	-0.108210	0.000000
-0.446946	-0.107649	0.000000
-0.268674	-0.350851	0.000000
-0.749945	-0.233980	0.000000
-0.222649	-0.566547	0.000000
-0.228009	-0.569526	0.000000
0.045635	0.006041	0.000000
-0.420046	0.246055	0.000000
-0.250331	0.552701	0.000000
-0.337793	-0.660298	0.000000
-0.449594	-0.435931	0.000000
-0.440058	-0.146724	0.000000
0.094902	-0.189728	0.000000
-0.155092	0.124752	0.000000
-0.320482	-0.468976	0.000000
-0.527300	-0.407359	0.000000
-0.297145	0.299614	0.000000
-0.079515	-0.049282	0.000000
-0.377598	0.266588	0.000000
-0.184815	0.722116	0.000000
0.053861	-0.204639	0.000000
-0.119862	0.571566	0.000000
-0.069341	-0.771645	0.000000
-0.003539	-0.558624	0.000000
-0.292889	0.214235	0.000000
-0.275634	-0.047643	0.000000
0.013352	-0.296298	0.000000
-0.481672	-0.398292	0.000000
-0.112656	-0.536967	0.000000
-0.704766	-0.222520	0.000000
-0.487512	-0.661382	0.000000
0.080207	-0.318990	0.000000
-0.118672	0.754616	0.000000
-0.108655	-0.297918	0.000000
-0.768671	0.208662	0.000000
0.970557	0.093531	0.000000
-0.510802	0.366480	0.000000
-0.510323	-0.114797	0.000000
0.103158	-0.488317	0.000000
-0.189789	-0.008825	0.000000
-0.213652	0.012476	0.000000
-0.216668	0.067974	0.000000
-0.258327	0.074160	0.000000
-0.035711	-0.777103	0.000000
-0.578534	0.486664	0.000000
-0.280622	-0.442304	0.000000
-0.101400	0.630448	0.000000
-0.338515	-0.066033	0.000000
-0.723637	0.481229	0.000000
-0.180638	-0.316135	0.000000
-0.253154	0.442234	0.000000
-0.247808	0.059946	0.000000
-0.339226	0.849792	0.000000
-0.263915	0.728888	0.000000
-0.040066	0.167658	0.000000
-0.804204	0.359339	0.000000
-0.684659	0.465121	0.000000
-0.258701	-0.355133	0.000000
-0.551071	-0.412123	0.000000
-0.248888	0.644962	0.000000
0.127514	-0.260795	0.000000
-0.083799	0.185734	0.000000
-0.205783	-0.749184	0.000000
-0.634855	0.533721	0.000000
-0.436072	-0.542642	0.000000
-0.068087	-0.227845	0.000000
-0.105282	-0.505418	0.000000
-0.401430	-0.034362	0.000000
-0.665923	0.409800	0.000000
-0.262821	0.414945	0.000000
-0.806596	-0.118200	0.000000
-0.878924	0.112636	0.000000
-0.176840	-0.025582	0.000000
0.054452	0.091930	0.000000
-0.428320	-0.052401	0.000000
-0.001696	-0.403388	0.000000
-0.070355	0.382322	0.000000
0.102455	0.073207	0.000000
-0.735126	0.651695	0.000000
-0.298902	0.670208	0.000000
-0.636533	0.375018	0.000000
-0.155806	-0.788992	0.000000
-0.530044	0.651226	0.000000
-0.238164	0.627970	0.000000
-0.388768	-0.526991	0.000000
-0.047730	-0.064919	0.000000
-0.535932	0.099714	0.000000
-0.647807	0.745431	0.000000
-0.356724	0.866116	0.000000
-0.002150	-0.298071	0.000000
-0.325126	-0.211792	0.000000
-0.079175	0.286970	0.000000
0.196004	-0.015338	0.000000
-0.263652	-0.133338	0.000000
-0.158048	0.416791	0.000000
-0.288098	0.672678	0.000000
-0.430842	0.346213	0.000000
-0.040236	-0.361512	0.000000
-0.028984	-0.439716	0.000000
-0.186824	0.347033	0.000000
-0.188701	0.532262	0.000000
0.092157	-0.190592	0.000000
-0.032619	-0.581426	0.000000
-0.225140	0.439836	0.000000
-0.892943	0.075209	0.000000
-0.331414	-0.721766	0.000000
0.048040	-0.169396	0.000000
-0.400952	0.393649	0.000000
-0.363717	-0.636033	0.000000
-0.157113	-0.425081	0.000000
-0.644847	0.956196	0.000000
-0.339393	-0.531175	0.000000
-0.221417	0.700917	0.000000
-0.097906	-0.077371	0.000000
-0.250302	0.609328	0.000000
-0.282036	-0.113401	0.000000
0.972720	0.268114	0.000000
-0.165737	-0.473143	0.000000
-0.236980	-0.486442	0.000000
-0.630454	-0.067567	0.000000
0.141753	-0.087080	0.000000
-0.305333	-0.300642	0.000000
-0.377823	0.815938	0.000000
-0.513152	-0.431257	0.000000
-0.167662	-0.008186	0.000000
-0.262795	-0.622131	0.000000
-0.558647	-0.036987	0.000000
-0.748448	0.034268	0.000000
-0.210890	0.384558	0.000000
-0.708709	0.789332	0.000000
-0.626722	-0.395423	0.000000
-0.376842	0.725447	0.000000
-0.246799	-0.208939	0.000000
-0.065585	0.016879	0.000000
-0.207679	0.541688	0.000000
-0.579417	0.299656	0.000000
-0.645281	0.727562	0.000000
-0.516324	-0.086956	0.000000
-0.529442	0.571069	0.000000
-0.679230	0.813264	0.000000
-0.303995	0.017180	0.000000
-0.197400	0.306049	0.000000
-0.348581	-0.053509	0.000000
-0.017572	-0.346506	0.000000
-0.338069	-0.510960	0.000000
0.017832	0.499081	0.000000
-0.537143	0.564344	0.000000
-0.077155	-0.764440	0.000000
0.080640	0.357166	0.000000
-0.613372	-0.257251	0.000000
-0.522074	0.540249	0.000000
-0.595783	0.451743	0.000000
0.964574	-0.016279	0.000000
-0.378872	-0.673652	0.000000
-0.259389	-0.404382	0.000000
-0.370129	-0.689197	0.000000
-0.556464	0.052460	0.000000
-0.535669	-0.100116	0.000000
-0.631111	0.430891	0.000000
-0.012985	0.411166	0.000000
-0.416890	0.003861	0.000000
-0.315455	-0.819716	0.000000
-0.132188	-0.272067	0.000000
-0.370709	0.364228	0.000000
-0.411154	0.267570	0.000000
-0.231190	0.044902	0.000000
0.040684	-0.437252	0.000000
-0.398595	-0.017897	0.000000
-0.325489	-0.531579	0.000000
-0.263600	0.584902	0.000000
-0.158875	0.171703	0.000000
-0.429557	-0.320201	0.000000
-0.369454	0.820185	0.000000
-0.316204	-0.504569	0.000000
0.021356	-0.068412	0.000000
-0.054200	0.395493	0.000000
-0.618716	0.293755	0.000000
-0.307761	-0.340951	0.000000
-0.513134	-0.291870	0.000000
0.117845	-0.049949	0.000000
-0.229575	0.172266	0.000000
0.053880	-0.436405	0.000000
-0.162389	0.306362	0.000000
-0.168991	-0.127071	0.000000
0.092825	-0.513206	0.000000
-0.282766	-0.371930	0.000000
-0.631717	0.688314	0.000000
-0.101764	0.097745	0.000000
-0.912623	-0.701265	0.000000
0.098968	0.357605	0.000000
-0.020933	0.484882	0.000000
0.091856	-0.377805	0.000000
-0.119150	0.000867	0.000000
-0.214951	-0.511195	0.000000
-0.011091	-0.209493	0.000000
-0.541730	-0.360297	0.000000
-0.218431	-0.204126	0.000000
-0.254252	0.628523	0.000000
-0.218014	0.557578	0.000000
-0.800179	0.106523	0.000000
-0.621418	-0.378857	0.000000
-0.100761	-0.207760	0.000000
0.066377	-0.168250	0.000000
-0.207195	0.788808	0.000000
-0.212007	-0.511616	0.000000
-0.812004	0.163864	0.000000
-0.044100	0.422651	0.000000
-0.312547	0.266090	0.000000
-0.575525	0.766199	0.000000
-0.185555	0.002154	0.000000
-0.818962	0.040916	0.000000
-0.352077	0.878797	0.000000
-0.316576	-0.387512	0.000000
-0.492489	-0.407727	0.000000
-0.084065	-0.652082	0.000000
-0.777054	-0.041033	0.000000
-0.189147	0.048839	0.000000
-0.757901	0.047625	0.000000
-0.636419	-0.116752	0.000000
-0.270117	0.718753	0.000000
0.116591	-0.052335	0.000000
-0.353560	-0.156505	0.000000
-0.107493	0.444211	0.000000
-0.467283	-0.660027	0.000000
0.956078	0.007045	0.000000
-0.270542	0.306122	0.000000
0.131876	-0.107420	0.000000
0.056419	0.126712	0.000000
-0.065994	0.469536	0.000000
0.148865	0.098562	0.000000
-0.146208	-0.545719	0.000000
-0.280780	-0.225945	0.000000
-0.424489	0.237550	0.000000
-0.407561	-0.642054	0.000000
0.111550	0.433448	0.000000
-0.337440	-0.360191	0.000000
-0.178448	0.034689	0.000000
0.090194	0.120875	0.000000
-0.648489	-0.138910	0.000000
0.061067	-0.144303	0.000000
-0.501107	-0.206533	0.000000
-0.367043	-0.302037	0.000000
-0.464781	-0.461998	0.000000
-0.382727	-0.631382	0.000000
-0.575931	0.875995	0.000000
-0.166644	0.470305	0.000000
-0.503003	0.401486	0.000000
-0.677475	0.856669	0.000000
-0.066011	-0.365319	0.000000
-0.672986	0.753450	0.000000
0.023970	-0.201189	0.000000
-0.373441	-0.227844	0.000000
-0.129282	-0.931063	0.000000
-0.001629	-0.331906	0.000000
-0.178213	0.094881	0.000000
-0.362253	-0.065849	0.000000
-0.205760	0.226927	0.000000
-0.299755	-0.696416	0.000000
-0.122363	0.309301	0.000000
-0.224344	-0.304859	0.000000
-0.354206	-0.220333	0.000000
-0.396885	0.014154	0.000000
-0.305180	-0.552684	0.000000
-0.243231	-0.200515	0.000000
-0.084179	0.330061	0.000000
-0.400496	0.007549	0.000000
-0.382115	0.152545	0.000000
-0.584164	-0.535865	0.000000
-0.169189	0.613951	0.000000
-0.421790	0.330875	0.000000
0.054847	0.211928	0.000000
-0.283558	0.722001	0.000000
-0.332366	0.047582	0.000000
-0.219306	-0.176341	0.000000
0.034741	-0.007406	0.000000
-0.236889	0.570591	0.000000
-0.004632	-0.071322	0.000000
-0.357604	0.720741	0.000000
0.136327	0.162349	0.000000
-0.281253	0.754330	0.000000
0.032080	0.261240	0.000000
-0.207984	-0.652764	0.000000
-0.640649	0.990382	0.000000
-0.421825	-0.121259	0.000000
-0.442751	-0.221932	0.000000
-0.507638	-0.279523	0.000000
0.029227	0.392410	0.000000
-0.458563	-0.666316	0.000000
-0.275878	0.582666	0.000000
-0.149851	-0.607133	0.000000
-0.202704	-0.121200	0.000000
0.007520	-0.269651	0.000000
-0.750265	-0.145403	0.000000
0.062997	0.345690	0.000000
-0.630734	0.939817	0.000000
-0.712777	0.002360	0.000000
-0.423097	-0.202158	0.000000
-0.635627	0.250155	0.000000
-0.427231	-0.091666	0.000000
-0.224554	0.398287	0.000000
-0.010862	0.194640	0.000000
0.048940	-0.444722	0.000000
-0.554362	-0.415543	0.000000
-0.290880	-0.159437	0.000000
-0.350724	-0.779979	0.000000
-0.363869	-0.213374	0.000000
0.011779	0.037138	0.000000
-0.284333	0.539765	0.000000
-0.561694	0.394432	0.000000
-0.579852	-0.134988	0.000000
-0.242043	-0.143896	0.000000
0.030643	0.250553	0.000000
-0.392307	-0.160338	0.000000
-0.359611	-0.290813	0.000000
-0.344640	0.287352	0.000000
-0.162497	0.660731	0.000000
0.036460	-0.274462	0.000000
-0.345337	-0.259490	0.000000
-0.368029	-0.178591	0.000000
0.044319	-0.435966	0.000000
-0.295237	0.344697	0.000000
-0.217613	-0.296801	0.000000
-0.234186	0.427622	0.000000
-0.230185	0.421901	0.000000
-0.184361	-0.180646	0.000000
-0.200978	-0.662518	0.000000
-0.407602	-0.269390	0.000000
-0.299926	0.529126	0.000000
-0.124890	-0.326673	0.000000
0.045744	-0.237277	0.000000
-0.072797	-0.223157	0.000000
-0.089408	0.215327	0.000000
-0.155618	-0.642749	0.000000
-0.346049	0.779384	0.000000
-0.270585	-0.091246	0.000000
0.002043	0.222713	0.000000
-0.414460	-0.285976	0.000000
-0.140542	0.178031	0.000000
-0.168410	-0.259762	0.000000
-0.091958	0.396580	0.000000
-0.215685	0.549209	0.000000
-0.515839	-0.252581	0.000000
-0.359299	0.755724	0.000000
-0.226172	-0.299587	0.000000
-0.435880	0.075120	0.000000
-0.589434	0.036008	0.000000
-0.409140	0.442897	0.000000
-0.683225	0.442197	0.000000
-0.383820	-0.205140	0.000000
-0.415782	-0.413822	0.000000
-0.042257	0.288313	0.000000
-0.123183	-0.129883	0.000000
-0.291961	-0.796462	0.000000
-0.154881	-0.718114	0.000000
-0.142603	0.501442	0.000000
-0.544034	0.490978	0.000000
-0.558592	0.596235	0.000000
-0.359944	0.801098	0.000000
-0.176828	-0.066312	0.000000
-0.174980	0.462349	0.000000
0.044704	0.444569	0.000000
-0.317210	-0.559989	0.000000
-0.303226	-0.223672	0.000000
-0.683410	0.679731	0.000000
-0.603887	-0.274412	0.000000
-0.270162	-0.581225	0.000000
-0.552630	0.675230	0.000000
0.093732	-0.472484	0.000000
-0.304586	-0.510048	0.000000
0.058233	0.022079	0.000000
-0.209771	-0.254196	0.000000
0.958148	0.030772	0.000000
-0.278587	-0.125317	0.000000
-0.177798	-0.343053	0.000000
-0.008896	-0.463626	0.000000
-0.233592	-0.293326	0.000000
-0.106251	0.533593	0.000000
-0.275400	-0.633698	0.000000
-0.889460	-0.680761	0.000000
-0.352250	-0.196351	0.000000
-0.121085	-0.443969	0.000000
0.940667	0.413290	0.000000
0.046207	-0.023501	0.000000
0.072728	0.202098	0.000000
0.100376	-0.073852	0.000000
-0.570537	0.808663	0.000000
-0.310380	-0.610525	0.000000
0.108712	-0.234322	0.000000
-0.681152	0.547825	0.000000
-0.221318	0.646929	0.000000
-0.147561	0.609898	0.000000
-0.177314	0.167985	0.000000
-0.056371	-0.547391	0.000000
-0.579287	0.657229	0.000000
-0.266479	-0.341515	0.000000
-0.028930	0.447885	0.000000
-0.101616	0.007568	0.000000
-0.486821	-0.266137	0.000000
-0.296042	-0.144706	0.000000
-0.044699	0.533548	0.000000
-0.041866	-0.589492	0.000000
-0.624915	0.822791	0.000000
-0.914126	-0.478191	0.000000
-0.150878	0.245611	0.000000
-0.247369	-0.455926	0.000000
-0.242455	-0.462370	0.000000
-0.628605	0.710859	0.000000
-0.211625	0.389520	0.000000
-0.010942	0.525400	0.000000
-0.216127	0.553197	0.000000
-0.526201	-0.362188	0.000000
-0.590822	0.887357	0.000000
-0.285542	-0.147268	0.000000
-0.095673	-0.139393	0.000000
-0.306204	0.151315	0.000000
0.012849	0.439535	0.000000
-0.263903	0.166219	0.000000
-0.239265	0.188047	0.000000
-0.631682	0.488177	0.000000
-0.437563	0.301134	0.000000
-0.605864	0.649583	0.000000
-0.238606	0.388541	0.000000
-0.006489	0.544411	0.000000
-0.537343	-0.411061	0.000000
-0.205191	-0.053097	0.000000
-0.435927	0.030308	0.000000
-0.285007	0.522149	0.000000
-0.536836	-0.562702	0.000000
0.091358	-0.267855	0.000000
0.138891	-0.074124	0.000000
-0.304893	0.473733	0.000000
-0.308910	-0.030319	0.000000
-0.531033	-0.485937	0.000000
-0.388056	-0.587291	0.000000
-0.628990	0.920713	0.000000
-0.339764	0.827731	0.000000
-0.481438	0.152554	0.000000
-0.125221	0.370359	0.000000
0.965501	0.346935	0.000000
-0.440491	-0.415835	0.000000
-0.295778	0.396097	0.000000
-0.791403	0.041707	0.000000
-0.113072	0.176259	0.000000
-0.114320	-0.360141	0.000000
-0.922514	-0.673510	0.000000
0.063526	-0.176226	0.000000
-0.653980	-0.287918	0.000000
-0.624475	0.556369	0.000000
-0.601914	0.908638	0.000000
-0.586261	-0.186870	0.000000
0.067282	-0.411089	0.000000
-0.070420	-0.600752	0.000000
-0.173304	-0.320215	0.000000
-0.224054	-0.243763	0.000000
-0.676716	0.473606	0.000000
-0.131593	-0.973664	0.000000
0.057202	-0.425857	0.000000
-0.157052	0.522350	0.000000
-0.252393	0.560900	0.000000
-0.330178	-0.234671	0.000000
-0.039547	-0.690669	0.000000
-0.458672	-0.215878	0.000000
-0.560610	0.617243	0.000000
-0.240689	-0.233785	0.000000
-0.209254	-0.041094	0.000000
-0.878326	0.130396	0.000000
-0.219538	-0.611993	0.000000
-0.523277	0.367795	0.000000
-0.127224	-0.965024	0.000000
-0.185887	0.362661	0.000000
-0.514263	0.145470	0.000000
-0.621451	0.678177	0.000000
-0.143463	-0.106476	0.000000
-0.233412	0.346377	0.000000
-0.420776	0.155941	0.000000
-0.386503	0.271177	0.000000
-0.121289	0.317169	0.000000
-0.230385	-0.576284	0.000000
-0.345481	0.251583	0.000000
-0.081278	-0.097405	0.000000
-0.206562	-0.726492	0.000000
-0.683874	-0.252672	0.000000
-0.569123	0.497571	0.000000
-0.090089	0.143618	0.000000
0.142831	0.237458	0.000000
-0.275720	-0.383733	0.000000
-0.631889	0.342637	0.000000
-0.236900	-0.275830	0.000000
-0.538178	0.496644	0.000000
-0.761171	0.214421	0.000000
-0.915487	-0.519300	0.000000
-0.171791	0.423496	0.000000
-0.047737	-0.596927	0.000000
0.082465	-0.464445	0.000000
-0.426276	-0.023821	0.000000
-0.262089	-0.120453	0.000000
-0.897472	-0.694331	0.000000
-0.283466	-0.369605	0.000000
-0.190434	0.506374	0.000000
-0.917794	-0.677838	0.000000
0.081127	-0.018595	0.000000
-0.416713	0.368535	0.000000
-0.119379	-0.694765	0.000000
-0.079053	-0.140623	0.000000
-0.444978	-0.544219	0.000000
-0.578372	-0.202079	0.000000
-0.275345	-0.231223	0.000000
-0.068698	0.057118	0.000000
0.010626	0.035548	0.000000
-0.171942	0.672531	0.000000
-0.265301	-0.251193	0.000000
0.105213	0.117234	0.000000
-0.586334	0.485615	0.000000
-0.059240	0.501824	0.000000
-0.309283	-0.266608	0.000000
-0.385808	-0.178184	0.000000
-0.086357	0.338487	0.000000
-0.078036	0.521239	0.000000
-0.549316	-0.388622	0.000000
-0.425249	-0.073197	0.000000
-0.175761	0.385603	0.000000
-0.521731	0.450202	0.000000
-0.181708	0.410203	0.000000
-0.503368	-0.754399	0.000000
-0.136612	-0.903200	0.000000
-0.737027	-0.243897	0.000000
-0.067883	0.540757	0.000000
-0.300083	-0.339003	0.000000
-0.182551	-0.251834	0.000000
0.071047	-0.092455	0.000000
-0.257183	0.531513	0.000000
-0.098804	0.129975	0.000000
-0.340750	0.747496	0.000000
-0.426869	0.292094	0.000000
-0.319303	0.718665	0.000000
-0.329629	-0.099039	0.000000
-0.283352	-0.757830	0.000000
-0.216000	-0.529319	0.000000
-0.117387	-0.030749	0.000000
-0.577980	-0.537516	0.000000
-0.335218	0.122181	0.000000
0.136071	-0.037191	0.000000
-0.268034	0.479654	0.000000
-0.107930	0.512535	0.000000
-0.309686	-0.544195	0.000000
-0.196719	-0.546634	0.000000
-0.292793	-0.417182	0.000000
-0.285422	0.696082	0.000000
-0.641712	0.958845	0.000000
-0.288019	-0.164021	0.000000
-0.379559	-0.411488	0.000000
-0.274806	-0.414442	0.000000
-0.586737	-0.572937	0.000000
-0.523670	0.035064	0.000000
-0.113372	0.045343	0.000000
-0.620607	0.891520	0.000000
-0.778686	-0.099807	0.000000
-0.012423	-0.672521	0.000000
-0.914642	-0.638778	0.000000
-0.227066	0.168816	0.000000
-0.269906	-0.260173	0.000000
-0.173945	0.455675	0.000000
-0.441852	-0.648396	0.000000
-0.502712	-0.210715	0.000000
-0.088849	0.276753	0.000000
-0.240379	-0.507339	0.000000
-0.919490	-0.534247	0.000000
-0.290417	-0.482027	0.000000
-0.302085	-0.574794	0.000000
-0.004387	0.565548	0.000000
-0.429262	-0.076765	0.000000
-0.744158	0.263421	0.000000
-0.706325	0.318111	0.000000
-0.774122	0.301358	0.000000
-0.153617	0.714975	0.000000
-0.270875	0.334205	0.000000
-0.753828	-0.230943	0.000000
-0.285344	-0.553013	0.000000
-0.468435	0.532946	0.000000
-0.085522	0.267816	0.000000
0.088490	-0.091431	0.000000
-0.455724	-0.605608	0.000000
-0.309039	-0.220521	0.000000
-0.275169	-0.019448	0.000000
-0.312463	0.371429	0.000000
-0.681919	-0.095331	0.000000
-0.542048	-0.406421	0.000000
-0.521377	0.589121	0.000000
-0.420146	0.207254	0.000000
-0.477290	-0.259534	0.000000
0.073487	-0.478040	0.000000
-0.378141	0.856712	0.000000
-0.152412	-0.573373	0.000000
-0.599068	-0.494870	0.000000
-0.613198	-0.309736	0.000000
-0.834021	-0.010382	0.000000
-0.130933	0.145777	0.000000
-0.039704	0.171770	0.000000
-0.256749	-0.197433	0.000000
-0.192091	-0.237302	0.000000
0.012256	-0.319203	0.000000
-0.226574	-0.213951	0.000000
-0.269738	-0.349826	0.000000
-0.230295	-0.503408	0.000000
0.114006	-0.337424	0.000000
-0.369119	-0.775069	0.000000
-0.182205	0.428307	0.000000
-0.410917	-0.399562	0.000000
-0.449420	-0.213841	0.000000
0.103324	0.124489	0.000000
-0.324491	0.675275	0.000000
-0.215206	0.656052	0.000000
-0.253569	0.466349	0.000000
-0.310297	-0.178426	0.000000
-0.709317	0.415560	0.000000
-0.233425	0.410099	0.000000
-0.333130	0.807879	0.000000
-0.191702	-0.270776	0.000000
-0.359892	-0.361014	0.000000
-0.168350	0.595584	0.000000
0.118130	-0.108616	0.000000
-0.248763	-0.299932	0.000000
-0.270414	0.518504	0.000000
-0.155533	0.202216	0.000000
-0.707505	0.587805	0.000000
0.076849	-0.218223	0.000000
-0.441517	-0.820453	0.000000
0.081700	-0.385476	0.000000
-0.008545	0.436391	0.000000
-0.090514	-0.334606	0.000000
-0.398897	0.116979	0.000000
-0.637004	0.970290	0.000000
-0.119778	-0.267473	0.000000
-0.423258	0.189207	0.000000
0.041292	-0.641896	0.000000
-0.608468	-0.468112	0.000000
-0.048262	0.129101	0.000000
-0.210766	-0.591104	0.000000
-0.194253	-0.134480	0.000000
-0.673276	0.735704	0.000000
-0.317313	0.481816	0.000000
0.026574	-0.112357	0.000000
-0.104912	-0.038322	0.000000
-0.280556	-0.322655	0.000000
0.023941	0.288841	0.000000
0.110033	-0.022448	0.000000
-0.527001	0.281844	0.000000
0.198197	-0.016287	0.000000
0.033240	0.399175	0.000000
0.130104	-0.297723	0.000000
-0.020747	0.251787	0.000000
0.992710	0.050407	0.000000
-0.534274	-0.432265	0.000000
-0.291326	-0.321492	0.000000
-0.036503	-0.031832	0.000000
-0.321896	-0.092986	0.000000
-0.485223	-0.766517	0.000000
-0.460627	-0.782607	0.000000
-0.746240	0.159064	0.000000
-0.447095	-0.584074	0.000000
-0.696465	0.674483	0.000000
-0.140167	0.362298	0.000000
-0.296311	-0.377487	0.000000
-0.264742	-0.642918	0.000000
-0.119240	0.084765	0.000000
-0.646576	0.980039	0.000000
-0.148785	0.530700	0.000000
-0.091673	0.460820	0.000000
-0.337436	0.366393	0.000000
0.038989	0.083068	0.000000
-0.211626	-0.820103	0.000000
-0.163191	-0.322997	0.000000
-0.520381	-0.168843	0.000000
-0.202677	0.635661	0.000000
-0.227314	-0.392852	0.000000
-0.653473	0.787865	0.000000
-0.193778	0.482435	0.000000
-0.609043	-0.408896	0.000000
0.026897	-0.577959	0.000000
0.028544	0.029709	0.000000
-0.302475	0.487827	0.000000
-0.564916	0.432337	0.000000
-0.192708	-0.537685	0.000000
0.078651	-0.525493	0.000000
-0.613949	0.432935	0.000000
-0.270359	0.696203	0.000000
-0.628567	0.915292	0.000000
-0.232367	0.581677	0.000000
-0.077250	0.554664	0.000000
-0.144209	-0.926182	0.000000
-0.322733	-0.900386	0.000000
-0.569971	0.571344	0.000000
-0.360004	-0.171076	0.000000
-0.646905	-0.409373	0.000000
-0.031176	-0.023780	0.000000
-0.104206	0.120541	0.000000
0.118173	-0.219791	0.000000
-0.174674	0.625955	0.000000
-0.344688	-0.657672	0.000000
-0.540228	0.394531	0.000000
-0.885549	0.134633	0.000000
0.030002	-0.233708	0.000000
-0.064455	0.132183	0.000000
-0.037043	-0.672461	0.000000
-0.040166	0.414003	0.000000
-0.517837	0.765169	0.000000
-0.225586	0.590772	0.000000
-0.673526	0.641896	0.000000
-0.213703	-0.283716	0.000000
-0.291212	0.562307	0.000000
-0.485525	-0.752426	0.000000
-0.971637	-0.567442	0.000000
-0.213006	0.600197	0.000000
0.101762	-0.532790	0.000000
-0.205229	-0.599726	0.000000
-0.348944	-0.182744	0.000000
-0.183665	0.409220	0.000000
-0.499047	-0.369918	0.000000
-0.813573	-0.118992	0.000000
-0.000081	-0.144753	0.000000
-0.415888	-0.239728	0.000000
-0.285133	0.654856	0.000000
-0.420213	-0.627922	0.000000
-0.801734	-0.163467	0.000000
-0.265727	-0.414749	0.000000
0.065497	-0.251079	0.000000
-0.637786	0.625557	0.000000
-0.506178	-0.439361	0.000000
-0.435050	-0.139266	0.000000
-0.332401	-0.144317	0.000000
-0.036506	0.049291	0.000000
0.976498	0.118058	0.000000
-0.630001	0.705081	0.000000
-0.342865	-0.542261	0.000000
-0.250512	0.417630	0.000000
-0.088069	0.159336	0.000000
-0.126030	0.285303	0.000000
-0.353203	0.881172	0.000000
-0.187450	-0.427979	0.000000
-0.267624	-0.087189	0.000000
-0.267654	0.321965	0.000000
-0.267769	-0.332619	0.000000
-0.672419	-0.107787	0.000000
-0.565955	-0.611439	0.000000
-0.237828	-0.007507	0.000000
-0.403494	-0.231483	0.000000
0.972252	0.282142	0.000000
-0.220511	-0.389763	0.000000
-0.306085	-0.296462	0.000000
-0.525841	-0.433293	0.000000
0.051363	-0.004520	0.000000
-0.677931	0.529820	0.000000
-0.000242	-0.203357	0.000000
-0.199718	-0.029982	0.000000
-0.152159	-0.344828	0.000000
-0.148195	-0.387395	0.000000
-0.373147	0.129574	0.000000
-0.265649	-0.504403	0.000000
-0.550795	0.472314	0.000000
-0.164788	0.542731	0.000000
0.021980	0.457669	0.000000
0.069845	-0.108169	0.000000
-0.722929	0.665071	0.000000
-0.208870	-0.451604	0.000000
-0.382334	0.139257	0.000000
-0.365417	-0.111338	0.000000
-0.266275	0.257892	0.000000
0.118314	-0.179313	0.000000
-0.350133	-0.799733	0.000000
-0.322115	-0.112356	0.000000
-0.262217	-0.396485	0.000000
-0.338339	0.205738	0.000000
-0.549839	0.344739	0.000000
0.015001	-0.373195	0.000000
-0.291551	-0.466330	0.000000
0.969228	-0.016152	0.000000
-0.482867	-0.526408	0.000000
-0.239733	-0.460123	0.000000
-0.500401	0.120283	0.000000
-0.488134	-0.034494	0.000000
-0.134924	0.600634	0.000000
0.011400	0.005538	0.000000
-0.290494	-0.319198	0.000000
-0.349390	0.317096	0.000000
-0.162199	0.500358	0.000000
-0.399300	-0.070281	0.000000
-0.408336	0.103947	0.000000
-0.222616	-0.535304	0.000000
-0.299912	0.320171	0.000000
-0.061956	-0.795657	0.000000
0.972573	0.232066	0.000000
-0.401259	0.012733	0.000000
-0.542918	0.224483	0.000000
0.144726	-0.022843	0.000000
-0.364988	-0.061610	0.000000
-0.899714	0.036536	0.000000
-0.002522	-0.393503	0.000000
0.074569	0.221313	0.000000
0.063419	-0.258879	0.000000
-0.041016	-0.750658	0.000000
0.079261	-0.513992	0.000000
-0.737132	-0.239640	0.000000
-0.327849	-0.375260	0.000000
-0.385955	-0.198956	0.000000
-0.395504	0.708779	0.000000
-0.090008	-0.367617	0.000000
-0.259154	0.333498	0.000000
-0.482692	-0.352672	0.000000
-0.369946	0.403281	0.000000
-0.495400	-0.651897	0.000000
-0.526997	-0.454506	0.000000
0.939857	0.444838	0.000000
-0.266730	-0.502394	0.000000
-0.192983	0.362134	0.000000
-0.335430	0.863185	0.000000
-0.309411	-0.325820	0.000000
-0.063491	0.263176	0.000000
-0.319685	-0.685752	0.000000
-0.069051	-0.168952	0.000000
-0.409894	0.208490	0.000000
-0.438409	-0.049934	0.000000
-0.794961	0.604801	0.000000
-0.097327	-0.589797	0.000000
0.178084	-0.137871	0.000000
0.971138	-0.033939	0.000000
-0.210076	-0.411205	0.000000
-0.356521	0.864942	0.000000
-0.405833	0.829798	0.000000
-0.200892	-0.306752	0.000000
0.200307	-0.034324	0.000000
0.132608	-0.043511	0.000000
0.118421	0.130786	0.000000
-0.271253	0.439749	0.000000
0.098025	-0.257394	0.000000
-0.645467	0.223795	0.000000
-0.686519	0.824834	0.000000
-0.318637	0.713220	0.000000
-0.717597	0.106645	0.000000
-0.215062	-0.304065	0.000000
-0.286027	-0.465103	0.000000
-0.203281	-0.170128	0.000000
-0.815533	-0.203358	0.000000
-0.140354	0.454251	0.000000
-0.444734	-0.378079	0.000000
0.073275	0.414940	0.000000
-0.926749	-0.630305	0.000000
-0.674944	0.755590	0.000000
-0.888935	0.255398	0.000000
-0.493344	-0.156037	0.000000
-0.398925	0.085939	0.000000
-0.022952	-0.186947	0.000000
-0.378417	0.222318	0.000000
-0.065255	-0.076456	0.000000
-0.347135	0.315701	0.000000
-0.279035	-0.265065	0.000000
-0.292741	-0.257052	0.000000
-0.241116	-0.189352	0.000000
-0.492381	-0.757855	0.000000
-0.673622	0.520409	0.000000
-0.175046	0.081297	0.000000
0.108411	-0.265892	0.000000
-0.608014	0.715471	0.000000
0.161171	-0.015194	0.000000
-0.506079	-0.658416	0.000000
-0.319658	0.030955	0.000000
-0.345426	-0.529341	0.000000
-0.287833	0.002771	0.000000
-0.547326	0.142590	0.000000
-0.231950	-0.459633	0.000000
0.001882	-0.699283	0.000000
-0.113095	-0.346070	0.000000
-0.292817	-0.362579	0.000000
-0.122702	0.078167	0.000000
-0.036019	0.464808	0.000000
-0.305173	-0.170685	0.000000
0.066923	0.205108	0.000000
0.156225	-0.104410	0.000000
-0.535981	0.557919	0.000000
-0.457369	-0.274220	0.000000
-0.291409	-0.530455	0.000000
-0.589111	0.689822	0.000000
-0.282191	-0.126008	0.000000
-0.597129	0.832231	0.000000
-0.003149	0.414519	0.000000
-0.655789	-0.102991	0.000000
-0.286414	-0.387970	0.000000
-0.038265	0.143087	0.000000
-0.034235	-0.648160	0.000000
0.036206	0.163944	0.000000
-0.646645	0.949238	0.000000
-0.132513	0.051303	0.000000
0.092659	-0.447535	0.000000
-0.507393	0.422617	0.000000
-0.105539	0.428368	0.000000
-0.586214	0.512518	0.000000
-0.543677	-0.186720	0.000000
-0.219087	-0.357343	0.000000
-0.514078	0.549726	0.000000
-0.642967	-0.391064	0.000000
-0.262692	-0.533601	0.000000
-0.225102	-0.318119	0.000000
0.110275	-0.081857	0.000000
-0.129455	-0.545076	0.000000
-0.180436	-0.226745	0.000000
-0.333244	-0.069050	0.000000
-0.101399	0.536368	0.000000
0.110524	-0.106502	0.000000
-0.218209	-0.264973	0.000000
-0.357619	-0.056288	0.000000
-0.269429	-0.124925	0.000000
-0.526119	-0.579875	0.000000
-0.083365	-0.463697	0.000000
-0.331270	-0.639989	0.000000
-0.695467	0.535662	0.000000
-0.714700	-0.259568	0.000000
0.048824	-0.378072	0.000000
-0.596959	0.708682	0.000000
0.018506	-0.037618	0.000000
-0.133415	0.589839	0.000000
-0.574430	0.552940	0.000000
0.002173	0.399856	0.000000
0.030418	0.202771	0.000000
-0.230207	0.575997	0.000000
-0.310854	-0.302630	0.000000
-0.255884	-0.007568	0.000000
-0.115958	-0.178668	0.000000
-0.057473	0.059464	0.000000
-0.253823	-0.224168	0.000000
-0.005618	-0.665846	0.000000
-0.531223	-0.351785	0.000000
-0.243313	-0.153804	0.000000
0.081847	-0.164410	0.000000
-0.634769	-0.172251	0.000000
-0.261068	-0.302363	0.000000
0.021233	-0.164921	0.000000
0.971824	0.402753	0.000000
-0.133408	-0.155824	0.000000
-0.609352	0.495359	0.000000
0.120519	-0.053726	0.000000
-0.318661	0.056037	0.000000
0.002988	-0.040440	0.000000
-0.094481	0.538336	0.000000
-0.601779	0.650673	0.000000
-0.586878	-0.494692	0.000000
-0.443706	-0.717730	0.000000
-0.383022	0.738049	0.000000
0.077795	-0.494718	0.000000
-0.286043	-0.771254	0.000000
-0.023038	-0.694645	0.000000
-0.339190	0.062269	0.000000
-0.055880	0.366546	0.000000
-0.551418	0.456510	0.000000
-0.564602	0.416685	0.000000
-0.668059	0.516978	0.000000
-0.481028	-0.783917	0.000000
-0.041057	-0.244106	0.000000
-0.209119	-0.838570	0.000000
-0.018194	-0.087162	0.000000
-0.149848	-0.618508	0.000000
-0.496535	0.499118	0.000000
0.020165	-0.193109	0.000000
-0.374620	-0.387153	0.000000
-0.310015	-0.728372	0.000000
-0.283018	-0.602087	0.000000
-0.352347	0.778912	0.000000
-0.185466	-0.221043	0.000000
-0.092210	0.690965	0.000000
-0.008328	-0.447261	0.000000
-0.084884	0.679628	0.000000
-0.289900	0.380830	0.000000
-0.224887	-0.143354	0.000000
-0.776580	0.155079	0.000000
-0.281333	0.476234	0.000000
-0.273299	0.511210	0.000000
-0.332818	0.460322	0.000000
0.043765	0.013237	0.000000
-0.539923	0.399873	0.000000
0.082906	0.039460	0.000000
-0.206714	-0.831370	0.000000
-0.264648	-0.507797	0.000000
-0.386324	0.345629	0.000000
0.172212	0.037101	0.000000
-0.366017	-0.072940	0.000000
-0.561048	-0.067874	0.000000
-0.239771	-0.106782	0.000000
0.027370	-0.103594	0.000000
-0.237525	0.453252	0.000000
-0.365748	0.886013	0.000000
-0.202961	0.046390	0.000000
-0.283016	-0.353552	0.000000
-0.303094	0.519536	0.000000
-0.163711	0.331430	0.000000
-0.235457	-0.206483	0.000000
-0.124528	-0.738587	0.000000
-0.301471	-0.567948	0.000000
0.070458	0.487940	0.000000
0.093047	0.169801	0.000000
-0.368080	0.855422	0.000000
-0.255367	-0.178608	0.000000
-0.165603	0.658123	0.000000
0.078941	0.287204	0.000000
-0.374231	0.109165	0.000000
-0.357521	-0.437592	0.000000
-0.418442	-0.411386	0.000000
-0.142777	-0.122568	0.000000
-0.599083	0.512512	0.000000
-0.647814	0.226612	0.000000
-0.397015	0.181160	0.000000
-0.181537	-0.408682	0.000000
0.065032	-0.613315	0.000000
-0.349237	-0.644863	0.000000
-0.502771	-0.445406	0.000000
-0.802715	0.379897	0.000000
-0.703173	0.474796	0.000000
-0.217548	0.765903	0.000000
0.061985	-0.460560	0.000000
-0.266051	-0.468977	0.000000
-0.021125	0.582780	0.000000
-0.218799	0.021171	0.000000
-0.077288	0.731811	0.000000
-0.356146	-0.691468	0.000000
-0.374166	-0.248248	0.000000
0.046278	0.054978	0.000000
0.986194	0.034942	0.000000
-0.004470	-0.358437	0.000000
-0.199873	-0.709352	0.000000
-0.872856	0.069052	0.000000
-0.627723	0.437783	0.000000
-0.356801	0.394630	0.000000
-0.523042	-0.238294	0.000000
-0.544948	0.420277	0.000000
-0.536503	-0.452990	0.000000
-0.319455	-0.581768	0.000000
-0.271483	-0.456018	0.000000
0.078874	-0.534605	0.000000
-0.326116	0.484607	0.000000
-0.036910	0.142851	0.000000
-0.357997	-0.479273	0.000000
-0.430906	0.314749	0.000000
0.106165	0.250772	0.000000
-0.315274	-0.385850	0.000000
-0.385644	-0.293641	0.000000
0.076215	-0.517373	0.000000
-0.772810	0.003626	0.000000
-0.636536	-0.438581	0.000000
-0.841095	0.061983	0.000000
-0.022700	-0.299408	0.000000
0.972827	0.085816	0.000000
-0.426640	-0.738124	0.000000
0.056776	-0.366818	0.000000
-0.538319	0.388858	0.000000
-0.055400	0.199182	0.000000
-0.310271	-0.061823	0.000000
-0.311276	-0.219232	0.000000
0.054123	-0.582344	0.000000
-0.697431	-0.248106	0.000000
0.085447	-0.525857	0.000000
-0.082977	-0.340466	0.000000
0.203580	-0.072491	0.000000
-0.691876	0.654388	0.000000
-0.420826	-0.328556	0.000000
-0.108406	0.493114	0.000000
0.068242	-0.142326	0.000000
-0.013337	0.354915	0.000000
-0.207595	0.201637	0.000000
-0.300297	-0.239041	0.000000
-0.335606	0.262321	0.000000
-0.024379	0.262876	0.000000
-0.389838	-0.024664	0.000000
-0.169470	-0.524789	0.000000
-0.178478	0.362797	0.000000
-0.008869	0.015130	0.000000
-0.701045	0.590551	0.000000
0.999490	0.063975	0.000000
-0.256629	-0.696239	0.000000
-0.172986	-0.262530	0.000000
-0.158584	-0.026790	0.000000
-0.363706	-0.234698	0.000000
-0.120775	0.596471	0.000000
-0.166650	-0.401362	0.000000
0.040303	-0.635647	0.000000
-0.109550	-0.041765	0.000000
-0.779573	0.089801	0.000000
-0.127062	0.205286	0.000000
-0.205037	-0.779316	0.000000
0.104623	0.211841	0.000000
0.075125	-0.069757	0.000000
-0.336299	-0.576063	0.000000
-0.538710	0.566588	0.000000
-0.205744	0.030436	0.000000
-0.920540	-0.521963	0.000000
-0.172818	-0.529206	0.000000
-0.211066	-0.586479	0.000000
0.184714	-0.113064	0.000000
-0.133635	0.694816	0.000000
-0.704429	-0.241262	0.000000
-0.154000	0.416177	0.000000
-0.706805	0.630306	0.000000
-0.243389	-0.291294	0.000000
-0.693249	0.543375	0.000000
-0.435331	-0.039409	0.000000
-0.207865	-0.283231	0.000000
-0.607714	-0.455371	0.000000
-0.628495	0.562135	0.000000
-0.175729	-0.506886	0.000000
-0.335747	-0.183718	0.000000
-0.341749	-0.530993	0.000000
-0.645502	0.946443	0.000000
-0.518391	0.764058	0.000000
-0.496964	0.131934	0.000000
-0.332769	-0.493729	0.000000
-0.334999	-0.108299	0.000000
-0.064662	0.370802	0.000000
-0.497784	-0.754513	0.000000
0.172303	-0.019863	0.000000
-0.025393	-0.578980	0.000000
-0.270335	-0.048856	0.000000
-0.305986	-0.364761	0.000000
-0.276873	0.412714	0.000000
0.047117	0.409698	0.000000
-0.398614	0.698553	0.000000
-0.600386	-0.322929	0.000000
0.095699	-0.499318	0.000000
-0.931352	0.049345	0.000000
-0.137112	-0.168460	0.000000
-0.647624	0.549899	0.000000
-0.613116	0.554728	0.000000
-0.826570	-0.178778	0.000000
-0.802923	0.163557	0.000000
-0.007264	-0.412755	0.000000
-0.328650	-0.145226	0.000000
-0.502133	0.377469	0.000000
-0.642371	0.913109	0.000000
-0.914780	-0.545195	0.000000
-0.186319	-0.151849	0.000000
-0.276942	0.617703	0.000000
-0.481517	-0.613439	0.000000
-0.205158	-0.495205	0.000000
-0.147360	-0.041617	0.000000
0.069172	0.229622	0.000000
-0.367853	-0.467291	0.000000
-0.603535	0.835068	0.000000
-0.386004	-0.088411	0.000000
0.037156	-0.091212	0.000000
0.063629	0.313598	0.000000
-0.283759	0.729737	0.000000
-0.776356	0.101844	0.000000
0.159509	-0.013024	0.000000
-0.048411	0.596172	0.000000
-0.513129	-0.050351	0.000000
0.098120	0.457186	0.000000
-0.545453	0.393292	0.000000
-0.281700	-0.284205	0.000000
-0.318319	-0.153619	0.000000
-0.105483	0.365354	0.000000
-0.077591	0.662237	0.000000
-0.275364	-0.511253	0.000000
-0.290261	0.475161	0.000000
-0.394574	-0.050485	0.000000
-0.692827	0.361935	0.000000
0.153730	-0.051323	0.000000
-0.208295	-0.721423	0.000000
-0.066428	-0.026964	0.000000
-0.503902	-0.313704	0.000000
-0.418879	-0.151693	0.000000
-0.255447	-0.188661	0.000000
0.082573	0.109041	0.000000
-0.796191	0.183444	0.000000
0.029271	0.318930	0.000000
-0.277184	-0.455667	0.000000
-0.118170	-0.714982	0.000000
-0.299206	0.384410	0.000000
0.116583	-0.182602	0.000000
-0.299552	-0.686516	0.000000
0.136145	0.166540	0.000000
-0.190507	-0.338943	0.000000
-0.449743	-0.708542	0.000000
-0.522830	-0.049611	0.000000
-0.390048	-0.330648	0.000000
-0.473867	-0.021043	0.000000
-0.301868	0.619788	0.000000
-0.238209	0.351188	0.000000
0.027598	-0.276450	0.000000
0.068352	-0.027457	0.000000
-0.015012	-0.158576	0.000000
-0.063112	0.149643	0.000000
-0.259406	0.592123	0.000000
0.945945	0.411897	0.000000
-0.187043	-0.615780	0.000000
0.119944	0.285541	0.000000
-0.207328	0.690311	0.000000
-0.788273	0.000098	0.000000
-0.422508	-0.222215	0.000000
-0.313981	0.261152	0.000000
-0.303256	0.099919	0.000000
0.975352	-0.037745	0.000000
-0.476046	-0.636421	0.000000
0.180079	-0.132778	0.000000
-0.830798	-0.194473	0.000000
-0.206069	-0.426452	0.000000
-0.072700	-0.470542	0.000000
-0.004604	-0.300388	0.000000
-0.251268	-0.387195	0.000000
-0.376571	-0.697461	0.000000
-0.297571	0.137554	0.000000
-0.591318	0.558815	0.000000
-0.234684	-0.267855	0.000000
0.026619	0.000508	0.000000
-0.361744	-0.219776	0.000000
-0.638149	0.449232	0.000000
0.211390	-0.037445	0.000000
-0.424248	-0.342031	0.000000
-0.435253	-0.003152	0.000000
-0.073274	-0.055004	0.000000
-0.223475	0.417195	0.000000
-0.289535	0.299058	0.000000
-0.922759	-0.552248	0.000000
-0.424690	-0.803489	0.000000
0.194403	0.004986	0.000000
-0.162823	-0.657061	0.000000
-0.309437	-0.444584	0.000000
-0.395604	0.109834	0.000000
-0.139962	-0.724502	0.000000
-0.406865	-0.215916	0.000000
-0.353911	-0.040279	0.000000
-0.563534	-0.384894	0.000000
-0.191838	-0.446572	0.000000
-0.158151	0.421196	0.000000
-0.118764	-0.665333	0.000000
-0.267443	-0.362264	0.000000
-0.411052	-0.340206	0.000000
-0.646664	-0.175019	0.000000
-0.216509	0.376844	0.000000
-0.285354	0.370771	0.000000
-0.292339	0.522458	0.000000
-0.586347	-0.253289	0.000000
-0.604157	0.887482	0.000000
-0.308248	-0.654052	0.000000
-0.197029	0.409255	0.000000
-0.281269	-0.341555	0.000000
-0.026386	0.496417	0.000000
-0.837791	-0.173490	0.000000
-0.305994	-0.176593	0.000000
-0.531418	-0.314265	0.000000
-0.141924	-0.485063	0.000000
0.038025	0.309230	0.000000
-0.546605	0.536799	0.000000
-0.648792	-0.189576	0.000000
-0.566902	-0.208128	0.000000
0.099638	-0.058505	0.000000
-0.273732	-0.071629	0.000000
-0.179688	-0.028993	0.000000
0.055630	0.318432	0.000000
-0.269539	-0.161838	0.000000
0.077916	0.250526	0.000000
-0.207697	-0.817920	0.000000
-0.593243	0.359737	0.000000
-0.070171	0.462880	0.000000
0.010906	-0.285657	0.000000
-0.082682	0.422856	0.000000
-0.580618	-0.308860	0.000000
-0.610065	-0.454579	0.000000
-0.656689	0.413165	0.000000
-0.549374	0.590427	0.000000
-0.031071	0.377041	0.000000
-0.370326	0.607596	0.000000
-0.355398	-0.400679	0.000000
-0.132791	-0.810637	0.000000
-0.549382	0.076237	0.000000
-0.506952	-0.027346	0.000000
-0.238824	0.278335	0.000000
-0.195906	0.271469	0.000000
-0.232812	0.699048	0.000000
-0.191976	0.700102	0.000000
-0.043858	-0.113233	0.000000
-0.526779	0.082114	0.000000
-0.741063	-0.097014	0.000000
0.043219	-0.460852	0.000000
-0.353573	-0.560618	0.000000
-0.227907	0.653386	0.000000
0.098776	0.341458	0.000000
-0.133619	-0.766637	0.000000
0.143095	0.112420	0.000000
-0.206682	-0.192594	0.000000
-0.369931	0.664151	0.000000
-0.339937	0.654070	0.000000
-0.980087	-0.530984	0.000000
-0.208299	0.496700	0.000000
-0.291255	0.582996	0.000000
-0.478013	-0.730477	0.000000
-0.052289	0.429218	0.000000
-0.310961	0.223355	0.000000
-0.299766	-0.568191	0.000000
-0.469525	-0.113446	0.000000
0.005139	0.011606	0.000000
0.114538	-0.203405	0.000000
-0.219240	-0.252333	0.000000
-0.262392	0.666117	0.000000
-0.319126	-0.738810	0.000000
-0.293965	-0.169598	0.000000
-0.348702	0.838340	0.000000
-0.570745	0.606059	0.000000
-0.054532	0.284458	0.000000
-0.132624	-0.591460	0.000000
-0.556828	-0.590958	0.000000
-0.431668	-0.674069	0.000000
-0.155250	-0.065299	0.000000
-0.570800	0.530151	0.000000
-0.108358	0.198763	0.000000
-0.281676	-0.251403	0.000000
0.143070	-0.206274	0.000000
-0.327466	0.722376	0.000000
0.064217	0.270850	0.000000
0.082021	-0.293905	0.000000
-0.544675	0.725740	0.000000
-0.191308	-0.673427	0.000000
-0.851832	0.079454	0.000000
-0.193136	0.531460	0.000000
-0.204483	-0.637411	0.000000
-0.234061	-0.442174	0.000000
-0.282694	-0.525437	0.000000
-0.213413	0.537055	0.000000
0.111005	0.219853	0.000000
-0.587353	-0.490245	0.000000
-0.006435	-0.374330	0.000000
-0.345406	-0.292392	0.000000
-0.189505	-0.084373	0.000000
-0.179738	-0.318997	0.000000
-0.292504	0.078720	0.000000
-0.194677	-0.336260	0.000000
0.078265	-0.460793	0.000000
-0.317783	-0.478187	0.000000
-0.305230	-0.231497	0.000000
-0.343452	-0.065813	0.000000
-0.539377	0.734882	0.000000
0.121084	-0.124393	0.000000
-0.277952	-0.463934	0.000000
-0.483526	-0.670617	0.000000
-0.637796	0.888331	0.000000
-0.630701	-0.357395	0.000000
0.090861	0.065365	0.000000
-0.024870	0.127528	0.000000
-0.402829	-0.677669	0.000000
-0.635560	0.969396	0.000000
-0.339717	-0.716255	0.000000
0.108078	-0.250772	0.000000
-0.160603	-0.058602	0.000000
-0.148549	-0.590883	0.000000
0.052212	0.205319	0.000000
-0.508942	-0.590292	0.000000
-0.148641	-0.716252	0.000000
-0.549148	0.806012	0.000000
-0.186682	-0.405944	0.000000
-0.491843	-0.671114	0.000000
0.051303	0.044216	0.000000
-0.692684	-0.157398	0.000000
-0.127740	-0.339912	0.000000
-0.263182	-0.146541	0.000000
-0.502704	0.696481	0.000000
-0.539496	-0.031190	0.000000
0.039253	-0.378417	0.000000
-0.159798	-0.478216	0.000000
-0.413353	-0.299809	0.000000
-0.438203	-0.462604	0.000000
-0.520202	0.630058	0.000000
-0.600924	0.730119	0.000000
-0.236086	0.273212	0.000000
-0.114298	0.351518	0.000000
-0.413907	-0.737952	0.000000
0.084888	0.249042	0.000000
-0.294945	-0.542074	0.000000
0.107241	0.117230	0.000000
-0.382650	0.842332	0.000000
0.173186	-0.061742	0.000000
0.011597	0.499055	0.000000
-0.212834	-0.397339	0.000000
-0.268132	-0.538946	0.000000
-0.480473	-0.312324	0.000000
-0.135689	0.076504	0.000000
-0.438504	-0.264804	0.000000
-0.241969	0.246816	0.000000
-0.232384	0.573115	0.000000
-0.378467	0.035431	0.000000
-0.378265	-0.321908	0.000000
-0.167677	0.534293	0.000000
-0.342260	-0.189728	0.000000
0.011478	-0.543693	0.000000
-0.283438	-0.190884	0.000000
-0.284765	-0.473862	0.000000
-0.218648	-0.183094	0.000000
-0.185707	0.345967	0.000000
-0.008177	0.191915	0.000000
0.034579	-0.664770	0.000000
-0.291475	0.269289	0.000000
-0.700317	0.522877	0.000000
-0.265157	-0.210389	0.000000
-0.545963	0.006104	0.000000
-0.305448	0.492917	0.000000
-0.441365	0.277306	0.000000
-0.483228	0.118241	0.000000
-0.558637	-0.395134	0.000000
-0.607287	0.529475	0.000000
-0.480134	-0.733801	0.000000
-0.588793	0.534078	0.000000
-0.278574	0.324514	0.000000
-0.152283	-0.298042	0.000000
0.088725	-0.473222	0.000000
0.015907	-0.382221	0.000000
-0.573099	0.548081	0.000000
-0.406902	0.071078	0.000000
-0.180476	-0.178918	0.000000
-0.409726	0.798595	0.000000
-0.516474	0.520786	0.000000
-0.218682	-0.418274	0.000000
-0.269579	0.061411	0.000000
-0.111667	0.356535	0.000000
-0.200292	0.378919	0.000000
-0.139334	-0.240246	0.000000
0.073478	0.211961	0.000000
-0.192224	-0.396204	0.000000
-0.193823	-0.260784	0.000000
-0.139370	0.621860	0.000000
-0.554710	-0.491334	0.000000
0.071386	-0.503817	0.000000
-0.264681	-0.082802	0.000000
-0.187255	-0.470618	0.000000
-0.224951	-0.004174	0.000000
0.028337	-0.193011	0.000000
-0.836765	-0.151492	0.000000
-0.141642	-0.130446	0.000000
-0.150811	0.435011	0.000000
-0.951320	0.067362	0.000000
-0.140942	0.607061	0.000000
-0.020304	0.457802	0.000000
-0.300380	-0.450899	0.000000
0.969982	-0.020854	0.000000
-0.490111	-0.307705	0.000000
-0.002566	-0.578035	0.000000
-0.497290	0.144570	0.000000
-0.231887	-0.575502	0.000000
-0.155421	0.687513	0.000000
-0.025429	-0.094613	0.000000
0.034210	-0.586620	0.000000
-0.778842	-0.119215	0.000000
0.021375	0.386869	0.000000
-0.117487	0.268483	0.000000
0.128825	0.374478	0.000000
-0.580325	0.637831	0.000000
-0.256619	0.759712	0.000000
-0.360435	-0.286024	0.000000
-0.012079	-0.544153	0.000000
-0.489882	0.437021	0.000000
-0.342758	-0.286378	0.000000
-0.116474	0.095025	0.000000
0.078445	0.344729	0.000000
-0.311858	0.243717	0.000000
0.023991	-0.409974	0.000000
-0.276486	-0.657051	0.000000
-0.298142	-0.455793	0.000000
-0.049665	-0.699135	0.000000
-0.568300	-0.325701	0.000000
-0.065462	-0.304125	0.000000
-0.920175	-0.631811	0.000000
-0.240778	-0.425976	0.000000
-0.545578	-0.202304	0.000000
-0.554861	0.330817	0.000000
-0.248227	-0.454937	0.000000
-0.430165	-0.040564	0.000000
-0.807513	-0.286893	0.000000
-0.332819	-0.442069	0.000000
-0.570954	0.733313	0.000000
-0.507681	0.239510	0.000000
-0.275159	-0.556146	0.000000
-0.120857	0.416761	0.000000
-0.676831	0.641593	0.000000
-0.468557	-0.465415	0.000000
-0.246732	-0.447679	0.000000
-0.138593	-0.137205	0.000000
-0.263070	0.590666	0.000000
-0.096250	-0.119116	0.000000
-0.369822	-0.022063	0.000000
-0.434087	-0.795418	0.000000
-0.572662	0.555897	0.000000
-0.189497	0.563744	0.000000
-0.277019	-0.560027	0.000000
-0.083931	0.274220	0.000000
-0.225487	0.397381	0.000000
-0.402230	0.690691	0.000000
-0.317624	0.339808	0.000000
-0.296532	0.614331	0.000000
-0.136740	-0.148212	0.000000
-0.274015	0.636325	0.000000
-0.564828	0.781828	0.000000
-0.274409	-0.346593	0.000000
-0.268237	-0.320024	0.000000
-0.550046	-0.155495	0.000000
-0.117235	0.310751	0.000000
-0.176176	0.175274	0.000000
-0.394896	-0.716721	0.000000
-0.324126	-0.276362	0.000000
-0.427095	-0.520768	0.000000
-0.232676	-0.218225	0.000000
-0.037783	-0.005468	0.000000
-0.687828	0.757148	0.000000
-0.358648	-0.256073	0.000000
-0.017259	-0.120977	0.000000
-0.167127	0.521527	0.000000
0.108509	0.437917	0.000000
-0.256267	0.632773	0.000000
-0.044561	-0.167974	0.000000
-0.169899	0.449151	0.000000
-0.135169	-0.858884	0.000000
-0.359655	0.685501	0.000000
-0.768394	-0.001569	0.000000
0.179960	-0.131700	0.000000
-0.340679	0.239759	0.000000
-0.199929	-0.541980	0.000000
0.140410	-0.268613	0.000000
-0.785326	0.156748	0.000000
-0.196425	0.032236	0.000000
-0.436200	-0.679723	0.000000
-0.256182	0.195359	0.000000
-0.414072	0.069301	0.000000
0.049796	-0.317920	0.000000
0.983947	0.118836	0.000000
-0.265285	-0.497650	0.000000
-0.342431	-0.615035	0.000000
-0.468595	-0.679054	0.000000
-0.401225	-0.198808	0.000000
-0.286745	-0.302872	0.000000
-0.430603	-0.642875	0.000000
-0.376502	0.182329	0.000000
-0.239119	-0.356080	0.000000
-0.097421	0.344680	0.000000
-0.569176	-0.501372	0.000000
-0.353782	0.057538	0.000000
-0.415129	0.258192	0.000000
-0.181791	0.143843	0.000000
-0.280066	-0.211764	0.000000
-0.298690	-0.437171	0.000000
-0.438344	-0.457777	0.000000
-0.273323	0.690441	0.000000
-0.243222	-0.189166	0.000000
-0.635663	0.492447	0.000000
-0.267447	-0.324701	0.000000
-0.626885	-0.346379	0.000000
-0.829113	0.043711	0.000000
-0.767333	0.240675	0.000000
0.072563	-0.026403	0.000000
-0.016401	0.653281	0.000000
-0.050891	-0.160788	0.000000
-0.193929	0.624082	0.000000
-0.312271	-0.661723	0.000000
-0.008073	-0.490070	0.000000
-0.250108	-0.505144	0.000000
-0.294205	-0.258767	0.000000
0.013911	-0.386367	0.000000
-0.306071	0.141599	0.000000
-0.580968	0.028903	0.000000
-0.373451	-0.165676	0.000000
-0.117110	-0.948586	0.000000
0.053867	0.321764	0.000000
0.143924	-0.128989	0.000000
-0.159068	0.639051	0.000000
0.055533	-0.307882	0.000000
-0.034013	0.337766	0.000000
-0.690870	0.556172	0.000000
-0.281586	-0.442449	0.000000
-0.243463	0.641763	0.000000
-0.513455	-0.477477	0.000000
-0.135571	-0.838050	0.000000
-0.671815	-0.104064	0.000000
-0.316655	-0.716959	0.000000
-0.332695	0.237180	0.000000
0.171422	-0.109405	0.000000
-0.649391	0.919045	0.000000
0.195822	-0.008339	0.000000
-0.377228	-0.079878	0.000000
-0.689581	0.681204	0.000000
-0.090951	0.445757	0.000000
-0.092205	-0.122569	0.000000
-0.359133	0.812593	0.000000
-0.307461	-0.264968	0.000000
-0.212903	0.426715	0.000000
-0.617548	0.463670	0.000000
0.048401	0.325425	0.000000
-0.303895	-0.207434	0.000000
-0.116377	-0.204780	0.000000
-0.918907	0.002437	0.000000
-0.117125	0.293401	0.000000
-0.208915	-0.357189	0.000000
-0.000150	-0.416100	0.000000
-0.323778	-0.495849	0.000000
-0.218720	-0.361847	0.000000
-0.537333	0.534373	0.000000
-0.235810	0.229116	0.000000
0.049544	0.432178	0.000000
-0.170905	0.420441	0.000000
0.193683	-0.035861	0.000000
-0.485199	-0.021543	0.000000
-0.370514	-0.493742	0.000000
-0.410916	0.109802	0.000000
-0.032743	0.064285	0.000000
-0.309479	-0.469534	0.000000
-0.196562	-0.573735	0.000000
0.129392	-0.278863	0.000000
-0.003254	0.385046	0.000000
-0.443996	-0.261307	0.000000
0.099040	-0.330672	0.000000
-0.334339	0.329151	0.000000
0.041111	-0.450606	0.000000
-0.028193	0.128922	0.000000
0.073158	-0.012864	0.000000
-0.412557	0.296741	0.000000
-0.233474	0.268622	0.000000
-0.065853	0.475070	0.000000
-0.462311	-0.209173	0.000000
-0.211830	-0.548481	0.000000
0.943558	0.409620	0.000000
-0.377660	-0.770889	0.000000
0.958604	0.042706	0.000000
-0.035334	-0.398626	0.000000
-0.645236	0.747458	0.000000
-0.378965	-0.050052	0.000000
-0.469225	0.206624	0.000000
-0.075873	-0.225977	0.000000
-0.799119	-0.145725	0.000000
-0.309561	0.615704	0.000000
-0.086244	-0.227232	0.000000
-0.572874	0.511765	0.000000
-0.062204	0.213441	0.000000
-0.039626	0.210458	0.000000
-0.361010	-0.419050	0.000000
-0.093646	-0.184299	0.000000
-0.566068	0.570979	0.000000
0.100034	-0.012455	0.000000
-0.310242	0.235750	0.000000
-0.061783	0.224763	0.000000
-0.398046	0.110049	0.000000
-0.859802	0.135038	0.000000
-0.435195	-0.025647	0.000000
0.206714	-0.055244	0.000000
-0.197333	0.570968	0.000000
-0.788615	0.307141	0.000000
-0.572003	0.708921	0.000000
-0.220545	-0.237034	0.000000
-0.431103	-0.511736	0.000000
0.094922	-0.458937	0.000000
-0.286950	-0.282121	0.000000
-0.161093	-0.246522	0.000000
-0.258103	-0.332414	0.000000
-0.632239	0.344047	0.000000
-0.334144	-0.574837	0.000000
-0.521253	0.573865	0.000000
-0.119617	0.043690	0.000000
-0.003798	0.468611	0.000000
-0.777820	0.067936	0.000000
0.157321	0.017843	0.000000
0.081083	0.217410	0.000000
-0.398675	-0.755008	0.000000
-0.252787	-0.323830	0.000000
-0.124622	-0.338483	0.000000
-0.602704	-0.460548	0.000000
-0.567226	0.267866	0.000000
-0.307737	-0.511118	0.000000
-0.197699	-0.336845	0.000000
0.047658	-0.008914	0.000000
-0.154353	-0.515383	0.000000
-0.295267	-0.302995	0.000000
-0.431604	-0.720674	0.000000
-0.775528	0.170658	0.000000
-0.462258	-0.644975	0.000000
-0.272664	0.120486	0.000000
0.108625	-0.003404	0.000000
-0.618526	0.310520	0.000000
-0.437145	-0.363688	0.000000
0.070816	-0.034309	0.000000
-0.339070	0.684006	0.000000
-0.228482	0.627028	0.000000
-0.108981	0.229941	0.000000
-0.550236	0.520920	0.000000
-0.412747	0.750188	0.000000
-0.107786	-0.586566	0.000000
-0.369976	0.275762	0.000000
-0.045388	0.381580	0.000000
-0.745567	0.552275	0.000000
-0.192645	-0.195377	0.000000
-0.604763	-0.201429	0.000000
-0.420558	0.260161	0.000000
-0.250454	0.501462	0.000000
-0.418920	-0.796784	0.000000
-0.076315	0.698401	0.000000
-0.217480	-0.137207	0.000000
-0.125727	-0.907888	0.000000
-0.398554	-0.088950	0.000000
-0.216529	-0.226791	0.000000
-0.415878	0.348912	0.000000
-0.366601	-0.499150	0.000000
0.144147	0.276936	0.000000
0.066250	-0.188116	0.000000
-0.569984	0.615363	0.000000
-0.690960	0.667337	0.000000
-0.023184	-0.365604	0.000000
-0.274288	-0.195145	0.000000
-0.620750	-0.435926	0.000000
-0.370449	-0.054479	0.000000
-0.571523	-0.426334	0.000000
-0.418954	0.113145	0.000000
0.114258	0.329105	0.000000
-0.926478	-0.518625	0.000000
-0.463922	-0.698482	0.000000
-0.161760	-0.063139	0.000000
-0.202953	-0.210034	0.000000
-0.311862	-0.829475	0.000000
0.111669	-0.502292	0.000000
-0.121414	0.444280	0.000000
-0.493409	-0.694996	0.000000
-0.206649	-0.023736	0.000000
-0.667192	0.526556	0.000000
-0.214237	0.485876	0.000000
0.010300	-0.347248	0.000000
-0.008482	-0.533895	0.000000
0.067665	-0.031383	0.000000
-0.323566	-0.790111	0.000000
-0.135727	0.465071	0.000000
-0.003429	-0.632986	0.000000
-0.093561	-0.068189	0.000000
-0.922383	-0.523378	0.000000
-0.272914	-0.195151	0.000000
-0.429044	0.119845	0.000000
-0.133443	-0.365067	0.000000
0.137676	-0.014910	0.000000
-0.094115	-0.923001	0.000000
-0.351443	0.881243	0.000000
-0.010066	-0.513761	0.000000
-0.105344	0.001489	0.000000
-0.394582	0.230655	0.000000
-0.306527	0.196323	0.000000
-0.175564	-0.229184	0.000000
-0.361933	0.854354	0.000000
-0.233054	-0.362895	0.000000
-0.312608	0.739766	0.000000
-0.235944	-0.144528	0.000000
-0.173158	0.115589	0.000000
-0.788310	0.150202	0.000000
-0.478281	-0.489614	0.000000
0.117321	-0.241417	0.000000
-0.279630	0.671594	0.000000
-0.292727	-0.554244	0.000000
-0.305647	0.375048	0.000000
-0.320027	0.650773	0.000000
-0.422981	0.006430	0.000000
-0.169320	0.177241	0.000000
-0.660816	0.198209	0.000000
0.093657	0.249501	0.000000
-0.923495	-0.660130	0.000000
-0.128262	-0.046957	0.000000
0.061347	-0.542172	0.000000
-0.096487	0.578911	0.000000
-0.294496	-0.212011	0.000000
-0.293695	-0.096300	0.000000
-0.454836	-0.361344	0.000000
-0.069043	-0.635853	0.000000
0.090585	-0.054743	0.000000
0.020409	0.100697	0.000000
-0.074821	0.572392	0.000000
0.198472	-0.052778	0.000000
-0.317183	-0.451556	0.000000
-0.318346	-0.284183	0.000000
-0.272774	0.572540	0.000000
-0.249443	0.717959	0.000000
-0.209430	0.326344	0.000000
-0.266576	-0.254922	0.000000
-0.049369	-0.690226	0.000000
-0.213845	0.564764	0.000000
-0.337153	-0.849309	0.000000
-0.209010	0.666694	0.000000
-0.313577	-0.412229	0.000000
-0.655052	-0.454217	0.000000
0.157333	-0.055947	0.000000
-0.123875	-0.226848	0.000000
0.040065	-0.657428	0.000000
-0.482856	-0.168090	0.000000
-0.341467	-0.164772	0.000000
-0.152882	-0.123736	0.000000
-0.334124	-0.013423	0.000000
-0.173788	0.378260	0.000000
-0.092621	0.125963	0.000000
-0.823762	-0.168306	0.000000
-0.316533	0.791646	0.000000
-0.135367	0.184334	0.000000
-0.241463	-0.000005	0.000000
-0.397600	0.111124	0.000000
0.042279	-0.036719	0.000000
-0.386245	-0.168894	0.000000
0.008830	-0.341558	0.000000
-0.602239	-0.563015	0.000000
-0.006445	-0.650721	0.000000
-0.323906	0.844002	0.000000
0.003441	-0.315329	0.000000
0.019943	0.031021	0.000000
-0.805962	-0.229979	0.000000
-0.584565	-0.044797	0.000000
-0.431013	0.263635	0.000000
-0.431558	-0.250342	0.000000
-0.403592	-0.557008	0.000000
-0.605762	-0.418611	0.000000
0.092592	0.470618	0.000000
-0.271644	-0.477578	0.000000
0.143959	-0.194920	0.000000
-0.366667	-0.126772	0.000000
-0.275223	-0.283279	0.000000
-0.274709	-0.168003	0.000000
-0.787462	0.184209	0.000000
0.031313	0.088978	0.000000
0.073654	-0.423859	0.000000
-0.008350	0.078406	0.000000
0.116782	0.336608	0.000000
-0.129174	-0.972499	0.000000
-0.096826	0.659062	0.000000
-0.557007	-0.439463	0.000000
-0.002280	-0.114789	0.000000
-0.248749	-0.354523	0.000000
-0.451446	-0.431036	0.000000
-0.646067	0.752232	0.000000
-0.388930	0.285348	0.000000
0.053222	-0.477244	0.000000
-0.010094	0.080975	0.000000
-0.457398	-0.668515	0.000000
-0.108747	0.345853	0.000000
-0.216512	-0.515064	0.000000
0.078374	-0.083673	0.000000
0.012951	0.222774	0.000000
0.091096	0.032701	0.000000
-0.269192	-0.231894	0.000000
-0.638122	-0.335778	0.000000
-0.674289	0.801376	0.000000
-0.235368	0.042874	0.000000
0.054621	-0.042420	0.000000
0.062662	-0.007046	0.000000
0.024173	-0.036999	0.000000
0.003562	0.009548	0.000000
-0.372786	-0.603778	0.000000
-0.609387	-0.091900	0.000000
-0.565007	0.616571	0.000000
0.070306	-0.162834	0.000000
0.130708	0.173869	0.000000
-0.692525	0.318240	0.000000
-0.430442	-0.702256	0.000000
-0.390313	-0.024570	0.000000
-0.189384	0.591590	0.000000
-0.209999	0.029993	0.000000
-0.368009	-0.064435	0.000000
0.102807	-0.466788	0.000000
-0.228276	-0.384996	0.000000
-0.916145	0.073911	0.000000
-0.034352	-0.722019	0.000000
-0.173364	-0.135607	0.000000
-0.012061	-0.590217	0.000000
-0.377280	-0.262096	0.000000
-0.425663	0.730602	0.000000
-0.585987	-0.128470	0.000000
-0.245451	0.671153	0.000000
-0.218644	0.749077	0.000000
-0.315144	-0.048406	0.000000
-0.640967	0.432383	0.000000
-0.239710	-0.117831	0.000000
-0.606158	0.798230	0.000000
-0.364784	-0.495101	0.000000
-0.214641	0.205331	0.000000
-0.350535	0.084392	0.000000
-0.814104	0.036338	0.000000
-0.062294	-0.359925	0.000000
-0.009940	0.520187	0.000000
-0.056870	-0.230948	0.000000
0.118172	0.040742	0.000000
-0.359044	-0.300979	0.000000
0.939310	0.425470	0.000000
-0.296941	-0.090516	0.000000
0.039854	-0.025188	0.000000
-0.276475	-0.517936	0.000000
-0.233999	0.203202	0.000000
0.972536	0.393447	0.000000
-0.414034	0.126650	0.000000
-0.920177	-0.647025	0.000000
0.086035	-0.598379	0.000000
-0.293582	-0.467295	0.000000
-0.156769	0.033477	0.000000
-0.163505	-0.038969	0.000000
-0.386548	0.325707	0.000000
-0.332736	-0.296045	0.000000
-0.025074	-0.052167	0.000000
-0.305461	-0.242887	0.000000
-0.528871	0.722209	0.000000
0.082165	0.211622	0.000000
-0.308441	-0.026054	0.000000
-0.696003	0.509216	0.000000
-0.888666	0.143777	0.000000
-0.015741	0.618147	0.000000
-0.420120	-0.556736	0.000000
-0.211412	0.778429	0.000000
-0.360097	0.365829	0.000000
-0.276634	0.358707	0.000000
-0.430759	0.143250	0.000000
-0.229297	-0.188892	0.000000
-0.360463	-0.475773	0.000000
-0.024312	-0.469459	0.000000
-0.492214	-0.092622	0.000000
-0.337697	-0.048409	0.000000
0.098862	-0.483652	0.000000
-0.246823	0.093539	0.000000
0.015722	0.205084	0.000000
-0.294431	-0.348112	0.000000
-0.080626	-0.741138	0.000000
-0.406569	-0.133871	0.000000
-0.220670	-0.269543	0.000000
-0.348718	0.266639	0.000000
-0.134088	0.561476	0.000000
-0.189444	-0.415821	0.000000
-0.211807	0.451904	0.000000
-0.416400	0.303699	0.000000
-0.584119	0.513452	0.000000
-0.286746	-0.697255	0.000000
-0.719978	0.522689	0.000000
0.034361	-0.574570	0.000000
-0.093683	0.275433	0.000000
-0.335309	-0.234321	0.000000
-0.462732	-0.450552	0.000000
-0.370946	-0.372087	0.000000
-0.373553	-0.614031	0.000000
-0.917097	-0.512197	0.000000
-0.331120	-0.085246	0.000000
-0.519860	0.769150	0.000000
-0.289594	-0.291419	0.000000
-0.331389	0.542109	0.000000
-0.312049	-0.651312	0.000000
-0.288488	0.488866	0.000000
-0.524437	-0.574280	0.000000
-0.392289	-0.362511	0.000000
0.016052	0.468744	0.000000
-0.370815	-0.229731	0.000000
-0.200095	-0.233442	0.000000
-0.135501	-0.754947	0.000000
-0.130973	-0.335918	0.000000
-0.231810	0.593912	0.000000
-0.016477	0.291877	0.000000
-0.516959	0.426934	0.000000
-0.777445	-0.035684	0.000000
-0.342581	0.451262	0.000000
-0.295813	0.462562	0.000000
0.170913	-0.012625	0.000000
-0.267144	-0.120852	0.000000
-0.205870	-0.552891	0.000000
-0.285729	0.056002	0.000000
-0.291404	0.377160	0.000000
0.119338	-0.022960	0.000000
-0.183183	0.659323	0.000000
-0.124941	0.043294	0.000000
-0.599828	0.911227	0.000000
0.045685	-0.392312	0.000000
-0.124734	0.544342	0.000000
-0.737665	0.362518	0.000000
-0.274288	-0.299925	0.000000
-0.356045	-0.766916	0.000000
-0.321076	-0.238282	0.000000
-0.951983	0.047422	0.000000
-0.341174	-0.739525	0.000000
-0.595187	0.601933	0.000000
-0.273451	0.488055	0.000000
-0.046959	0.484189	0.000000
0.985357	0.116227	0.000000
0.026368	-0.707600	0.000000
-0.542401	-0.589981	0.000000
-0.470038	0.019814	0.000000
-0.226097	-0.335487	0.000000
-0.241547	0.658684	0.000000
-0.101600	-0.644771	0.000000
-0.117086	-0.359048	0.000000
-0.121660	-0.208343	0.000000
-0.758160	0.470487	0.000000
-0.207772	0.587951	0.000000
-0.480381	-0.664345	0.000000
-0.134338	0.518838	0.000000
-0.426679	0.207281	0.000000
-0.058131	0.094076	0.000000
-0.394851	-0.060473	0.000000
-0.891581	0.134688	0.000000
-0.391321	-0.716084	0.000000
-0.433154	-0.161854	0.000000
-0.107622	0.242440	0.000000
-0.036758	0.470315	0.000000
0.996090	0.063454	0.000000
-0.223558	-0.260966	0.000000
-0.310124	-0.118484	0.000000
-0.047224	0.355271	0.000000
-0.170677	0.414815	0.000000
-0.210948	0.009436	0.000000
-0.327768	0.845613	0.000000
-0.746468	0.141406	0.000000
0.046916	-0.314149	0.000000
-0.118256	-0.142362	0.000000
-0.085074	-0.393055	0.000000
-0.352961	-0.177843	0.000000
-0.387435	0.034528	0.000000
-0.037061	0.269734	0.000000
-0.425099	-0.646500	0.000000
-0.164785	0.680652	0.000000
-0.240230	-0.416626	0.000000
-0.276376	-0.303511	0.000000
0.141028	-0.203019	0.000000
-0.259867	0.109618	0.000000
-0.034707	-0.566761	0.000000
-0.606103	-0.059140	0.000000
0.969659	0.340718	0.000000
-0.206204	-0.376180	0.000000
-0.207363	-0.240283	0.000000
-0.163749	0.667977	0.000000
-0.288867	0.234826	0.000000
-0.565391	0.778869	0.000000
-0.452431	-0.506162	0.000000
0.140067	-0.034461	0.000000
-0.209296	-0.756524	0.000000
-0.203576	0.634481	0.000000
-0.273260	-0.005042	0.000000
-0.104838	0.352198	0.000000
-0.117806	-0.278404	0.000000
-0.195707	-0.457416	0.000000
-0.674087	-0.293117	0.000000
-0.916432	-0.535115	0.000000
0.058196	-0.232976	0.000000
-0.362713	-0.328493	0.000000
-0.170773	-0.556627	0.000000
0.044205	0.397444	0.000000
-0.343511	-0.866805	0.000000
-0.132245	-0.132052	0.000000
0.068214	0.379325	0.000000
-0.034019	0.238095	0.000000
0.062334	0.506087	0.000000
-0.168780	-0.457626	0.000000
0.017675	-0.565818	0.000000
-0.588088	-0.449674	0.000000
-0.229417	-0.379460	0.000000
-0.825982	-0.187023	0.000000
-0.111313	0.364956	0.000000
-0.912278	-0.507594	0.000000
-0.405339	-0.172525	0.000000
-0.294335	-0.793840	0.000000
-0.312515	-0.277572	0.000000
-0.257388	0.717243	0.000000
0.117799	0.286895	0.000000
-0.504440	-0.313656	0.000000
-0.403772	0.287202	0.000000
-0.206160	0.650162	0.000000
-0.744887	0.065098	0.000000
-0.365976	0.906207	0.000000
-0.216901	-0.190514	0.000000
-0.369899	0.032848	0.000000
-0.553615	0.583593	0.000000
-0.160148	0.585841	0.000000
0.076466	-0.043046	0.000000
-0.119814	-0.044037	0.000000
0.108230	-0.477528	0.000000
0.959053	0.033513	0.000000
-0.366581	-0.557053	0.000000
-0.044384	-0.016409	0.000000
-0.117920	0.318405	0.000000
-0.242143	0.582924	0.000000
-0.262685	-0.558804	0.000000
-0.030023	0.428180	0.000000
-0.754212	0.255764	0.000000
-0.645095	0.793069	0.000000
-0.331473	-0.613682	0.000000
-0.392608	0.766717	0.000000
0.095924	-0.488390	0.000000
-0.418376	0.152314	0.000000
0.047000	0.034990	0.000000
-0.640199	0.521568	0.000000
0.032553	-0.668661	0.000000
-0.366502	-0.038962	0.000000
-0.523879	-0.291961	0.000000
-0.488911	0.449815	0.000000
-0.272745	-0.354298	0.000000
-0.526949	0.653178	0.000000
-0.229260	0.043239	0.000000
-0.274799	-0.354449	0.000000
-0.216056	-0.659802	0.000000
-0.338202	-0.562340	0.000000
-0.345632	0.404436	0.000000
-0.412490	-0.129165	0.000000
-0.416944	-0.787029	0.000000
-0.520731	-0.141294	0.000000
0.057625	-0.472846	0.000000
-0.275868	0.569073	0.000000
-0.058197	0.049588	0.000000
-0.277174	0.389008	0.000000
-0.283394	-0.100689	0.000000
-0.019915	-0.419033	0.000000
0.029794	0.041125	0.000000
-0.348396	-0.449847	0.000000
-0.212773	-0.528335	0.000000
-0.125053	0.717034	0.000000
-0.157171	-0.583547	0.000000
-0.385605	0.331395	0.000000
-0.815128	-0.283788	0.000000
0.050648	-0.051925	0.000000
0.079859	-0.427199	0.000000
-0.191406	0.026042	0.000000
-0.499394	0.647630	0.000000
-0.213602	-0.129902	0.000000
-0.313537	-0.387615	0.000000
-0.205339	-0.017687	0.000000
-0.230670	0.021225	0.000000
-0.365153	-0.671776	0.000000
-0.040527	-0.534300	0.000000
-0.273276	-0.164487	0.000000
-0.499622	-0.419263	0.000000
-0.661262	0.379673	0.000000
-0.041400	0.265037	0.000000
-0.537799	0.600749	0.000000
-0.577529	0.429180	0.000000
0.106802	-0.504942	0.000000
0.061217	-0.239530	0.000000
-0.006564	0.213999	0.000000
0.091228	-0.188548	0.000000
-0.532781	-0.165062	0.000000
-0.335602	-0.099343	0.000000
-0.280139	-0.284768	0.000000
0.069160	-0.051676	0.000000
0.099152	0.210753	0.000000
-0.231055	0.018853	0.000000
-0.470520	-0.164030	0.000000
0.019236	-0.486240	0.000000
0.144224	-0.252540	0.000000
-0.271550	0.485278	0.000000
-0.479913	-0.674188	0.000000
0.106121	-0.154336	0.000000
-0.560115	-0.222333	0.000000
-0.280234	-0.705761	0.000000
-0.370576	0.392171	0.000000
0.013531	0.180799	0.000000
-0.301144	-0.504309	0.000000
-0.468289	-0.700729	0.000000
-0.152262	-0.060965	0.000000
-0.147743	0.666225	0.000000
-0.688947	0.798185	0.000000
-0.245678	-0.221114	0.000000
-0.552863	-0.250708	0.000000
-0.436710	-0.662157	0.000000
-0.252360	0.392976	0.000000
-0.384021	-0.710445	0.000000
-0.402480	-0.554688	0.000000
-0.407789	-0.758299	0.000000
-0.266805	-0.719385	0.000000
-0.330296	-0.439955	0.000000
-0.575969	-0.542478	0.000000
-0.527994	0.316474	0.000000
-0.335078	-0.053565	0.000000
-0.548168	-0.378633	0.000000
-0.586144	0.526618	0.000000
0.033910	-0.148392	0.000000
-0.341555	-0.140439	0.000000
-0.171658	0.013708	0.000000
-0.550614	-0.186128	0.000000
-0.306773	-0.604006	0.000000
0.110137	0.021090	0.000000
-0.308765	-0.845563	0.000000
0.047903	-0.224844	0.000000
-0.484740	-0.487929	0.000000
0.948643	0.404047	0.000000
0.077347	-0.511279	0.000000
-0.403048	0.676634	0.000000
-0.984675	-0.512146	0.000000
-0.205641	0.558790	0.000000
-0.000683	-0.630706	0.000000
-0.268249	0.678999	0.000000
-0.143766	-0.801648	0.000000
-0.240422	-0.090815	0.000000
-0.121499	0.408064	0.000000
-0.390924	0.257276	0.000000
-0.910836	-0.063835	0.000000
-0.300590	0.349812	0.000000
0.169578	-0.157614	0.000000
-0.428333	0.264435	0.000000
-0.332883	-0.595244	0.000000
0.028093	0.131269	0.000000
-0.042280	0.007613	0.000000
-0.169506	0.722536	0.000000
-0.273614	-0.299901	0.000000
-0.222651	-0.047731	0.000000
-0.744619	-0.228016	0.000000
-0.317764	-0.122725	0.000000
-0.410575	-0.289240	0.000000
-0.212412	-0.372713	0.000000
-0.160264	-0.407189	0.000000
-0.573810	-0.433362	0.000000
-0.185795	0.131213	0.000000
-0.277388	0.079329	0.000000
-0.280860	-0.268190	0.000000
-0.081596	-0.673195	0.000000
-0.239840	-0.028779	0.000000
-0.378928	0.689063	0.000000
-0.053891	-0.184614	0.000000
-0.016817	0.411799	0.000000
0.052099	0.205151	0.000000
0.013977	-0.413132	0.000000
-0.336363	0.394593	0.000000
-0.114594	-0.587910	0.000000
-0.325319	-0.890970	0.000000
-0.280345	0.533562	0.000000
0.029892	-0.617743	0.000000
-0.279330	-0.289618	0.000000
-0.284200	-0.633309	0.000000
-0.533328	-0.196309	0.000000
-0.120552	0.119420	0.000000
-0.076688	-0.176821	0.000000
0.108970	-0.483295	0.000000
-0.403580	0.270623	0.000000
0.985329	0.140995	0.000000
-0.516975	-0.722223	0.000000
-0.022684	-0.025977	0.000000
-0.138899	0.606849	0.000000
-0.056094	-0.376861	0.000000
-0.276497	0.045244	0.000000
-0.276835	-0.268792	0.000000
-0.212692	-0.633277	0.000000
-0.607693	0.523424	0.000000
-0.258075	0.335239	0.000000
-0.298561	0.528456	0.000000
0.038605	-0.011263	0.000000
-0.364208	-0.822874	0.000000
-0.312818	-0.168424	0.000000
-0.304465	-0.438562	0.000000
-0.138053	-0.948903	0.000000
-0.170782	-0.231459	0.000000
-0.213649	-0.473477	0.000000
-0.375438	0.061773	0.000000
-0.284472	-0.576141	0.000000
0.052455	0.247092	0.000000
-0.068403	0.522376	0.000000
-0.529546	-0.181810	0.000000
-0.385629	-0.188414	0.000000
-0.264245	-0.084608	0.000000
-0.254937	-0.266224	0.000000
-0.300650	0.527236	0.000000
-0.630121	0.709047	0.000000
-0.418896	-0.725725	0.000000
-0.292766	0.266572	0.000000
-0.621202	0.771518	0.000000
-0.296628	-0.621239	0.000000
-0.033545	0.052902	0.000000
-0.175249	-0.032762	0.000000
-0.261149	-0.274687	0.000000
-0.325758	-0.284661	0.000000
-0.207424	-0.311345	0.000000
-0.678136	0.497212	0.000000
0.007568	-0.393840	0.000000
0.024762	-0.073831	0.000000
-0.165072	-0.082121	0.000000
0.029881	-0.206806	0.000000
-0.310340	-0.521822	0.000000
-0.087696	-0.702008	0.000000
-0.072950	0.539198	0.000000
0.122710	0.360055	0.000000
0.105876	-0.412692	0.000000
-0.168718	0.156935	0.000000
-0.276649	0.053279	0.000000
0.022864	0.528606	0.000000
-0.491257	-0.476706	0.000000
-0.290080	-0.846491	0.000000
-0.347377	0.298080	0.000000
-0.024081	0.598626	0.000000
-0.371943	-0.666983	0.000000
-0.267284	0.689518	0.000000
-0.233042	0.287171	0.000000
-0.475307	-0.774483	0.000000
-0.041930	0.351231	0.000000
-0.317388	-0.844401	0.000000
-0.667103	-0.384645	0.000000
-0.236962	-0.520535	0.000000
-0.276097	-0.271956	0.000000
-0.674940	0.467314	0.000000
-0.558878	-0.467894	0.000000
-0.163075	-0.538328	0.000000
-0.286713	-0.067293	0.000000
-0.237240	-0.438988	0.000000
-0.479933	-0.391555	0.000000
-0.295641	-0.456718	0.000000
0.072271	0.023431	0.000000
-0.278345	-0.315181	0.000000
-0.247005	-0.018193	0.000000
0.083878	0.070648	0.000000
-0.541069	0.179704	0.000000
0.009719	-0.296774	0.000000
-0.242547	0.709907	0.000000
-0.567881	0.580452	0.000000
-0.654795	0.881194	0.000000
-0.488956	0.347640	0.000000
-0.297674	0.439911	0.000000
-0.310916	0.407993	0.000000
-0.399740	0.524864	0.000000
-0.000883	0.027264	0.000000
0.127171	0.423204	0.000000
-0.682154	-0.205018	0.000000
-0.469105	-0.717177	0.000000
-0.213538	0.673614	0.000000
-0.445166	-0.234734	0.000000
-0.353550	-0.144205	0.000000
-0.312626	-0.439630	0.000000
-0.039823	0.221573	0.000000
-0.485752	-0.398469	0.000000
-0.291539	0.373536	0.000000
-0.297522	-0.136785	0.000000
-0.179139	-0.239524	0.000000
-0.506390	0.535474	0.000000
-0.695429	-0.144450	0.000000
-0.797936	0.408996	0.000000
-0.419862	-0.768945	0.000000
0.165936	0.112853	0.000000
-0.365791	-0.261619	0.000000
-0.619803	0.778300	0.000000
-0.191755	-0.192874	0.000000
-0.653354	0.905876	0.000000
-0.391716	0.325101	0.000000
-0.265077	0.616046	0.000000
0.124074	0.123255	0.000000
-0.626714	0.460331	0.000000
0.100572	-0.087880	0.000000
-0.169454	-0.075498	0.000000
-0.428928	0.042297	0.000000
-0.328253	-0.157959	0.000000
-0.164748	0.385130	0.000000
-0.085524	0.212578	0.000000
-0.917333	-0.686699	0.000000
0.058782	-0.338175	0.000000
-0.333272	0.375323	0.000000
-0.403456	-0.269197	0.000000
0.188060	0.010162	0.000000
-0.029364	-0.055625	0.000000
-0.477202	-0.596885	0.000000
-0.060667	-0.367403	0.000000
0.064630	0.356308	0.000000
-0.262988	-0.537584	0.000000
-0.142508	-0.158760	0.000000
-0.331640	-0.440638	0.000000
-0.216932	-0.262061	0.000000
0.081744	-0.440040	0.000000
0.130936	0.367964	0.000000
-0.196270	-0.602650	0.000000
-0.616449	-0.186400	0.000000
-0.019918	0.284648	0.000000
-0.277220	-0.160532	0.000000
-0.326048	-0.545014	0.000000
-0.621579	0.938542	0.000000
0.096629	0.279230	0.000000
0.084960	-0.532820	0.000000
-0.080070	-0.543972	0.000000
-0.054694	0.514891	0.000000
0.111843	-0.267918	0.000000
-0.041683	0.521808	0.000000
-0.028343	0.244756	0.000000
-0.132179	0.063801	0.000000
-0.209371	-0.174985	0.000000
-0.068879	-0.661021	0.000000
-0.327161	-0.091154	0.000000
-0.170093	0.564599	0.000000
-0.088215	0.381969	0.000000
0.114340	0.010406	0.000000
-0.888857	0.034480	0.000000
0.168477	-0.144265	0.000000
-0.033818	0.222799	0.000000
-0.105214	0.246619	0.000000
-0.288213	0.453893	0.000000
-0.048354	0.322347	0.000000
-0.616592	0.687861	0.000000
-0.613107	0.136308	0.000000
-0.690339	0.130845	0.000000
-0.160561	0.297555	0.000000
-0.118690	0.457763	0.000000
-0.547328	-0.465626	0.000000
0.032759	-0.670931	0.000000
0.106573	-0.253234	0.000000
-0.289488	0.092258	0.000000
-0.920911	-0.529039	0.000000
-0.241748	-0.311118	0.000000
0.104102	-0.450414	0.000000
-0.701771	-0.286987	0.000000
-0.425858	0.047202	0.000000
-0.389486	-0.315745	0.000000
0.075418	-0.468261	0.000000
0.086535	-0.482622	0.000000
0.093698	-0.448308	0.000000
-0.135337	0.106903	0.000000
-0.231333	0.345296	0.000000
-0.731096	0.009570	0.000000
-0.478179	-0.268642	0.000000
-0.509105	0.411126	0.000000
-0.200208	0.303513	0.000000
-0.084967	0.268088	0.000000
0.050640	-0.571126	0.000000
-0.262017	0.684452	0.000000
0.033680	-0.147322	0.000000
-0.220357	0.038172	0.000000
-0.238739	0.712049	0.000000
-0.366107	-0.229584	0.000000
-0.395229	-0.385789	0.000000
-0.261171	0.375029	0.000000
0.026798	-0.639436	0.000000
-0.763243	-0.142299	0.000000
-0.707626	0.073219	0.000000
-0.211665	-0.308851	0.000000
-0.189566	0.697604	0.000000
-0.320935	-0.705820	0.000000
-0.224123	-0.433392	0.000000
-0.335501	-0.455654	0.000000
0.093129	-0.163249	0.000000
-0.462225	-0.760727	0.000000
-0.046849	0.145100	0.000000
0.023127	0.402377	0.000000
-0.194177	-0.363706	0.000000
-0.366348	-0.213099	0.000000
-0.253006	0.697552	0.000000
-0.313825	-0.569692	0.000000
-0.271088	0.694561	0.000000
0.078115	-0.481648	0.000000
0.013029	0.263349	0.000000
-0.527839	-0.648200	0.000000
-0.482868	-0.229702	0.000000
-0.151165	0.413175	0.000000
-0.307096	0.804053	0.000000
-0.459013	-0.210571	0.000000
-0.125695	-0.842637	0.000000
-0.497309	-0.535049	0.000000
-0.359765	-0.799824	0.000000
-0.302200	-0.001637	0.000000
-0.231753	-0.430119	0.000000
-0.748189	0.525446	0.000000
-0.489283	0.316452	0.000000
-0.358911	-0.077134	0.000000
-0.427568	0.058469	0.000000
-0.269736	-0.277920	0.000000
-0.235233	-0.057220	0.000000
-0.386743	0.859591	0.000000
-0.925505	0.358079	0.000000
-0.428300	-0.185017	0.000000
-0.300688	-0.418294	0.000000
-0.118878	0.360536	0.000000
-0.428913	-0.807186	0.000000
-0.314673	-0.363451	0.000000
-0.476000	0.455457	0.000000
-0.235877	-0.323177	0.000000
-0.240744	-0.171102	0.000000
-0.136335	0.233109	0.000000
0.084728	0.392209	0.000000
-0.444515	-0.365998	0.000000
-0.293365	-0.242350	0.000000
-0.128212	0.720781	0.000000
-0.490810	-0.351985	0.000000
-0.553609	0.069459	0.000000
-0.667349	-0.200291	0.000000
0.972484	0.098226	0.000000
-0.429287	0.367644	0.000000
-0.783328	0.249643	0.000000
-0.283269	-0.488641	0.000000
-0.174427	-0.243026	0.000000
0.057236	-0.106260	0.000000
0.094200	0.377317	0.000000
-0.078324	-0.743142	0.000000
0.017693	-0.747104	0.000000
0.167906	-0.157397	0.000000
0.106300	-0.469961	0.000000
-0.629111	0.784705	0.000000
-0.347975	-0.146906	0.000000
-0.575158	-0.201997	0.000000
-0.023521	-0.339392	0.000000
0.027063	0.072091	0.000000
-0.896769	0.116385	0.000000
-0.400753	0.026627	0.000000
-0.577723	-0.165098	0.000000
-0.342332	-0.770874	0.000000
-0.602103	0.770461	0.000000
-0.122010	-0.027449	0.000000
-0.126185	0.704305	0.000000
-0.169368	-0.074582	0.000000
-0.247717	0.293706	0.000000
-0.363425	0.812851	0.000000
-0.309064	0.461882	0.000000
-0.346395	-0.023905	0.000000
-0.402476	0.233775	0.000000
-0.245485	-0.502784	0.000000
-0.272006	-0.438361	0.000000
-0.233906	0.127116	0.000000
-0.089479	0.470775	0.000000
-0.090277	0.410869	0.000000
-0.005289	-0.280533	0.000000
-0.900641	-0.699927	0.000000
-0.275712	-0.166529	0.000000
0.103853	0.191544	0.000000
0.115544	-0.254087	0.000000
-0.088704	0.552105	0.000000
-0.217783	0.588458	0.000000
-0.080943	0.424744	0.000000
-0.243573	0.649832	0.000000
-0.251163	-0.446144	0.000000
-0.349760	0.750967	0.000000
-0.338862	0.540697	0.000000
-0.060710	-0.210763	0.000000
-0.431077	-0.246666	0.000000
-0.272855	-0.182561	0.000000
-0.533002	0.554139	0.000000
0.081095	-0.463741	0.000000
-0.182629	-0.469446	0.000000
-0.145868	0.721042	0.000000
0.107862	-0.145420	0.000000
-0.393582	0.487000	0.000000
-0.617624	0.440942	0.000000
-0.238335	0.049608	0.000000
-0.267221	-0.284040	0.000000
-0.250422	-0.052848	0.000000
-0.888937	0.127266	0.000000
-0.578799	-0.350271	0.000000
0.001931	0.274004	0.000000
-0.091443	0.407399	0.000000
-0.244689	0.098576	0.000000
-0.050539	0.442286	0.000000
-0.508529	0.714131	0.000000
-0.808714	-0.287474	0.000000
-0.726631	0.506924	0.000000
0.072498	0.219842	0.000000
0.115904	-0.304722	0.000000
-0.094728	-0.061818	0.000000
0.958795	0.041437	0.000000
-0.550114	-0.124473	0.000000
0.039943	0.105297	0.000000
0.021827	-0.130945	0.000000
-0.182505	0.612369	0.000000
-0.259101	0.547453	0.000000
-0.213943	0.421896	0.000000
-0.211576	-0.301772	0.000000
-0.213220	-0.226218	0.000000
0.011059	-0.645867	0.000000
0.123961	-0.041204	0.000000
-0.389314	-0.197951	0.000000
-0.632761	0.991260	0.000000
-0.711654	0.527492	0.000000
-0.306700	-0.502490	0.000000
0.009520	-0.175832	0.000000
-0.137884	-0.092625	0.000000
0.047012	-0.307617	0.000000
-0.295843	-0.502600	0.000000
-0.254126	0.352430	0.000000
-0.360684	-0.011112	0.000000
-0.146680	-0.535747	0.000000
0.040034	0.022428	0.000000
0.080629	-0.129155	0.000000
-0.649413	-0.271768	0.000000
-0.210749	0.015206	0.000000
-0.229141	-0.108185	0.000000
-0.427466	-0.567518	0.000000
-0.196418	0.455427	0.000000
-0.900577	0.038623	0.000000
-0.226558	-0.768752	0.000000
-0.610449	-0.091927	0.000000
-0.160821	0.587277	0.000000
-0.359903	0.204793	0.000000
-0.355783	-0.559042	0.000000
-0.031109	-0.630663	0.000000
-0.180800	0.419164	0.000000
0.170416	-0.178956	0.000000
-0.280370	0.345703	0.000000
-0.297187	-0.506104	0.000000
-0.438339	0.266534	0.000000
-0.272782	0.670789	0.000000
-0.386757	-0.455079	0.000000
-0.653595	0.521623	0.000000
-0.242550	-0.478995	0.000000
0.038884	-0.450420	0.000000
-0.165786	0.150250	0.000000
-0.365100	-0.572180	0.000000
-0.119237	0.395561	0.000000
-0.724723	0.596929	0.000000
-0.373277	-0.275015	0.000000
-0.430748	0.177178	0.000000
-0.411474	0.164072	0.000000
-0.194333	0.326464	0.000000
-0.917810	-0.528323	0.000000
-0.044438	-0.051019	0.000000
-0.881684	0.242440	0.000000
-0.293267	-0.808987	0.000000
-0.265770	-0.257529	0.000000
-0.687103	-0.317087	0.000000
-0.579194	0.770000	0.000000
-0.016250	-0.081654	0.000000
0.159690	-0.083331	0.000000
-0.262033	0.505329	0.000000
-0.348821	0.832428	0.000000
-0.684349	0.187450	0.000000
-0.593193	0.869892	0.000000
-0.089024	0.279673	0.000000
-0.518341	0.441982	0.000000
-0.916819	-0.498248	0.000000
-0.291421	0.591046	0.000000
-0.264633	-0.363039	0.000000
-0.371137	0.019723	0.000000
0.093687	0.242717	0.000000
0.060956	-0.188268	0.000000
-0.297661	-0.300873	0.000000
-0.570947	0.535856	0.000000
-0.069086	-0.756482	0.000000
-0.187681	-0.196344	0.000000
-0.158533	-0.085213	0.000000
-0.128882	0.267116	0.000000
-0.229109	0.348271	0.000000
0.117788	-0.314739	0.000000
-0.178107	0.665240	0.000000
0.118768	0.290898	0.000000
0.010585	0.396633	0.000000
0.047567	-0.458442	0.000000
-0.434623	-0.498922	0.000000
-0.171572	0.430915	0.000000
-0.188425	-0.463948	0.000000
-0.291916	-0.251971	0.000000
-0.677301	0.623909	0.000000
-0.536113	0.709744	0.000000
-0.576385	-0.402220	0.000000
-0.344728	0.223707	0.000000
0.055131	-0.041264	0.000000
-0.229109	-0.104105	0.000000
-0.471903	-0.181275	0.000000
-0.263503	-0.697352	0.000000
-0.425369	-0.103844	0.000000
-0.885565	0.326441	0.000000
-0.138677	-0.761747	0.000000
-0.282740	-0.415302	0.000000
-0.568144	-0.372891	0.000000
-0.320996	-0.526823	0.000000
-0.354643	-0.671944	0.000000
-0.214949	0.094233	0.000000
-0.380698	-0.327613	0.000000
-0.223385	-0.519030	0.000000
-0.164566	-0.102618	0.000000
-0.232716	-0.646189	0.000000
-0.103575	-0.383905	0.000000
-0.210335	0.030531	0.000000
-0.976327	-0.560396	0.000000
-0.622627	0.658983	0.000000
0.034466	-0.442340	0.000000
-0.615108	-0.351557	0.000000
-0.457945	-0.743522	0.000000
-0.209686	-0.303311	0.000000
-0.742749	-0.203392	0.000000
-0.590970	0.601555	0.000000
-0.580833	0.475911	0.000000
-0.562483	0.537237	0.000000
-0.102886	0.475173	0.000000
-0.286688	0.229651	0.000000
-0.179458	0.267586	0.000000
0.100927	-0.593439	0.000000
-0.031047	0.488453	0.000000
-0.601960	-0.505811	0.000000
-0.573180	-0.445099	0.000000
-0.546682	0.367730	0.000000
-0.082670	0.492226	0.000000
-0.256434	0.743743	0.000000
-0.306357	-0.252441	0.000000
-0.013001	-0.086023	0.000000
-0.066045	-0.320634	0.000000
0.172863	0.023652	0.000000
-0.363564	-0.271048	0.000000
0.067155	-0.458573	0.000000
-0.818844	-0.137909	0.000000
-0.556780	0.273163	0.000000
-0.608866	0.364122	0.000000
0.977617	0.225692	0.000000
-0.066456	-0.639253	0.000000
-0.669342	0.728885	0.000000
-0.038291	0.235972	0.000000
0.124257	0.264515	0.000000
-0.500113	0.631781	0.000000
-0.636499	0.429992	0.000000
-0.266490	-0.730255	0.000000
-0.174671	0.632948	0.000000
-0.654425	0.350306	0.000000
-0.397013	0.089282	0.000000
-0.446600	-0.321475	0.000000
0.096982	0.231205	0.000000
-0.327178	-0.261593	0.000000
-0.634366	0.976175	0.000000
-0.256991	-0.331484	0.000000
-0.716163	-0.212211	0.000000
-0.169158	-0.322078	0.000000
-0.271453	0.645062	0.000000
-0.088740	0.645984	0.000000
-0.172267	-0.026680	0.000000
0.192888	-0.129019	0.000000
0.974200	0.258670	0.000000
-0.433085	-0.171977	0.000000
-0.598279	-0.272029	0.000000
-0.182261	-0.423701	0.000000
-0.497824	-0.315393	0.000000
-0.302283	-0.871744	0.000000
-0.606425	0.891483	0.000000
0.027345	0.437206	0.000000
-0.633682	0.962769	0.000000
0.058898	-0.445100	0.000000
-0.607133	0.526732	0.000000
-0.138248	0.469150	0.000000
-0.528700	-0.493203	0.000000
-0.224073	0.650178	0.000000
-0.481472	-0.165869	0.000000
-0.262561	-0.474719	0.000000
-0.538470	-0.267997	0.000000
0.056673	0.133982	0.000000
0.036080	-0.292379	0.000000
-0.272965	-0.195200	0.000000
-0.289014	0.434723	0.000000
0.080512	0.155441	0.000000
-0.748306	0.488861	0.000000
-0.826928	-0.217304	0.000000
0.127951	0.048739	0.000000
0.024672	-0.349193	0.000000
-0.245889	-0.303812	0.000000
-0.465710	-0.775917	0.000000
-0.602826	0.462841	0.000000
0.171333	0.099483	0.000000
0.102008	-0.402423	0.000000
-0.103723	0.389575	0.000000
-0.228531	-0.575295	0.000000
-0.134374	-0.113204	0.000000
-0.630142	0.136635	0.000000
-0.565163	-0.227292	0.000000
0.100562	-0.122773	0.000000
0.012539	0.567247	0.000000
-0.090076	0.465314	0.000000
0.051873	-0.464320	0.000000
-0.133351	-0.251663	0.000000
-0.506767	-0.283436	0.000000
-0.125670	-0.963438	0.000000
-0.384856	0.009263	0.000000
-0.279388	-0.528837	0.000000
-0.454097	-0.070325	0.000000
0.129041	0.144522	0.000000
-0.236661	0.059241	0.000000
-0.217110	0.033866	0.000000
-0.389696	-0.710467	0.000000
0.040828	-0.487888	0.000000
-0.177175	-0.400679	0.000000
-0.262299	-0.340570	0.000000
-0.066167	-0.695266	0.000000
-0.421410	0.738360	0.000000
-0.239408	0.559198	0.000000
-0.511070	0.746002	0.000000
-0.574884	-0.465111	0.000000
-0.218018	-0.586806	0.000000
-0.343623	-0.591680	0.000000
-0.430284	0.086623	0.000000
-0.632016	0.941830	0.000000
0.143195	-0.049988	0.000000
-0.473018	-0.134087	0.000000
-0.003190	0.602746	0.000000
-0.909520	-0.557539	0.000000
-0.106930	0.238218	0.000000
-0.502120	-0.190126	0.000000
-0.970633	-0.568991	0.000000
0.110538	-0.041924	0.000000
-0.158466	-0.589448	0.000000
0.087144	-0.220885	0.000000
-0.411170	-0.647627	0.000000
-0.212641	-0.452425	0.000000
-0.410697	-0.430402	0.000000
-0.065833	0.189114	0.000000
-0.275699	0.058402	0.000000
0.082180	0.098160	0.000000
-0.295528	0.665163	0.000000
-0.207992	-0.832966	0.000000
-0.619149	0.311648	0.000000
-0.531059	0.384677	0.000000
-0.349423	0.167155	0.000000
0.114258	0.335723	0.000000
-0.507027	0.705515	0.000000
-0.575616	0.609691	0.000000
-0.663358	0.592219	0.000000
-0.661986	-0.195468	0.000000
0.115314	0.156305	0.000000
-0.206374	0.507863	0.000000
-0.622785	0.270692	0.000000
-0.485889	-0.399708	0.000000
-0.530609	-0.371532	0.000000
-0.359256	0.835770	0.000000
-0.216147	0.245080	0.000000
-0.011767	0.100124	0.000000
-0.319347	-0.537015	0.000000
0.119909	0.017744	0.000000
-0.918640	-0.535727	0.000000
-0.052340	-0.414925	0.000000
-0.599854	-0.494498	0.000000
-0.509463	0.594853	0.000000
-0.322151	0.306496	0.000000
-0.359701	-0.344647	0.000000
-0.187423	0.277932	0.000000
-0.163962	0.667095	0.000000
-0.259585	0.420208	0.000000
-0.031519	0.147342	0.000000
-0.917332	-0.539534	0.000000
-0.283381	-0.187542	0.000000
-0.126939	0.750376	0.000000
-0.196149	0.020472	0.000000
-0.018661	-0.612878	0.000000
-0.440140	-0.749395	0.000000
-0.061575	0.060696	0.000000
-0.110786	-0.903939	0.000000
-0.261509	0.618770	0.000000
-0.495031	0.563118	0.000000
0.041395	-0.003513	0.000000
-0.257478	-0.435809	0.000000
0.171350	-0.140038	0.000000
-0.341654	-0.440395	0.000000
0.190882	-0.064920	0.000000
-0.120273	0.484447	0.000000
-0.312760	0.534199	0.000000
0.071540	-0.407732	0.000000
-0.557804	0.535059	0.000000
-0.216540	0.342562	0.000000
-0.463303	-0.646322	0.000000
-0.418417	0.132935	0.000000
0.015456	0.285973	0.000000
-0.222211	0.681574	0.000000
-0.055563	0.341174	0.000000
-0.437073	0.315630	0.000000
-0.163148	-0.622186	0.000000
-0.042200	-0.694372	0.000000
-0.109452	0.376081	0.000000
-0.556088	0.613555	0.000000
-0.657157	0.526079	0.000000
-0.275413	-0.310299	0.000000
-0.497769	0.369684	0.000000
-0.551160	0.495318	0.000000
-0.292419	0.666004	0.000000
-0.094258	-0.728494	0.000000
0.035932	-0.693269	0.000000
-0.367481	0.786565	0.000000
-0.134650	0.284190	0.000000
-0.447900	0.032600	0.000000
0.002742	-0.623638	0.000000
-0.539594	-0.131406	0.000000
-0.237444	-0.249573	0.000000
-0.721826	0.497200	0.000000
-0.289888	-0.425830	0.000000
0.036484	-0.678046	0.000000
-0.415753	-0.266281	0.000000
-0.429707	-0.747265	0.000000
0.060379	-0.232999	0.000000
0.059136	0.488976	0.000000
-0.212719	-0.461139	0.000000
-0.765989	0.670027	0.000000
-0.404281	-0.720629	0.000000
-0.375030	-0.777119	0.000000
0.102636	-0.150367	0.000000
-0.182418	-0.550610	0.000000
0.186601	0.046796	0.000000
-0.320842	-0.646671	0.000000
-0.339208	-0.683119	0.000000
-0.320770	-0.148219	0.000000
-0.687834	0.378557	0.000000
-0.143076	0.724529	0.000000
0.070726	-0.519088	0.000000
0.076395	-0.275687	0.000000
-0.336737	0.017815	0.000000
-0.603995	0.783937	0.000000
0.013697	0.155360	0.000000
-0.144553	0.747095	0.000000
-0.781513	0.143936	0.000000
-0.215716	-0.080148	0.000000
-0.460561	-0.424241	0.000000
0.015703	-0.147623	0.000000
-0.796844	0.376506	0.000000
-0.499788	-0.380372	0.000000
-0.887061	0.126123	0.000000
-0.275607	-0.184572	0.000000
-0.139132	-0.149786	0.000000
-0.518448	-0.348756	0.000000
-0.516032	-0.553183	0.000000
-0.453253	-0.158863	0.000000
-0.189212	0.089628	0.000000
-0.036913	0.492799	0.000000
-0.439815	-0.537106	0.000000
0.977337	0.139166	0.000000
-0.308275	-0.832984	0.000000
-0.555066	-0.238442	0.000000
0.967277	0.345183	0.000000
-0.762913	0.456346	0.000000
-0.900545	-0.698288	0.000000
-0.602235	0.441298	0.000000
-0.215712	0.250065	0.000000
-0.595141	0.864840	0.000000
0.017608	-0.639674	0.000000
-0.099051	-0.316749	0.000000
-0.505800	0.395590	0.000000
-0.208978	0.542158	0.000000
-0.157914	-0.252194	0.000000
0.025320	-0.443149	0.000000
-0.097974	0.536329	0.000000
-0.497758	0.210369	0.000000
0.146268	-0.080464	0.000000
-0.638629	-0.435051	0.000000
-0.039645	0.212480	0.000000
-0.190502	-0.691837	0.000000
-0.255438	-0.104914	0.000000
-0.039292	-0.724971	0.000000
-0.170674	0.001047	0.000000
-0.013721	0.017436	0.000000
-0.202324	0.216833	0.000000
-0.249503	-0.304599	0.000000
-0.368145	-0.324457	0.000000
-0.295187	-0.538766	0.000000
-0.812084	-0.299903	0.000000
-0.097526	-0.020996	0.000000
-0.215951	-0.407097	0.000000
0.156057	0.002351	0.000000
0.946649	0.354851	0.000000
-0.355373	-0.304924	0.000000
-0.040811	0.549983	0.000000
-0.332348	-0.321931	0.000000
0.120432	0.152692	0.000000
-0.595843	0.368710	0.000000
-0.180753	-0.753019	0.000000
-0.575377	0.017328	0.000000
-0.630361	0.738255	0.000000
-0.067661	0.083614	0.000000
-0.043968	-0.651822	0.000000
-0.876717	0.154330	0.000000
-0.273697	0.615172	0.000000
-0.319484	-0.010294	0.000000
-0.205464	-0.744776	0.000000
0.057882	-0.005753	0.000000
-0.789952	-0.051011	0.000000
-0.065140	0.477274	0.000000
-0.643928	0.957244	0.000000
-0.173052	-0.327227	0.000000
-0.017852	0.021722	0.000000
-0.002092	0.466135	0.000000
-0.202907	0.011023	0.000000
-0.403656	-0.167154	0.000000
-0.403161	-0.371586	0.000000
-0.261340	-0.419489	0.000000
0.107990	-0.198430	0.000000
-0.057143	-0.585452	0.000000
-0.539783	0.564158	0.000000
-0.342001	-0.772644	0.000000
-0.957983	-0.586882	0.000000
-0.167137	-0.356383	0.000000
-0.384359	-0.492215	0.000000
-0.269824	0.190722	0.000000
-0.076309	0.542182	0.000000
-0.393569	-0.232734	0.000000
-0.075832	0.505718	0.000000
-0.365545	0.312103	0.000000
-0.147019	0.367615	0.000000
-0.168943	-0.636809	0.000000
-0.407477	-0.746848	0.000000
-0.323825	0.235384	0.000000
-0.546410	-0.345560	0.000000
-0.320020	0.497221	0.000000
0.096936	-0.559284	0.000000
-0.182881	-0.290725	0.000000
-0.284446	0.187106	0.000000
-0.331877	-0.669145	0.000000
0.092879	-0.087606	0.000000
-0.629635	0.515275	0.000000
0.005076	-0.450779	0.000000
0.003560	-0.570523	0.000000
-0.519314	0.752221	0.000000
-0.134167	-0.098880	0.000000
-0.425847	0.203033	0.000000
-0.312788	0.700982	0.000000
-0.223944	0.585528	0.000000
0.101940	0.012610	0.000000
-0.611163	0.417486	0.000000
-0.624605	0.954213	0.000000
-0.012588	0.539042	0.000000
-0.208236	-0.487314	0.000000
-0.285824	0.456269	0.000000
-0.139954	0.172337	0.000000
-0.813113	-0.290607	0.000000
-0.308712	-0.593333	0.000000
-0.190793	0.601459	0.000000
-0.034743	0.281013	0.000000
-0.312399	-0.761955	0.000000
0.150860	-0.174537	0.000000
-0.375270	-0.412509	0.000000
-0.165759	0.422092	0.000000
-0.291059	0.023033	0.000000
-0.216169	0.212823	0.000000
-0.001332	-0.158863	0.000000
-0.700057	0.784949	0.000000
-0.013458	-0.470895	0.000000
0.011714	0.034615	0.000000
0.052341	0.398174	0.000000
-0.787473	0.189519	0.000000
-0.207032	-0.799428	0.000000
-0.086247	-0.666743	0.000000
0.088719	-0.205001	0.000000
-0.297503	-0.312339	0.000000
-0.503638	0.027335	0.000000
-0.177138	-0.643241	0.000000
-0.581892	-0.108370	0.000000
-0.284476	0.596108	0.000000
-0.241968	-0.371705	0.000000
-0.116927	-0.197553	0.000000
-0.500557	0.482214	0.000000
-0.634397	0.949401	0.000000
-0.321575	-0.567342	0.000000
-0.234503	-0.438549	0.000000
0.016234	0.073817	0.000000
-0.086504	-0.035917	0.000000
-0.133260	0.305275	0.000000
0.002374	0.523319	0.000000
-0.507714	-0.395049	0.000000
-0.691099	0.498186	0.000000
-0.254231	0.772699	0.000000
0.936223	0.440960	0.000000
-0.604297	0.331677	0.000000
-0.754724	0.222703	0.000000
0.117914	0.211284	0.000000
-0.281660	-0.711316	0.000000
-0.279424	0.390567	0.000000
-0.340157	0.493612	0.000000
-0.183556	0.552909	0.000000
0.046012	-0.524305	0.000000
-0.004298	-0.248747	0.000000
-0.377035	0.317367	0.000000
-0.599820	-0.184271	0.000000
-0.775310	0.011803	0.000000
-0.202032	0.002619	0.000000
-0.476841	-0.177200	0.000000
-0.072520	0.643402	0.000000
-0.359339	-0.629128	0.000000
-0.554834	-0.427702	0.000000
-0.095099	0.183329	0.000000
-0.297799	-0.770787	0.000000
0.068503	0.272930	0.000000
-0.913783	-0.536271	0.000000
-0.408649	-0.395443	0.000000
0.039827	0.169310	0.000000
-0.286718	-0.346760	0.000000
-0.265528	-0.410704	0.000000
-0.283575	0.605148	0.000000
-0.494268	0.484889	0.000000
-0.196915	0.320624	0.000000
-0.253034	-0.299584	0.000000
-0.610522	0.924556	0.000000
-0.524878	0.622182	0.000000
-0.193321	-0.166661	0.000000
-0.086136	0.341620	0.000000
-0.469031	-0.146469	0.000000
-0.292695	-0.742139	0.000000
-0.397450	0.081634	0.000000
-0.428639	-0.362938	0.000000
-0.417082	-0.224532	0.000000
0.002136	-0.210720	0.000000
-0.135329	-0.833013	0.000000
-0.623699	-0.059407	0.000000
-0.372950	-0.137319	0.000000
0.012558	-0.354651	0.000000
-0.233368	-0.500280	0.000000
-0.532765	0.757846	0.000000
-0.560173	0.119249	0.000000
-0.538303	0.112799	0.000000
-0.271000	0.672643	0.000000
-0.271342	0.378530	0.000000
0.000812	0.091453	0.000000
-0.429117	0.243277	0.000000
-0.153709	0.327904	0.000000
-0.155865	0.167924	0.000000
-0.355032	0.662679	0.000000
-0.075575	0.662492	0.000000
-0.138182	0.142074	0.000000
-0.307190	-0.370568	0.000000
-0.349181	-0.229865	0.000000
-0.616610	0.443601	0.000000
-0.370892	0.850808	0.000000
-0.372348	-0.044632	0.000000
-0.249622	-0.409643	0.000000
-0.188776	-0.528768	0.000000
-0.579682	0.587873	0.000000
-0.362411	-0.009282	0.000000
0.000606	0.216091	0.000000
-0.123096	-0.382059	0.000000
0.069220	0.291394	0.000000
-0.406124	-0.680735	0.000000
-0.212696	0.521982	0.000000
0.001917	0.224859	0.000000
-0.140270	-0.873735	0.000000
-0.366753	-0.539721	0.000000
-0.181549	0.296769	0.000000
-0.324065	0.761627	0.000000
0.025195	-0.332177	0.000000
-0.449380	-0.404280	0.000000
-0.396718	0.796957	0.000000
-0.263309	-0.479682	0.000000
-0.193448	0.064495	0.000000
-0.040282	0.404827	0.000000
0.093201	-0.011929	0.000000
0.010711	0.011089	0.000000
-0.257486	-0.553606	0.000000
-0.039238	0.550849	0.000000
-0.222825	-0.390854	0.000000
-0.278845	-0.514342	0.000000
-0.546479	0.244037	0.000000
-0.401027	0.283319	0.000000
-0.263446	-0.298226	0.000000
-0.278998	-0.245532	0.000000
-0.227659	-0.275363	0.000000
-0.505026	-0.052167	0.000000
-0.264135	0.699031	0.000000
-0.139194	-0.279248	0.000000
-0.108573	0.499099	0.000000
-0.056833	0.239527	0.000000
0.059472	0.503238	0.000000
-0.433816	-0.803824	0.000000
-0.256336	0.139377	0.000000
-0.699390	0.202691	0.000000
-0.782322	-0.029948	0.000000
-0.316547	-0.689558	0.000000
-0.193216	-0.487988	0.000000
-0.212172	0.196910	0.000000
0.112973	0.306056	0.000000
-0.132440	-0.921801	0.000000
0.040431	-0.535495	0.000000
-0.113374	-0.057884	0.000000
-0.531428	0.561251	0.000000
-0.409038	0.805259	0.000000
-0.157701	0.614123	0.000000
-0.736253	0.422904	0.000000
-0.281403	-0.694133	0.000000
-0.114344	-0.189524	0.000000
0.015917	-0.091262	0.000000
-0.623728	0.577812	0.000000
-0.241876	0.757466	0.000000
-0.075232	0.243734	0.000000
-0.385351	-0.603373	0.000000
-0.004159	0.247492	0.000000
-0.318859	-0.276603	0.000000
-0.294051	-0.476574	0.000000
0.006092	-0.671813	0.000000
-0.015833	0.043530	0.000000
-0.245131	-0.631677	0.000000
-0.537926	0.555190	0.000000
0.032401	-0.093506	0.000000
-0.295229	-0.377222	0.000000
-0.581616	0.570152	0.000000
-0.726699	0.650541	0.000000
-0.380046	-0.627329	0.000000
-0.233900	-0.583447	0.000000
-0.337401	0.812926	0.000000
0.055272	0.052906	0.000000
-0.188223	-0.625186	0.000000
-0.523793	0.458053	0.000000
-0.574097	-0.053876	0.000000
0.129608	-0.085809	0.000000
-0.510224	-0.054398	0.000000
-0.130118	-0.169146	0.000000
-0.007137	0.537534	0.000000
0.108730	0.415500	0.000000
-0.599870	-0.137737	0.000000
-0.269326	-0.201348	0.000000
-0.112105	-0.420983	0.000000
-0.899456	-0.688071	0.000000
-0.232779	-0.237994	0.000000
-0.457049	-0.227251	0.000000
-0.177603	-0.507438	0.000000
-0.397055	0.866257	0.000000
-0.107973	-0.100204	0.000000
-0.267459	-0.516810	0.000000
-0.295554	-0.327129	0.000000
-0.075335	-0.552668	0.000000
-0.545880	0.517299	0.000000
-0.684427	0.916989	0.000000
-0.527631	-0.262471	0.000000
-0.692001	0.860625	0.000000
-0.223461	0.274369	0.000000
0.159800	-0.130820	0.000000
0.143535	-0.005448	0.000000
0.082100	-0.108440	0.000000
-0.364022	0.867464	0.000000
0.162136	-0.042767	0.000000
-0.538664	0.402465	0.000000
-0.754216	-0.071850	0.000000
-0.411244	-0.013055	0.000000
-0.753618	0.291858	0.000000
-0.290264	-0.347037	0.000000
0.123273	-0.105327	0.000000
-0.044361	0.263478	0.000000
-0.070992	-0.281896	0.000000
0.046448	-0.078005	0.000000
-0.523722	-0.361292	0.000000
-0.285327	0.582101	0.000000
0.169785	-0.152022	0.000000
-0.298305	-0.304845	0.000000
0.051517	-0.421193	0.000000
-0.350169	0.227582	0.000000
-0.050209	0.101304	0.000000
-0.205268	-0.826277	0.000000
0.120790	-0.017313	0.000000
-0.664643	0.726440	0.000000
-0.239095	0.096876	0.000000
-0.142439	0.371182	0.000000
-0.463787	-0.089396	0.000000
-0.213370	-0.423138	0.000000
-0.109132	0.539202	0.000000
-0.282867	0.118316	0.000000
0.100222	-0.228936	0.000000
-0.191750	0.604933	0.000000
-0.580615	-0.542168	0.000000
-0.219684	-0.667636	0.000000
-0.506209	0.055530	0.000000
-0.442893	-0.811868	0.000000
-0.368573	0.045227	0.000000
-0.174955	0.300459	0.000000
-0.009437	0.393358	0.000000
-0.492864	0.693824	0.000000
-0.864028	0.084642	0.000000
0.023395	-0.548638	0.000000
-0.530813	0.560268	0.000000
-0.085260	0.110993	0.000000
-0.483943	-0.071136	0.000000
-0.077734	-0.740443	0.000000
-0.350934	0.006266	0.000000
-0.200604	-0.418294	0.000000
-0.577153	0.846063	0.000000
-0.402050	0.852739	0.000000
0.117200	-0.005870	0.000000
-0.399310	0.190277	0.000000
0.089619	-0.365748	0.000000
-0.702798	0.712046	0.000000
-0.165927	0.490457	0.000000
0.113151	-0.226085	0.000000
0.194234	0.002582	0.000000
0.002699	0.165915	0.000000
-0.220712	0.640634	0.000000
-0.249175	0.307263	0.000000
-0.612879	0.848287	0.000000
-0.117805	0.267952	0.000000
0.167871	-0.097349	0.000000
-0.130545	0.335147	0.000000
-0.308659	0.312878	0.000000
0.177822	-0.120547	0.000000
-0.500603	-0.257455	0.000000
-0.300477	-0.249978	0.000000
-0.337213	0.821549	0.000000
0.094628	-0.429548	0.000000
0.034146	-0.479116	0.000000
-0.361579	-0.377501	0.000000
-0.356333	-0.533411	0.000000
0.059119	0.374296	0.000000
-0.284400	0.191337	0.000000
-0.445876	-0.776876	0.000000
-0.129075	-0.342093	0.000000
-0.213040	0.533449	0.000000
0.178037	-0.072024	0.000000
-0.237747	-0.667583	0.000000
-0.010029	-0.433837	0.000000
-0.182366	-0.073026	0.000000
-0.559114	0.735284	0.000000
-0.547359	0.446577	0.000000
-0.082184	0.416307	0.000000
0.043334	0.119575	0.000000
-0.527995	0.687745	0.000000
0.039526	0.140438	0.000000
-0.371561	0.494487	0.000000
0.032166	-0.156331	0.000000
-0.085036	0.440402	0.000000
-0.386948	-0.137674	0.000000
-0.353424	0.329233	0.000000
0.015844	-0.321341	0.000000
-0.144905	-0.218565	0.000000
-0.512970	-0.687667	0.000000
-0.214079	-0.230680	0.000000
0.066863	-0.529204	0.000000
-0.531681	-0.223003	0.000000
-0.356527	0.747453	0.000000
-0.401950	-0.733225	0.000000
0.073551	0.380727	0.000000
-0.117459	0.525135	0.000000
-0.377821	0.390107	0.000000
-0.257094	0.084302	0.000000
0.024449	-0.253287	0.000000
-0.136772	0.178461	0.000000
-0.388976	0.364468	0.000000
-0.525927	-0.559246	0.000000
-0.379447	0.171138	0.000000
-0.231279	-0.455865	0.000000
-0.637002	-0.485791	0.000000
-0.836334	-0.179982	0.000000
-0.233494	-0.398621	0.000000
0.065684	-0.116550	0.000000
-0.026531	0.594676	0.000000
-0.137374	-0.916559	0.000000
0.085602	-0.522283	0.000000
-0.158738	0.527355	0.000000
-0.088555	0.310375	0.000000
-0.113866	-0.274403	0.000000
-0.414127	0.472860	0.000000
-0.232735	0.582065	0.000000
-0.102916	-0.604951	0.000000
-0.180297	-0.475437	0.000000
-0.368781	-0.124402	0.000000
-0.622025	-0.450665	0.000000
0.013367	-0.610827	0.000000
-0.013400	0.562052	0.000000
-0.379332	0.721784	0.000000
-0.274388	-0.298810	0.000000
-0.446784	0.143455	0.000000
-0.536948	-0.334386	0.000000
0.101131	-0.274387	0.000000
-0.485272	0.139541	0.000000
0.008421	-0.092116	0.000000
-0.251745	-0.167809	0.000000
0.939642	0.431410	0.000000
-0.273724	0.196791	0.000000
-0.274614	0.341439	0.000000
0.021558	-0.636213	0.000000
0.119724	0.031777	0.000000
-0.292723	0.500028	0.000000
-0.566059	-0.231420	0.000000
-0.346015	-0.789910	0.000000
-0.289334	-0.278071	0.000000
-0.163967	0.544928	0.000000
-0.659587	-0.164548	0.000000
-0.530741	0.396539	0.000000
-0.133926	0.377524	0.000000
-0.527823	-0.305498	0.000000
-0.008338	-0.003179	0.000000
0.005008	0.568939	0.000000
-0.280666	-0.471821	0.000000
-0.286468	-0.784267	0.000000
-0.413734	-0.252945	0.000000
-0.106400	0.233687	0.000000
-0.425645	-0.656257	0.000000
0.967710	-0.024950	0.000000
0.024328	0.465676	0.000000
-0.497825	-0.268112	0.000000
0.009073	0.185928	0.000000
0.032096	-0.432295	0.000000
-0.164962	0.112253	0.000000
-0.246616	-0.164371	0.000000
0.050781	-0.119897	0.000000
-0.261490	0.525990	0.000000
-0.360956	0.725691	0.000000
0.113413	0.409599	0.000000
0.162081	0.049036	0.000000
-0.331186	0.405902	0.000000
-0.210649	-0.415037	0.000000
-0.193714	-0.401108	0.000000
-0.199555	-0.529344	0.000000
-0.498406	0.131360	0.000000
-0.476560	0.063356	0.000000
-0.259258	-0.263077	0.000000
-0.539910	0.323224	0.000000
-0.617982	0.364177	0.000000
-0.426577	-0.121523	0.000000
0.100526	0.248399	0.000000
-0.147174	-0.901278	0.000000
-0.166108	-0.397019	0.000000
0.110448	-0.054453	0.000000
-0.717900	0.610906	0.000000
-0.533666	-0.094400	0.000000
-0.237265	-0.296059	0.000000
-0.309307	-0.529371	0.000000
-0.699118	0.195450	0.000000
-0.533276	0.797267	0.000000
-0.584974	0.309947	0.000000
-0.262726	-0.199531	0.000000
-0.117790	-0.888824	0.000000
-0.362327	0.256825	0.000000
0.012261	0.193982	0.000000
-0.035889	0.505296	0.000000
-0.036889	-0.602932	0.000000
-0.294288	-0.876238	0.000000
-0.262768	-0.305738	0.000000
-0.318525	-0.185425	0.000000
-0.232238	-0.378671	0.000000
-0.220768	-0.224231	0.000000
-0.529192	0.438870	0.000000
-0.128181	0.532533	0.000000
-0.258031	0.491143	0.000000
-0.303435	-0.337892	0.000000
-0.219559	-0.389634	0.000000
-0.372700	0.143278	0.000000
-0.267258	-0.538216	0.000000
-0.303961	0.742955	0.000000
0.008866	0.129270	0.000000
-0.295255	-0.384219	0.000000
-0.472911	-0.681542	0.000000
-0.214382	0.474292	0.000000
-0.292623	0.712500	0.000000
-0.612925	-0.183685	0.000000
-0.220722	0.067602	0.000000
-0.417337	0.304864	0.000000
-0.640129	-0.451588	0.000000
0.052905	-0.447904	0.000000
0.107349	-0.232892	0.000000
-0.028160	0.443096	0.000000
-0.277245	0.668195	0.000000
0.126700	-0.078857	0.000000
-0.486661	0.676111	0.000000
-0.341497	-0.096254	0.000000
-0.217176	-0.219703	0.000000
-0.285761	0.660756	0.000000
-0.124396	0.617666	0.000000
0.094172	0.319010	0.000000
-0.431512	-0.550813	0.000000
-0.561359	0.082614	0.000000
0.072869	0.303217	0.000000
0.020718	0.463944	0.000000
-0.179316	0.165120	0.000000
0.066789	-0.643307	0.000000
-0.640537	0.749248	0.000000
0.085195	0.161658	0.000000
0.098013	-0.489734	0.000000
-0.206357	0.193445	0.000000
-0.280765	0.610787	0.000000
-0.170307	-0.239744	0.000000
0.056174	0.086394	0.000000
-0.838614	-0.113527	0.000000
-0.463071	-0.686341	0.000000
-0.162250	-0.442451	0.000000
0.137318	0.028824	0.000000
0.051034	0.088594	0.000000
-0.370365	0.025434	0.000000
-0.156068	-0.911006	0.000000
0.114966	0.184004	0.000000
-0.236469	-0.381971	0.000000
-0.099733	0.310186	0.000000
0.005523	-0.491447	0.000000
-0.262295	0.215088	0.000000
-0.321990	-0.335982	0.000000
-0.135728	0.741541	0.000000
-0.624523	-0.378949	0.000000
-0.266159	-0.300114	0.000000
-0.311169	-0.440885	0.000000
-0.331987	-0.663063	0.000000
0.096868	-0.006540	0.000000
-0.208395	-0.309520	0.000000
-0.317261	-0.140455	0.000000
-0.198141	-0.006464	0.000000
-0.281354	-0.533906	0.000000
-0.935881	-0.579474	0.000000
0.049924	0.399413	0.000000
-0.168378	-0.702537	0.000000
-0.380382	0.229509	0.000000
-0.224674	0.573549	0.000000
-0.184424	0.630954	0.000000
-0.905710	-0.696192	0.000000
-0.399292	0.825263	0.000000
0.006942	0.463318	0.000000
-0.396568	0.192045	0.000000
-0.760332	0.071763	0.000000
0.066711	-0.015390	0.000000
0.163085	0.014239	0.000000
-0.305319	0.061483	0.000000
0.112472	-0.164604	0.000000
-0.249610	0.054308	0.000000
-0.277547	-0.421447	0.000000
0.090142	-0.283614	0.000000
-0.052222	0.321965	0.000000
-0.133496	-0.760945	0.000000
-0.324957	0.719534	0.000000
-0.309710	-0.514910	0.000000
-0.003359	0.452625	0.000000
-0.385807	0.875406	0.000000
-0.388390	-0.575108	0.000000
0.082810	0.015360	0.000000
-0.100278	0.396751	0.000000
0.191609	-0.037704	0.000000
-0.764003	-0.032646	0.000000
-0.060288	-0.764155	0.000000
-0.919846	0.009006	0.000000
-0.090004	-0.207226	0.000000
-0.407016	0.288976	0.000000
-0.102143	-0.279634	0.000000
-0.047981	-0.722590	0.000000
0.139127	-0.073638	0.000000
-0.003260	-0.344739	0.000000
-0.365016	0.314760	0.000000
-0.596540	-0.455306	0.000000
-0.486221	0.210451	0.000000
-0.247815	0.138429	0.000000
-0.117396	-0.561987	0.000000
-0.422139	-0.669161	0.000000
-0.252206	0.454622	0.000000
-0.187771	0.442774	0.000000
-0.713497	-0.191975	0.000000
-0.320544	-0.675630	0.000000
-0.544419	0.586369	0.000000
-0.280635	-0.368414	0.000000
-0.880313	0.132344	0.000000
-0.144144	0.429776	0.000000
-0.166523	0.480494	0.000000
-0.330032	-0.458322	0.000000
-0.396672	0.331878	0.000000
-0.233404	-0.516766	0.000000
-0.324656	-0.223736	0.000000
-0.283754	-0.081598	0.000000
0.967040	0.058316	0.000000
-0.281712	-0.167043	0.000000
-0.393298	0.144782	0.000000
-0.266770	0.109930	0.000000
-0.583853	0.876089	0.000000
-0.267595	0.028384	0.000000
-0.304425	-0.221208	0.000000
-0.163141	0.302036	0.000000
-0.078939	0.532280	0.000000
0.026492	-0.640446	0.000000
-0.320528	-0.456787	0.000000
-0.419735	-0.368172	0.000000
-0.547216	0.328029	0.000000
-0.441154	-0.486311	0.000000
-0.599672	0.745486	0.000000
-0.209510	-0.397402	0.000000
-0.269657	-0.032695	0.000000
-0.190297	-0.523032	0.000000
0.099830	-0.490964	0.000000
0.075067	-0.287284	0.000000
-0.565614	-0.403725	0.000000
-0.440358	-0.796783	0.000000
-0.575723	0.823137	0.000000
-0.489877	-0.216881	0.000000
0.022195	0.418035	0.000000
0.146081	-0.220851	0.000000
-0.207550	0.106008	0.000000
-0.401180	-0.703650	0.000000
-0.574290	-0.407594	0.000000
-0.247984	0.314204	0.000000
-0.728056	0.185929	0.000000
-0.059617	-0.761627	0.000000
-0.387217	0.400965	0.000000
0.100039	0.457232	0.000000
-0.263759	-0.668629	0.000000
-0.475432	-0.631504	0.000000
-0.634182	0.505086	0.000000
0.107453	-0.471221	0.000000
-0.263832	-0.689394	0.000000
-0.185399	0.009081	0.000000
-0.305327	-0.176851	0.000000
-0.923765	0.359122	0.000000
-0.058233	-0.568926	0.000000
-0.214008	0.483052	0.000000
-0.488683	-0.474407	0.000000
-0.240791	0.760323	0.000000
-0.915942	-0.683644	0.000000
0.011017	0.495240	0.000000
-0.135978	-0.223462	0.000000
0.038014	-0.706601	0.000000
-0.396174	-0.272173	0.000000
-0.201110	0.725713	0.000000
-0.578713	0.590870	0.000000
-0.609962	0.451118	0.000000
-0.223985	-0.490929	0.000000
-0.763150	-0.011983	0.000000
0.107127	0.105103	0.000000
-0.280922	-0.773331	0.000000
-0.891754	0.066216	0.000000
-0.362860	-0.135270	0.000000
-0.139455	-0.546854	0.000000
-0.325083	-0.800121	0.000000
-0.004680	-0.674181	0.000000
-0.336755	-0.740849	0.000000
0.097004	0.458105	0.000000
0.187743	-0.027647	0.000000
-0.770203	0.634025	0.000000
0.095780	0.251062	0.000000
0.089225	-0.102187	0.000000
-0.278039	-0.680144	0.000000
0.128354	-0.217467	0.000000
-0.288762	-0.001070	0.000000
-0.003293	0.615685	0.000000
0.051767	0.090417	0.000000
-0.572999	0.473252	0.000000
-0.656753	0.743701	0.000000
0.097887	0.199978	0.000000
-0.323104	0.451252	0.000000
0.021099	0.338626	0.000000
-0.131511	-0.212591	0.000000
-0.324462	-0.659894	0.000000
0.065488	-0.240081	0.000000
-0.566571	0.364212	0.000000
-0.244525	-0.633379	0.000000
-0.008955	-0.157825	0.000000
-0.194364	0.056795	0.000000
0.027060	-0.264384	0.000000
0.061301	0.122507	0.000000
-0.240650	-0.189738	0.000000
-0.475693	0.139349	0.000000
-0.259673	-0.360172	0.000000
-0.357856	-0.493605	0.000000
-0.848953	0.097365	0.000000
-0.299320	-0.683231	0.000000
-0.851642	-0.115160	0.000000
-0.501718	-0.670124	0.000000
-0.586249	-0.569572	0.000000
-0.372071	-0.634052	0.000000
-0.200403	0.632332	0.000000
-0.603181	-0.359827	0.000000
-0.118362	0.593664	0.000000
-0.010135	0.045490	0.000000
-0.598920	-0.307495	0.000000
-0.101672	-0.977005	0.000000
-0.466408	0.135138	0.000000
0.149686	-0.060226	0.000000
-0.792910	0.167935	0.000000
-0.079174	-0.686001	0.000000
-0.193379	-0.550433	0.000000
-0.071093	0.655787	0.000000
-0.215567	-0.120672	0.000000
0.090293	0.405509	0.000000
-0.074245	-0.074988	0.000000
-0.709176	-0.114411	0.000000
-0.409031	-0.453310	0.000000
-0.567120	0.532857	0.000000
-0.184510	-0.301154	0.000000
0.130602	0.021752	0.000000
-0.353341	-0.197554	0.000000
-0.217112	0.336437	0.000000
-0.324612	-0.021484	0.000000
0.075451	-0.538933	0.000000
-0.163021	0.299058	0.000000
-0.193681	0.007927	0.000000
-0.267515	0.661856	0.000000
-0.329948	-0.498255	0.000000
0.048799	-0.641128	0.000000
-0.052751	-0.656108	0.000000
-0.167024	-0.804278	0.000000
-0.546365	-0.442342	0.000000
-0.462940	-0.515251	0.000000
0.196132	-0.016486	0.000000
-0.876094	0.126090	0.000000
-0.262292	0.675788	0.000000
-0.373692	-0.138094	0.000000
-0.565283	0.839099	0.000000
-0.260166	-0.356479	0.000000
-0.658025	-0.090690	0.000000
-0.237591	0.540313	0.000000
-0.513679	-0.196915	0.000000
-0.479142	-0.090040	0.000000
-0.213408	-0.244615	0.000000
-0.004812	0.249634	0.000000
-0.347424	-0.084963	0.000000
-0.207048	-0.773992	0.000000
-0.667761	0.364714	0.000000
-0.029896	0.234391	0.000000
-0.489715	-0.617487	0.000000
-0.636568	0.546603	0.000000
0.133454	-0.186300	0.000000
-0.505826	-0.423546	0.000000
-0.376559	0.396848	0.000000
-0.116433	-0.415622	0.000000
-0.889591	-0.003655	0.000000
-0.693080	0.047348	0.000000
-0.025059	0.159973	0.000000
-0.294330	0.637633	0.000000
-0.072989	-0.752921	0.000000
-0.202939	-0.400635	0.000000
-0.323213	-0.398697	0.000000
0.065758	-0.084808	0.000000
-0.492096	-0.168105	0.000000
-0.180086	-0.438715	0.000000
-0.620141	-0.256702	0.000000
-0.043783	0.346200	0.000000
-0.031487	0.184057	0.000000
0.052888	-0.425021	0.000000
-0.332302	-0.553191	0.000000
-0.042995	-0.725279	0.000000
-0.407465	0.184569	0.000000
-0.562540	0.538403	0.000000
-0.381306	0.753577	0.000000
-0.390342	0.742260	0.000000
-0.319139	-0.571467	0.000000
0.150789	-0.164265	0.000000
-0.310214	-0.393200	0.000000
-0.328392	-0.480022	0.000000
-0.029448	0.436291	0.000000
-0.163317	0.505206	0.000000
-0.629477	0.758602	0.000000
-0.304320	-0.700309	0.000000
-0.456325	-0.615472	0.000000
-0.650067	0.768132	0.000000
-0.541445	-0.211793	0.000000
-0.893555	0.026530	0.000000
0.092508	-0.067405	0.000000
-0.721676	0.598577	0.000000
-0.741271	0.129716	0.000000
-0.057042	-0.727347	0.000000
-0.220170	0.717982	0.000000
-0.273160	-0.277066	0.000000
-0.067418	0.541970	0.000000
0.047630	0.485321	0.000000
-0.012137	0.287973	0.000000
-0.112218	-0.410916	0.000000
-0.241735	0.292142	0.000000
-0.404403	0.296961	0.000000
-0.480341	0.033271	0.000000
-0.111207	-0.205800	0.000000
-0.412758	0.168606	0.000000
-0.525212	0.077753	0.000000
-0.713196	0.619608	0.000000
0.054797	-0.485300	0.000000
0.039492	-0.048324	0.000000
-0.515360	-0.455066	0.000000
-0.203431	-0.573521	0.000000
-0.356987	0.118582	0.000000
0.080049	-0.483844	0.000000
-0.143809	0.428275	0.000000
-0.797099	-0.310058	0.000000
-0.478993	-0.400912	0.000000
-0.520106	-0.546334	0.000000
-0.536693	0.132438	0.000000
-0.599517	0.786577	0.000000
-0.177835	0.015527	0.000000
-0.184382	0.418494	0.000000
-0.941064	0.037876	0.000000
-0.306719	-0.122043	0.000000
-0.911250	-0.683920	0.000000
-0.570348	-0.392589	0.000000
-0.270029	0.345521	0.000000
-0.353024	-0.173213	0.000000
0.941682	0.418378	0.000000
-0.457661	-0.382761	0.000000
-0.185542	-0.134810	0.000000
-0.344050	-0.677890	0.000000
-0.286968	-0.245951	0.000000
0.085276	-0.620356	0.000000
-0.001431	0.128572	0.000000
-0.053218	-0.076400	0.000000
-0.076270	-0.584047	0.000000
-0.069874	0.288296	0.000000
0.174457	-0.067892	0.000000
-0.398647	0.157207	0.000000
-0.606690	0.419586	0.000000
-0.642637	0.513954	0.000000
-0.470409	0.325973	0.000000
-0.426958	-0.780754	0.000000
-0.276092	0.741116	0.000000
-0.349146	-0.539438	0.000000
0.088090	-0.028275	0.000000
-0.376674	0.888952	0.000000
0.053577	-0.332886	0.000000
-0.070709	0.255229	0.000000
-0.246768	-0.246534	0.000000
-0.476486	0.516047	0.000000
-0.355925	0.000563	0.000000
-0.620754	0.678977	0.000000
-0.759208	-0.038018	0.000000
-0.118144	0.417846	0.000000
-0.721109	0.644149	0.000000
-0.603058	0.114031	0.000000
-0.240387	-0.367438	0.000000
0.088431	0.473574	0.000000
-0.527001	-0.424234	0.000000
-0.774742	0.120395	0.000000
-0.243980	0.229755	0.000000
-0.590178	-0.501397	0.000000
-0.028407	0.359802	0.000000
-0.440064	0.053753	0.000000
-0.162091	-0.043116	0.000000
-0.396771	-0.696579	0.000000
0.075141	0.321100	0.000000
0.065819	0.160198	0.000000
-0.432670	-0.023304	0.000000
-0.528189	0.586545	0.000000
-0.310147	0.746866	0.000000
-0.212432	-0.573756	0.000000
-0.390526	-0.456371	0.000000
-0.333286	-0.267400	0.000000
-0.238617	-0.157802	0.000000
-0.167204	0.483987	0.000000
-0.244786	0.550998	0.000000
-0.376969	-0.297060	0.000000
0.154153	-0.122613	0.000000
-0.529962	0.788586	0.000000
-0.005424	0.175156	0.000000
-0.700303	0.635019	0.000000
0.036095	-0.357061	0.000000
-0.104059	0.203519	0.000000
0.973533	0.254656	0.000000
-0.400725	-0.645251	0.000000
-0.591794	-0.363790	0.000000
-0.988746	-0.538476	0.000000
-0.039458	-0.326759	0.000000
-0.321103	0.792529	0.000000
-0.287676	-0.570096	0.000000
-0.645992	-0.102484	0.000000
-0.139410	-0.586528	0.000000
0.013405	-0.227806	0.000000
-0.211971	0.383722	0.000000
-0.396120	0.710810	0.000000
-0.261916	-0.500661	0.000000
-0.374544	0.017681	0.000000
0.080984	-0.470891	0.000000
-0.811160	-0.297997	0.000000
0.011847	0.315973	0.000000
-0.609869	-0.430058	0.000000
-0.476879	-0.737956	0.000000
-0.376626	0.380165	0.000000
-0.736658	0.408158	0.000000
0.003269	0.498527	0.000000
-0.538494	-0.164963	0.000000
-0.641560	-0.437782	0.000000
0.102493	-0.143270	0.000000
-0.032126	0.532626	0.000000
-0.910815	-0.056121	0.000000
-0.295505	-0.310061	0.000000
-0.236012	0.554448	0.000000
-0.064610	-0.070110	0.000000
0.099734	-0.260126	0.000000
-0.190816	-0.001293	0.000000
-0.163946	-0.311389	0.000000
-0.485898	0.111388	0.000000
0.168914	0.039311	0.000000
-0.324501	0.525762	0.000000
-0.117749	0.655860	0.000000
-0.618485	0.610383	0.000000
-0.265760	0.730939	0.000000
-0.217378	0.481034	0.000000
-0.396967	0.000427	0.000000
-0.599437	-0.532423	0.000000
-0.815668	-0.226077	0.000000
0.094396	-0.457091	0.000000
-0.478474	-0.611409	0.000000
0.105199	-0.496142	0.000000
-0.665270	0.639330	0.000000
-0.252972	-0.478503	0.000000
-0.284122	-0.608366	0.000000
-0.544714	0.472554	0.000000
-0.337135	-0.623278	0.000000
-0.462587	0.500287	0.000000
-0.674774	-0.283840	0.000000
-0.520306	-0.227356	0.000000
-0.243000	0.428014	0.000000
-0.264291	0.608111	0.000000
-0.110609	-0.675641	0.000000
0.063333	0.446941	0.000000
-0.370965	0.716658	0.000000
0.078193	-0.268397	0.000000
-0.462629	-0.506173	0.000000
-0.232368	-0.589954	0.000000
-0.130367	-0.226145	0.000000
-0.401626	-0.663731	0.000000
-0.315621	-0.289825	0.000000
-0.445467	-0.366265	0.000000
-0.316557	0.187525	0.000000
-0.739004	-0.165763	0.000000
-0.733289	-0.262580	0.000000
-0.039289	-0.756117	0.000000
-0.773811	0.509187	0.000000
-0.368417	-0.203766	0.000000
-0.357073	-0.421720	0.000000
0.068639	-0.256123	0.000000
-0.066060	-0.334347	0.000000
-0.202100	-0.668529	0.000000
-0.289210	-0.681809	0.000000
-0.395995	0.311834	0.000000
-0.058252	0.131763	0.000000
-0.191511	-0.382972	0.000000
-0.506287	-0.370245	0.000000
0.195543	-0.010403	0.000000
-0.031404	-0.401367	0.000000
-0.092886	-0.714395	0.000000
0.151568	-0.040082	0.000000
-0.042426	0.526139	0.000000
-0.305823	-0.021136	0.000000
0.029103	-0.478915	0.000000
-0.510681	-0.677146	0.000000
-0.624120	0.207635	0.000000
-0.285390	-0.255736	0.000000
-0.621318	-0.470722	0.000000
0.012639	-0.325855	0.000000
0.070761	-0.180862	0.000000
-0.002386	-0.114794	0.000000
-0.306320	0.356697	0.000000
-0.360987	0.500353	0.000000
-0.374569	-0.414013	0.000000
-0.273408	-0.100090	0.000000
0.054592	-0.058912	0.000000
-0.464918	-0.510945	0.000000
0.048812	-0.128971	0.000000
0.063411	-0.590839	0.000000
-0.025096	-0.363838	0.000000
-0.332918	-0.219526	0.000000
-0.002294	0.297065	0.000000
-0.204351	-0.566453	0.000000
-0.341238	-0.183783	0.000000
-0.635469	0.384667	0.000000
-0.736315	-0.208998	0.000000
-0.259777	-0.195753	0.000000
-0.380678	-0.636869	0.000000
-0.481231	-0.401265	0.000000
-0.238892	0.153720	0.000000
-0.332969	-0.441903	0.000000
-0.372446	0.333125	0.000000
-0.264969	-0.102522	0.000000
-0.486061	-0.043633	0.000000
-0.408001	-0.689454	0.000000
-0.187833	0.638899	0.000000
-0.544220	0.555017	0.000000
-0.158458	0.639928	0.000000
-0.204948	-0.217507	0.000000
-0.319790	-0.164104	0.000000
-0.249947	-0.155907	0.000000
-0.916323	-0.048820	0.000000
-0.149483	0.688714	0.000000
-0.024125	-0.086687	0.000000
0.160894	-0.013181	0.000000
-0.614354	0.731264	0.000000
-0.553800	-0.394587	0.000000
-0.136652	0.170036	0.000000
-0.387601	-0.661844	0.000000
-0.561106	-0.093623	0.000000
0.088317	-0.115061	0.000000
-0.330716	0.092333	0.000000
-0.588732	-0.251679	0.000000
0.000308	0.371525	0.000000
-0.726823	0.660321	0.000000
-0.203407	-0.243312	0.000000
-0.175673	-0.620548	0.000000
-0.189762	-0.668238	0.000000
-0.067868	0.382066	0.000000
-0.250013	-0.329730	0.000000
-0.598300	0.091579	0.000000
-0.129951	0.336472	0.000000
0.064735	0.050707	0.000000
0.090403	-0.296996	0.000000
0.018322	0.506591	0.000000
-0.433990	0.310322	0.000000
-0.139052	-0.695672	0.000000
-0.341627	0.390603	0.000000
-0.068198	0.376935	0.000000
0.037628	-0.252710	0.000000
-0.154511	0.446409	0.000000
-0.224908	-0.146262	0.000000
-0.141872	0.598936	0.000000
0.983378	0.117541	0.000000
-0.245763	-0.403343	0.000000
-0.036485	0.123297	0.000000
-0.051102	-0.417405	0.000000
-0.493637	-0.603862	0.000000
-0.542307	0.697103	0.000000
-0.385473	-0.049416	0.000000
-0.109231	0.555455	0.000000
-0.264043	0.587594	0.000000
-0.430165	0.598609	0.000000
-0.086118	-0.323531	0.000000
-0.079083	-0.023537	0.000000
-0.134495	-0.248479	0.000000
-0.193847	0.597781	0.000000
0.054158	-0.316288	0.000000
0.084153	-0.345541	0.000000
-0.117893	0.401131	0.000000
-0.631101	0.418902	0.000000
-0.260614	0.607948	0.000000
-0.305104	-0.192477	0.000000
-0.036795	-0.342812	0.000000
-0.876651	0.232583	0.000000
-0.165356	0.335548	0.000000
-0.337400	-0.571256	0.000000
-0.222365	-0.314424	0.000000
-0.388310	-0.668111	0.000000
-0.848774	-0.152116	0.000000
-0.429084	0.025841	0.000000
-0.076985	0.135542	0.000000
-0.101402	0.191491	0.000000
-0.048335	0.696323	0.000000
-0.282959	0.549604	0.000000
0.012215	-0.122959	0.000000
-0.095801	-0.120153	0.000000
-0.128814	-0.588330	0.000000
-0.889088	-0.677017	0.000000
0.119527	-0.291093	0.000000
-0.077410	-0.117054	0.000000
-0.284788	-0.388001	0.000000
0.091585	-0.016516	0.000000
-0.281163	-0.361324	0.000000
0.099268	-0.071434	0.000000
-0.391547	0.318430	0.000000
0.158107	-0.145992	0.000000
-0.173627	0.486344	0.000000
-0.294249	0.428448	0.000000
-0.365971	0.448651	0.000000
0.012182	0.452481	0.000000
0.021214	-0.063588	0.000000
-0.182783	-0.627010	0.000000
-0.466739	-0.181043	0.000000
-0.318024	-0.816053	0.000000
-0.357965	0.798386	0.000000
-0.035248	0.310659	0.000000
-0.715041	-0.038302	0.000000
-0.226765	0.422646	0.000000
-0.140891	0.641851	0.000000
-0.616781	0.440144	0.000000
-0.686253	0.735757	0.000000
-0.355677	-0.061156	0.000000
-0.100379	-0.549492	0.000000
-0.279906	0.587415	0.000000
-0.773696	-0.181902	0.000000
-0.199915	0.604208	0.000000
0.069219	-0.270150	0.000000
-0.524758	-0.415862	0.000000
-0.302858	0.548775	0.000000
-0.110835	-0.354865	0.000000
0.056693	-0.403013	0.000000
-0.098730	0.280802	0.000000
-0.182786	-0.613725	0.000000
-0.407816	0.244596	0.000000
-0.008831	0.481656	0.000000
-0.076779	0.617718	0.000000
-0.571868	0.160843	0.000000
-0.261838	-0.746053	0.000000
0.020588	-0.499244	0.000000
-0.411058	0.012756	0.000000
0.050578	0.031417	0.000000
-0.245064	-0.173100	0.000000
-0.377105	-0.213312	0.000000
0.157624	-0.065174	0.000000
-0.678808	0.627329	0.000000
0.156569	-0.099735	0.000000
-0.320987	-0.132746	0.000000
-0.235086	0.449015	0.000000
-0.283413	-0.465289	0.000000
-0.646981	0.980277	0.000000
-0.136330	-0.773500	0.000000
0.082863	-0.288989	0.000000
-0.389049	0.605712	0.000000
-0.613433	0.686250	0.000000
-0.408200	0.191187	0.000000
-0.100909	0.551661	0.000000
-0.211550	0.264248	0.000000
-0.087282	-0.614746	0.000000
-0.281091	-0.179509	0.000000
-0.249640	0.357439	0.000000
-0.529774	0.200486	0.000000
-0.627498	-0.369088	0.000000
-0.079308	-0.144661	0.000000
0.085926	0.474054	0.000000
-0.206603	-0.392585	0.000000
-0.924760	-0.034224	0.000000
-0.238702	0.518180	0.000000
-0.386777	-0.218653	0.000000
-0.119722	0.745235	0.000000
-0.406441	-0.056664	0.000000
-0.005011	0.250642	0.000000
-0.383272	0.288359	0.000000
-0.163883	0.399703	0.000000
-0.337948	0.201004	0.000000
0.060007	-0.202629	0.000000
-0.090030	-0.108833	0.000000
-0.806743	0.034826	0.000000
0.006200	-0.122830	0.000000
-0.231056	0.660571	0.000000
-0.245614	-0.346408	0.000000
-0.142622	0.349414	0.000000
-0.547131	-0.067249	0.000000
-0.128847	-0.927000	0.000000
-0.260196	0.679165	0.000000
-0.032539	0.328375	0.000000
-0.208628	0.673565	0.000000
-0.245757	0.051733	0.000000
-0.306676	-0.459913	0.000000
0.181683	-0.046774	0.000000
0.108759	-0.008753	0.000000
0.083717	-0.491669	0.000000
-0.403821	0.841980	0.000000
-0.040695	-0.745456	0.000000
0.062105	-0.085008	0.000000
-0.228642	0.474979	0.000000
-0.544091	-0.333892	0.000000
0.071749	0.111630	0.000000
-0.636490	0.969258	0.000000
-0.125982	-0.921632	0.000000
-0.101699	0.007359	0.000000
-0.371274	0.894023	0.000000
-0.286921	-0.520069	0.000000
-0.245866	0.505275	0.000000
-0.595418	0.316795	0.000000
-0.219268	0.505184	0.000000
-0.275242	-0.401618	0.000000
-0.197285	-0.462687	0.000000
-0.232857	-0.184955	0.000000
-0.414319	-0.456528	0.000000
-0.782960	-0.088319	0.000000
-0.230948	-0.445859	0.000000
-0.302763	0.049177	0.000000
-0.282487	-0.198432	0.000000
-0.005582	0.509914	0.000000
-0.158443	0.333758	0.000000
-0.787368	0.061094	0.000000
-0.368739	-0.115801	0.000000
0.005662	0.064181	0.000000
-0.716287	-0.214283	0.000000
-0.966512	-0.579210	0.000000
-0.777007	-0.059751	0.000000
0.186989	-0.063062	0.000000
-0.234535	-0.546003	0.000000
-0.411442	0.112192	0.000000
-0.233575	0.550726	0.000000
-0.187234	-0.069641	0.000000
-0.431042	-0.311995	0.000000
0.069806	0.211893	0.000000
-0.417557	-0.776408	0.000000
-0.341565	0.837281	0.000000
-0.031563	-0.591353	0.000000
-0.227678	0.049271	0.000000
-0.620576	-0.384106	0.000000
-0.181182	-0.320452	0.000000
0.056933	-0.082104	0.000000
-0.005069	-0.188293	0.000000
-0.227545	-0.036817	0.000000
0.062822	-0.155996	0.000000
-0.294370	-0.366658	0.000000
-0.504817	0.450371	0.000000
0.043266	-0.338838	0.000000
-0.500527	-0.407882	0.000000
-0.360616	-0.171935	0.000000
-0.973384	-0.556013	0.000000
-0.768846	-0.187139	0.000000
-0.469111	-0.195619	0.000000
-0.402011	-0.066928	0.000000
-0.312528	0.840798	0.000000
-0.800984	0.535655	0.000000
-0.666860	0.539830	0.000000
-0.208818	-0.862153	0.000000
-0.639744	0.611529	0.000000
-0.273605	-0.162854	0.000000
-0.388444	0.818688	0.000000
-0.230066	0.215576	0.000000
-0.521121	0.396557	0.000000
-0.680710	-0.195156	0.000000
-0.158944	0.692797	0.000000
-0.207940	-0.133261	0.000000
-0.415983	0.019216	0.000000
-0.209006	-0.017120	0.000000
-0.254556	-0.196728	0.000000
-0.322202	-0.500525	0.000000
-0.261988	0.521078	0.000000
-0.282053	-0.553806	0.000000
-0.649053	0.014822	0.000000
-0.376881	-0.488569	0.000000
-0.303680	-0.190248	0.000000
-0.385515	-0.148871	0.000000
-0.488864	-0.223774	0.000000
-0.576418	-0.423846	0.000000
-0.221314	-0.568637	0.000000
-0.335217	-0.366881	0.000000
-0.382011	0.867463	0.000000
-0.583515	0.725523	0.000000
-0.224550	0.009604	0.000000
-0.670727	-0.382906	0.000000
-0.410890	0.305014	0.000000
0.078281	-0.324621	0.000000
-0.307570	0.375064	0.000000
-0.289336	0.141737	0.000000
-0.311894	-0.385391	0.000000
-0.284563	0.587624	0.000000
-0.146894	0.332943	0.000000
-0.116788	0.365894	0.000000
-0.346267	-0.418749	0.000000
-0.397516	0.135338	0.000000
-0.139891	-0.467603	0.000000
0.116794	-0.275700	0.000000
-0.617980	0.361454	0.000000
-0.061720	0.235598	0.000000
0.975358	0.231573	0.000000
-0.693427	0.479407	0.000000
-0.337049	0.853205	0.000000
-0.003573	-0.081133	0.000000
0.151336	0.139382	0.000000
-0.366284	0.019064	0.000000
-0.381353	0.838071	0.000000
-0.022041	-0.293289	0.000000
0.022459	0.407978	0.000000
-0.007459	0.173449	0.000000
-0.064367	-0.796666	0.000000
-0.074391	0.407089	0.000000
-0.047217	-0.522731	0.000000
-0.530083	0.539453	0.000000
-0.654617	-0.407527	0.000000
-0.424403	-0.120567	0.000000
-0.085801	0.173596	0.000000
0.110964	-0.052727	0.000000
-0.031937	0.149391	0.000000
-0.269045	-0.390662	0.000000
-0.342788	-0.761926	0.000000
-0.147744	-0.585743	0.000000
-0.267027	0.272686	0.000000
-0.097921	0.135236	0.000000
0.052253	-0.395485	0.000000
-0.271232	-0.095333	0.000000
-0.096786	-0.812398	0.000000
-0.350259	0.642246	0.000000
-0.304944	-0.689537	0.000000
0.007494	-0.572057	0.000000
1.000000	0.056930	0.000000
-0.081498	0.308110	0.000000
-0.231132	-0.221513	0.000000
-0.616711	0.923756	0.000000
-0.187120	0.623376	0.000000
-0.051564	0.413169	0.000000
-0.086007	-0.224099	0.000000
-0.023316	0.295884	0.000000
-0.240309	-0.642643	0.000000
-0.267028	-0.386833	0.000000
-0.563312	-0.460121	0.000000
-0.650233	-0.416605	0.000000
-0.528030	0.465435	0.000000
-0.222939	0.642233	0.000000
-0.182899	-0.178301	0.000000
-0.353164	0.867583	0.000000
-0.668173	0.546363	0.000000
-0.027236	0.437932	0.000000
-0.242120	0.234158	0.000000
-0.201164	-0.568569	0.000000
-0.067731	-0.719577	0.000000
-0.079660	0.179465	0.000000
-0.391447	0.764211	0.000000
-0.150147	0.378364	0.000000
-0.514328	0.620341	0.000000
-0.160735	0.751601	0.000000
0.148844	-0.197258	0.000000
-0.008314	-0.281086	0.000000
-0.430536	-0.234267	0.000000
-0.669748	0.326570	0.000000
-0.068320	0.275524	0.000000
-0.552802	0.118588	0.000000
-0.131200	-0.284514	0.000000
-0.029183	-0.388512	0.000000
-0.563002	-0.126845	0.000000
0.083261	0.093117	0.000000
0.127624	0.001436	0.000000
-0.899175	-0.694655	0.000000
-0.148304	0.695068	0.000000
-0.407698	-0.513305	0.000000
-0.161132	0.618785	0.000000
-0.176868	0.123788	0.000000
-0.189899	0.734502	0.000000
-0.334350	0.833185	0.000000
-0.126074	-0.874610	0.000000
0.957970	0.024594	0.000000
-0.587285	-0.209659	0.000000
-0.668888	0.720092	0.000000
-0.592195	-0.188505	0.000000
-0.594309	0.865001	0.000000
-0.226338	-0.253610	0.000000
0.110914	0.234113	0.000000
0.076236	0.028400	0.000000
-0.501047	-0.592125	0.000000
-0.127292	0.473505	0.000000
-0.303525	-0.287271	0.000000
0.164083	-0.201935	0.000000
-0.367796	0.238235	0.000000
-0.300135	-0.782749	0.000000
-0.155910	-0.213414	0.000000
-0.032418	-0.183207	0.000000
-0.193909	0.492620	0.000000
-0.602509	0.458786	0.000000
0.089384	-0.495276	0.000000
-0.386879	0.177243	0.000000
-0.899540	-0.697158	0.000000
-0.392457	-0.236106	0.000000
-0.231844	0.499656	0.000000
-0.083818	-0.280048	0.000000
-0.078372	0.672204	0.000000
-0.653691	0.812870	0.000000
-0.213727	0.298908	0.000000
0.203532	-0.027555	0.000000
-0.205634	-0.806343	0.000000
-0.346483	-0.149441	0.000000
-0.271533	-0.017968	0.000000
-0.879267	0.236063	0.000000
-0.400965	0.294858	0.000000
-0.373728	0.301595	0.000000
-0.256047	-0.281308	0.000000
-0.322646	-0.200990	0.000000
-0.267407	-0.319433	0.000000
-0.288110	0.020452	0.000000
-0.092042	-0.052572	0.000000
-0.569565	0.045516	0.000000
-0.247557	0.404228	0.000000
-0.758700	0.036361	0.000000
-0.310422	-0.506175	0.000000
0.121590	0.156509	0.000000
-0.642924	0.783298	0.000000
-0.597629	-0.521172	0.000000
-0.055478	0.422841	0.000000
-0.482578	-0.309851	0.000000
-0.449454	-0.015090	0.000000
-0.428183	0.508398	0.000000
-0.546650	0.730027	0.000000
-0.635938	-0.498097	0.000000
-0.001309	-0.559028	0.000000
-0.202447	-0.767308	0.000000
-0.328103	0.085212	0.000000
-0.018204	-0.333011	0.000000
-0.029029	-0.474412	0.000000
-0.383051	-0.172801	0.000000
-0.237711	0.334757	0.000000
-0.462572	-0.772138	0.000000
0.018198	-0.315413	0.000000
-0.133141	-0.788463	0.000000
-0.353547	-0.349926	0.000000
-0.397710	-0.720773	0.000000
-0.815341	-0.255083	0.000000
-0.367116	0.336699	0.000000
-0.235424	-0.366931	0.000000
-0.732191	0.648037	0.000000
-0.412689	-0.144884	0.000000
-0.312346	0.600771	0.000000
-0.299770	-0.233131	0.000000
-0.059373	-0.032026	0.000000
-0.184850	0.438122	0.000000
0.039946	0.201301	0.000000
-0.071124	0.117218	0.000000
-0.333461	0.842155	0.000000
-0.705282	0.476975	0.000000
0.107463	-0.192615	0.000000
-0.158688	0.234086	0.000000
-0.330519	-0.568714	0.000000
0.110802	0.310487	0.000000
-0.344526	-0.332522	0.000000
-0.476897	0.224623	0.000000
-0.274997	-0.794389	0.000000
0.064361	-0.104283	0.000000
-0.210337	0.632503	0.000000
-0.278347	0.709495	0.000000
-0.619823	0.633907	0.000000
-0.382628	0.036046	0.000000
-0.321487	0.477756	0.000000
0.197944	-0.065686	0.000000
-0.235556	0.714682	0.000000
-0.235480	0.009283	0.000000
-0.435989	-0.718712	0.000000
-0.583108	0.300124	0.000000
0.058452	-0.350858	0.000000
-0.783830	-0.079548	0.000000
-0.837780	0.124766	0.000000
-0.116988	0.303368	0.000000
-0.639294	0.407422	0.000000
-0.315225	-0.332216	0.000000
0.012406	0.384566	0.000000
-0.176564	0.347726	0.000000
-0.631670	0.724374	0.000000
-0.112528	-0.628750	0.000000
-0.639496	-0.430097	0.000000
-0.070282	0.690548	0.000000
-0.294483	-0.254920	0.000000
-0.141167	-0.181856	0.000000
0.018299	0.306819	0.000000
-0.415234	0.266104	0.000000
-0.934586	-0.504438	0.000000
-0.332756	-0.515801	0.000000
-0.208046	0.256039	0.000000
-0.348507	0.575861	0.000000
-0.109413	0.113204	0.000000
-0.304286	-0.323737	0.000000
-0.120321	0.097751	0.000000
0.114642	-0.113349	0.000000
0.958560	0.394445	0.000000
-0.694083	-0.186885	0.000000
-0.034129	-0.028581	0.000000
-0.043264	-0.270828	0.000000
-0.272663	0.412278	0.000000
-0.355820	0.366361	0.000000
-0.414185	-0.131180	0.000000
-0.022023	-0.712497	0.000000
0.014133	-0.139771	0.000000
-0.924514	-0.029648	0.000000
-0.290181	-0.489785	0.000000
-0.661183	-0.234066	0.000000
0.005475	0.184364	0.000000
0.105683	0.119501	0.000000
-0.451969	-0.641668	0.000000
0.076208	-0.594031	0.000000
-0.197930	0.607397	0.000000
-0.258483	-0.332133	0.000000
0.976334	0.235038	0.000000
-0.569207	-0.364189	0.000000
0.958341	0.024899	0.000000
0.064162	-0.266061	0.000000
0.022217	0.261479	0.000000
-0.636721	0.682455	0.000000
0.006665	0.214858	0.000000
-0.211693	-0.501255	0.000000
-0.559604	-0.167908	0.000000
-0.178272	-0.234278	0.000000
-0.041215	-0.390698	0.000000
-0.380558	0.261284	0.000000
0.069980	-0.334253	0.000000
0.051110	0.070545	0.000000
0.109320	0.073493	0.000000
-0.624329	0.532929	0.000000
0.025431	-0.599053	0.000000
0.054614	0.348668	0.000000
-0.437780	-0.198324	0.000000
-0.186420	0.533440	0.000000
-0.032048	0.257172	0.000000
0.957961	0.014882	0.000000
-0.121938	-0.292181	0.000000
-0.013195	0.286005	0.000000
-0.351358	-0.360087	0.000000
-0.664569	0.455222	0.000000
-0.382726	-0.212647	0.000000
-0.108220	-0.924346	0.000000
-0.912256	-0.531402	0.000000
-0.547793	0.116361	0.000000
-0.926558	0.358207	0.000000
-0.044066	-0.670021	0.000000
-0.492226	-0.378534	0.000000
-0.305462	-0.268321	0.000000
-0.344390	-0.142697	0.000000
-0.342980	-0.254794	0.000000
-0.914581	-0.539241	0.000000
-0.550635	0.053727	0.000000
-0.583420	0.480419	0.000000
-0.012580	0.218695	0.000000
-0.292525	-0.591444	0.000000
-0.280677	-0.436154	0.000000
-0.326218	-0.532941	0.000000
-0.381240	0.794728	0.000000
-0.115489	-0.065642	0.000000
0.045362	-0.461834	0.000000
-0.209972	-0.208342	0.000000
-0.245206	-0.303886	0.000000
0.032128	0.237635	0.000000
-0.532961	0.129973	0.000000
-0.045623	0.459364	0.000000
0.060402	-0.473272	0.000000
-0.128766	-0.961488	0.000000
-0.728775	0.373463	0.000000
-0.602135	0.472106	0.000000
-0.081640	0.494142	0.000000
-0.268345	0.156916	0.000000
-0.295285	-0.393842	0.000000
-0.206946	-0.805078	0.000000
-0.264110	0.533780	0.000000
-0.252645	0.463776	0.000000
-0.026551	-0.555330	0.000000
-0.261420	0.094943	0.000000
-0.289738	-0.590526	0.000000
-0.158211	-0.077995	0.000000
-0.254951	0.556192	0.000000
0.125079	-0.054436	0.000000
-0.185148	-0.028457	0.000000
-0.627853	-0.164675	0.000000
-0.218472	0.587685	0.000000
-0.461480	-0.214661	0.000000
-0.190676	-0.203052	0.000000
0.060562	0.387187	0.000000
-0.199098	0.434357	0.000000
0.198489	-0.043466	0.000000
-0.221438	0.766946	0.000000
-0.288981	-0.064082	0.000000
-0.359914	-0.292836	0.000000
-0.474437	-0.193532	0.000000
-0.019436	0.314123	0.000000
-0.610725	0.905636	0.000000
-0.520044	-0.210595	0.000000
-0.304980	-0.655739	0.000000
-0.460512	-0.435940	0.000000
-0.030268	0.427360	0.000000
-0.786924	0.185073	0.000000
-0.305309	0.687958	0.000000
0.033921	-0.477454	0.000000
0.180145	-0.036474	0.000000
-0.291630	0.025440	0.000000
-0.210034	-0.687517	0.000000
-0.457720	-0.112389	0.000000
-0.049345	0.541096	0.000000
-0.795972	-0.307050	0.000000
-0.566888	0.452787	0.000000
-0.464949	-0.801806	0.000000
-0.597374	-0.573198	0.000000
-0.062220	0.325729	0.000000
-0.249329	0.430607	0.000000
-0.510547	-0.125079	0.000000
-0.248713	0.409001	0.000000
-0.348739	0.870585	0.000000
-0.100117	-0.945057	0.000000
-0.407939	-0.636873	0.000000
-0.294120	0.566936	0.000000
-0.641101	-0.261375	0.000000
0.182805	-0.073475	0.000000
-0.238201	0.286423	0.000000
0.061306	-0.490154	0.000000
-0.128513	0.466242	0.000000
-0.273201	-0.664676	0.000000
-0.289428	-0.330474	0.000000
-0.346881	0.760143	0.000000
-0.070222	-0.137942	0.000000
-0.503451	0.414685	0.000000
-0.291832	-0.462497	0.000000
-0.340109	0.364492	0.000000
-0.101476	0.368847	0.000000
-0.315872	-0.713773	0.000000
-0.318537	0.319262	0.000000
0.088635	-0.533012	0.000000
-0.581478	-0.207179	0.000000
-0.078133	-0.624550	0.000000
-0.279102	-0.795165	0.000000
-0.646486	0.957231	0.000000
-0.539947	-0.548089	0.000000
-0.072103	-0.076275	0.000000
0.027841	-0.653545	0.000000
-0.226253	-0.537387	0.000000
-0.300223	-0.879512	0.000000
0.957713	0.388924	0.000000
-0.425854	-0.787526	0.000000
-0.467381	-0.085023	0.000000
0.061000	-0.083623	0.000000
-0.779243	-0.096659	0.000000
-0.355448	-0.660579	0.000000
-0.071192	0.438400	0.000000
-0.691726	0.861300	0.000000
0.076525	-0.377234	0.000000
-0.348292	-0.080111	0.000000
-0.557735	0.607626	0.000000
-0.387493	-0.499918	0.000000
0.084112	-0.093344	0.000000
-0.587009	-0.511384	0.000000
-0.103809	0.241404	0.000000
-0.373362	0.835846	0.000000
0.092763	-0.268732	0.000000
-0.474947	0.522293	0.000000
-0.285604	0.695042	0.000000
-0.336563	-0.317869	0.000000
0.115589	0.289524	0.000000
-0.273000	-0.419064	0.000000
-0.459329	-0.699996	0.000000
-0.372491	-0.443619	0.000000
-0.576998	0.450338	0.000000
-0.333393	0.411155	0.000000
0.122261	0.192642	0.000000
-0.909725	-0.569537	0.000000
0.011561	-0.353250	0.000000
-0.936994	0.036537	0.000000
-0.259587	0.647802	0.000000
-0.362923	0.766805	0.000000
-0.496508	-0.670064	0.000000
-0.178145	0.483357	0.000000
-0.361985	-0.003373	0.000000
-0.608004	-0.237291	0.000000
-0.305228	-0.680879	0.000000
-0.210272	0.430289	0.000000
0.032932	0.047298	0.000000
-0.305345	-0.182149	0.000000
-0.617712	0.387552	0.000000
0.195695	-0.006639	0.000000
-0.269644	-0.287272	0.000000
-0.047979	0.491154	0.000000
-0.315572	0.540371	0.000000
-0.535244	0.467069	0.000000
-0.381853	-0.106349	0.000000
-0.292067	-0.721051	0.000000
0.024051	-0.303477	0.000000
0.051284	0.102810	0.000000
-0.349694	-0.285216	0.000000
-0.183933	-0.338895	0.000000
0.060207	-0.408025	0.000000
-0.027017	-0.428546	0.000000
-0.039302	0.038179	0.000000
-0.703113	0.052068	0.000000
0.045756	0.053283	0.000000
-0.398019	0.819310	0.000000
-0.280848	-0.179850	0.000000
-0.215876	-0.198877	0.000000
-0.366804	-0.142773	0.000000
-0.238522	-0.384184	0.000000
0.110212	0.295618	0.000000
-0.042864	-0.117431	0.000000
-0.422588	0.044723	0.000000
0.019594	-0.174078	0.000000
0.103264	-0.018222	0.000000
-0.523473	0.500333	0.000000
-0.520664	-0.483138	0.000000
-0.364925	-0.698106	0.000000
-0.608837	0.500802	0.000000
-0.129689	0.554703	0.000000
-0.254344	0.686508	0.000000
0.964261	0.369461	0.000000
-0.106698	0.217485	0.000000
-0.489950	-0.612572	0.000000
-0.558443	0.376056	0.000000
-0.135357	-0.019592	0.000000
-0.668657	0.150523	0.000000
-0.103274	-0.085075	0.000000
-0.073935	-0.598286	0.000000
-0.211243	-0.671832	0.000000
-0.310641	-0.213159	0.000000
-0.791327	-0.087343	0.000000
-0.932020	-0.005970	0.000000
-0.482797	0.010067	0.000000
-0.165223	-0.037075	0.000000
-0.273632	-0.404671	0.000000
-0.444574	-0.187077	0.000000
-0.506089	0.389800	0.000000
-0.518461	-0.525879	0.000000
-0.285637	-0.688655	0.000000
0.068314	-0.385412	0.000000
-0.933075	-0.504449	0.000000
-0.397534	-0.093435	0.000000
-0.379771	-0.046696	0.000000
-0.487646	-0.737834	0.000000
-0.074866	-0.036697	0.000000
-0.082226	-0.516511	0.000000
-0.291905	-0.030227	0.000000
-0.826134	-0.024653	0.000000
-0.674474	0.914840	0.000000
0.004191	-0.529912	0.000000
-0.342778	0.244437	0.000000
-0.028867	0.337674	0.000000
-0.699727	0.527077	0.000000
-0.369832	0.251209	0.000000
0.150162	-0.072589	0.000000
-0.310300	-0.841232	0.000000
0.106936	-0.541898	0.000000
-0.212821	-0.648424	0.000000
0.055568	0.462909	0.000000
-0.483835	0.137158	0.000000
-0.472957	-0.232895	0.000000
-0.351251	0.879387	0.000000
-0.347860	-0.315309	0.000000
-0.178673	0.685793	0.000000
-0.293346	0.062186	0.000000
-0.604033	0.924120	0.000000
-0.369838	-0.098720	0.000000
-0.288680	-0.427467	0.000000
-0.318995	0.598759	0.000000
-0.060841	0.420399	0.000000
-0.523328	0.503674	0.000000
-0.587725	-0.174858	0.000000
-0.349960	-0.206995	0.000000
-0.559900	0.785502	0.000000
-0.261110	-0.304769	0.000000
-0.611579	0.731608	0.000000
-0.024833	-0.538622	0.000000
-0.308065	0.215579	0.000000
-0.193486	0.463239	0.000000
0.100891	-0.070997	0.000000
-0.258991	-0.459499	0.000000
0.014507	-0.703225	0.000000
0.066659	-0.353916	0.000000
-0.146400	-0.106633	0.000000
-0.471520	-0.253077	0.000000
0.076694	-0.451612	0.000000
-0.070611	-0.743786	0.000000
-0.631837	-0.170283	0.000000
0.134571	0.025746	0.000000
-0.003502	-0.581219	0.000000
-0.544821	0.501394	0.000000
-0.197830	-0.485789	0.000000
-0.354731	0.180481	0.000000
-0.205087	0.478731	0.000000
-0.614649	0.547636	0.000000
0.110820	0.165963	0.000000
-0.350703	-0.164039	0.000000
-0.027301	-0.716093	0.000000
-0.152701	-0.851236	0.000000
-0.439159	-0.270079	0.000000
0.078763	0.218898	0.000000
-0.059858	-0.289388	0.000000
-0.926515	0.030529	0.000000
-0.264875	-0.542678	0.000000
-0.284701	-0.318256	0.000000
-0.686126	0.853519	0.000000
-0.395299	0.714758	0.000000
-0.010729	-0.243854	0.000000
0.179233	0.041120	0.000000
-0.246862	-0.666877	0.000000
-0.117513	-0.463417	0.000000
-0.753598	0.438298	0.000000
-0.355833	0.887734	0.000000
-0.124108	-0.008044	0.000000
-0.012365	-0.344679	0.000000
-0.795661	-0.270750	0.000000
-0.264873	0.266683	0.000000
0.973336	0.109378	0.000000
-0.156296	-0.017434	0.000000
-0.183723	0.427312	0.000000
-0.434457	-0.352560	0.000000
-0.482940	-0.011663	0.000000
-0.012026	-0.188505	0.000000
0.117271	0.010213	0.000000
-0.244860	-0.306652	0.000000
0.148248	0.256962	0.000000
-0.052313	-0.754008	0.000000
-0.145492	0.570757	0.000000
-0.190099	-0.245481	0.000000
-0.578954	0.566136	0.000000
-0.471316	-0.007522	0.000000
0.090396	0.260782	0.000000
-0.403912	0.239975	0.000000
-0.219902	0.498007	0.000000
-0.420233	0.204767	0.000000
-0.012248	0.014754	0.000000
-0.246136	0.190419	0.000000
-0.289062	-0.186044	0.000000
-0.030919	-0.151872	0.000000
-0.179633	-0.518679	0.000000
-0.598050	0.281371	0.000000
-0.881131	0.131993	0.000000
-0.084148	0.222179	0.000000
-0.094808	0.370103	0.000000
-0.027827	0.528273	0.000000
0.178567	-0.138324	0.000000
0.070714	0.039942	0.000000
-0.748361	-0.248356	0.000000
-0.604966	-0.165468	0.000000
-0.236063	-0.085914	0.000000
-0.530704	-0.204132	0.000000
-0.406629	-0.203475	0.000000
-0.941785	0.084428	0.000000
-0.050813	-0.681582	0.000000
-0.941204	0.008299	0.000000
-0.247032	-0.307573	0.000000
-0.209294	-0.817500	0.000000
-0.322037	0.233667	0.000000
-0.308092	-0.415146	0.000000
0.092384	0.156910	0.000000
-0.117366	-0.708284	0.000000
0.062679	-0.290046	0.000000
-0.798649	0.054211	0.000000
-0.394914	-0.518138	0.000000
-0.385867	0.784253	0.000000
-0.207927	0.727730	0.000000
-0.402177	-0.153221	0.000000
-0.015077	0.207962	0.000000
-0.541240	0.780324	0.000000
-0.828862	-0.158476	0.000000
-0.003127	0.119448	0.000000
0.015173	0.158677	0.000000
-0.330669	0.013234	0.000000
-0.008605	-0.378349	0.000000
-0.051567	-0.272324	0.000000
-0.176897	0.146650	0.000000
-0.380702	-0.260120	0.000000
-0.633207	0.349295	0.000000
-0.350266	-0.343336	0.000000
-0.347693	0.252673	0.000000
-0.184871	-0.006321	0.000000
0.174308	0.014647	0.000000
-0.514957	0.507733	0.000000
-0.029615	-0.130861	0.000000
-0.249938	-0.516334	0.000000
-0.695902	0.632063	0.000000
0.020188	-0.016137	0.000000
-0.139191	-0.956792	0.000000
-0.258309	-0.290411	0.000000
-0.499060	0.505346	0.000000
-0.296779	-0.152676	0.000000
0.051761	-0.006442	0.000000
-0.228343	-0.086107	0.000000
-0.126677	-0.152261	0.000000
-0.566998	0.420070	0.000000
-0.701112	0.368185	0.000000
-0.292488	-0.314046	0.000000
-0.511444	-0.390599	0.000000
-0.138161	-0.445441	0.000000
-0.313424	0.102868	0.000000
-0.365128	-0.340062	0.000000
-0.565687	0.137079	0.000000
-0.010697	0.503370	0.000000
-0.037858	0.394865	0.000000
-0.270385	0.602557	0.000000
-0.277351	-0.445726	0.000000
-0.275082	-0.468158	0.000000
-0.336416	0.691656	0.000000
-0.789437	-0.051743	0.000000
-0.175337	0.617919	0.000000
-0.542480	0.800558	0.000000
0.082586	-0.132713	0.000000
-0.227727	-0.553383	0.000000
-0.395791	-0.128452	0.000000
-0.736041	0.456781	0.000000
0.142307	0.004719	0.000000
-0.326559	0.416199	0.000000
-0.495437	-0.412959	0.000000
-0.166152	0.025192	0.000000
0.023600	0.399789	0.000000
-0.249889	-0.682347	0.000000
-0.763019	0.443087	0.000000
-0.100141	-0.059418	0.000000
-0.226269	-0.014013	0.000000
-0.258420	-0.418600	0.000000
-0.374615	0.837853	0.000000
-0.615862	-0.101079	0.000000
0.200818	-0.089284	0.000000
-0.598631	-0.163214	0.000000
-0.078639	0.595995	0.000000
0.131189	0.107968	0.000000
-0.180508	0.340321	0.000000
-0.030154	-0.701136	0.000000
-0.350789	-0.879806	0.000000
-0.001553	0.066631	0.000000
-0.240427	-0.033059	0.000000
-0.081303	-0.101874	0.000000
-0.412772	0.194864	0.000000
-0.517670	-0.120546	0.000000
-0.256480	0.651219	0.000000
-0.669669	-0.282159	0.000000
-0.017950	-0.497533	0.000000
-0.042241	0.423736	0.000000
-0.418289	0.130803	0.000000
-0.257293	0.031431	0.000000
0.027136	-0.066182	0.000000
-0.208078	-0.789032	0.000000
-0.113065	-0.926871	0.000000
-0.913981	-0.692540	0.000000
-0.923194	-0.037203	0.000000
-0.135208	-0.517273	0.000000
-0.326911	-0.775558	0.000000
-0.182056	-0.389347	0.000000
0.156610	-0.010522	0.000000
-0.209555	-0.616451	0.000000
-0.307132	-0.525278	0.000000
0.191148	-0.032180	0.000000
-0.741173	0.451898	0.000000
-0.427555	0.093115	0.000000
-0.047633	-0.102942	0.000000
-0.620549	-0.022236	0.000000
-0.237904	-0.342537	0.000000
-0.193149	0.285188	0.000000
-0.182963	-0.561747	0.000000
-0.071186	0.343797	0.000000
-0.521571	0.327127	0.000000
-0.389363	-0.355261	0.000000
-0.058080	-0.604123	0.000000
-0.467028	-0.306073	0.000000
0.016857	-0.448148	0.000000
-0.380184	0.286619	0.000000
-0.277469	-0.438865	0.000000
-0.917332	-0.658817	0.000000
-0.583957	-0.150546	0.000000
-0.161038	0.488706	0.000000
-0.432079	-0.215700	0.000000
-0.585237	-0.115305	0.000000
0.060199	-0.522416	0.000000
-0.312959	-0.173152	0.000000
-0.054274	-0.174102	0.000000
-0.286213	-0.617800	0.000000
-0.209534	0.452124	0.000000
0.091845	-0.378944	0.000000
-0.727278	0.071374	0.000000
-0.209929	-0.195292	0.000000
-0.725008	0.606944	0.000000
-0.549921	-0.012852	0.000000
-0.440908	-0.494122	0.000000
0.969579	-0.096134	0.000000
0.068591	-0.377917	0.000000
-0.013911	-0.365649	0.000000
-0.587833	0.572057	0.000000
-0.010753	-0.556182	0.000000
-0.915357	-0.520550	0.000000
-0.177014	0.435566	0.000000
-0.585328	0.782234	0.000000
-0.193006	-0.665747	0.000000
-0.642111	0.981467	0.000000
-0.544899	0.362865	0.000000
-0.326105	0.419623	0.000000
0.061501	-0.330614	0.000000
-0.354348	0.704713	0.000000
-0.499618	-0.349077	0.000000
0.050687	0.357001	0.000000
-0.406491	0.148746	0.000000
-0.058166	-0.636697	0.000000
-0.015671	0.402488	0.000000
-0.749363	0.138660	0.000000
0.122397	0.378751	0.000000
-0.645423	0.307496	0.000000
-0.378454	0.818168	0.000000
-0.588769	-0.233700	0.000000
-0.260848	0.557221	0.000000
-0.258432	0.343625	0.000000
-0.255390	-0.357977	0.000000
-0.682524	0.728392	0.000000
-0.103369	0.704194	0.000000
-0.886399	0.072646	0.000000
-0.233378	-0.486050	0.000000
-0.116254	-0.489987	0.000000
-0.141887	0.661711	0.000000
-0.177744	0.631338	0.000000
-0.073274	0.375776	0.000000
-0.512904	-0.631128	0.000000
-0.279359	0.374655	0.000000
0.037634	-0.478002	0.000000
0.080909	0.152176	0.000000
-0.344851	-0.518939	0.000000
-0.014410	0.033853	0.000000
-0.072676	-0.530375	0.000000
-0.262133	0.649251	0.000000
0.085952	0.134009	0.000000
-0.079641	0.541305	0.000000
-0.310256	0.821989	0.000000
0.083898	-0.174721	0.000000
-0.222577	-0.256200	0.000000
-0.257280	-0.384347	0.000000
0.168375	-0.067045	0.000000
-0.338153	-0.482944	0.000000
-0.039757	-0.771317	0.000000
-0.780638	-0.024358	0.000000
-0.283362	0.264364	0.000000
-0.081400	0.168254	0.000000
0.059112	-0.171439	0.000000
-0.428615	-0.337960	0.000000
-0.217472	-0.334629	0.000000
-0.270955	-0.458181	0.000000
0.017174	0.310477	0.000000
-0.201039	-0.373927	0.000000
0.031380	-0.645374	0.000000
-0.147974	-0.001544	0.000000
0.138125	-0.025652	0.000000
-0.090927	-0.711098	0.000000
-0.249842	0.237552	0.000000
-0.203167	-0.646513	0.000000
-0.769066	-0.131736	0.000000
-0.037264	-0.282366	0.000000
-0.256421	0.277409	0.000000
-0.181496	0.117610	0.000000
-0.884861	0.119882	0.000000
-0.916238	-0.050885	0.000000
-0.410139	0.005239	0.000000
0.089404	-0.383463	0.000000
-0.229691	-0.550698	0.000000
-0.221189	0.569371	0.000000
0.041319	0.430584	0.000000
-0.124553	-0.910247	0.000000
-0.928977	-0.638832	0.000000
0.001816	0.121645	0.000000
-0.010907	-0.080432	0.000000
-0.354193	-0.693704	0.000000
-0.364011	-0.574605	0.000000
-0.537382	0.579665	0.000000
-0.533990	0.477533	0.000000
0.050972	-0.078594	0.000000
-0.456881	-0.368550	0.000000
-0.243020	-0.379675	0.000000
0.088239	-0.031355	0.000000
-0.159335	0.614913	0.000000
-0.494391	-0.277070	0.000000
-0.124990	-0.054916	0.000000
0.074402	-0.116403	0.000000
-0.056059	0.312260	0.000000
-0.326780	0.447304	0.000000
-0.605652	-0.361133	0.000000
-0.494060	-0.578309	0.000000
-0.265738	-0.041541	0.000000
-0.309640	-0.272210	0.000000
-0.109128	-0.520394	0.000000
-0.106738	0.611060	0.000000
-0.425083	-0.711955	0.000000
-0.328526	-0.521930	0.000000
-0.709222	-0.192541	0.000000
-0.411359	-0.039798	0.000000
-0.384847	-0.196951	0.000000
-0.519044	-0.402943	0.000000
-0.294335	0.655691	0.000000
-0.267338	-0.644223	0.000000
-0.319727	-0.378731	0.000000
-0.699033	-0.226122	0.000000
-0.513640	-0.189162	0.000000
-0.504053	-0.735305	0.000000
-0.810425	-0.170501	0.000000
-0.879210	0.106983	0.000000
-0.306416	0.489716	0.000000
-0.535521	0.119579	0.000000
-0.201972	-0.161008	0.000000
-0.362443	0.899150	0.000000
-0.586264	0.478380	0.000000
-0.349471	0.508854	0.000000
-0.497792	0.014656	0.000000
-0.141707	-0.827657	0.000000
-0.059466	0.335175	0.000000
-0.271551	-0.262901	0.000000
-0.297108	-0.320357	0.000000
-0.228723	-0.157251	0.000000
0.063494	0.092629	0.000000
-0.228073	0.740163	0.000000
0.020638	0.228202	0.000000
-0.346720	0.051171	0.000000
-0.349983	-0.621258	0.000000
0.114174	-0.099833	0.000000
-0.132859	0.607549	0.000000
-0.033879	-0.275136	0.000000
-0.525082	0.465067	0.000000
-0.625347	0.553277	0.000000
-0.043858	-0.083082	0.000000
-0.671936	-0.303357	0.000000
-0.399716	-0.227927	0.000000
0.182581	0.010793	0.000000
-0.268642	-0.373312	0.000000
-0.192074	0.538852	0.000000
-0.349530	-0.478839	0.000000
-0.736925	-0.123193	0.000000
-0.391199	0.840188	0.000000
0.126473	-0.208542	0.000000
-0.535799	0.374158	0.000000
0.022941	0.429494	0.000000
-0.549358	0.576264	0.000000
-0.269051	-0.447487	0.000000
-0.292580	-0.517182	0.000000
-0.515510	-0.206889	0.000000
-0.358839	0.054540	0.000000
-0.249185	-0.180649	0.000000
-0.755883	-0.010260	0.000000
-0.326162	-0.889956	0.000000
-0.213258	-0.393229	0.000000
-0.205041	-0.619469	0.000000
-0.752455	-0.150137	0.000000
-0.425774	0.236936	0.000000
-0.022709	-0.408732	0.000000
-0.676448	-0.310015	0.000000
-0.345300	0.324214	0.000000
0.025297	0.200458	0.000000
-0.666727	0.870586	0.000000
-0.156680	0.099505	0.000000
0.130282	-0.024268	0.000000
-0.951365	0.044943	0.000000
-0.214221	0.637460	0.000000
-0.338088	0.363355	0.000000
-0.276254	0.212339	0.000000
-0.223122	-0.441808	0.000000
-0.341925	-0.446778	0.000000
0.190417	0.025884	0.000000
-0.433277	-0.700299	0.000000
-0.269279	-0.469712	0.000000
-0.089376	0.383936	0.000000
-0.917172	-0.531312	0.000000
0.012663	0.490178	0.000000
-0.609203	0.006231	0.000000
-0.074732	0.422800	0.000000
-0.099864	0.359062	0.000000
-0.323941	-0.580099	0.000000
-0.281835	-0.705216	0.000000
0.109392	-0.388780	0.000000
-0.067069	-0.617443	0.000000
0.038846	-0.356135	0.000000
-0.359683	-0.008392	0.000000
-0.830075	-0.205111	0.000000
-0.133190	-0.944067	0.000000
-0.741516	0.642992	0.000000
-0.451609	0.148395	0.000000
-0.191782	-0.566030	0.000000
-0.292355	0.463358	0.000000
-0.157907	-0.360071	0.000000
-0.591761	0.714034	0.000000
0.017232	-0.447204	0.000000
-0.405664	-0.679615	0.000000
-0.328511	-0.571654	0.000000
-0.497945	0.490385	0.000000
-0.149810	-0.914421	0.000000
-0.197751	0.055370	0.000000
-0.034975	0.399774	0.000000
-0.717280	0.414367	0.000000
-0.175556	0.023028	0.000000
-0.402039	-0.130068	0.000000
-0.373750	-0.145835	0.000000
-0.498974	0.325108	0.000000
-0.370382	0.041637	0.000000
-0.229274	0.600678	0.000000
-0.264147	0.660808	0.000000
-0.563671	0.605718	0.000000
-0.124154	-0.759966	0.000000
-0.006105	-0.307828	0.000000
-0.195928	-0.307083	0.000000
-0.766677	0.197725	0.000000
-0.343422	-0.080293	0.000000
-0.179729	0.692975	0.000000
-0.172124	-0.040400	0.000000
-0.249142	-0.322087	0.000000
-0.227894	0.174543	0.000000
-0.196839	-0.037408	0.000000
-0.558244	0.640199	0.000000
-0.591111	0.635323	0.000000
-0.586755	0.027773	0.000000
-0.248567	-0.318025	0.000000
-0.504753	-0.282269	0.000000
-0.597392	-0.147794	0.000000
0.009293	0.315416	0.000000
-0.312317	-0.645866	0.000000
-0.388260	0.165881	0.000000
0.082509	-0.031356	0.000000
-0.568218	0.829141	0.000000
-0.913590	-0.548480	0.000000
-0.299160	-0.035395	0.000000
0.969357	-0.103560	0.000000
-0.283788	-0.547035	0.000000
-0.228499	-0.460412	0.000000
-0.059688	-0.033758	0.000000
-0.101531	-0.040323	0.000000
-0.290374	0.792194	0.000000
-0.090715	-0.124018	0.000000
-0.488058	-0.749317	0.000000
-0.297115	0.464500	0.000000
-0.376633	-0.658643	0.000000
-0.410855	-0.378453	0.000000
0.010469	-0.033138	0.000000
-0.281609	-0.278997	0.000000
-0.124585	-0.911215	0.000000
-0.128947	0.582754	0.000000
-0.449140	0.300850	0.000000
-0.299460	0.418583	0.000000
-0.254425	-0.528986	0.000000
-0.079361	0.162722	0.000000
-0.189167	0.695317	0.000000
-0.545134	-0.461185	0.000000
-0.682983	0.291371	0.000000
-0.590659	-0.226162	0.000000
-0.404575	-0.427395	0.000000
-0.017169	0.254638	0.000000
-0.225436	0.256396	0.000000
-0.031171	0.490653	0.000000
-0.266792	0.679860	0.000000
-0.384387	-0.135859	0.000000
0.115719	-0.162383	0.000000
-0.574771	-0.302761	0.000000
-0.742142	-0.025895	0.000000
-0.334756	0.276206	0.000000
0.172208	-0.009179	0.000000
-0.557046	-0.504466	0.000000
0.160574	0.011923	0.000000
-0.567111	-0.501879	0.000000
-0.417028	-0.131425	0.000000
-0.473623	0.469636	0.000000
-0.622037	0.884253	0.000000
0.075031	0.059645	0.000000
-0.504802	-0.255083	0.000000
-0.045599	0.313287	0.000000
-0.352432	0.330405	0.000000
-0.089113	0.250342	0.000000
-0.159653	0.440853	0.000000
-0.274438	0.419292	0.000000
-0.479380	-0.618862	0.000000
-0.026716	-0.371481	0.000000
-0.359213	-0.257187	0.000000
-0.232276	0.699865	0.000000
-0.712518	-0.110415	0.000000
0.008910	0.293429	0.000000
-0.193410	0.002166	0.000000
-0.038000	-0.713877	0.000000
-0.106753	-0.079828	0.000000
-0.261208	-0.247096	0.000000
-0.408029	0.158917	0.000000
-0.780412	-0.086928	0.000000
0.050328	0.283627	0.000000
-0.187966	-0.423307	0.000000
-0.578915	0.848840	0.000000
-0.176594	-0.328199	0.000000
-0.886345	0.255942	0.000000
-0.819031	-0.136683	0.000000
-0.029754	0.078265	0.000000
-0.281629	0.752968	0.000000
-0.581352	0.773325	0.000000
-0.360535	-0.737982	0.000000
-0.002873	-0.614810	0.000000
-0.337403	0.192952	0.000000
-0.101845	-0.645491	0.000000
0.034436	-0.661139	0.000000
-0.272832	0.371188	0.000000
-0.616903	0.365182	0.000000
-0.381860	-0.711915	0.000000
-0.029125	0.494268	0.000000
0.025816	0.331784	0.000000
-0.082379	-0.677414	0.000000
-0.137021	0.170042	0.000000
-0.169555	0.417791	0.000000
-0.275468	0.602767	0.000000
-0.433359	-0.484572	0.000000
-0.025549	0.566453	0.000000
-0.213259	-0.417573	0.000000
0.974654	0.235532	0.000000
0.020841	0.159567	0.000000
-0.428258	0.330385	0.000000
-0.001166	0.316337	0.000000
-0.044365	0.406441	0.000000
-0.006711	0.144894	0.000000
-0.307944	0.677333	0.000000
-0.498435	0.625213	0.000000
-0.532471	0.568975	0.000000
-0.024989	-0.146562	0.000000
-0.155178	-0.508563	0.000000
-0.456271	-0.533065	0.000000
-0.668306	0.477047	0.000000
-0.233125	-0.372570	0.000000
-0.082518	0.399116	0.000000
-0.412675	0.769331	0.000000
0.981816	0.138535	0.000000
-0.268038	-0.225714	0.000000
-0.063940	0.480246	0.000000
-0.388127	-0.760069	0.000000
-0.764111	0.301029	0.000000
-0.014605	0.190809	0.000000
-0.475514	-0.223087	0.000000
-0.314365	-0.556429	0.000000
0.006846	0.421294	0.000000
-0.526086	-0.372369	0.000000
-0.483690	-0.561370	0.000000
-0.108443	0.425290	0.000000
-0.141065	-0.116178	0.000000
0.133192	0.163205	0.000000
-0.353802	-0.229432	0.000000
-0.208427	-0.400005	0.000000
0.039323	-0.031466	0.000000
-0.624327	0.659473	0.000000
-0.561809	0.704736	0.000000
-0.206659	-0.434844	0.000000
-0.219745	-0.569032	0.000000
-0.133808	0.360290	0.000000
-0.015042	0.158273	0.000000
-0.380243	0.718551	0.000000
-0.291319	-0.791020	0.000000
-0.174949	-0.209729	0.000000
-0.170516	0.672843	0.000000
-0.193844	-0.198576	0.000000
-0.097582	0.276893	0.000000
-0.661250	0.887403	0.000000
-0.606602	0.809148	0.000000
-0.254742	0.418702	0.000000
-0.731701	-0.097542	0.000000
-0.025227	0.540433	0.000000
-0.215452	-0.084381	0.000000
-0.270146	-0.657138	0.000000
-0.278468	-0.460174	0.000000
-0.489996	0.510150	0.000000
-0.843012	-0.096145	0.000000
-0.364955	-0.245700	0.000000
0.028645	-0.243987	0.000000
-0.674185	-0.368088	0.000000
-0.323245	-0.655008	0.000000
-0.586703	-0.385118	0.000000
-0.393439	0.175872	0.000000
-0.373678	0.825688	0.000000
-0.468124	-0.720556	0.000000
-0.510607	-0.258252	0.000000
-0.619081	0.821516	0.000000
-0.556235	0.699843	0.000000
-0.270311	-0.265768	0.000000
-0.558789	-0.032410	0.000000
-0.126617	-0.775920	0.000000
-0.235845	-0.561437	0.000000
-0.431955	-0.178778	0.000000
-0.267955	-0.340968	0.000000
-0.259827	-0.098762	0.000000
-0.035910	0.013169	0.000000
0.170716	-0.025366	0.000000
-0.375440	-0.500047	0.000000
0.044834	-0.443413	0.000000
0.173996	0.025029	0.000000
-0.170632	0.037909	0.000000
0.181467	-0.131156	0.000000
-0.583733	-0.286805	0.000000
-0.652214	0.963408	0.000000
-0.252338	0.661515	0.000000
-0.063154	-0.188493	0.000000
-0.349408	0.427736	0.000000
-0.512540	-0.611988	0.000000
-0.562661	-0.230221	0.000000
-0.557379	-0.464739	0.000000
-0.541897	0.105944	0.000000
-0.682255	0.311332	0.000000
-0.269925	0.135426	0.000000
-0.128524	-0.701180	0.000000
-0.742154	0.305022	0.000000
-0.570405	0.623828	0.000000
-0.631223	0.711573	0.000000
0.003169	-0.368630	0.000000
0.008034	0.005783	0.000000
0.110338	0.055920	0.000000
-0.106758	0.003990	0.000000
0.121613	0.018471	0.000000
-0.094099	0.261472	0.000000
-0.487448	-0.269977	0.000000
-0.233758	0.094100	0.000000
-0.124020	-0.949397	0.000000
-0.008118	0.407059	0.000000
-0.377412	-0.149111	0.000000
-0.546434	0.302808	0.000000
-0.344775	0.802948	0.000000
-0.724479	0.620595	0.000000
-0.369445	0.107335	0.000000
-0.103310	0.670369	0.000000
-0.311687	-0.568959	0.000000
-0.264251	-0.694749	0.000000
-0.143148	0.602702	0.000000
-0.019982	-0.253531	0.000000
0.056028	-0.470041	0.000000
-0.201953	0.515073	0.000000
0.051615	-0.446603	0.000000
-0.259073	-0.151471	0.000000
0.041817	-0.249844	0.000000
-0.122852	-0.571628	0.000000
-0.556097	-0.286098	0.000000
-0.262017	-0.583886	0.000000
0.050581	-0.304304	0.000000
-0.077827	0.034095	0.000000
-0.259786	0.605065	0.000000
-0.075363	-0.748965	0.000000
-0.034694	0.555693	0.000000
0.023799	0.140075	0.000000
-0.140373	-0.850901	0.000000
-0.298170	-0.317573	0.000000
-0.606716	0.315488	0.000000
-0.507972	-0.006886	0.000000
0.146753	-0.066822	0.000000
-0.093825	0.209419	0.000000
-0.204832	-0.376627	0.000000
-0.643366	0.979773	0.000000
-0.168941	-0.025865	0.000000
-0.641545	0.754131	0.000000
-0.337594	-0.316936	0.000000
0.111739	-0.037626	0.000000
-0.312876	0.504452	0.000000
-0.605030	0.881104	0.000000
-0.196352	0.547375	0.000000
-0.595385	0.899464	0.000000
-0.109978	-0.756359	0.000000
-0.265610	-0.400054	0.000000
-0.047088	-0.006657	0.000000
-0.022452	0.430652	0.000000
-0.069447	0.160985	0.000000
-0.579823	0.444322	0.000000
-0.374222	-0.667809	0.000000
-0.060305	0.003829	0.000000
-0.531971	-0.257745	0.000000
-0.267920	-0.131427	0.000000
-0.407553	-0.769961	0.000000
-0.254281	-0.129521	0.000000
0.023496	0.382686	0.000000
0.055644	0.269707	0.000000
-0.317128	-0.130833	0.000000
-0.893630	0.082396	0.000000
0.020230	-0.424467	0.000000
-0.578406	0.431192	0.000000
-0.485175	-0.079737	0.000000
-0.384465	0.169852	0.000000
-0.399539	-0.214117	0.000000
-0.031366	0.132930	0.000000
-0.419372	-0.282860	0.000000
-0.591511	-0.050888	0.000000
-0.592164	0.552078	0.000000
-0.223931	0.171488	0.000000
-0.012461	0.629409	0.000000
-0.346645	0.194205	0.000000
-0.636173	0.989672	0.000000
0.077605	0.119528	0.000000
-0.114772	-0.256017	0.000000
-0.306564	0.677619	0.000000
0.099332	-0.548166	0.000000
-0.275591	0.531072	0.000000
-0.233775	-0.087570	0.000000
-0.486888	-0.210855	0.000000
0.181429	-0.022571	0.000000
-0.356520	-0.509360	0.000000
-0.273732	0.641949	0.000000
-0.530729	-0.046362	0.000000
-0.793791	0.444545	0.000000
-0.308852	-0.261928	0.000000
0.072783	0.299063	0.000000
-0.340485	0.557777	0.000000
-0.045069	0.497367	0.000000
-0.546955	-0.099444	0.000000
-0.401402	0.257053	0.000000
-0.282257	-0.521476	0.000000
0.027028	-0.163074	0.000000
-0.411650	0.176498	0.000000
-0.110631	0.057050	0.000000
-0.326061	-0.282308	0.000000
-0.482199	0.116428	0.000000
0.024428	-0.709702	0.000000
-0.016029	0.148592	0.000000
0.159388	0.019039	0.000000
-0.236255	0.724732	0.000000
0.051037	0.123213	0.000000
-0.911123	-0.552694	0.000000
-0.230305	-0.291619	0.000000
-0.369838	0.833376	0.000000
-0.313896	0.059651	0.000000
-0.123273	-0.982348	0.000000
-0.076443	0.239070	0.000000
-0.259018	-0.443234	0.000000
-0.305166	-0.383724	0.000000
0.063289	0.348835	0.000000
-0.127197	0.069831	0.000000
-0.143473	-0.903643	0.000000
-0.231275	-0.205044	0.000000
-0.352096	-0.472673	0.000000
-0.249969	-0.558243	0.000000
-0.562447	-0.398434	0.000000
-0.036800	-0.487690	0.000000
-0.180911	0.162151	0.000000
0.026637	0.196670	0.000000
-0.422570	0.013766	0.000000
-0.451010	-0.355196	0.000000
-0.144270	-0.333064	0.000000
-0.545769	0.078229	0.000000
-0.059017	-0.362753	0.000000
-0.612375	-0.302344	0.000000
-0.071874	-0.116702	0.000000
-0.189364	-0.542429	0.000000
0.044921	0.231053	0.000000
-0.277547	0.216001	0.000000
-0.241682	0.608146	0.000000
-0.109605	0.513576	0.000000
-0.611787	-0.369671	0.000000
-0.285480	0.520351	0.000000
-0.389176	0.832707	0.000000
-0.225127	-0.555840	0.000000
0.056581	-0.638414	0.000000
0.970362	-0.033102	0.000000
-0.264148	-0.165955	0.000000
-0.488529	-0.365005	0.000000
-0.320141	-0.399602	0.000000
-0.581050	-0.337414	0.000000
-0.218882	-0.610887	0.000000
-0.157829	0.307832	0.000000
-0.394235	0.275309	0.000000
-0.264833	-0.263748	0.000000
-0.441125	-0.073750	0.000000
0.976972	0.229060	0.000000
-0.051568	-0.739224	0.000000
0.067778	-0.374597	0.000000
0.099339	0.243238	0.000000
-0.922344	-0.527139	0.000000
-0.608776	0.869891	0.000000
-0.437808	0.261549	0.000000
-0.182693	-0.013352	0.000000
-0.912851	-0.537679	0.000000
-0.416980	-0.423094	0.000000
-0.599156	0.888628	0.000000
-0.045353	-0.717178	0.000000
-0.398655	0.773949	0.000000
-0.608010	0.016997	0.000000
-0.019069	-0.502970	0.000000
-0.164084	0.241518	0.000000
0.011569	0.487979	0.000000
-0.280592	-0.126369	0.000000
-0.408974	-0.670129	0.000000
-0.619664	0.369663	0.000000
-0.246627	-0.457351	0.000000
-0.921936	0.035173	0.000000
-0.507209	-0.688901	0.000000
-0.336996	-0.045323	0.000000
-0.294002	0.239853	0.000000
-0.582771	0.592065	0.000000
0.005652	-0.377295	0.000000
-0.643078	-0.117595	0.000000
0.056819	0.359159	0.000000
-0.224343	-0.447652	0.000000
-0.285956	0.711039	0.000000
-0.407710	-0.037526	0.000000
-0.317418	0.108506	0.000000
-0.456752	0.127271	0.000000
-0.613191	-0.369574	0.000000
-0.251238	-0.273717	0.000000
-0.272894	0.702493	0.000000
-0.296796	0.018514	0.000000
0.052882	0.180433	0.000000
-0.478986	-0.413832	0.000000
-0.135307	0.450752	0.000000
-0.052669	0.445755	0.000000
0.100105	-0.491544	0.000000
-0.460815	-0.236561	0.000000
-0.089634	0.244813	0.000000
-0.171484	0.036554	0.000000
-0.303969	-0.122948	0.000000
-0.229329	-0.302449	0.000000
-0.006429	-0.532812	0.000000
-0.322621	-0.196588	0.000000
-0.308919	-0.174029	0.000000
-0.195006	-0.534696	0.000000
0.131918	-0.124058	0.000000
-0.516031	-0.033482	0.000000
-0.636706	0.228796	0.000000
-0.109645	0.632905	0.000000
-0.481025	-0.603796	0.000000
-0.298378	-0.091936	0.000000
0.163501	-0.049382	0.000000
-0.566183	0.537434	0.000000
-0.107056	-0.676538	0.000000
-0.360490	-0.310930	0.000000
-0.642090	0.370119	0.000000
-0.002022	0.502464	0.000000
-0.061727	0.132498	0.000000
-0.259990	-0.256870	0.000000
-0.608493	0.941525	0.000000
0.019155	0.300421	0.000000
-0.433563	0.004022	0.000000
-0.312269	-0.447435	0.000000
-0.368107	0.805198	0.000000
-0.248006	-0.209508	0.000000
-0.280248	0.686493	0.000000
-0.207264	-0.734543	0.000000
-0.066201	-0.741998	0.000000
-0.395156	-0.164949	0.000000
0.064933	-0.543268	0.000000
-0.079139	0.438018	0.000000
0.033560	-0.704599	0.000000
-0.522591	0.464092	0.000000
-0.767492	-0.106333	0.000000
-0.330287	-0.209747	0.000000
-0.333024	-0.058983	0.000000
-0.056661	-0.268412	0.000000
-0.266142	-0.160558	0.000000
-0.400944	0.136199	0.000000
0.078660	0.315993	0.000000
-0.105323	-0.779501	0.000000
0.011586	0.288500	0.000000
0.170693	-0.038275	0.000000
-0.300578	0.549043	0.000000
-0.038384	0.001276	0.000000
-0.441979	-0.229615	0.000000
-0.099519	0.699804	0.000000
-0.125465	-0.261614	0.000000
-0.364054	0.267723	0.000000
0.029211	-0.159734	0.000000
0.046688	-0.060641	0.000000
-0.577045	-0.419557	0.000000
0.054400	-0.549510	0.000000
-0.344908	-0.795072	0.000000
-0.480999	-0.416527	0.000000
-0.218929	-0.519434	0.000000
0.977351	0.199406	0.000000
-0.274863	-0.421123	0.000000
-0.238769	-0.436015	0.000000
-0.603190	-0.439803	0.000000
-0.376098	0.846370	0.000000
-0.209901	-0.384598	0.000000
-0.412403	-0.350356	0.000000
-0.430731	0.100287	0.000000
0.976710	0.069369	0.000000
-0.079229	-0.337450	0.000000
-0.642461	0.365524	0.000000
-0.257922	-0.689757	0.000000
-0.409040	0.138191	0.000000
-0.494707	-0.272856	0.000000
-0.331826	-0.226586	0.000000
-0.533640	0.594456	0.000000
-0.649023	0.413854	0.000000
-0.649651	-0.223835	0.000000
-0.737465	0.656686	0.000000
-0.602266	0.343917	0.000000
-0.208280	-0.262663	0.000000
0.102310	-0.151920	0.000000
-0.451211	-0.576691	0.000000
-0.063586	-0.420129	0.000000
-0.261928	-0.185865	0.000000
-0.227896	0.678402	0.000000
-0.490643	-0.292263	0.000000
-0.418202	0.214993	0.000000
-0.153587	0.441149	0.000000
-0.227735	-0.626490	0.000000
-0.412146	0.340638	0.000000
-0.246333	-0.571344	0.000000
-0.320413	0.732648	0.000000
-0.277050	-0.526338	0.000000
-0.172278	0.203281	0.000000
0.076589	-0.060755	0.000000
-0.259242	-0.316075	0.000000
-0.114953	0.392177	0.000000
0.020427	-0.446598	0.000000
0.066831	0.244936	0.000000
-0.632593	0.468776	0.000000
0.101664	-0.217920	0.000000
0.063308	0.080585	0.000000
-0.738781	-0.090045	0.000000
-0.209670	-0.463409	0.000000
0.022382	-0.647792	0.000000
-0.742256	0.492071	0.000000
-0.533995	0.551814	0.000000
-0.206330	0.461085	0.000000
-0.601139	0.385471	0.000000
-0.279849	-0.198831	0.000000
-0.028070	0.224487	0.000000
-0.410112	-0.765899	0.000000
-0.119611	0.641843	0.000000
-0.081067	-0.633843	0.000000
-0.352031	0.385523	0.000000
-0.346508	0.385708	0.000000
-0.820224	-0.204274	0.000000
-0.590919	0.608881	0.000000
0.053003	0.184492	0.000000
-0.152472	-0.055329	0.000000
0.085710	-0.292771	0.000000
-0.110394	0.052274	0.000000
-0.337892	0.351466	0.000000
0.021357	0.472121	0.000000
-0.234830	0.592000	0.000000
-0.443375	0.088037	0.000000
0.050409	-0.498845	0.000000
-0.246529	-0.367065	0.000000
0.155247	0.000459	0.000000
-0.428095	0.157983	0.000000
-0.193004	-0.204772	0.000000
-0.150764	0.470117	0.000000
-0.577171	-0.428482	0.000000
0.068408	-0.466912	0.000000
0.057528	-0.105323	0.000000
-0.009796	0.204340	0.000000
-0.367266	-0.683139	0.000000
-0.329137	-0.242527	0.000000
0.971157	0.322041	0.000000
-0.293406	-0.552489	0.000000
-0.204589	0.175774	0.000000
-0.425456	0.008272	0.000000
-0.307762	-0.086886	0.000000
-0.088989	-0.248121	0.000000
0.078492	-0.016059	0.000000
-0.354237	-0.164490	0.000000
-0.338208	-0.379199	0.000000
-0.238125	-0.041876	0.000000
-0.343985	-0.147631	0.000000
-0.425868	-0.175194	0.000000
-0.338299	-0.723014	0.000000
-0.299503	-0.092888	0.000000
0.094687	-0.483452	0.000000
-0.480106	0.202422	0.000000
-0.034549	0.485834	0.000000
-0.403685	-0.590727	0.000000
-0.207875	-0.661535	0.000000
-0.246970	-0.155319	0.000000
-0.147722	-0.091756	0.000000
0.940698	0.424529	0.000000
-0.503052	0.407063	0.000000
0.049293	-0.274824	0.000000
-0.232346	-0.330873	0.000000
-0.338415	0.316146	0.000000
0.116957	-0.254555	0.000000
-0.480246	0.423789	0.000000
-0.045988	-0.083502	0.000000
-0.296203	-0.215248	0.000000
-0.216671	0.545180	0.000000
-0.242604	0.582075	0.000000
-0.168263	0.002760	0.000000
-0.163916	0.683580	0.000000
0.008899	-0.191330	0.000000
-0.100662	0.272603	0.000000
-0.599444	0.091809	0.000000
-0.826058	0.201280	0.000000
-0.100915	-0.022169	0.000000
-0.374265	-0.127712	0.000000
-0.244618	-0.370346	0.000000
-0.365074	0.768637	0.000000
-0.256234	-0.469239	0.000000
-0.216689	-0.377225	0.000000
-0.557671	0.564786	0.000000
-0.411605	-0.368551	0.000000
-0.403659	0.301987	0.000000
-0.490709	0.453647	0.000000
-0.112821	-0.852142	0.000000
0.112107	0.318777	0.000000
-0.962146	-0.594483	0.000000
0.084593	-0.542844	0.000000
-0.187816	0.105542	0.000000
-0.338375	0.376119	0.000000
-0.229059	0.779445	0.000000
0.092063	-0.565543	0.000000
-0.847253	-0.099913	0.000000
-0.549648	0.170319	0.000000
-0.006489	-0.317117	0.000000
-0.039107	0.394417	0.000000
-0.112047	0.123693	0.000000
-0.063541	0.525764	0.000000
-0.224094	0.660171	0.000000
-0.103349	0.592456	0.000000
-0.533707	0.388173	0.000000
-0.385063	0.810493	0.000000
0.031374	0.062069	0.000000
-0.051400	-0.125246	0.000000
0.046363	0.315387	0.000000
0.060596	-0.489689	0.000000
-0.181850	-0.171424	0.000000
-0.212709	0.292215	0.000000
-0.319757	-0.139933	0.000000
-0.491199	0.427635	0.000000
-0.289141	-0.324500	0.000000
0.008495	0.363013	0.000000
-0.309397	-0.234787	0.000000
-0.020786	0.594128	0.000000
-0.307923	-0.442025	0.000000
-0.284610	-0.054607	0.000000
-0.363222	0.178199	0.000000
-0.049478	0.234168	0.000000
-0.384613	0.012293	0.000000
-0.579918	-0.443862	0.000000
-0.628107	0.560466	0.000000
0.052941	0.095440	0.000000
0.094907	0.132500	0.000000
-0.033724	0.483834	0.000000
-0.594831	0.261900	0.000000
-0.475336	0.059235	0.000000
-0.353392	-0.392140	0.000000
-0.206312	-0.403165	0.000000
0.112263	-0.169032	0.000000
-0.499504	0.340059	0.000000
0.969162	0.337514	0.000000
-0.992598	-0.528445	0.000000
0.937778	0.435424	0.000000
-0.671798	0.818109	0.000000
-0.251393	-0.428479	0.000000
0.014735	0.167942	0.000000
-0.744037	0.530597	0.000000
0.159278	-0.106799	0.000000
0.015898	-0.145237	0.000000
-0.151278	-0.009488	0.000000
0.126546	-0.307222	0.000000
-0.009500	0.507749	0.000000
-0.440499	-0.428306	0.000000
0.178869	-0.059434	0.000000
-0.084173	-0.113052	0.000000
0.029954	-0.684038	0.000000
-0.262486	-0.470908	0.000000
-0.134909	0.243554	0.000000
-0.476777	-0.257743	0.000000
-0.263657	-0.273222	0.000000
0.145669	0.235874	0.000000
-0.392759	0.025305	0.000000
-0.241792	0.192550	0.000000
-0.567352	-0.180239	0.000000
-0.093409	0.346246	0.000000
-0.217830	-0.608691	0.000000
-0.577910	0.510411	0.000000
-0.091257	0.043180	0.000000
-0.065316	0.445977	0.000000
-0.718277	-0.230062	0.000000
-0.398213	0.098531	0.000000
-0.279729	0.283682	0.000000
-0.151025	0.162502	0.000000
0.014301	-0.417774	0.000000
-0.433762	-0.095933	0.000000
-0.421326	-0.432776	0.000000
0.079149	0.139741	0.000000
0.100343	-0.499772	0.000000
-0.292581	-0.345927	0.000000
-0.922104	-0.667041	0.000000
-0.289467	-0.099549	0.000000
-0.329377	-0.465593	0.000000
-0.159079	-0.042162	0.000000
0.023021	0.295980	0.000000
-0.918300	-0.525238	0.000000
-0.357402	-0.181336	0.000000
-0.420042	-0.234702	0.000000
-0.768620	-0.041245	0.000000
-0.780120	-0.100971	0.000000
-0.474962	-0.149779	0.000000
-0.833223	-0.187165	0.000000
0.070451	0.327112	0.000000
-0.405161	0.401504	0.000000
-0.336056	-0.606179	0.000000
-0.435364	-0.010961	0.000000
-0.326225	0.789796	0.000000
0.969415	0.309766	0.000000
-0.412591	0.758717	0.000000
-0.257889	-0.719351	0.000000
-0.313093	-0.900994	0.000000
-0.013869	0.317151	0.000000
-0.311430	-0.873291	0.000000
-0.112519	0.550066	0.000000
-0.669462	0.883677	0.000000
-0.501816	0.618936	0.000000
-0.256119	-0.214859	0.000000
-0.210697	-0.265262	0.000000
0.107950	-0.421750	0.000000
-0.028519	-0.499280	0.000000
-0.265190	-0.263240	0.000000
-0.270680	0.748089	0.000000
-0.347201	-0.656853	0.000000
0.031170	-0.087279	0.000000
-0.689176	0.227765	0.000000
0.083538	-0.399617	0.000000
-0.436272	-0.047419	0.000000
-0.552672	0.631387	0.000000
0.018533	0.435713	0.000000
0.146247	0.175639	0.000000
-0.287646	-0.543052	0.000000
0.076872	-0.127813	0.000000
-0.337732	0.381261	0.000000
0.054249	0.155388	0.000000
-0.261248	-0.226710	0.000000
-0.144751	-0.535479	0.000000
-0.462807	-0.259202	0.000000
-0.056682	-0.748379	0.000000
-0.297860	0.328745	0.000000
-0.174719	0.730163	0.000000
-0.073949	0.219700	0.000000
-0.723873	0.105110	0.000000
-0.812500	-0.289419	0.000000
-0.593510	-0.140314	0.000000
0.006997	-0.104786	0.000000
-0.604930	0.813539	0.000000
-0.099323	0.536323	0.000000
-0.068194	-0.306713	0.000000
-0.326053	0.525793	0.000000
-0.103413	-0.151481	0.000000
-0.016078	0.565705	0.000000
-0.212276	0.573648	0.000000
-0.285731	-0.592152	0.000000
-0.401363	-0.392561	0.000000
0.969526	-0.097706	0.000000
-0.588094	0.414201	0.000000
-0.116062	-0.831316	0.000000
0.101999	-0.224989	0.000000
-0.487197	0.617159	0.000000
0.050704	-0.250795	0.000000
-0.131870	-0.526732	0.000000
-0.255197	-0.419179	0.000000
-0.523920	0.760419	0.000000
0.165739	-0.024446	0.000000
-0.155217	-0.517925	0.000000
-0.052699	-0.312885	0.000000
-0.336297	-0.549085	0.000000
-0.276533	-0.293055	0.000000
-0.224071	-0.215871	0.000000
0.152491	-0.065456	0.000000
-0.606788	0.525943	0.000000
-0.531012	-0.475689	0.000000
-0.131538	-0.189338	0.000000
-0.161884	0.582400	0.000000
-0.151821	0.134554	0.000000
-0.226380	-0.518611	0.000000
-0.058533	0.285308	0.000000
0.008876	-0.389276	0.000000
-0.386824	0.278199	0.000000
-0.285605	-0.271461	0.000000
-0.204482	-0.434878	0.000000
-0.316320	-0.275135	0.000000
-0.298898	-0.454042	0.000000
-0.191889	-0.524515	0.000000
-0.347498	-0.660025	0.000000
-0.303100	0.401582	0.000000
-0.355660	0.440636	0.000000
-0.606080	0.435582	0.000000
-0.315504	0.588054	0.000000
-0.264796	0.630313	0.000000
-0.181259	-0.010666	0.000000
0.061283	0.294965	0.000000
-0.800613	-0.270777	0.000000
-0.437523	-0.136570	0.000000
-0.210267	-0.511723	0.000000
-0.469546	-0.655961	0.000000
-0.607096	-0.387756	0.000000
0.086226	-0.183328	0.000000
-0.046300	-0.251158	0.000000
0.042632	0.335827	0.000000
-0.079694	0.174916	0.000000
-0.340006	-0.375241	0.000000
-0.136851	-0.930249	0.000000
-0.562971	-0.190421	0.000000
-0.034816	0.058756	0.000000
-0.173415	-0.056543	0.000000
-0.063748	-0.225065	0.000000
-0.411288	-0.169513	0.000000
0.060344	-0.464734	0.000000
-0.112155	0.249358	0.000000
-0.364957	0.575030	0.000000
-0.258503	0.456260	0.000000
-0.428066	-0.344648	0.000000
-0.263929	-0.217559	0.000000
0.099383	-0.350890	0.000000
-0.018432	0.015928	0.000000
-0.553084	-0.533936	0.000000
-0.939632	-0.634680	0.000000
-0.175948	0.708784	0.000000
-0.143929	0.682890	0.000000
-0.217033	-0.278840	0.000000
0.049261	-0.432589	0.000000
-0.496960	0.418435	0.000000
-0.542678	0.807310	0.000000
-0.592946	0.514627	0.000000
-0.402364	-0.215929	0.000000
-0.469044	0.044019	0.000000
-0.272584	0.438517	0.000000
-0.013538	0.541171	0.000000
-0.157116	0.419023	0.000000
-0.286597	-0.546850	0.000000
-0.516271	-0.181319	0.000000
-0.256668	-0.238733	0.000000
-0.791959	-0.046578	0.000000
-0.888395	0.094805	0.000000
-0.233444	-0.230700	0.000000
-0.299570	-0.102436	0.000000
0.971179	0.303404	0.000000
-0.218661	-0.253566	0.000000
0.195048	-0.065922	0.000000
-0.276721	-0.509538	0.000000
-0.381035	-0.352632	0.000000
-0.024920	-0.043771	0.000000
0.044560	-0.324674	0.000000
-0.285518	-0.705595	0.000000
0.031992	-0.699599	0.000000
-0.575678	-0.439796	0.000000
0.085882	0.413530	0.000000
0.096280	-0.565693	0.000000
-0.051236	0.378334	0.000000
0.011667	0.540339	0.000000
-0.600291	0.329764	0.000000
-0.636825	-0.252772	0.000000
-0.343661	0.470119	0.000000
-0.018873	0.518639	0.000000
-0.445859	-0.676158	0.000000
-0.449822	-0.523894	0.000000
-0.669387	0.784705	0.000000
-0.001256	0.419177	0.000000
-0.553847	-0.158154	0.000000
-0.266949	0.626407	0.000000
-0.353743	-0.782981	0.000000
-0.012366	0.309839	0.000000
-0.496210	-0.067245	0.000000
-0.138703	-0.133191	0.000000
-0.218779	0.736255	0.000000
-0.224765	-0.366275	0.000000
0.967415	0.349365	0.000000
-0.151485	0.250049	0.000000
-0.223623	0.322298	0.000000
-0.132532	-0.922150	0.000000
-0.229745	-0.556710	0.000000
-0.434071	-0.427072	0.000000
-0.441010	-0.155233	0.000000
-0.256231	-0.497541	0.000000
-0.151468	0.454718	0.000000
-0.656643	-0.195498	0.000000
0.001249	-0.219337	0.000000
-0.238599	0.326566	0.000000
-0.629570	0.833460	0.000000
-0.528754	0.022008	0.000000
-0.355427	0.829179	0.000000
-0.062906	0.689865	0.000000
-0.099003	-0.010631	0.000000
-0.051309	0.319031	0.000000
-0.599006	0.534548	0.000000
-0.322294	-0.768601	0.000000
-0.534993	0.428129	0.000000
-0.720517	0.587537	0.000000
-0.528548	0.788323	0.000000
0.024384	0.230651	0.000000
-0.071276	-0.538583	0.000000
-0.625672	-0.250236	0.000000
-0.008452	0.363855	0.000000
0.091059	-0.154504	0.000000
-0.090752	0.556275	0.000000
-0.376375	0.861631	0.000000
-0.275477	-0.415212	0.000000
-0.386346	-0.243831	0.000000
-0.409521	0.130302	0.000000
-0.475786	-0.423515	0.000000
-0.188166	0.282626	0.000000
-0.311148	0.730979	0.000000
-0.287752	-0.344742	0.000000
-0.135425	0.511792	0.000000
-0.328751	-0.005096	0.000000
-0.488998	-0.255621	0.000000
-0.109385	-0.598894	0.000000
-0.001269	0.519897	0.000000
-0.443360	-0.415311	0.000000
-0.640772	-0.274611	0.000000
-0.590442	0.858730	0.000000
0.046663	-0.046790	0.000000
0.039628	-0.127540	0.000000
0.066431	-0.502904	0.000000
-0.233114	0.678621	0.000000
-0.437489	-0.422461	0.000000
0.055961	0.105568	0.000000
0.004820	0.179009	0.000000
-0.381615	-0.661011	0.000000
-0.658021	0.506997	0.000000
0.210411	-0.097328	0.000000
-0.337401	0.683898	0.000000
-0.096628	0.104348	0.000000
0.147273	-0.063462	0.000000
-0.464311	-0.026982	0.000000
-0.086740	0.463031	0.000000
-0.141052	-0.559931	0.000000
-0.848908	0.058712	0.000000
0.998361	0.062132	0.000000
-0.162993	0.606413	0.000000
-0.197323	-0.772250	0.000000
-0.300501	-0.786070	0.000000
-0.288172	-0.158041	0.000000
-0.162954	-0.319373	0.000000
-0.722425	0.565534	0.000000
-0.689638	-0.020042	0.000000
-0.235394	-0.450464	0.000000
-0.629369	0.566427	0.000000
-0.293631	0.391828	0.000000
-0.402612	0.002607	0.000000
-0.289767	0.539247	0.000000
-0.459455	0.494884	0.000000
-0.042130	0.404658	0.000000
-0.575428	-0.161916	0.000000
-0.491825	0.052423	0.000000
-0.142308	0.562509	0.000000
-0.217283	0.549873	0.000000
0.058348	-0.039368	0.000000
0.001517	0.179963	0.000000
-0.645616	0.518698	0.000000
-0.288550	-0.509650	0.000000
-0.199941	-0.282243	0.000000
0.970091	-0.062434	0.000000
0.092161	0.385468	0.000000
-0.447604	-0.774187	0.000000
-0.327328	-0.156154	0.000000
-0.149903	-0.852348	0.000000
-0.268383	-0.190843	0.000000
-0.524228	-0.182038	0.000000
-0.131295	0.733854	0.000000
0.980176	0.160002	0.000000
-0.443128	-0.413974	0.000000
0.061345	-0.067473	0.000000
-0.443548	-0.115768	0.000000
-0.328257	-0.322813	0.000000
0.078830	-0.519356	0.000000
-0.118016	0.344066	0.000000
-0.337612	0.741980	0.000000
0.976028	-0.046688	0.000000
-0.633164	0.406553	0.000000
-0.374814	0.070797	0.000000
-0.029833	-0.553666	0.000000
-0.717885	0.126978	0.000000
-0.268556	0.314188	0.000000
-0.295238	0.184589	0.000000
-0.440301	-0.240536	0.000000
-0.061241	-0.739308	0.000000
0.041607	-0.191026	0.000000
-0.364576	0.863418	0.000000
0.081831	-0.163101	0.000000
-0.221280	0.501223	0.000000
-0.211914	-0.388169	0.000000
-0.583393	-0.140097	0.000000
0.132048	-0.264501	0.000000
0.147013	-0.010397	0.000000
-0.464540	-0.615999	0.000000
-0.882735	0.254701	0.000000
-0.408530	-0.618608	0.000000
-0.314726	0.359655	0.000000
-0.234578	0.070011	0.000000
-0.335708	0.828486	0.000000
-0.154982	0.008071	0.000000
-0.281549	-0.122872	0.000000
-0.593502	-0.530668	0.000000
-0.268127	-0.362049	0.000000
-0.073235	-0.099404	0.000000
-0.286550	-0.802707	0.000000
-0.131404	0.553760	0.000000
-0.356792	-0.345652	0.000000
-0.290258	-0.227076	0.000000
-0.096945	0.306342	0.000000
-0.576336	-0.000069	0.000000
-0.616143	0.476068	0.000000
-0.332047	-0.556965	0.000000
-0.453041	-0.164104	0.000000
-0.172000	-0.062331	0.000000
-0.629718	-0.466388	0.000000
-0.277863	-0.750677	0.000000
-0.099132	-0.101770	0.000000
-0.576807	-0.501298	0.000000
0.091119	-0.219198	0.000000
-0.641053	0.453762	0.000000
0.062940	-0.021727	0.000000
-0.127110	0.373169	0.000000
-0.539947	-0.209518	0.000000
0.183432	-0.082030	0.000000
-0.375857	-0.445325	0.000000
-0.095570	0.562688	0.000000
-0.189124	-0.360136	0.000000
-0.173780	0.651057	0.000000
0.053303	-0.210317	0.000000
-0.036960	-0.630110	0.000000
-0.567662	-0.078753	0.000000
-0.346377	-0.244529	0.000000
-0.288910	-0.196903	0.000000
0.113721	0.005500	0.000000
0.931293	0.463147	0.000000
-0.670912	0.798562	0.000000
-0.517408	0.249701	0.000000
-0.089402	-0.176341	0.000000
-0.185709	-0.333098	0.000000
-0.244933	0.625432	0.000000
-0.472474	-0.308699	0.000000
-0.702195	0.539892	0.000000
-0.327793	-0.247816	0.000000
-0.156951	-0.169699	0.000000
-0.566571	0.636453	0.000000
-0.188894	0.398490	0.000000
-0.173135	0.038972	0.000000
-0.393405	0.060693	0.000000
-0.205145	0.000603	0.000000
-0.460379	0.268901	0.000000
-0.211546	-0.220369	0.000000
-0.426485	0.054925	0.000000
-0.037173	-0.677205	0.000000
-0.276820	0.667689	0.000000
-0.454130	-0.427405	0.000000
-0.278510	0.450701	0.000000
-0.313352	-0.423878	0.000000
-0.280191	0.651480	0.000000
-0.050345	-0.207634	0.000000
-0.308645	-0.591912	0.000000
-0.724160	0.618267	0.000000
-0.658376	0.705755	0.000000
-0.347620	-0.505853	0.000000
-0.345246	0.839423	0.000000
-0.277934	-0.558300	0.000000
-0.305857	-0.624613	0.000000
-0.088432	-0.737928	0.000000
-0.554571	0.365753	0.000000
-0.781740	0.152763	0.000000
-0.143016	-0.294005	0.000000
-0.636302	0.770748	0.000000
-0.234617	-0.508658	0.000000
0.085681	-0.297857	0.000000
-0.359438	-0.427170	0.000000
0.020642	0.002272	0.000000
-0.183668	0.159262	0.000000
-0.050392	-0.275029	0.000000
-0.250277	0.469484	0.000000
-0.067777	0.175281	0.000000
-0.208471	0.205373	0.000000
0.030562	0.418153	0.000000
-0.325784	0.098360	0.000000
-0.142145	-0.439577	0.000000
-0.212761	0.225988	0.000000
-0.262326	-0.206565	0.000000
-0.044951	-0.269193	0.000000
-0.212584	-0.214308	0.000000
0.055407	-0.546903	0.000000
0.976127	0.221789	0.000000
0.035440	-0.622949	0.000000
-0.157905	-0.524089	0.000000
-0.589934	-0.236722	0.000000
-0.273962	-0.260116	0.000000
-0.574162	0.420632	0.000000
-0.315704	0.767181	0.000000
-0.276795	-0.500632	0.000000
-0.293564	0.486391	0.000000
0.015700	-0.360596	0.000000
-0.376817	0.772592	0.000000
-0.667965	-0.148847	0.000000
0.091495	0.270177	0.000000
-0.282021	0.703492	0.000000
-0.290684	0.020119	0.000000
-0.236099	-0.239612	0.000000
-0.096153	-0.317894	0.000000
0.000252	-0.000474	0.000000
-0.503678	0.633413	0.000000
-0.336689	-0.191664	0.000000
-0.037404	-0.719661	0.000000
-0.033752	0.160637	0.000000
0.074100	0.358068	0.000000
-0.354511	-0.146139	0.000000
-0.349075	-0.747713	0.000000
-0.364559	-0.266489	0.000000
0.014262	-0.396611	0.000000
-0.427222	0.213111	0.000000
-0.222974	-0.218253	0.000000
0.045675	-0.046315	0.000000
-0.011913	-0.046777	0.000000
-0.192621	-0.645710	0.000000
-0.204931	0.262735	0.000000
-0.231972	-0.463354	0.000000
-0.297426	0.580576	0.000000
-0.378586	0.869674	0.000000
-0.637512	0.984178	0.000000
0.080265	-0.017850	0.000000
-0.346314	-0.489549	0.000000
-0.577896	-0.405679	0.000000
-0.005512	-0.539955	0.000000
-0.389495	-0.551349	0.000000
-0.085317	-0.560999	0.000000
-0.181890	-0.043281	0.000000
-0.210908	-0.294671	0.000000
-0.379970	-0.203200	0.000000
-0.092234	-0.080854	0.000000
-0.018185	0.265471	0.000000
-0.140843	-0.753237	0.000000
0.133454	-0.059181	0.000000
-0.140301	-0.617849	0.000000
-0.117763	-0.746313	0.000000
-0.293784	-0.304671	0.000000
0.072549	-0.457221	0.000000
-0.532004	0.425687	0.000000
-0.290154	0.055383	0.000000
-0.780778	-0.017960	0.000000
-0.315614	-0.802236	0.000000
0.159433	-0.028455	0.000000
0.100424	-0.254096	0.000000
-0.321885	-0.099649	0.000000
-0.489249	-0.760316	0.000000
0.099529	-0.319556	0.000000
0.057467	-0.621566	0.000000
-0.426842	0.014849	0.000000
-0.476730	-0.302263	0.000000
-0.242717	-0.106943	0.000000
-0.315716	-0.861909	0.000000
-0.612072	0.378151	0.000000
-0.322058	-0.448797	0.000000
-0.323834	0.424946	0.000000
-0.037503	0.613701	0.000000
0.047314	-0.589442	0.000000
-0.125077	0.751557	0.000000
-0.501382	-0.114139	0.000000
-0.407793	0.094514	0.000000
-0.569803	-0.534284	0.000000
-0.596304	0.874428	0.000000
0.021092	-0.267236	0.000000
0.069031	-0.660683	0.000000
-0.234925	-0.318540	0.000000
-0.085659	0.124568	0.000000
-0.637422	0.532079	0.000000
0.075673	0.275326	0.000000
0.089793	-0.417285	0.000000
-0.250887	-0.410651	0.000000
-0.389881	-0.584450	0.000000
-0.121554	0.675271	0.000000
-0.836685	-0.182249	0.000000
-0.032212	0.352293	0.000000
-0.344597	-0.214973	0.000000
-0.302713	-0.199015	0.000000
0.000242	-0.016299	0.000000
-0.352190	0.139481	0.000000
-0.351475	-0.078858	0.000000
-0.071607	-0.394739	0.000000
-0.006585	0.080035	0.000000
-0.282700	-0.466082	0.000000
-0.152387	-0.427155	0.000000
-0.612303	-0.066848	0.000000
0.006551	-0.351227	0.000000
-0.352288	-0.567041	0.000000
-0.603764	0.509263	0.000000
0.094209	-0.031691	0.000000
-0.909629	-0.055839	0.000000
-0.837619	-0.171893	0.000000
-0.285625	-0.536948	0.000000
-0.374853	-0.017374	0.000000
-0.374575	-0.141898	0.000000
-0.168108	0.669844	0.000000
-0.356928	-0.573939	0.000000
-0.373150	0.085299	0.000000
-0.181495	-0.007813	0.000000
-0.576855	-0.604295	0.000000
-0.151005	0.693074	0.000000
-0.085779	-0.430692	0.000000
-0.385929	-0.457147	0.000000
-0.263622	0.250117	0.000000
-0.392807	-0.603948	0.000000
-0.304294	0.622590	0.000000
0.054580	-0.348131	0.000000
0.067347	-0.433599	0.000000
-0.248895	0.025167	0.000000
-0.172075	-0.017213	0.000000
-0.242451	-0.201499	0.000000
-0.037881	0.675013	0.000000
-0.155205	-0.581422	0.000000
-0.326851	0.104799	0.000000
-0.431192	-0.063909	0.000000
-0.249659	0.043844	0.000000
-0.241643	0.544842	0.000000
-0.377204	0.232929	0.000000
-0.342446	-0.454850	0.000000
-0.297632	-0.597890	0.000000
-0.193491	-0.081602	0.000000
-0.197322	-0.565519	0.000000
-0.641954	0.510024	0.000000
-0.026325	-0.290149	0.000000
-0.031344	0.637129	0.000000
-0.595047	0.905172	0.000000
-0.213638	-0.580949	0.000000
-0.298918	0.391632	0.000000
-0.533857	0.758361	0.000000
-0.442204	-0.233992	0.000000
0.055615	-0.223974	0.000000
-0.621067	0.218972	0.000000
-0.381919	-0.275806	0.000000
-0.547574	-0.402565	0.000000
0.122933	-0.098824	0.000000
-0.306832	0.403915	0.000000
-0.600042	0.670022	0.000000
-0.493687	-0.316414	0.000000
-0.327959	-0.656639	0.000000
-0.310671	-0.277439	0.000000
-0.409037	-0.710290	0.000000
0.031346	-0.635400	0.000000
0.159293	0.018623	0.000000
-0.557490	0.563595	0.000000
0.061600	0.384350	0.000000
-0.141964	0.753363	0.000000
-0.328255	-0.515885	0.000000
-0.377800	-0.048226	0.000000
-0.101714	0.160344	0.000000
-0.228322	-0.247890	0.000000
-0.092060	0.693958	0.000000
-0.938961	0.053665	0.000000
-0.272600	-0.205900	0.000000
-0.577407	0.393980	0.000000
0.051997	0.299126	0.000000
0.001047	0.284150	0.000000
-0.452498	-0.791396	0.000000
-0.368613	0.790274	0.000000
0.153052	0.047413	0.000000
0.044070	-0.580018	0.000000
-0.475923	-0.462448	0.000000
-0.246381	-0.498038	0.000000
-0.226874	0.426036	0.000000
0.096325	-0.414431	0.000000
-0.131307	0.122950	0.000000
0.033188	0.201133	0.000000
0.046948	-0.018624	0.000000
-0.266532	-0.307327	0.000000
0.055899	0.060261	0.000000
-0.458813	-0.144314	0.000000
-0.361404	0.350457	0.000000
-0.935426	0.049431	0.000000
-0.012385	0.410630	0.000000
-0.057788	0.221559	0.000000
-0.435449	-0.656361	0.000000
-0.377518	0.676686	0.000000
-0.024720	-0.415734	0.000000
-0.500078	-0.365484	0.000000
-0.382367	-0.012431	0.000000
0.066793	-0.513674	0.000000
-0.297548	-0.103760	0.000000
-0.688621	0.039406	0.000000
-0.286125	0.640693	0.000000
-0.391357	-0.743627	0.000000
-0.003961	0.102037	0.000000
0.082895	-0.382579	0.000000
-0.595064	0.687354	0.000000
-0.912945	-0.533455	0.000000
-0.613472	0.363586	0.000000
-0.378040	-0.570256	0.000000
-0.153951	-0.039100	0.000000
-0.478949	-0.742270	0.000000
-0.688901	-0.279374	0.000000
-0.063166	0.674001	0.000000
-0.570918	-0.210011	0.000000
-0.547287	0.545123	0.000000
-0.276622	-0.557165	0.000000
-0.426707	-0.732472	0.000000
-0.225622	0.211859	0.000000
-0.854737	0.062982	0.000000
-0.246371	-0.174695	0.000000
-0.149534	0.239951	0.000000
-0.217982	-0.119389	0.000000
-0.389272	0.305592	0.000000
-0.174184	-0.670947	0.000000
-0.061270	-0.352041	0.000000
-0.817540	0.123868	0.000000
-0.375711	-0.755026	0.000000
0.002201	0.566383	0.000000
-0.358923	-0.771161	0.000000
-0.154912	0.710424	0.000000
-0.411778	0.178745	0.000000
-0.279688	-0.553676	0.000000
-0.279503	-0.037031	0.000000
-0.003672	-0.123453	0.000000
-0.204595	-0.706796	0.000000
-0.273280	0.025816	0.000000
0.137003	0.049395	0.000000
0.010312	-0.668667	0.000000
-0.657752	0.525578	0.000000
-0.244131	0.498495	0.000000
0.054871	0.309099	0.000000
-0.751770	0.321819	0.000000
-0.273720	-0.436462	0.000000
-0.919075	-0.535438	0.000000
-0.592311	-0.222539	0.000000
0.086723	0.285487	0.000000
-0.402934	-0.762283	0.000000
0.077811	-0.407767	0.000000
-0.249147	0.057821	0.000000
-0.206876	-0.222816	0.000000
-0.075119	-0.137247	0.000000
-0.579993	0.553621	0.000000
-0.073349	-0.281065	0.000000
-0.315327	0.576258	0.000000
-0.164219	0.424587	0.000000
-0.302030	-0.572472	0.000000
-0.497423	-0.048486	0.000000
-0.324149	0.780611	0.000000
-0.482428	-0.075933	0.000000
0.071675	0.334001	0.000000
-0.445015	-0.817440	0.000000
-0.015119	-0.468884	0.000000
-0.904829	-0.534561	0.000000
-0.421638	0.057211	0.000000
-0.427672	-0.157288	0.000000
-0.378726	-0.551843	0.000000
-0.285459	-0.713414	0.000000
-0.577749	0.800579	0.000000
-0.390032	-0.084317	0.000000
-0.308014	-0.222713	0.000000
-0.283756	-0.170666	0.000000
-0.599129	0.542343	0.000000
-0.164705	0.706641	0.000000
-0.345658	0.838670	0.000000
-0.474075	-0.336248	0.000000
-0.213262	-0.594110	0.000000
-0.335843	0.515348	0.000000
-0.562613	0.579687	0.000000
0.113594	0.279622	0.000000
-0.397211	-0.758725	0.000000
-0.600321	0.661872	0.000000
-0.741455	-0.112920	0.000000
-0.265590	0.607418	0.000000
-0.312992	-0.194609	0.000000
-0.288785	0.396172	0.000000
0.113787	-0.207738	0.000000
-0.900353	-0.660574	0.000000
0.059267	0.054064	0.000000
-0.505838	0.618019	0.000000
-0.038423	0.316457	0.000000
-0.486829	0.042927	0.000000
-0.533181	0.523279	0.000000
-0.242980	-0.239986	0.000000
-0.228452	-0.395323	0.000000
-0.254316	0.140681	0.000000
-0.029417	-0.642935	0.000000
-0.108043	-0.051618	0.000000
-0.222090	-0.419215	0.000000
0.077588	-0.417753	0.000000
-0.205948	0.267603	0.000000
-0.283122	-0.517586	0.000000
-0.235239	-0.241234	0.000000
-0.552421	0.809945	0.000000
-0.405445	0.067751	0.000000
0.963182	0.368180	0.000000
-0.605839	-0.516864	0.000000
-0.259064	-0.321402	0.000000
-0.608713	-0.113772	0.000000
-0.040311	0.174481	0.000000
-0.417007	-0.695425	0.000000
-0.283525	0.148256	0.000000
-0.192112	0.231969	0.000000
-0.109363	0.050078	0.000000
-0.361393	-0.328891	0.000000
-0.005402	0.176618	0.000000
-0.298293	0.716436	0.000000
-0.385095	-0.631764	0.000000
-0.397406	-0.011052	0.000000
0.066058	-0.062244	0.000000
-0.599626	0.860798	0.000000
-0.285236	-0.410279	0.000000
-0.327014	-0.808184	0.000000
-0.237312	-0.316185	0.000000
-0.119991	0.327362	0.000000
-0.105550	0.448692	0.000000
-0.405037	0.801768	0.000000
0.151871	0.039910	0.000000
-0.999504	-0.506565	0.000000
-0.248218	-0.441908	0.000000
-0.164882	0.164737	0.000000
-0.975483	-0.560538	0.000000
-0.188775	-0.221135	0.000000
-0.091934	0.293078	0.000000
-0.248417	-0.622476	0.000000
-0.249372	0.778451	0.000000
-0.031605	0.436355	0.000000
-0.213754	0.394164	0.000000
-0.422765	-0.008643	0.000000
-0.635473	0.445929	0.000000
-0.675138	0.802680	0.000000
-0.347680	0.665024	0.000000
-0.485976	-0.559967	0.000000
0.118884	0.279984	0.000000
-0.150074	-0.413045	0.000000
-0.305999	-0.395215	0.000000
-0.392808	-0.144223	0.000000
-0.194557	0.387540	0.000000
-0.492762	0.418549	0.000000
-0.244703	-0.516043	0.000000
-0.349978	0.652206	0.000000
-0.357093	0.731733	0.000000
-0.490971	-0.769088	0.000000
-0.484246	-0.163800	0.000000
-0.360909	-0.164213	0.000000
-0.328150	0.856430	0.000000
-0.272152	0.768321	0.000000
-0.261151	-0.155308	0.000000
0.129211	0.329023	0.000000
-0.594015	0.764482	0.000000
-0.490708	0.390180	0.000000
-0.453596	0.412948	0.000000
-0.638345	0.844713	0.000000
-0.106617	0.664941	0.000000
-0.628013	0.509962	0.000000
-0.173337	0.173570	0.000000
-0.203232	-0.523659	0.000000
-0.316529	-0.145312	0.000000
0.962456	0.370882	0.000000
0.137351	0.009512	0.000000
-0.229727	0.516105	0.000000
-0.488397	-0.681400	0.000000
-0.688996	0.635556	0.000000
0.969488	-0.099845	0.000000
-0.301003	0.615559	0.000000
0.076620	0.239757	0.000000
-0.323995	-0.499504	0.000000
-0.096221	-0.146982	0.000000
-0.001289	-0.286436	0.000000
-0.148458	-0.870951	0.000000
-0.141456	-0.540804	0.000000
-0.406403	-0.496044	0.000000
-0.316681	-0.559123	0.000000
-0.367989	0.607237	0.000000
-0.370164	-0.062245	0.000000
-0.278471	-0.730298	0.000000
0.110696	0.448988	0.000000
-0.623528	-0.220351	0.000000
-0.293358	-0.317696	0.000000
0.969130	-0.016968	0.000000
-0.674278	0.780602	0.000000
-0.606812	-0.316076	0.000000
-0.140376	0.378159	0.000000
0.110984	0.083991	0.000000
-0.618168	0.757329	0.000000
-0.317931	0.793084	0.000000
-0.353220	0.807147	0.000000
-0.315343	0.220360	0.000000
-0.268690	0.653378	0.000000
-0.180412	-0.022160	0.000000
-0.018313	-0.674151	0.000000
-0.145061	0.061867	0.000000
-0.189396	-0.310193	0.000000
-0.092500	-0.104906	0.000000
-0.011538	-0.655416	0.000000
-0.187263	-0.191411	0.000000
-0.516027	0.095321	0.000000
0.968387	0.144544	0.000000
-0.893009	-0.052202	0.000000
-0.632052	0.425067	0.000000
-0.005614	0.232236	0.000000
-0.710818	-0.145294	0.000000
-0.009008	-0.603427	0.000000
-0.341307	0.075437	0.000000
-0.122758	0.419169	0.000000
0.153653	0.050387	0.000000
0.034411	-0.466275	0.000000
-0.436200	0.167731	0.000000
-0.108309	0.243408	0.000000
-0.396913	0.102780	0.000000
-0.283573	0.418730	0.000000
-0.330526	0.432814	0.000000
-0.911848	-0.542754	0.000000
-0.252475	0.762584	0.000000
0.053257	-0.032009	0.000000
0.078268	-0.179440	0.000000
-0.230519	0.050481	0.000000
-0.223187	-0.259143	0.000000
-0.049971	-0.370693	0.000000
-0.683290	0.712620	0.000000
-0.289894	0.129622	0.000000
-0.909019	-0.055812	0.000000
-0.582816	0.527301	0.000000
-0.755613	-0.206399	0.000000
-0.054456	0.145453	0.000000
0.036164	0.105886	0.000000
-0.335940	0.220508	0.000000
-0.161541	0.408369	0.000000
-0.299053	-0.296344	0.000000
-0.391808	-0.165869	0.000000
-0.209908	0.535831	0.000000
0.079836	0.159261	0.000000
-0.438268	0.162306	0.000000
-0.425056	0.257371	0.000000
-0.342926	-0.434046	0.000000
0.116520	0.358813	0.000000
0.035584	-0.402764	0.000000
-0.248850	0.610107	0.000000
-0.032014	-0.734964	0.000000
-0.182227	0.033181	0.000000
-0.176630	-0.010135	0.000000
-0.241699	-0.289166	0.000000
-0.559975	-0.372031	0.000000
-0.466974	-0.738632	0.000000
-0.013594	-0.024329	0.000000
-0.135735	0.269699	0.000000
-0.265096	0.634489	0.000000
-0.139837	0.368273	0.000000
-0.417742	0.666044	0.000000
-0.310210	-0.474877	0.000000
-0.321767	-0.818494	0.000000
-0.021939	-0.050284	0.000000
-0.468818	-0.380887	0.000000
-0.090175	0.029243	0.000000
-0.296558	-0.190937	0.000000
-0.607342	-0.260438	0.000000
-0.076568	0.250477	0.000000
-0.566879	0.638914	0.000000
-0.329630	-0.100091	0.000000
-0.691826	0.594805	0.000000
-0.936715	-0.642887	0.000000
-0.317962	0.523708	0.000000
-0.344583	0.629003	0.000000
-0.044072	0.002652	0.000000
-0.228038	-0.208924	0.000000
-0.358247	-0.251410	0.000000
-0.650594	-0.223632	0.000000
-0.300843	-0.409934	0.000000
-0.271955	-0.478677	0.000000
-0.271764	-0.517821	0.000000
-0.738421	-0.161346	0.000000
0.032633	-0.338350	0.000000
-0.260043	-0.373239	0.000000
0.066674	0.349600	0.000000
-0.410415	-0.311859	0.000000
0.081575	-0.495675	0.000000
-0.695216	0.889054	0.000000
-0.341959	0.233942	0.000000
-0.672385	0.284029	0.000000
-0.801426	0.390423	0.000000
0.040382	-0.679716	0.000000
-0.640935	0.777368	0.000000
-0.368756	-0.628380	0.000000
-0.181280	0.565302	0.000000
-0.501303	-0.575076	0.000000
-0.237071	-0.215960	0.000000
-0.840218	0.003150	0.000000
-0.607686	0.561577	0.000000
-0.278053	-0.313689	0.000000
-0.246270	0.323753	0.000000
-0.920774	0.011684	0.000000
-0.613828	0.726050	0.000000
-0.045409	0.157730	0.000000
-0.287490	0.541606	0.000000
-0.063348	-0.756751	0.000000
-0.066800	-0.743507	0.000000
0.148609	-0.117557	0.000000
-0.290289	0.694508	0.000000
-0.598525	0.067826	0.000000
-0.394186	0.590134	0.000000
0.098002	-0.382942	0.000000
-0.278018	0.083982	0.000000
-0.107505	0.457636	0.000000
-0.253393	-0.245904	0.000000
-0.573408	-0.182971	0.000000
-0.593557	-0.357743	0.000000
-0.270455	-0.116190	0.000000
-0.321138	-0.279261	0.000000
0.013315	0.264262	0.000000
-0.670676	0.393616	0.000000
-0.148852	0.628517	0.000000
-0.840701	-0.171721	0.000000
-0.304692	0.550521	0.000000
-0.811510	-0.201677	0.000000
-0.063950	-0.357448	0.000000
-0.140852	-0.947043	0.000000
-0.271601	-0.573930	0.000000
-0.198975	-0.548042	0.000000
-0.027519	-0.189410	0.000000
-0.044067	0.452898	0.000000
-0.550655	-0.207695	0.000000
-0.465497	-0.071466	0.000000
-0.031265	-0.411875	0.000000
-0.114264	-0.734867	0.000000
-0.742721	0.259466	0.000000
0.012646	0.146347	0.000000
0.096423	0.250802	0.000000
0.071733	0.224527	0.000000
-0.128821	0.466656	0.000000
-0.414389	0.055685	0.000000
-0.920005	-0.506053	0.000000
-0.714574	0.425325	0.000000
-0.277885	0.476329	0.000000
-0.340099	-0.634828	0.000000
-0.299195	-0.317034	0.000000
-0.300137	0.488239	0.000000
-0.098220	0.285460	0.000000
-0.635027	0.863148	0.000000
-0.206691	0.459082	0.000000
-0.274827	-0.227397	0.000000
-0.315734	-0.415796	0.000000
0.033239	-0.455679	0.000000
-0.229611	-0.438163	0.000000
-0.323413	-0.243486	0.000000
0.000927	0.207865	0.000000
0.054741	-0.587090	0.000000
-0.232669	-0.192391	0.000000
0.032017	-0.661487	0.000000
0.104991	-0.005142	0.000000
-0.245537	-0.131655	0.000000
-0.417935	0.281532	0.000000
-0.586911	0.350671	0.000000
-0.376986	-0.178688	0.000000
-0.151545	0.685925	0.000000
-0.375010	-0.114782	0.000000
0.123059	0.249367	0.000000
-0.241606	-0.501435	0.000000
-0.146927	-0.772697	0.000000
-0.254049	0.155619	0.000000
-0.113422	-0.467488	0.000000
-0.338666	-0.111573	0.000000
0.098242	0.011091	0.000000
-0.211274	-0.299720	0.000000
-0.532821	0.397851	0.000000
-0.183728	0.437458	0.000000
0.970091	0.181753	0.000000
-0.007793	-0.177525	0.000000
-0.217180	-0.426370	0.000000
-0.284716	-0.566892	0.000000
-0.316451	-0.285483	0.000000
-0.658238	0.797315	0.000000
-0.230691	-0.108570	0.000000
0.971935	0.345076	0.000000
-0.527250	0.733715	0.000000
-0.297038	0.648764	0.000000
-0.274013	0.155304	0.000000
0.095167	0.078008	0.000000
0.031827	-0.009007	0.000000
-0.260963	0.789889	0.000000
-0.271098	-0.361684	0.000000
0.032483	0.317789	0.000000
-0.305896	0.743123	0.000000
-0.159715	-0.503875	0.000000
-0.051196	0.517453	0.000000
-0.029430	0.521705	0.000000
-0.504492	-0.004255	0.000000
-0.340107	-0.382100	0.000000
-0.074314	-0.649133	0.000000
-0.004750	0.425770	0.000000
-0.081863	-0.291158	0.000000
-0.576303	0.549331	0.000000
-0.368190	-0.167878	0.000000
-0.078599	-0.743504	0.000000
-0.209950	-0.339547	0.000000
-0.000969	-0.369526	0.000000
-0.300228	-0.636654	0.000000
-0.693548	0.318218	0.000000
0.000435	-0.326655	0.000000
-0.202848	0.214449	0.000000
-0.880038	0.098045	0.000000
-0.335383	-0.569128	0.000000
-0.701583	0.087119	0.000000
-0.657156	-0.234491	0.000000
-0.238928	0.690674	0.000000
0.025787	0.286464	0.000000
-0.013868	-0.708140	0.000000
-0.572853	0.801696	0.000000
0.010934	0.155017	0.000000
-0.047487	-0.780446	0.000000
-0.236613	0.799126	0.000000
-0.333734	0.392943	0.000000
-0.256456	-0.151727	0.000000
0.057985	-0.478168	0.000000
-0.297090	-0.527187	0.000000
-0.789876	0.590413	0.000000
-0.243926	0.601346	0.000000
-0.148153	0.297575	0.000000
-0.260057	-0.062991	0.000000
-0.670555	0.730240	0.000000
-0.160207	0.149931	0.000000
-0.009129	-0.465822	0.000000
-0.507194	-0.293018	0.000000
-0.311530	0.489843	0.000000
-0.118835	0.346215	0.000000
0.040100	0.140822	0.000000
-0.340496	0.828079	0.000000
-0.575070	-0.213027	0.000000
-0.706303	0.352165	0.000000
0.068227	0.366200	0.000000
-0.315975	-0.721742	0.000000
-0.201585	0.401303	0.000000
0.030317	-0.313018	0.000000
-0.328035	0.865887	0.000000
-0.284417	-0.485657	0.000000
-0.390068	0.818226	0.000000
-0.296651	-0.343412	0.000000
-0.272962	-0.469331	0.000000
-0.110256	-0.740292	0.000000
-0.197323	-0.376127	0.000000
-0.654169	-0.189185	0.000000
-0.204737	-0.499710	0.000000
-0.771976	0.144293	0.000000
-0.550816	-0.196064	0.000000
-0.456971	-0.310559	0.000000
0.099553	-0.585376	0.000000
-0.045377	0.431009	0.000000
0.047269	-0.096540	0.000000
-0.167786	-0.366280	0.000000
-0.549323	0.552005	0.000000
-0.397464	-0.178851	0.000000
-0.452890	0.169837	0.000000
0.139883	-0.048574	0.000000
-0.341746	-0.341250	0.000000
-0.360923	0.787056	0.000000
-0.315341	0.000424	0.000000
0.021806	-0.718009	0.000000
-0.294302	0.731632	0.000000
-0.181957	0.746058	0.000000
-0.284425	-0.339872	0.000000
-0.163653	-0.311469	0.000000
0.105790	-0.409521	0.000000
-0.545634	0.560067	0.000000
-0.669584	0.509254	0.000000
-0.205286	0.623202	0.000000
-0.006640	0.061948	0.000000
-0.375424	0.533911	0.000000
-0.151357	-0.641233	0.000000
-0.212095	0.443627	0.000000
-0.395613	-0.126768	0.000000
0.081573	-0.424394	0.000000
-0.479851	0.031809	0.000000
-0.013834	-0.310448	0.000000
0.002678	0.030407	0.000000
-0.323185	-0.315657	0.000000
-0.192638	0.260519	0.000000
-0.633658	0.752674	0.000000
-0.266361	-0.042952	0.000000
-0.370466	0.764978	0.000000
-0.279679	-0.608064	0.000000
-0.193297	-0.363327	0.000000
-0.785456	0.360883	0.000000
-0.614953	-0.213829	0.000000
-0.358474	-0.404679	0.000000
-0.952732	0.069333	0.000000
-0.219735	0.462275	0.000000
-0.235482	-0.278049	0.000000
-0.288258	0.431353	0.000000
-0.511304	0.566827	0.000000
0.986820	0.070937	0.000000
-0.088901	0.488698	0.000000
-0.308826	-0.718373	0.000000
-0.421643	-0.679237	0.000000
-0.390009	0.751507	0.000000
0.108021	-0.186662	0.000000
-0.420754	-0.180707	0.000000
-0.170476	-0.045848	0.000000
-0.294447	-0.868612	0.000000
-0.387486	-0.528013	0.000000
-0.877629	0.088689	0.000000
-0.484560	0.500721	0.000000
-0.310266	-0.894465	0.000000
-0.350114	-0.253972	0.000000
-0.036288	-0.030423	0.000000
-0.208045	-0.578178	0.000000
-0.166715	-0.870156	0.000000
-0.425036	-0.150135	0.000000
-0.000166	-0.171763	0.000000
0.031944	-0.679872	0.000000
-0.431054	-0.616213	0.000000
-0.245496	-0.212456	0.000000
-0.261026	-0.433448	0.000000
-0.561784	0.806572	0.000000
-0.320038	-0.252881	0.000000
-0.109342	0.235523	0.000000
-0.435925	0.256644	0.000000
-0.124070	-0.353484	0.000000
-0.596281	0.578666	0.000000
-0.363494	-0.274163	0.000000
-0.211105	0.088890	0.000000
-0.092622	0.003947	0.000000
-0.311433	0.384356	0.000000
-0.169517	0.538352	0.000000
0.028165	0.196276	0.000000
-0.227540	-0.284811	0.000000
-0.383600	-0.579693	0.000000
0.057461	-0.382714	0.000000
-0.167658	0.640124	0.000000
-0.431042	0.356239	0.000000
-0.622566	0.728476	0.000000
-0.344970	-0.263637	0.000000
-0.329262	-0.512725	0.000000
-0.536631	-0.460477	0.000000
0.123949	-0.037276	0.000000
-0.403508	0.840453	0.000000
-0.360336	-0.174077	0.000000
-0.368411	0.633218	0.000000
-0.021065	-0.544614	0.000000
-0.260777	0.597634	0.000000
-0.024679	0.045758	0.000000
-0.402417	0.302471	0.000000
-0.323048	0.543392	0.000000
-0.233641	-0.322972	0.000000
-0.455752	-0.639764	0.000000
-0.285950	-0.133118	0.000000
-0.394062	0.305863	0.000000
-0.145818	-0.336949	0.000000
0.097975	0.011372	0.000000
-0.485282	-0.083428	0.000000
0.009063	0.134239	0.000000
0.104050	-0.494999	0.000000
-0.597936	-0.366122	0.000000
0.005028	0.017819	0.000000
-0.252290	0.670851	0.000000
0.100755	-0.231968	0.000000
0.048553	-0.501201	0.000000
-0.131927	0.359628	0.000000
-0.422327	-0.798664	0.000000
0.064905	0.039408	0.000000
0.109260	-0.121675	0.000000
-0.193492	0.723172	0.000000
-0.914165	-0.538001	0.000000
-0.607528	0.469909	0.000000
-0.150661	0.290077	0.000000
-0.111986	0.467491	0.000000
-0.665790	-0.362787	0.000000
-0.606797	0.354834	0.000000
-0.249072	0.224812	0.000000
-0.104922	0.282804	0.000000
-0.157935	-0.117083	0.000000
-0.352131	0.822808	0.000000
0.032219	-0.422816	0.000000
0.129101	-0.082519	0.000000
0.058175	0.454463	0.000000
-0.101598	-0.097728	0.000000
-0.073253	0.343226	0.000000
-0.505635	-0.660483	0.000000
-0.181703	-0.013190	0.000000
-0.252224	-0.213130	0.000000
-0.271226	-0.605619	0.000000
-0.606234	-0.537608	0.000000
-0.413579	0.137803	0.000000
0.045758	-0.247817	0.000000
-0.296731	0.514940	0.000000
-0.061612	0.298989	0.000000
0.196567	-0.029921	0.000000
0.064441	-0.323565	0.000000
-0.645392	0.924184	0.000000
-0.494334	-0.198311	0.000000
-0.405160	-0.763121	0.000000
-0.389568	-0.652758	0.000000
-0.260438	-0.190837	0.000000
-0.025201	-0.157148	0.000000
-0.473929	0.017543	0.000000
0.144866	0.027818	0.000000
-0.459477	0.037693	0.000000
-0.813194	-0.291248	0.000000
-0.323907	-0.389647	0.000000
-0.130351	0.375839	0.000000
0.078225	-0.195334	0.000000
-0.453956	-0.750634	0.000000
-0.084465	0.425892	0.000000
0.007673	0.155774	0.000000
-0.152586	0.709025	0.000000
-0.268181	0.082573	0.000000
0.077484	0.040267	0.000000
-0.280453	-0.696277	0.000000
-0.273559	0.791124	0.000000
0.036726	-0.588119	0.000000
-0.154088	-0.579552	0.000000
-0.118870	0.487487	0.000000
-0.515123	0.706564	0.000000
-0.222415	0.520894	0.000000
-0.518868	-0.247092	0.000000
-0.193170	-0.644046	0.000000
-0.623492	0.753287	0.000000
-0.141177	0.737878	0.000000
-0.059811	-0.556435	0.000000
-0.388687	0.425993	0.000000
-0.018961	0.469127	0.000000
-0.163250	0.268473	0.000000
0.116175	-0.255208	0.000000
-0.603732	0.521090	0.000000
-0.388681	0.765580	0.000000
-0.373879	0.866385	0.000000
-0.392643	0.151505	0.000000
-0.403655	-0.084821	0.000000
-0.083018	-0.089020	0.000000
0.021228	-0.624109	0.000000
-0.292887	0.409774	0.000000
-0.420644	0.124905	0.000000
-0.075956	0.214156	0.000000
-0.148550	-0.802885	0.000000
-0.272358	0.600767	0.000000
0.025163	-0.323038	0.000000
0.049381	-0.398365	0.000000
-0.330311	-0.158273	0.000000
-0.136879	0.416950	0.000000
-0.409118	-0.741743	0.000000
-0.536029	0.347055	0.000000
-0.751804	-0.237963	0.000000
-0.142120	0.742053	0.000000
-0.193305	0.306454	0.000000
-0.833075	-0.167985	0.000000
-0.389657	-0.738643	0.000000
-0.396995	-0.361837	0.000000
-0.279199	0.194257	0.000000
0.072349	0.452721	0.000000
0.163966	0.047819	0.000000
-0.189390	-0.134769	0.000000
-0.299242	-0.250180	0.000000
-0.348597	0.888512	0.000000
-0.407652	-0.435711	0.000000
-0.243383	-0.353529	0.000000
0.086377	-0.304790	0.000000
0.062698	0.278148	0.000000
-0.342955	-0.058745	0.000000
-0.446409	-0.180924	0.000000
0.112119	-0.000072	0.000000
0.091190	-0.545849	0.000000
-0.709730	-0.157929	0.000000
-0.504833	0.612657	0.000000
-0.306303	-0.779440	0.000000
0.089201	-0.139787	0.000000
0.019283	-0.072868	0.000000
-0.583051	0.346854	0.000000
0.007260	-0.403368	0.000000
-0.356893	0.228415	0.000000
-0.276984	0.245276	0.000000
0.210046	-0.037142	0.000000
-0.548581	0.696763	0.000000
-0.059850	-0.749278	0.000000
0.065658	-0.413938	0.000000
-0.223362	-0.459148	0.000000
-0.153098	-0.290391	0.000000
-0.679283	0.736444	0.000000
-0.470628	0.062186	0.000000
-0.392921	-0.752514	0.000000
0.134619	0.051721	0.000000
-0.172543	0.491544	0.000000
-0.148749	0.340910	0.000000
-0.329922	-0.447672	0.000000
-0.218642	-0.255563	0.000000
-0.070573	0.200894	0.000000
-0.011087	0.025113	0.000000
0.069451	-0.034872	0.000000
0.033232	-0.618399	0.000000
-0.070375	0.310678	0.000000
-0.299481	0.386423	0.000000
0.016484	-0.628843	0.000000
-0.395273	-0.028272	0.000000
-0.381023	-0.362635	0.000000
-0.277436	0.477234	0.000000
-0.250399	-0.484996	0.000000
0.117015	-0.286249	0.000000
-0.373074	0.842454	0.000000
-0.676945	0.683934	0.000000
-0.314743	-0.177926	0.000000
0.072672	0.168314	0.000000
-0.377111	-0.200325	0.000000
-0.432891	0.335891	0.000000
-0.276994	-0.277351	0.000000
-0.138877	-0.553064	0.000000
-0.574426	0.553335	0.000000
-0.479139	-0.166805	0.000000
-0.293048	-0.640994	0.000000
-0.107407	-0.906082	0.000000
-0.315470	-0.349004	0.000000
-0.490220	-0.471414	0.000000
-0.621643	0.339712	0.000000
-0.328655	0.282034	0.000000
-0.376941	-0.545625	0.000000
-0.607752	-0.547652	0.000000
-0.907113	-0.541076	0.000000
-0.033092	0.512025	0.000000
-0.324807	-0.493370	0.000000
0.077426	0.295566	0.000000
-0.918696	0.017464	0.000000
-0.258796	-0.271099	0.000000
-0.037738	-0.416357	0.000000
-0.055688	0.106790	0.000000
-0.666930	0.399355	0.000000
-0.136639	-0.726579	0.000000
-0.580962	-0.194051	0.000000
-0.422090	-0.543703	0.000000
-0.109147	-0.163603	0.000000
0.077050	-0.072470	0.000000
-0.533348	-0.652807	0.000000
-0.545686	0.611796	0.000000
0.063096	0.277916	0.000000
-0.200914	-0.352193	0.000000
-0.284546	-0.221681	0.000000
-0.253108	0.377111	0.000000
-0.470881	0.112452	0.000000
-0.339481	-0.652700	0.000000
0.159735	-0.213684	0.000000
0.044282	-0.639617	0.000000
0.102567	0.376150	0.000000
-0.085058	0.313748	0.000000
-0.227741	-0.381855	0.000000
-0.085152	0.594806	0.000000
-0.069619	0.435978	0.000000
-0.156478	0.101974	0.000000
-0.011201	-0.384942	0.000000
-0.173276	0.392365	0.000000
0.052325	-0.352233	0.000000
-0.356604	-0.632256	0.000000
0.058665	-0.518447	0.000000
-0.654770	-0.388442	0.000000
-0.354173	-0.414174	0.000000
0.172878	-0.003919	0.000000
-0.242291	-0.324331	0.000000
-0.268549	-0.698944	0.000000
-0.355251	0.336304	0.000000
-0.390932	0.257692	0.000000
0.057396	0.536478	0.000000
0.112388	-0.499710	0.000000
-0.197024	0.212602	0.000000
-0.559213	-0.353560	0.000000
-0.602573	-0.280954	0.000000
-0.435407	-0.058197	0.000000
-0.531233	0.516325	0.000000
-0.535308	-0.460442	0.000000
-0.043872	0.423187	0.000000
-0.027619	0.416062	0.000000
-0.007904	-0.461109	0.000000
-0.297688	0.265448	0.000000
-0.244718	-0.730981	0.000000
-0.638773	0.744153	0.000000
-0.734335	-0.146466	0.000000
-0.698763	0.699089	0.000000
-0.029076	-0.168909	0.000000
0.102219	0.053601	0.000000
-0.210307	0.434577	0.000000
-0.408677	0.166149	0.000000
-0.006460	-0.039526	0.000000
0.042827	0.306006	0.000000
-0.726358	0.452780	0.000000
-0.589051	0.465260	0.000000
-0.779548	-0.091338	0.000000
-0.650422	0.126480	0.000000
0.026679	-0.116046	0.000000
0.036063	0.105553	0.000000
-0.167294	0.143499	0.000000
-0.552725	-0.304831	0.000000
-0.546519	0.728788	0.000000
0.105024	-0.530574	0.000000
-0.677985	-0.344518	0.000000
-0.223396	-0.609717	0.000000
-0.192507	-0.551316	0.000000
-0.072178	-0.382082	0.000000
-0.200020	-0.325144	0.000000
-0.885038	0.138011	0.000000
0.103268	0.063012	0.000000
0.046822	-0.163226	0.000000
-0.109023	0.128814	0.000000
-0.041477	0.689641	0.000000
-0.018285	0.253506	0.000000
-0.491439	-0.146821	0.000000
-0.172817	-0.052605	0.000000
0.041157	0.233010	0.000000
-0.300866	-0.245872	0.000000
-0.078309	-0.658620	0.000000
-0.188880	0.546420	0.000000
-0.240635	-0.348446	0.000000
-0.513210	-0.527933	0.000000
-0.366518	-0.353560	0.000000
0.138715	-0.056312	0.000000
0.168326	0.043253	0.000000
-0.172208	0.328366	0.000000
-0.065734	0.481920	0.000000
0.038118	-0.252041	0.000000
-0.112000	0.298537	0.000000
-0.231120	0.265648	0.000000
0.012004	0.504191	0.000000
-0.195682	0.529839	0.000000
-0.290234	-0.151151	0.000000
-0.179586	-0.547368	0.000000
0.072725	0.376784	0.000000
-0.610406	-0.409378	0.000000
-0.519244	-0.029442	0.000000
-0.852012	0.073268	0.000000
-0.310035	0.410909	0.000000
-0.224469	-0.515768	0.000000
-0.353642	0.752252	0.000000
-0.420506	0.159935	0.000000
-0.270807	-0.304297	0.000000
-0.332908	-0.576389	0.000000
-0.604077	-0.227901	0.000000
0.050728	-0.268536	0.000000
-0.553100	-0.618044	0.000000
0.012335	-0.011978	0.000000
-0.595410	0.869520	0.000000
0.009043	0.046644	0.000000
0.001457	0.222641	0.000000
-0.030320	0.464639	0.000000
-0.308568	-0.275078	0.000000
-0.323837	0.198638	0.000000
-0.157990	-0.426545	0.000000
0.028597	0.097593	0.000000
-0.763326	0.318347	0.000000
0.128823	-0.086299	0.000000
-0.266126	-0.357515	0.000000
-0.022295	-0.517826	0.000000
-0.020792	-0.377678	0.000000
-0.050315	-0.770371	0.000000
-0.071928	-0.659741	0.000000
0.034686	0.093576	0.000000
-0.402019	-0.573444	0.000000
0.015962	-0.037461	0.000000
-0.326418	-0.306394	0.000000
-0.458849	-0.437211	0.000000
-0.535159	-0.314502	0.000000
-0.236360	0.750188	0.000000
0.017188	-0.085929	0.000000
-0.293087	-0.095281	0.000000
-0.363936	0.643500	0.000000
-0.290476	0.239770	0.000000
-0.279940	-0.456314	0.000000
-0.149596	-0.039141	0.000000
-0.041339	0.470377	0.000000
-0.149269	-0.810245	0.000000
-0.205134	-0.267435	0.000000
-0.414632	0.784568	0.000000
0.117851	0.433134	0.000000
-0.069325	-0.192766	0.000000
-0.239860	-0.403948	0.000000
-0.466420	0.094567	0.000000
0.009819	0.404818	0.000000
-0.652726	0.323208	0.000000
-0.281010	-0.424280	0.000000
-0.598350	0.424704	0.000000
-0.112613	0.636720	0.000000
-0.127265	-0.225695	0.000000
-0.246135	-0.258529	0.000000
-0.777941	0.045028	0.000000
-0.678236	-0.292377	0.000000
0.062959	-0.036978	0.000000
-0.241332	-0.687221	0.000000
-0.200181	0.028585	0.000000
-0.037299	0.512931	0.000000
-0.589948	0.402765	0.000000
-0.081733	0.230275	0.000000
-0.055207	-0.716882	0.000000
-0.545695	0.123460	0.000000
-0.365632	-0.360200	0.000000
0.109138	-0.061722	0.000000
-0.548271	0.537303	0.000000
-0.030103	0.367945	0.000000
-0.274335	-0.355639	0.000000
-0.763798	0.030930	0.000000
0.082708	-0.528237	0.000000
-0.005977	0.271479	0.000000
-0.084205	-0.050495	0.000000
-0.636858	0.929051	0.000000
-0.549406	-0.618486	0.000000
-0.256050	0.328816	0.000000
-0.120625	-0.316564	0.000000
-0.305274	0.701210	0.000000
-0.272004	-0.145094	0.000000
0.152773	0.074404	0.000000
0.046944	-0.646385	0.000000
-0.268490	-0.381379	0.000000
-0.429916	0.363394	0.000000
-0.813837	-0.286633	0.000000
-0.333352	-0.547775	0.000000
-0.674219	0.665970	0.000000
-0.334087	0.716787	0.000000
-0.301985	-0.283375	0.000000
-0.709507	0.637570	0.000000
-0.571573	0.514093	0.000000
-0.122771	-0.497273	0.000000
-0.216720	0.314955	0.000000
-0.763710	0.347220	0.000000
-0.317598	-0.410581	0.000000
-0.567678	0.830326	0.000000
-0.226236	0.522816	0.000000
-0.359431	-0.381908	0.000000
-0.001668	0.216027	0.000000
-0.378614	0.087031	0.000000
-0.313167	0.420996	0.000000
0.961631	0.373768	0.000000
-0.032843	-0.722613	0.000000
-0.164925	0.264085	0.000000
-0.684972	-0.063282	0.000000
-0.145317	-0.465888	0.000000
-0.179171	0.451977	0.000000
-0.395693	-0.752149	0.000000
0.163088	0.011729	0.000000
-0.158020	0.254468	0.000000
-0.168574	0.027423	0.000000
-0.124715	-0.283323	0.000000
-0.502198	-0.483829	0.000000
-0.741841	-0.154058	0.000000
-0.166479	0.171134	0.000000
-0.118556	0.031732	0.000000
-0.322223	-0.835409	0.000000
0.205161	-0.005535	0.000000
-0.550101	0.704899	0.000000
-0.223719	0.019377	0.000000
0.006096	0.284558	0.000000
-0.302908	-0.898668	0.000000
-0.600048	0.808888	0.000000
-0.187792	-0.283386	0.000000
-0.519291	-0.274448	0.000000
-0.596448	0.913584	0.000000
-0.061333	0.146285	0.000000
-0.871097	-0.004185	0.000000
-0.203842	0.552411	0.000000
-0.292296	0.368651	0.000000
-0.394668	0.008943	0.000000
-0.271211	-0.114101	0.000000
-0.050180	0.496428	0.000000
-0.062260	0.621344	0.000000
0.167475	-0.064175	0.000000
-0.578108	-0.516511	0.000000
-0.147295	0.444992	0.000000
-0.298632	-0.298839	0.000000
-0.614537	-0.407607	0.000000
-0.104569	-0.569118	0.000000
0.075576	-0.215495	0.000000
-0.650488	0.553553	0.000000
-0.571130	0.427512	0.000000
-0.263902	0.733555	0.000000
-0.088539	0.263793	0.000000
-0.052300	-0.235193	0.000000
-0.309888	-0.159269	0.000000
-0.343996	-0.278927	0.000000
-0.137556	-0.956797	0.000000
-0.431657	0.278327	0.000000
-0.575181	-0.228617	0.000000
0.122779	0.362518	0.000000
-0.633649	-0.428289	0.000000
0.005524	0.276793	0.000000
0.963521	0.360047	0.000000
-0.178207	-0.582936	0.000000
-0.437965	-0.648291	0.000000
-0.505254	-0.140663	0.000000
-0.995809	-0.522708	0.000000
-0.208275	-0.478522	0.000000
-0.578444	0.396631	0.000000
0.097608	-0.280892	0.000000
-0.256620	0.580481	0.000000
-0.292619	-0.511741	0.000000
-0.266567	0.149651	0.000000
-0.573120	-0.120246	0.000000
-0.136948	-0.516496	0.000000
-0.005850	-0.342475	0.000000
-0.445128	-0.793998	0.000000
-0.224680	0.539435	0.000000
-0.616350	-0.392651	0.000000
-0.305621	-0.355897	0.000000
-0.170004	-0.727499	0.000000
-0.220475	-0.421302	0.000000
-0.599223	0.561150	0.000000
-0.654666	0.901267	0.000000
-0.227748	0.043136	0.000000
0.111060	0.092689	0.000000
-0.529266	0.053302	0.000000
-0.074529	0.432494	0.000000
-0.356333	0.006324	0.000000
-0.076265	-0.206326	0.000000
-0.046201	0.563796	0.000000
-0.332262	0.299701	0.000000
-0.271986	0.373936	0.000000
-0.334139	0.755593	0.000000
-0.068082	-0.139617	0.000000
-0.464812	-0.282812	0.000000
-0.347996	-0.244311	0.000000
-0.273264	-0.285575	0.000000
-0.060226	0.291655	0.000000
0.044397	0.009281	0.000000
-0.217079	0.626388	0.000000
-0.004754	0.379879	0.000000
-0.326142	-0.186511	0.000000
-0.711126	0.626495	0.000000
-0.473777	-0.052233	0.000000
-0.050778	0.051197	0.000000
-0.366530	0.329675	0.000000
0.067060	-0.394927	0.000000
-0.814645	-0.266476	0.000000
-0.238336	0.707587	0.000000
-0.647627	0.352658	0.000000
-0.425115	-0.127777	0.000000
-0.736169	0.639244	0.000000
-0.503305	-0.715990	0.000000
-0.158491	-0.104122	0.000000
0.037898	-0.419513	0.000000
-0.349167	0.756717	0.000000
-0.167603	-0.033145	0.000000
0.080467	-0.374503	0.000000
-0.661800	0.451060	0.000000
-0.257312	0.429231	0.000000
-0.066860	-0.137130	0.000000
-0.029240	0.218637	0.000000
-0.064336	0.463326	0.000000
-0.117404	0.237081	0.000000
-0.466099	0.158991	0.000000
-0.310616	-0.596716	0.000000
0.050811	-0.515182	0.000000
-0.052426	0.289171	0.000000
-0.255818	0.081588	0.000000
-0.328069	0.314681	0.000000
-0.641138	0.277433	0.000000
-0.807032	-0.068998	0.000000
-0.730369	0.648230	0.000000
-0.041900	-0.718376	0.000000
-0.024013	0.337369	0.000000
0.087349	-0.076457	0.000000
-0.057516	-0.684253	0.000000
-0.172806	-0.567520	0.000000
-0.526125	0.471052	0.000000
-0.579889	0.386074	0.000000
-0.355455	-0.412799	0.000000
-0.003400	0.142030	0.000000
-0.225275	0.625543	0.000000
-0.577037	0.620707	0.000000
-0.518748	0.731162	0.000000
0.004874	-0.722044	0.000000
-0.343359	0.736401	0.000000
-0.190043	0.722970	0.000000
-0.265887	-0.548352	0.000000
-0.492666	-0.249652	0.000000
0.088974	0.012700	0.000000
-0.048578	0.413597	0.000000
-0.349314	-0.000824	0.000000
-0.133144	-0.389629	0.000000
-0.203924	0.600668	0.000000
0.124914	0.018729	0.000000
-0.937490	0.030373	0.000000
0.088193	-0.239532	0.000000
-0.849608	-0.120286	0.000000
-0.345665	-0.713264	0.000000
0.081095	-0.167212	0.000000
-0.100933	0.401205	0.000000
-0.908598	-0.523485	0.000000
-0.213886	0.337484	0.000000
-0.279844	0.675193	0.000000
-0.359186	-0.432144	0.000000
-0.340716	0.207412	0.000000
-0.167916	-0.046836	0.000000
-0.089102	-0.155646	0.000000
-0.201893	0.510888	0.000000
-0.368347	0.820927	0.000000
-0.294086	-0.386031	0.000000
-0.058801	0.286514	0.000000
-0.509088	-0.665032	0.000000
-0.224683	-0.144663	0.000000
0.120931	0.256280	0.000000
-0.568444	0.493888	0.000000
-0.261961	0.694178	0.000000
-0.265586	-0.720160	0.000000
-0.378370	0.502709	0.000000
-0.006625	-0.719096	0.000000
-0.215752	-0.379583	0.000000
0.033615	0.338723	0.000000
-0.308232	-0.510386	0.000000
-0.262039	-0.538433	0.000000
-0.539907	0.501970	0.000000
-0.912440	-0.549761	0.000000
-0.706969	0.628844	0.000000
-0.154205	0.529742	0.000000
-0.157463	0.505610	0.000000
0.099412	-0.327149	0.000000
-0.325172	-0.367256	0.000000
0.139483	-0.234947	0.000000
-0.535087	-0.413000	0.000000
-0.650163	-0.346552	0.000000
-0.152486	0.403589	0.000000
0.987694	0.053897	0.000000
-0.153935	0.754751	0.000000
-0.258099	-0.507159	0.000000
-0.742291	0.088589	0.000000
-0.515771	0.337994	0.000000
-0.127059	0.349372	0.000000
-0.279292	0.250981	0.000000
0.022640	-0.269462	0.000000
0.042168	-0.056922	0.000000
-0.395318	0.633462	0.000000
-0.028033	-0.523117	0.000000
-0.420575	-0.272685	0.000000
-0.619593	0.743776	0.000000
-0.318680	0.096346	0.000000
-0.305411	0.450683	0.000000
-0.534471	-0.164860	0.000000
-0.668645	0.861422	0.000000
-0.163652	0.461248	0.000000
0.048237	0.028687	0.000000
-0.367980	0.445075	0.000000
-0.242387	-0.294555	0.000000
0.017203	-0.140747	0.000000
-0.341489	-0.099157	0.000000
-0.396303	-0.750589	0.000000
-0.049517	-0.399283	0.000000
-0.707639	0.662130	0.000000
-0.397547	-0.665229	0.000000
-0.915310	-0.488022	0.000000
-0.341281	-0.776584	0.000000
-0.132238	-0.961688	0.000000
-0.567287	0.564709	0.000000
-0.307891	-0.275846	0.000000
-0.915158	-0.686892	0.000000
-0.385177	-0.279279	0.000000
-0.273702	-0.012637	0.000000
-0.359505	0.820590	0.000000
-0.073202	-0.447716	0.000000
-0.139772	0.203084	0.000000
-0.076650	0.420069	0.000000
0.106410	-0.313400	0.000000
-0.587941	0.800574	0.000000
-0.015677	0.616060	0.000000
-0.176857	0.311056	0.000000
-0.306794	-0.408908	0.000000
0.091346	0.167205	0.000000
-0.499032	-0.688957	0.000000
-0.385706	0.828720	0.000000
-0.589886	-0.494794	0.000000
-0.341924	-0.467723	0.000000
-0.591311	0.141428	0.000000
-0.064988	0.367696	0.000000
-0.279736	-0.548416	0.000000
-0.181527	-0.590057	0.000000
-0.122543	-0.232783	0.000000
-0.732217	-0.131753	0.000000
-0.636233	-0.181652	0.000000
-0.074915	0.278114	0.000000
0.095426	-0.272168	0.000000
-0.292558	-0.322516	0.000000
-0.246096	-0.285949	0.000000
-0.338116	-0.367759	0.000000
-0.418333	-0.684670	0.000000
-0.097582	-0.944136	0.000000
-0.100677	-0.376820	0.000000
-0.602143	0.865593	0.000000
-0.044239	0.307682	0.000000
0.135030	0.296318	0.000000
-0.461545	-0.277970	0.000000
-0.837399	0.126659	0.000000
-0.396548	-0.202900	0.000000
-0.119116	0.165576	0.000000
-0.430137	-0.199368	0.000000
-0.268647	-0.465526	0.000000
-0.020116	-0.304555	0.000000
-0.161676	0.679265	0.000000
-0.214053	-0.460478	0.000000
-0.298312	0.377799	0.000000
0.134413	-0.057653	0.000000
-0.260317	-0.292569	0.000000
-0.283032	-0.644120	0.000000
-0.166878	-0.065564	0.000000
-0.403215	-0.385394	0.000000
-0.511806	0.670758	0.000000
-0.294634	0.779018	0.000000
-0.771431	0.636437	0.000000
-0.003681	-0.326929	0.000000
-0.218972	0.742058	0.000000
-0.628563	-0.051472	0.000000
0.025993	-0.635523	0.000000
-0.123772	-0.040547	0.000000
-0.034048	-0.145587	0.000000
-0.379145	0.658352	0.000000
-0.322847	0.056868	0.000000
-0.494619	-0.253747	0.000000
0.006757	0.175142	0.000000
-0.914908	0.353175	0.000000
-0.109317	-0.024942	0.000000
-0.303046	-0.318597	0.000000
-0.296857	-0.568256	0.000000
-0.405584	-0.017463	0.000000
-0.161937	0.482501	0.000000
-0.248703	0.105805	0.000000
-0.361896	-0.108937	0.000000
-0.298715	-0.244002	0.000000
-0.814957	-0.241938	0.000000
-0.698679	0.811985	0.000000
0.014952	-0.068108	0.000000
-0.594396	0.882587	0.000000
-0.539013	-0.187286	0.000000
-0.433214	-0.477095	0.000000
-0.174116	0.509887	0.000000
-0.258391	-0.510996	0.000000
-0.188746	-0.476645	0.000000
-0.325587	0.134695	0.000000
-0.466912	0.333748	0.000000
-0.380535	0.192631	0.000000
-0.342527	-0.386770	0.000000
-0.219247	-0.262508	0.000000
0.137942	-0.072946	0.000000
-0.648060	0.669834	0.000000
-0.581263	0.813950	0.000000
-0.157948	0.405041	0.000000
-0.284244	-0.535189	0.000000
-0.376227	-0.178895	0.000000
-0.681246	0.503056	0.000000
-0.166377	0.574480	0.000000
-0.898801	0.095173	0.000000
-0.555672	0.592644	0.000000
-0.834124	-0.156520	0.000000
-0.126832	-0.235368	0.000000
-0.174966	0.329221	0.000000
-0.287668	-0.299146	0.000000
-0.118728	0.480162	0.000000
-0.171233	0.387562	0.000000
-0.721623	0.642156	0.000000
-0.382555	0.444573	0.000000
-0.494457	-0.232370	0.000000
-0.301175	-0.210295	0.000000
-0.512021	0.737576	0.000000
0.034306	0.209114	0.000000
-0.816544	0.066735	0.000000
0.156636	-0.178067	0.000000
-0.111255	0.682165	0.000000
-0.483424	-0.429360	0.000000
-0.270390	-0.160514	0.000000
0.027415	0.237233	0.000000
-0.392364	0.857825	0.000000
-0.042893	0.282424	0.000000
-0.176203	0.286015	0.000000
-0.194995	-0.652183	0.000000
-0.243749	0.033172	0.000000
-0.245933	-0.049912	0.000000
-0.522571	0.547827	0.000000
-0.030017	0.517366	0.000000
-0.675316	0.755720	0.000000
0.106633	-0.244952	0.000000
0.002606	0.355784	0.000000
-0.126482	0.334661	0.000000
-0.358453	0.820243	0.000000
-0.052705	0.501015	0.000000
-0.435218	-0.053719	0.000000
-0.293290	-0.118503	0.000000
0.111100	-0.008897	0.000000
-0.731291	0.649574	0.000000
-0.456377	0.217452	0.000000
-0.616784	-0.171960	0.000000
0.978493	-0.024588	0.000000
-0.125825	-0.621958	0.000000
-0.116127	0.276987	0.000000
-0.391827	-0.623609	0.000000
-0.123275	0.575315	0.000000
-0.250680	-0.178809	0.000000
-0.499864	0.335611	0.000000
-0.145173	-0.823260	0.000000
-0.529414	-0.318839	0.000000
-0.324843	-0.520175	0.000000
-0.288682	-0.413243	0.000000
-0.015127	-0.547630	0.000000
-0.411853	-0.265897	0.000000
-0.264830	0.467992	0.000000
0.035425	0.409529	0.000000
-0.264646	-0.183211	0.000000
-0.542687	-0.457193	0.000000
-0.493800	0.342086	0.000000
-0.402469	0.139668	0.000000
-0.275091	-0.083773	0.000000
-0.087070	0.334378	0.000000
-0.125215	-0.686063	0.000000
0.134869	0.068051	0.000000
-0.421515	-0.453115	0.000000
-0.005017	0.268006	0.000000
-0.010956	0.483850	0.000000
0.069422	-0.236958	0.000000
-0.035273	0.593036	0.000000
0.165728	0.064740	0.000000
-0.926489	-0.645763	0.000000
0.131829	-0.162166	0.000000
0.142213	-0.121248	0.000000
-0.737415	0.164351	0.000000
-0.221804	0.462589	0.000000
0.119766	-0.202602	0.000000
-0.762516	-0.132991	0.000000
-0.281611	0.161603	0.000000
-0.667980	0.749228	0.000000
-0.494512	0.638254	0.000000
0.060834	-0.514100	0.000000
0.090812	-0.590955	0.000000
-0.257798	0.377052	0.000000
-0.229596	0.505183	0.000000
-0.215419	-0.043398	0.000000
-0.405215	-0.229355	0.000000
-0.257916	0.512060	0.000000
-0.012075	0.403241	0.000000
-0.591409	0.398074	0.000000
-0.848775	0.061537	0.000000
-0.208627	-0.754808	0.000000
-0.050512	0.351892	0.000000
0.109263	0.098912	0.000000
-0.702892	0.088677	0.000000
-0.229045	0.777717	0.000000
-0.555706	0.555979	0.000000
0.053232	0.351484	0.000000
-0.089967	0.210412	0.000000
-0.017830	0.050168	0.000000
-0.636148	0.230100	0.000000
-0.726604	0.127810	0.000000
-0.504805	-0.416708	0.000000
-0.410580	-0.007477	0.000000
-0.267274	-0.150373	0.000000
0.191814	-0.040757	0.000000
-0.618779	-0.337489	0.000000
-0.339461	-0.721172	0.000000
-0.595947	0.241654	0.000000
-0.652963	0.541881	0.000000
-0.297814	-0.103443	0.000000
-0.587799	-0.525650	0.000000
0.114703	-0.268843	0.000000
0.108270	0.043909	0.000000
-0.461226	0.167536	0.000000
0.056307	-0.058442	0.000000
0.029831	-0.714076	0.000000
-0.132222	0.338221	0.000000
-0.727260	-0.068591	0.000000
0.145379	-0.025191	0.000000
-0.251417	-0.289519	0.000000
-0.655999	-0.388581	0.000000
0.970378	0.299989	0.000000
-0.265247	-0.393478	0.000000
-0.175531	-0.031807	0.000000
-0.345423	-0.657903	0.000000
-0.515443	0.713974	0.000000
-0.416415	0.182549	0.000000
0.016324	0.155416	0.000000
0.094346	0.268921	0.000000
0.046016	0.403797	0.000000
0.145302	-0.057138	0.000000
-0.893386	-0.667153	0.000000
-0.719171	0.623881	0.000000
-0.069778	0.068002	0.000000
-0.440409	-0.177162	0.000000
-0.578486	-0.218602	0.000000
-0.283087	-0.158947	0.000000
-0.264052	0.484056	0.000000
-0.507713	0.434899	0.000000
-0.373420	-0.242259	0.000000
-0.683614	-0.123440	0.000000
-0.078356	0.367349	0.000000
-0.345056	-0.302267	0.000000
-0.205936	0.723444	0.000000
-0.218017	-0.274279	0.000000
-0.338268	-0.565405	0.000000
-0.090481	0.377795	0.000000
-0.638955	0.504766	0.000000
-0.287317	0.451342	0.000000
-0.509004	-0.373248	0.000000
-0.741261	0.227286	0.000000
-0.156519	-0.269060	0.000000
0.175502	-0.118260	0.000000
0.098101	-0.612476	0.000000
-0.614439	0.926933	0.000000
0.033145	0.431260	0.000000
-0.504565	-0.222300	0.000000
0.052483	-0.248966	0.000000
-0.026714	-0.049583	0.000000
-0.119719	-0.074511	0.000000
-0.045749	0.172500	0.000000
-0.076992	-0.590549	0.000000
-0.035604	-0.433465	0.000000
-0.034505	0.248410	0.000000
0.172476	-0.119862	0.000000
-0.223064	-0.494467	0.000000
-0.266177	-0.368027	0.000000
0.030412	0.049613	0.000000
-0.260482	-0.195218	0.000000
-0.539179	-0.207046	0.000000
-0.334678	0.425030	0.000000
-0.514802	-0.388465	0.000000
-0.493085	0.422205	0.000000
-0.261368	-0.289911	0.000000
-0.393988	-0.375443	0.000000
-0.655933	0.676316	0.000000
-0.143189	0.458838	0.000000
-0.437092	-0.696154	0.000000
0.024226	-0.077221	0.000000
-0.504060	0.441460	0.000000
-0.227582	-0.210842	0.000000
-0.597049	0.182845	0.000000
-0.069537	-0.498785	0.000000
-0.491111	-0.614744	0.000000
-0.135917	-0.291992	0.000000
-0.177521	-0.313758	0.000000
-0.339795	-0.859664	0.000000
-0.337982	-0.572942	0.000000
-0.156151	-0.776080	0.000000
-0.418669	-0.636405	0.000000
0.045175	-0.072950	0.000000
-0.329546	-0.791257	0.000000
-0.090106	-0.712172	0.000000
-0.057625	-0.288292	0.000000
-0.184969	0.485581	0.000000
-0.441344	0.360519	0.000000
-0.025134	-0.408052	0.000000
-0.838392	0.128056	0.000000
-0.055881	-0.455506	0.000000
0.065132	-0.452588	0.000000
-0.560113	0.146307	0.000000
-0.202493	-0.041127	0.000000
-0.058950	-0.164402	0.000000
-0.282970	0.463684	0.000000
-0.453209	-0.685343	0.000000
-0.214567	-0.379629	0.000000
0.017872	-0.369213	0.000000
-0.506516	0.567878	0.000000
-0.584076	0.868661	0.000000
-0.220142	-0.275102	0.000000
-0.272426	0.562788	0.000000
-0.601525	-0.223058	0.000000
-0.356292	-0.020464	0.000000
-0.196532	0.261130	0.000000
-0.300291	-0.582163	0.000000
-0.323815	-0.398002	0.000000
-0.591806	0.567379	0.000000
-0.193713	-0.411270	0.000000
-0.459288	-0.491836	0.000000
-0.515273	-0.528947	0.000000
0.208483	-0.064836	0.000000
-0.633030	-0.301105	0.000000
-0.604766	0.898922	0.000000
-0.147693	0.010276	0.000000
-0.571327	0.547534	0.000000
0.187083	-0.056153	0.000000
-0.588931	-0.385666	0.000000
-0.239777	-0.254977	0.000000
-0.115858	0.657309	0.000000
-0.024332	-0.140342	0.000000
-0.390635	0.305983	0.000000
0.084983	0.392508	0.000000
-0.744160	0.337943	0.000000
0.010914	-0.414096	0.000000
-0.350510	-0.384783	0.000000
-0.294424	-0.300692	0.000000
-0.154582	0.235381	0.000000
0.093440	-0.239883	0.000000
-0.592163	0.479516	0.000000
-0.489620	-0.185371	0.000000
0.065065	-0.256229	0.000000
0.141556	-0.256771	0.000000
-0.902802	0.024005	0.000000
-0.856257	0.022436	0.000000
-0.809782	-0.276435	0.000000
0.005473	-0.443338	0.000000
-0.333985	-0.169940	0.000000
-0.663307	0.799084	0.000000
-0.303834	0.504393	0.000000
-0.545773	0.817421	0.000000
-0.236164	0.680277	0.000000
-0.185346	-0.507518	0.000000
-0.661262	0.524666	0.000000
-0.445170	0.239637	0.000000
0.123307	-0.107410	0.000000
-0.424245	0.199191	0.000000
-0.189972	0.731797	0.000000
-0.221846	-0.686738	0.000000
-0.330674	0.188264	0.000000
-0.384118	-0.052472	0.000000
-0.820338	-0.220655	0.000000
-0.504523	-0.492129	0.000000
-0.512730	-0.486150	0.000000
0.055120	-0.357975	0.000000
-0.632235	-0.366516	0.000000
-0.197969	0.590163	0.000000
-0.287475	-0.520377	0.000000
-0.367570	0.233730	0.000000
-0.337198	0.441019	0.000000
-0.732109	0.355429	0.000000
0.099427	-0.130831	0.000000
-0.255319	-0.246320	0.000000
-0.002818	0.316738	0.000000
-0.207627	-0.413505	0.000000
-0.336900	-0.187057	0.000000
-0.716185	0.108913	0.000000
-0.414525	-0.033977	0.000000
-0.230025	-0.321948	0.000000
-0.252872	0.474492	0.000000
-0.127900	0.429203	0.000000
-0.140685	-0.938881	0.000000
0.016210	0.199272	0.000000
-0.017778	0.405541	0.000000
-0.509998	0.404554	0.000000
-0.235012	-0.557832	0.000000
-0.400845	-0.731826	0.000000
-0.090899	0.397058	0.000000
-0.229991	-0.396453	0.000000
-0.253212	-0.314170	0.000000
-0.193206	0.179028	0.000000
-0.186191	-0.176010	0.000000
-0.289957	-0.453100	0.000000
-0.119659	-0.928098	0.000000
0.020342	0.321197	0.000000
-0.319705	-0.355662	0.000000
-0.738119	0.555538	0.000000
-0.257511	-0.287315	0.000000
0.105352	0.006057	0.000000
-0.032556	-0.103264	0.000000
-0.286820	0.269637	0.000000
-0.232941	-0.450203	0.000000
0.028068	0.383239	0.000000
0.976923	0.129779	0.000000
-0.255073	-0.329280	0.000000
-0.214029	0.002178	0.000000
-0.244910	0.408035	0.000000
0.019604	-0.438588	0.000000
-0.251780	-0.076882	0.000000
0.097411	0.432603	0.000000
-0.029890	0.167128	0.000000
-0.624248	0.362334	0.000000
-0.362495	0.016154	0.000000
-0.270861	-0.333379	0.000000
-0.231861	0.005958	0.000000
-0.161932	0.732147	0.000000
-0.225465	-0.550055	0.000000
-0.086807	0.357890	0.000000
-0.585610	0.676987	0.000000
0.059145	0.209227	0.000000
-0.383338	0.269218	0.000000
-0.542323	0.673610	0.000000
-0.479761	-0.701197	0.000000
-0.174257	0.555784	0.000000
0.123230	0.354590	0.000000
0.002388	-0.318032	0.000000
-0.605704	-0.543482	0.000000
-0.301649	0.640726	0.000000
-0.578783	0.407942	0.000000
-0.128577	-0.949759	0.000000
0.092065	0.392478	0.000000
-0.308533	-0.190561	0.000000
-0.349607	-0.493321	0.000000
-0.113368	-0.276552	0.000000
-0.296831	0.133289	0.000000
-0.270394	0.203671	0.000000
-0.511005	-0.398330	0.000000
-0.185928	-0.802291	0.000000
-0.686001	0.599152	0.000000
-0.535442	-0.132703	0.000000
-0.043366	0.305010	0.000000
-0.342466	-0.089414	0.000000
-0.247036	-0.368307	0.000000
-0.143389	0.364309	0.000000
0.056085	-0.400165	0.000000
-0.031068	0.374758	0.000000
-0.389644	-0.470309	0.000000
0.110373	0.241022	0.000000
-0.426884	-0.110929	0.000000
-0.229241	-0.352052	0.000000
-0.409098	-0.799608	0.000000
-0.234778	-0.155558	0.000000
-0.120663	-0.724864	0.000000
-0.133276	0.594459	0.000000
-0.088223	0.215415	0.000000
-0.082967	0.452294	0.000000
-0.557746	0.812436	0.000000
-0.132773	0.600237	0.000000
-0.666522	-0.326692	0.000000
0.079226	-0.485521	0.000000
-0.411541	0.235197	0.000000
-0.030862	0.020870	0.000000
-0.309348	-0.414093	0.000000
-0.180380	-0.489132	0.000000
-0.207045	-0.632980	0.000000
0.035227	0.322169	0.000000
-0.270591	0.658337	0.000000
-0.165813	0.480760	0.000000
0.044526	-0.677273	0.000000
-0.438563	-0.197123	0.000000
-0.704136	0.723565	0.000000
-0.521162	-0.029640	0.000000
0.067972	0.174994	0.000000
-0.180388	-0.551042	0.000000
-0.349467	-0.850774	0.000000
-0.606374	-0.190665	0.000000
-0.254732	-0.308998	0.000000
0.006265	0.360934	0.000000
-0.038076	-0.601837	0.000000
-0.032727	-0.584865	0.000000
-0.550264	0.514933	0.000000
-0.531408	0.472723	0.000000
-0.379169	0.307237	0.000000
0.114423	0.043425	0.000000
-0.057284	0.226919	0.000000
-0.385755	0.777514	0.000000
-0.431663	-0.506436	0.000000
-0.647580	0.975198	0.000000
0.043891	-0.581102	0.000000
-0.134225	-0.108664	0.000000
-0.621835	0.496410	0.000000
0.172694	0.037411	0.000000
-0.096063	0.044939	0.000000
0.062631	0.316261	0.000000
0.968915	-0.025803	0.000000
-0.199696	0.235230	0.000000
-0.750654	-0.217470	0.000000
-0.129968	-0.861452	0.000000
-0.606810	-0.430608	0.000000
-0.130625	-0.839632	0.000000
-0.205544	-0.099626	0.000000
-0.314345	-0.483661	0.000000
-0.262534	-0.613764	0.000000
-0.569215	0.712851	0.000000
-0.343524	-0.311222	0.000000
-0.046373	0.347819	0.000000
-0.584568	0.365749	0.000000
0.103897	0.003104	0.000000
-0.229768	-0.494232	0.000000
-0.204452	0.042257	0.000000
-0.661166	0.708165	0.000000
0.096583	0.212584	0.000000
-0.527456	0.777246	0.000000
-0.062762	-0.034909	0.000000
-0.223602	-0.338866	0.000000
-0.134593	0.659395	0.000000
-0.384525	-0.306030	0.000000
-0.245706	-0.365510	0.000000
-0.261414	-0.509610	0.000000
-0.003422	-0.591646	0.000000
0.127978	-0.066489	0.000000
-0.912762	-0.692804	0.000000
-0.019728	-0.361475	0.000000
-0.754049	-0.041233	0.000000
-0.221698	-0.460089	0.000000
-0.067546	0.068533	0.000000
-0.199551	0.523760	0.000000
-0.227097	0.551648	0.000000
-0.439868	-0.092686	0.000000
-0.340513	-0.398967	0.000000
-0.500108	0.201569	0.000000
-0.633807	0.087317	0.000000
0.049253	-0.564866	0.000000
-0.457431	-0.160333	0.000000
-0.234727	-0.245934	0.000000
-0.209724	-0.330014	0.000000
-0.174970	-0.403583	0.000000
-0.193461	0.390474	0.000000
-0.376902	0.809285	0.000000
-0.013676	0.367614	0.000000
-0.572793	0.528384	0.000000
-0.765471	-0.144166	0.000000
0.077055	-0.138058	0.000000
-0.052928	0.478293	0.000000
-0.073838	0.208660	0.000000
-0.014387	-0.197134	0.000000
-0.221301	0.690437	0.000000
-0.629669	-0.452344	0.000000
-0.220709	-0.087631	0.000000
-0.268833	-0.150529	0.000000
-0.476047	-0.650845	0.000000
0.165980	0.096954	0.000000
-0.227125	-0.292475	0.000000
0.043402	0.024838	0.000000
0.940415	0.421632	0.000000
-0.754812	-0.003223	0.000000
0.046263	0.460861	0.000000
-0.342260	-0.229057	0.000000
-0.374822	0.276440	0.000000
-0.577539	0.529878	0.000000
-0.409939	-0.659927	0.000000
-0.295490	-0.314079	0.000000
-0.040935	-0.314125	0.000000
0.159571	-0.119312	0.000000
0.079266	-0.513101	0.000000
-0.387649	-0.611835	0.000000
-0.044182	-0.696659	0.000000
-0.000156	0.476257	0.000000
-0.232112	-0.219880	0.000000
-0.279846	0.338485	0.000000
-0.274242	-0.303574	0.000000
-0.312708	-0.826280	0.000000
-0.166692	-0.015324	0.000000
-0.125203	0.147263	0.000000
0.028196	-0.435928	0.000000
-0.314634	0.177237	0.000000
-0.344777	-0.165678	0.000000
-0.332211	0.392756	0.000000
-0.125678	0.061224	0.000000
-0.089545	-0.699342	0.000000
-0.443239	-0.097592	0.000000
-0.124486	0.718568	0.000000
-0.392686	-0.328271	0.000000
-0.155815	-0.163045	0.000000
-0.294408	-0.514842	0.000000
-0.189843	0.501984	0.000000
-0.009631	0.519831	0.000000
-0.409719	-0.685914	0.000000
-0.329585	0.003871	0.000000
0.148937	-0.040155	0.000000
-0.230115	0.309598	0.000000
0.095995	-0.280505	0.000000
-0.003744	-0.726305	0.000000
0.119507	-0.302933	0.000000
-0.635211	0.892368	0.000000
-0.209091	-0.626667	0.000000
-0.004534	0.506196	0.000000
-0.351664	-0.627600	0.000000
-0.555043	-0.088928	0.000000
-0.126993	0.735988	0.000000
-0.202017	0.640229	0.000000
-0.548790	0.781028	0.000000
0.151915	-0.076949	0.000000
-0.657992	0.891432	0.000000
-0.481616	0.143691	0.000000
-0.456298	0.002050	0.000000
-0.223702	-0.496680	0.000000
-0.653004	0.922090	0.000000
-0.513675	0.218253	0.000000
-0.213013	-0.387240	0.000000
-0.303996	-0.728185	0.000000
0.107976	-0.496343	0.000000
-0.909174	-0.583722	0.000000
-0.055784	-0.677333	0.000000
-0.163621	0.497473	0.000000
-0.268442	-0.517036	0.000000
-0.017737	0.537621	0.000000
-0.265375	-0.666730	0.000000
-0.976286	-0.576900	0.000000
0.959949	0.393818	0.000000
-0.923810	0.030756	0.000000
-0.167922	0.490488	0.000000
0.036945	0.324714	0.000000
-0.337735	-0.630246	0.000000
-0.073788	-0.731318	0.000000
-0.371939	-0.418472	0.000000
-0.097056	-0.105508	0.000000
-0.100620	-0.705874	0.000000
-0.196612	-0.105557	0.000000
-0.042720	-0.086851	0.000000
-0.423778	-0.189211	0.000000
-0.701427	0.730819	0.000000
-0.336392	0.561218	0.000000
-0.663666	0.799369	0.000000
-0.571846	-0.099058	0.000000
-0.316781	0.168225	0.000000
-0.453190	0.297344	0.000000
-0.000309	-0.129710	0.000000
-0.725769	0.263551	0.000000
-0.366675	0.871718	0.000000
-0.758234	0.299080	0.000000
-0.164013	0.468106	0.000000
-0.116172	-0.364219	0.000000
-0.258665	0.142041	0.000000
-0.710467	0.671849	0.000000
-0.382020	-0.101368	0.000000
-0.760399	-0.137970	0.000000
-0.738229	0.306715	0.000000
0.075728	0.007509	0.000000
0.028704	-0.658350	0.000000
-0.386794	0.316297	0.000000
-0.377788	-0.024461	0.000000
0.036351	-0.628791	0.000000
-0.750118	0.183568	0.000000
-0.455862	-0.149581	0.000000
-0.442177	-0.136692	0.000000
-0.285243	-0.360674	0.000000
-0.537048	-0.360966	0.000000
-0.311958	0.035400	0.000000
-0.308584	-0.664717	0.000000
-0.594309	0.479169	0.000000
-0.222073	-0.654810	0.000000
-0.030834	-0.545215	0.000000
-0.234759	0.755394	0.000000
-0.226449	-0.596916	0.000000
-0.103917	-0.266201	0.000000
-0.082808	0.279593	0.000000
-0.877384	0.226528	0.000000
-0.353012	-0.401867	0.000000
0.081259	-0.473255	0.000000
-0.294773	0.390240	0.000000
-0.322664	-0.423401	0.000000
-0.027705	-0.404562	0.000000
-0.060755	0.386881	0.000000
-0.181438	0.031540	0.000000
-0.425093	0.229163	0.000000
-0.479338	-0.391365	0.000000
-0.327402	-0.384863	0.000000
-0.594189	-0.128928	0.000000
-0.242633	0.771513	0.000000
0.056923	-0.383797	0.000000
-0.033433	0.614231	0.000000
-0.356184	0.880290	0.000000
-0.745909	0.342926	0.000000
-0.918117	0.100894	0.000000
0.046296	-0.671333	0.000000
-0.370539	-0.133677	0.000000
-0.548107	-0.514719	0.000000
-0.202917	-0.497593	0.000000
-0.067245	0.001200	0.000000
-0.318083	0.255172	0.000000
-0.520981	0.076918	0.000000
-0.275984	0.618335	0.000000
0.080125	-0.614138	0.000000
-0.608738	-0.354028	0.000000
-0.143221	-0.127106	0.000000
-0.226374	-0.108385	0.000000
-0.462003	-0.018410	0.000000
-0.230386	-0.090936	0.000000
-0.291326	-0.213141	0.000000
-0.013818	-0.718995	0.000000
-0.226097	-0.204693	0.000000
-0.352041	-0.063323	0.000000
-0.637990	0.777432	0.000000
-0.261696	-0.656281	0.000000
0.923866	0.490397	0.000000
-0.370374	0.370353	0.000000
0.052029	-0.448871	0.000000
0.048250	0.072548	0.000000
-0.397308	0.095136	0.000000
-0.281777	-0.477513	0.000000
-0.084427	-0.679944	0.000000
-0.365402	-0.362061	0.000000
-0.672395	0.069061	0.000000
-0.553600	0.766617	0.000000
-0.152972	0.159553	0.000000
0.009667	0.499467	0.000000
-0.373871	-0.367925	0.000000
-0.245429	0.509364	0.000000
-0.191003	0.119328	0.000000
-0.035476	-0.527569	0.000000
-0.911951	-0.546754	0.000000
-0.250623	-0.334680	0.000000
0.040040	0.312195	0.000000
-0.230561	0.517777	0.000000
-0.616516	-0.456779	0.000000
-0.420096	0.242239	0.000000
0.961441	0.390758	0.000000
0.028340	-0.669712	0.000000
-0.778618	-0.122225	0.000000
-0.329166	0.150296	0.000000
-0.249621	-0.514121	0.000000
-0.648217	0.759333	0.000000
-0.210899	-0.847840	0.000000
-0.398882	0.191475	0.000000
-0.562139	-0.423975	0.000000
0.079025	0.190064	0.000000
-0.297446	-0.718988	0.000000
-0.919261	-0.521177	0.000000
-0.212146	-0.526402	0.000000
-0.159085	0.199284	0.000000
-0.011354	-0.483695	0.000000
-0.381380	0.053367	0.000000
0.001552	-0.354751	0.000000
-0.171365	0.394161	0.000000
-0.283821	-0.847854	0.000000
-0.074647	0.261557	0.000000
-0.299714	-0.719532	0.000000
-0.255516	0.594310	0.000000
-0.272433	-0.437427	0.000000
-0.712742	0.553264	0.000000
-0.113049	-0.755421	0.000000
-0.025978	0.373726	0.000000
-0.236372	-0.550041	0.000000
-0.042311	0.322038	0.000000
-0.034623	-0.259453	0.000000
-0.251132	0.563558	0.000000
-0.048221	0.448590	0.000000
-0.413616	-0.440104	0.000000
-0.147119	-0.112943	0.000000
-0.665848	0.896128	0.000000
-0.549176	0.106472	0.000000
-0.135000	-0.948577	0.000000
0.026818	-0.532382	0.000000
-0.322420	-0.066663	0.000000
-0.151412	0.299317	0.000000
-0.536596	0.394649	0.000000
-0.079690	0.290534	0.000000
-0.226076	0.058201	0.000000
-0.314880	-0.254528	0.000000
-0.142131	0.218345	0.000000
-0.232541	-0.507148	0.000000
-0.173002	-0.351380	0.000000
-0.047133	0.491814	0.000000
-0.031773	0.057868	0.000000
-0.314937	0.003684	0.000000
-0.678479	0.625291	0.000000
-0.304526	-0.471280	0.000000
-0.310854	-0.346126	0.000000
-0.275542	-0.267672	0.000000
-0.695116	-0.218115	0.000000
-0.159861	0.562262	0.000000
-0.621491	0.736589	0.000000
-0.160804	0.738711	0.000000
-0.276584	0.704444	0.000000
-0.336942	-0.674839	0.000000
0.045791	-0.402798	0.000000
-0.489568	-0.763914	0.000000
-0.334991	0.675378	0.000000
-0.618337	-0.132728	0.000000
-0.332996	-0.120066	0.000000
-0.100806	0.367539	0.000000
-0.719951	0.624566	0.000000
-0.926480	-0.517864	0.000000
-0.045187	0.243316	0.000000
-0.371484	0.776444	0.000000
0.057645	0.058813	0.000000
-0.311179	-0.714232	0.000000
0.044968	0.232986	0.000000
-0.144342	-0.344537	0.000000
-0.085638	0.404205	0.000000
-0.389954	-0.255255	0.000000
-0.737912	0.587146	0.000000
0.094966	-0.228257	0.000000
-0.260728	-0.609640	0.000000
-0.134474	0.035226	0.000000
0.014444	-0.626927	0.000000
-0.350193	-0.409369	0.000000
-0.326706	-0.693550	0.000000
-0.262261	-0.442658	0.000000
-0.749916	0.348639	0.000000
0.082683	-0.505378	0.000000
-0.380809	0.119922	0.000000
-0.233252	-0.259908	0.000000
-0.293024	0.795413	0.000000
-0.141136	-0.772693	0.000000
-0.290833	-0.455837	0.000000
-0.696103	-0.097542	0.000000
-0.406701	0.208282	0.000000
0.117735	-0.070982	0.000000
-0.196194	-0.330551	0.000000
-0.605057	0.910542	0.000000
-0.303187	-0.722746	0.000000
-0.167252	-0.046871	0.000000
0.055601	-0.029685	0.000000
-0.271286	-0.510545	0.000000
-0.685653	0.713339	0.000000
-0.911469	-0.517345	0.000000
-0.234436	0.602031	0.000000
-0.461252	-0.062203	0.000000
-0.353175	0.022716	0.000000
-0.400900	0.015938	0.000000
-0.290003	-0.856798	0.000000
-0.375700	0.094350	0.000000
-0.140352	0.308341	0.000000
-0.057103	-0.755099	0.000000
-0.113828	-0.446552	0.000000
-0.334387	-0.632212	0.000000
-0.363721	0.841314	0.000000
-0.236307	-0.529018	0.000000
-0.417975	0.106610	0.000000
0.081880	-0.648173	0.000000
-0.324062	-0.236440	0.000000
-0.304331	-0.013862	0.000000
-0.254059	0.490058	0.000000
-0.321817	0.560220	0.000000
-0.219468	0.351602	0.000000
0.069008	0.377706	0.000000
0.046820	-0.460234	0.000000
-0.326135	0.184034	0.000000
0.108500	0.176688	0.000000
-0.292677	0.594476	0.000000
0.158081	-0.219073	0.000000
-0.024060	-0.505719	0.000000
-0.554961	0.295490	0.000000
-0.258949	-0.508239	0.000000
-0.898235	-0.513568	0.000000
-0.091213	0.382419	0.000000
0.040855	-0.262643	0.000000
-0.403162	-0.299851	0.000000
-0.303795	0.814956	0.000000
-0.586591	0.870920	0.000000
0.982002	0.152117	0.000000
-0.368835	0.653902	0.000000
-0.109750	-0.204188	0.000000
-0.593986	0.474122	0.000000
-0.268478	0.610206	0.000000
-0.190689	-0.634085	0.000000
-0.036243	-0.218938	0.000000
0.046397	-0.024373	0.000000
-0.741067	0.074913	0.000000
-0.314767	0.672420	0.000000
-0.095087	0.276769	0.000000
-0.154490	0.753405	0.000000
-0.089020	0.164964	0.000000
-0.113203	0.374704	0.000000
-0.020763	0.222372	0.000000
0.110308	-0.152482	0.000000
0.097305	-0.267437	0.000000
-0.079961	-0.099770	0.000000
-0.346891	0.309659	0.000000
-0.412694	0.737265	0.000000
-0.336867	0.695306	0.000000
-0.034266	0.498930	0.000000
-0.645590	-0.191156	0.000000
-0.285769	0.186212	0.000000
-0.228320	-0.310548	0.000000
-0.300464	-0.018775	0.000000
0.034042	-0.186543	0.000000
-0.103811	0.484686	0.000000
-0.694483	0.561982	0.000000
-0.350409	-0.228344	0.000000
-0.187597	-0.453072	0.000000
0.073836	-0.502630	0.000000
-0.414029	-0.231962	0.000000
-0.041146	0.560330	0.000000
0.046098	-0.281236	0.000000
-0.159870	0.557023	0.000000
-0.397390	-0.713986	0.000000
-0.097070	0.266414	0.000000
-0.232941	-0.349058	0.000000
-0.036893	-0.688647	0.000000
-0.126847	0.119204	0.000000
0.081715	0.378598	0.000000
-0.144828	-0.269662	0.000000
-0.136878	0.156638	0.000000
-0.190867	0.530411	0.000000
-0.074429	0.114884	0.000000
-0.517874	0.695501	0.000000
-0.274085	-0.439404	0.000000
-0.375738	0.147782	0.000000
0.081018	0.379113	0.000000
-0.146170	-0.812628	0.000000
-0.855080	0.062326	0.000000
-0.088869	0.010282	0.000000
-0.375770	-0.212953	0.000000
-0.365783	0.860492	0.000000
-0.599748	0.230540	0.000000
0.018562	-0.732595	0.000000
0.061699	-0.087716	0.000000
-0.679199	0.819038	0.000000
-0.116409	0.405686	0.000000
-0.140620	-0.666342	0.000000
-0.519838	-0.450335	0.000000
0.032156	0.233540	0.000000
-0.158810	0.062121	0.000000
0.074467	0.062984	0.000000
-0.317594	-0.639234	0.000000
-0.271477	0.549146	0.000000
-0.077251	-0.403023	0.000000
-0.073221	-0.755068	0.000000
-0.921259	-0.513786	0.000000
-0.131941	-0.893996	0.000000
-0.316720	-0.578473	0.000000
-0.631275	-0.196172	0.000000
-0.685625	-0.159160	0.000000
-0.316609	-0.247980	0.000000
0.108230	-0.349340	0.000000
0.041386	-0.030578	0.000000
-0.276084	-0.458043	0.000000
0.122484	0.217934	0.000000
-0.544653	0.044966	0.000000
-0.266113	-0.152014	0.000000
-0.586666	0.478599	0.000000
-0.279375	-0.509406	0.000000
-0.474470	-0.368574	0.000000
-0.433498	0.271002	0.000000
-0.030874	-0.470187	0.000000
-0.070543	0.346994	0.000000
-0.918240	-0.527528	0.000000
-0.522004	0.481675	0.000000
-0.090141	-0.825673	0.000000
0.131053	-0.238264	0.000000
-0.278664	-0.105365	0.000000
-0.220600	0.468589	0.000000
-0.290871	-0.472055	0.000000
0.085614	-0.383506	0.000000
-0.608814	-0.426864	0.000000
-0.364839	-0.040368	0.000000
-0.180476	0.358144	0.000000
-0.299717	0.704580	0.000000
-0.333346	-0.796290	0.000000
-0.247221	0.722065	0.000000
-0.366048	0.197645	0.000000
-0.180563	-0.496032	0.000000
-0.284478	-0.470505	0.000000
-0.361233	-0.341775	0.000000
-0.497490	-0.077603	0.000000
-0.259167	0.569152	0.000000
-0.281754	0.542090	0.000000
-0.475989	-0.381417	0.000000
-0.507769	0.132045	0.000000
-0.504160	-0.697334	0.000000
-0.541359	-0.160467	0.000000
-0.309441	-0.777952	0.000000
-0.044401	-0.015124	0.000000
-0.575886	0.200085	0.000000
-0.927142	-0.658937	0.000000
-0.605126	-0.424893	0.000000
-0.506888	-0.146093	0.000000
-0.386470	0.134206	0.000000
-0.205183	-0.750409	0.000000
-0.398923	0.038548	0.000000
-0.300495	0.169594	0.000000
-0.077194	-0.016097	0.000000
-0.598860	-0.192494	0.000000
0.046981	0.195449	0.000000
0.968948	0.067460	0.000000
-0.374735	-0.305919	0.000000
-0.067742	-0.101253	0.000000
0.034566	0.263553	0.000000
-0.436305	-0.499602	0.000000
-0.162837	-0.311625	0.000000
-0.287822	-0.562583	0.000000
-0.389745	0.105443	0.000000
-0.281396	-0.354897	0.000000
-0.286752	0.567539	0.000000
-0.168865	-0.036109	0.000000
-0.148492	-0.531681	0.000000
-0.269358	0.443402	0.000000
-0.017224	0.373582	0.000000
-0.581735	0.829785	0.000000
0.087071	-0.385301	0.000000
-0.087199	-0.668903	0.000000
-0.601176	0.908135	0.000000
-0.320272	0.233357	0.000000
-0.489729	0.101207	0.000000
-0.001935	-0.496122	0.000000
-0.059844	0.200501	0.000000
-0.170622	-0.713912	0.000000
-0.148701	0.033964	0.000000
0.035588	-0.043595	0.000000
-0.547937	0.038354	0.000000
-0.126495	0.338788	0.000000
0.980518	0.188109	0.000000
-0.218015	-0.402619	0.000000
-0.473440	0.088656	0.000000
-0.184817	-0.587664	0.000000
-0.789815	0.152697	0.000000
-0.309308	-0.051229	0.000000
0.114513	0.195540	0.000000
-0.308940	0.760238	0.000000
-0.389810	-0.212554	0.000000
-0.577361	0.516215	0.000000
-0.002908	-0.441131	0.000000
-0.137817	-0.123770	0.000000
-0.383716	0.778474	0.000000
0.088063	0.284693	0.000000
-0.328132	-0.645444	0.000000
0.085602	-0.128371	0.000000
-0.204352	-0.621695	0.000000
-0.156300	-0.778976	0.000000
-0.427936	-0.219523	0.000000
-0.240522	0.760461	0.000000
-0.632219	0.509609	0.000000
-0.577190	0.844222	0.000000
-0.579561	0.496107	0.000000
-0.175290	0.396169	0.000000
0.177213	0.022169	0.000000
-0.681253	0.583718	0.000000
0.018206	-0.621347	0.000000
-0.691649	0.634310	0.000000
-0.785885	0.051279	0.000000
-0.286767	-0.525850	0.000000
-0.261155	-0.422150	0.000000
0.024100	-0.727964	0.000000
0.072546	0.340946	0.000000
0.056614	-0.340497	0.000000
-0.351154	0.090518	0.000000
-0.767620	0.018284	0.000000
-0.350124	-0.194365	0.000000
-0.277249	-0.516347	0.000000
-0.334380	-0.353767	0.000000
-0.676909	-0.355528	0.000000
-0.637709	0.620439	0.000000
-0.217292	0.219055	0.000000
0.045686	-0.190284	0.000000
-0.137120	0.040176	0.000000
-0.209397	-0.599984	0.000000
0.033789	0.277375	0.000000
-0.590048	0.343330	0.000000
-0.371655	-0.021217	0.000000
-0.199467	0.769373	0.000000
-0.025824	0.216078	0.000000
-0.413891	-0.039228	0.000000
0.031427	0.219314	0.000000
-0.587728	0.673266	0.000000
-0.376521	-0.671178	0.000000
-0.127125	0.322310	0.000000
-0.624479	-0.478918	0.000000
-0.317609	-0.706909	0.000000
-0.430743	0.107213	0.000000
-0.552326	0.598795	0.000000
-0.062368	0.530980	0.000000
-0.174402	-0.464853	0.000000
-0.446785	-0.105370	0.000000
0.030895	-0.656292	0.000000
0.106255	-0.017539	0.000000
0.094866	0.493252	0.000000
-0.232561	-0.689433	0.000000
0.106378	0.412696	0.000000
-0.419814	-0.484076	0.000000
-0.219746	0.442024	0.000000
-0.155861	-0.885154	0.000000
-0.216488	-0.065952	0.000000
-0.330698	0.414411	0.000000
-0.251355	0.370367	0.000000
-0.188425	-0.097934	0.000000
-0.572591	0.833798	0.000000
0.003757	-0.582835	0.000000
-0.113519	-0.652911	0.000000
-0.409107	-0.463690	0.000000
-0.282345	0.289623	0.000000
-0.282691	0.663287	0.000000
-0.294199	0.595905	0.000000
0.044112	-0.057645	0.000000
0.108044	-0.392694	0.000000
-0.888366	0.259670	0.000000
-0.116893	-0.119859	0.000000
-0.498401	-0.291049	0.000000
-0.335062	-0.805717	0.000000
0.088671	0.282321	0.000000
-0.760345	-0.212070	0.000000
-0.184736	0.146791	0.000000
-0.276666	0.569356	0.000000
-0.308604	-0.203430	0.000000
-0.841518	-0.173614	0.000000
0.051198	-0.011348	0.000000
-0.054865	-0.775242	0.000000
-0.281089	0.511523	0.000000
-0.035947	0.203170	0.000000
-0.504178	-0.224142	0.000000
-0.030136	0.511116	0.000000
-0.094580	0.172455	0.000000
-0.292572	-0.400130	0.000000
-0.600515	0.725319	0.000000
-0.011869	0.598729	0.000000
-0.402273	0.161664	0.000000
-0.089582	0.027419	0.000000
-0.346774	-0.469827	0.000000
-0.359009	-0.444720	0.000000
0.048075	-0.266576	0.000000
-0.211348	-0.059066	0.000000
-0.235969	0.234992	0.000000
0.111295	-0.047430	0.000000
-0.409446	0.012687	0.000000
-0.218784	0.372122	0.000000
-0.508709	-0.141600	0.000000
-0.084659	0.191836	0.000000
-0.363673	-0.447106	0.000000
-0.264276	-0.160143	0.000000
-0.213191	0.353425	0.000000
-0.301821	-0.177261	0.000000
-0.129483	-0.579727	0.000000
-0.324583	-0.253575	0.000000
-0.511645	-0.391233	0.000000
-0.567092	-0.361681	0.000000
-0.142213	0.531127	0.000000
-0.648442	0.103495	0.000000
-0.074243	-0.664986	0.000000
-0.513251	-0.635449	0.000000
-0.204573	-0.555614	0.000000
-0.552595	-0.426972	0.000000
-0.200353	-0.389959	0.000000
-0.438207	0.096499	0.000000
-0.563704	0.425350	0.000000
-0.268978	0.643551	0.000000
-0.594783	-0.154998	0.000000
-0.474872	-0.637344	0.000000
-0.011606	-0.656636	0.000000
-0.083827	0.293393	0.000000
0.029274	-0.050570	0.000000
-0.232523	0.195246	0.000000
-0.476764	-0.427426	0.000000
-0.600888	-0.208852	0.000000
-0.015124	0.332140	0.000000
-0.223464	-0.487086	0.000000
0.144602	-0.184192	0.000000
0.103364	-0.083569	0.000000
-0.257641	0.759044	0.000000
-0.237088	-0.281030	0.000000
-0.681437	-0.141034	0.000000
-0.526831	0.430492	0.000000
-0.300152	0.493285	0.000000
-0.697597	0.653843	0.000000
0.006465	0.347485	0.000000
-0.395479	-0.464102	0.000000
-0.296193	-0.344725	0.000000
-0.253144	-0.231016	0.000000
-0.926399	-0.663252	0.000000
0.132975	-0.165308	0.000000
-0.042747	0.436343	0.000000
-0.277456	-0.722726	0.000000
-0.264392	0.640951	0.000000
-0.099551	0.159456	0.000000
0.100895	-0.053689	0.000000
-0.070431	0.414234	0.000000
-0.044641	-0.708109	0.000000
-0.224929	0.400903	0.000000
-0.388914	0.840923	0.000000
0.111005	-0.098095	0.000000
-0.481558	0.437771	0.000000
-0.088033	0.541117	0.000000
0.072081	-0.509510	0.000000
-0.532015	0.442172	0.000000
-0.457162	0.272557	0.000000
-0.323716	0.337475	0.000000
0.089176	-0.047080	0.000000
-0.558694	-0.068228	0.000000
-0.312727	0.351896	0.000000
-0.005437	0.243061	0.000000
-0.526748	0.384691	0.000000
-0.747417	0.353235	0.000000
-0.338853	-0.357014	0.000000
-0.572246	-0.554166	0.000000
-0.314628	0.786527	0.000000
0.049600	-0.315175	0.000000
-0.383606	-0.675305	0.000000
-0.167687	-0.561092	0.000000
-0.081675	0.134741	0.000000
-0.068577	-0.246462	0.000000
-0.236334	0.320840	0.000000
-0.287121	0.601290	0.000000
-0.891018	-0.676903	0.000000
-0.778623	0.062911	0.000000
-0.426895	-0.769464	0.000000
0.994833	0.058012	0.000000
-0.376527	-0.405991	0.000000
0.964349	0.236278	0.000000
-0.057596	0.301566	0.000000
-0.548750	0.561893	0.000000
0.204450	-0.023836	0.000000
-0.446953	0.125002	0.000000
-0.122852	0.640325	0.000000
-0.140223	0.497587	0.000000
-0.158520	-0.101417	0.000000
-0.542567	0.214604	0.000000
-0.244227	0.038243	0.000000
0.102995	-0.245703	0.000000
-0.286421	0.644065	0.000000
-0.276938	0.557728	0.000000
-0.356505	-0.780713	0.000000
-0.028622	-0.045035	0.000000
-0.304603	-0.321680	0.000000
-0.288973	0.625557	0.000000
-0.075723	-0.350646	0.000000
-0.062267	-0.434665	0.000000
-0.272977	-0.098273	0.000000
-0.288108	-0.399646	0.000000
-0.258230	-0.068708	0.000000
-0.299859	-0.321480	0.000000
-0.209463	0.237742	0.000000
-0.184211	-0.000039	0.000000
0.072635	-0.260428	0.000000
-0.287564	-0.446933	0.000000
-0.171672	0.389355	0.000000
-0.531213	0.361607	0.000000
-0.444170	0.246229	0.000000
-0.025346	0.559735	0.000000
-0.696057	0.326222	0.000000
-0.590552	-0.384963	0.000000
0.071538	-0.420216	0.000000
-0.051055	-0.698686	0.000000
-0.143418	0.412577	0.000000
-0.341120	-0.044020	0.000000
-0.618011	-0.072215	0.000000
0.051341	-0.668598	0.000000
-0.733031	-0.075176	0.000000
-0.449059	-0.103833	0.000000
-0.553669	0.535108	0.000000
0.065985	0.247662	0.000000
-0.014543	0.499178	0.000000
-0.620117	0.358489	0.000000
-0.311764	-0.217525	0.000000
-0.531915	-0.423389	0.000000
-0.680872	-0.317168	0.000000
-0.247401	-0.300252	0.000000
-0.029063	-0.369492	0.000000
-0.655296	0.724547	0.000000
-0.221474	-0.258327	0.000000
0.081395	-0.500716	0.000000
-0.378711	-0.224200	0.000000
-0.385361	0.875206	0.000000
-0.170241	-0.549497	0.000000
-0.268179	0.604317	0.000000
0.114274	0.087463	0.000000
-0.197501	-0.341209	0.000000
0.102770	-0.054357	0.000000
-0.319092	0.734389	0.000000
-0.065027	0.013523	0.000000
-0.636159	-0.509205	0.000000
-0.433376	-0.811652	0.000000
-0.229664	-0.223671	0.000000
-0.383027	-0.423367	0.000000
-0.143978	-0.344781	0.000000
-0.411443	0.180682	0.000000
-0.298609	-0.282537	0.000000
-0.072993	-0.077461	0.000000
0.107972	-0.518317	0.000000
0.989748	0.050563	0.000000
-0.009395	-0.324309	0.000000
0.133327	-0.110473	0.000000
-0.683776	0.898569	0.000000
-0.109474	0.673753	0.000000
-0.555748	0.791499	0.000000
-0.050099	0.691903	0.000000
-0.594913	0.496309	0.000000
0.083507	-0.405578	0.000000
-0.132250	-0.878862	0.000000
-0.637753	0.982619	0.000000
-0.197262	-0.410984	0.000000
-0.294956	0.636063	0.000000
0.094299	0.465012	0.000000
-0.391194	0.429740	0.000000
-0.262767	-0.258791	0.000000
0.139598	-0.076976	0.000000
0.000053	0.471931	0.000000
-0.348904	-0.472822	0.000000
-0.433799	0.248467	0.000000
0.098185	-0.520768	0.000000
0.094116	-0.005192	0.000000
-0.324177	0.815598	0.000000
-0.264843	-0.186447	0.000000
0.973543	0.095219	0.000000
-0.311043	-0.482865	0.000000
-0.365416	-0.208423	0.000000
-0.432445	-0.216717	0.000000
-0.625799	0.964427	0.000000
-0.776341	-0.140875	0.000000
-0.113616	0.143982	0.000000
-0.023552	0.022204	0.000000
-0.014819	-0.444273	0.000000
-0.273217	0.393231	0.000000
-0.356296	-0.314689	0.000000
0.004345	0.365446	0.000000
0.153017	0.014322	0.000000
0.019187	0.498830	0.000000
-0.275104	-0.421976	0.000000
-0.403752	0.694964	0.000000
-0.304158	-0.069277	0.000000
-0.045849	-0.640676	0.000000
-0.254688	-0.123701	0.000000
-0.172062	0.443891	0.000000
-0.260179	-0.378157	0.000000
-0.327260	-0.235608	0.000000
-0.577219	0.389390	0.000000
-0.158670	0.299780	0.000000
-0.141632	-0.418619	0.000000
-0.518495	0.015604	0.000000
-0.528274	0.409070	0.000000
0.199383	-0.051330	0.000000
-0.373717	-0.339562	0.000000
-0.585634	0.418348	0.000000
-0.497945	0.110906	0.000000
-0.252047	-0.355271	0.000000
-0.402989	-0.064197	0.000000
-0.409338	0.217425	0.000000
0.009677	-0.419965	0.000000
-0.268794	0.443293	0.000000
-0.192165	0.517715	0.000000
0.148320	-0.113136	0.000000
-0.253900	-0.280571	0.000000
0.081993	0.452760	0.000000
-0.204402	-0.750338	0.000000
-0.233326	-0.192278	0.000000
-0.347743	0.113992	0.000000
-0.580663	0.482621	0.000000
-0.428624	-0.726391	0.000000
-0.365313	-0.642398	0.000000
-0.242947	-0.354284	0.000000
-0.273849	0.600982	0.000000
-0.057752	-0.280630	0.000000
-0.173382	-0.000001	0.000000
-0.171839	-0.460072	0.000000
-0.058908	-0.730169	0.000000
0.045785	-0.255829	0.000000
-0.316287	-0.215331	0.000000
-0.254160	0.630272	0.000000
-0.365867	0.906577	0.000000
-0.196581	-0.213966	0.000000
-0.030868	0.118254	0.000000
-0.229683	0.096748	0.000000
-0.119444	-0.799209	0.000000
0.026665	-0.029283	0.000000
-0.509669	0.572394	0.000000
-0.109846	0.659651	0.000000
-0.176367	-0.189583	0.000000
-0.268388	-0.383061	0.000000
-0.321195	-0.048898	0.000000
-0.165634	-0.076505	0.000000
-0.062401	0.464845	0.000000
-0.726172	-0.247891	0.000000
-0.914537	-0.533147	0.000000
-0.294598	-0.543440	0.000000
0.079261	-0.215113	0.000000
-0.643143	0.779948	0.000000
0.124307	-0.036895	0.000000
-0.161118	0.203261	0.000000
-0.546607	0.440799	0.000000
-0.141045	0.045022	0.000000
0.045470	0.031854	0.000000
0.051344	0.071541	0.000000
-0.280222	-0.250922	0.000000
-0.658340	0.590877	0.000000
-0.231675	-0.146921	0.000000
-0.138162	-0.233882	0.000000
-0.186753	0.571340	0.000000
-0.146499	0.326793	0.000000
-0.078387	0.576430	0.000000
-0.278609	-0.527762	0.000000
0.031882	0.111754	0.000000
-0.444072	-0.159665	0.000000
-0.154496	-0.324287	0.000000
-0.197795	-0.602670	0.000000
-0.258939	0.643209	0.000000
-0.635474	0.717451	0.000000
-0.316945	-0.550946	0.000000
-0.362743	0.373891	0.000000
-0.664545	-0.013249	0.000000
-0.432112	-0.716825	0.000000
0.011196	-0.156916	0.000000
-0.913977	-0.051959	0.000000
-0.648904	0.768025	0.000000
-0.022761	0.587257	0.000000
-0.247719	-0.005452	0.000000
-0.217970	0.710575	0.000000
0.035584	0.377519	0.000000
-0.640512	0.669128	0.000000
-0.028550	0.294931	0.000000
-0.118374	0.464521	0.000000
-0.214214	-0.732972	0.000000
-0.013686	-0.655877	0.000000
-0.555746	-0.413085	0.000000
-0.035689	-0.014122	0.000000
-0.298131	-0.831528	0.000000
-0.444368	-0.323733	0.000000
-0.036967	-0.002996	0.000000
-0.580120	0.517230	0.000000
0.019050	-0.338846	0.000000
-0.008167	-0.511987	0.000000
-0.023747	0.134298	0.000000
-0.017919	0.361389	0.000000
-0.431780	-0.668629	0.000000
0.079369	-0.115295	0.000000
-0.038862	-0.387322	0.000000
-0.126180	-0.210209	0.000000
0.122900	0.139398	0.000000
-0.591348	-0.125740	0.000000
0.103567	0.023499	0.000000
-0.473840	-0.775192	0.000000
-0.250103	0.366561	0.000000
-0.075488	0.406170	0.000000
0.087999	-0.061795	0.000000
0.103745	-0.483584	0.000000
-0.104033	-0.163345	0.000000
-0.272385	-0.281909	0.000000
-0.272461	0.666578	0.000000
0.148209	0.017803	0.000000
-0.277130	0.523831	0.000000
0.083647	0.453611	0.000000
-0.291629	-0.392896	0.000000
0.142217	0.222561	0.000000
-0.510214	-0.666023	0.000000
0.109245	0.187931	0.000000
-0.043366	0.154703	0.000000
-0.350203	-0.393793	0.000000
-0.003077	-0.065740	0.000000
-0.374618	-0.129039	0.000000
-0.527402	0.483186	0.000000
-0.274473	-0.348607	0.000000
-0.564515	-0.265034	0.000000
-0.265034	-0.302532	0.000000
0.972012	0.403765	0.000000
0.185630	-0.036167	0.000000
-0.029373	-0.664831	0.000000
0.029113	0.474953	0.000000
-0.239346	-0.315377	0.000000
-0.078909	0.436718	0.000000
-0.631313	0.986378	0.000000
-0.268339	0.682735	0.000000
-0.212833	-0.196743	0.000000
-0.498615	0.344615	0.000000
-0.435147	-0.685198	0.000000
-0.031223	-0.509348	0.000000
-0.253418	0.116771	0.000000
-0.404361	0.695663	0.000000
-0.122793	-0.358092	0.000000
-0.357175	-0.132623	0.000000
-0.238614	-0.436988	0.000000
-0.342351	0.849502	0.000000
-0.745874	0.196126	0.000000
0.137250	-0.036944	0.000000
-0.256247	0.562444	0.000000
-0.397216	-0.093502	0.000000
-0.335781	0.762714	0.000000
-0.257956	0.545024	0.000000
-0.252288	0.663507	0.000000
-0.301190	-0.540866	0.000000
-0.426617	-0.686980	0.000000
-0.572842	0.568504	0.000000
-0.304181	-0.816690	0.000000
-0.382338	0.594362	0.000000
-0.597402	0.236947	0.000000
-0.638152	0.513492	0.000000
-0.296072	0.607540	0.000000
-0.840166	-0.091741	0.000000
-0.275787	0.196401	0.000000
-0.428983	0.101618	0.000000
-0.295095	0.676845	0.000000
-0.032632	-0.766182	0.000000
-0.379811	-0.355919	0.000000
-0.038862	0.618704	0.000000
-0.538760	-0.232515	0.000000
-0.664908	-0.058075	0.000000
-0.794052	0.342782	0.000000
-0.012140	-0.671928	0.000000
-0.915404	-0.647191	0.000000
-0.146067	-0.682848	0.000000
-0.605057	0.654684	0.000000
-0.546696	0.479708	0.000000
-0.187636	-0.494773	0.000000
0.172847	0.051344	0.000000
-0.162765	0.422313	0.000000
-0.073676	-0.100605	0.000000
-0.794223	0.178108	0.000000
-0.394201	-0.742404	0.000000
0.979841	0.081067	0.000000
-0.708245	0.613425	0.000000
-0.778202	-0.085979	0.000000
-0.297609	-0.287672	0.000000
-0.599036	0.466198	0.000000
-0.093415	-0.024056	0.000000
-0.008413	-0.364095	0.000000
-0.315203	0.704065	0.000000
0.013342	-0.374711	0.000000
-0.266437	0.675341	0.000000
-0.191949	0.389330	0.000000
-0.258014	-0.421940	0.000000
0.964605	0.063923	0.000000
-0.464837	-0.077720	0.000000
-0.041408	0.596126	0.000000
-0.640464	0.991980	0.000000
-0.322080	-0.191955	0.000000
-0.226049	-0.690099	0.000000
-0.181449	-0.412441	0.000000
-0.934407	-0.613138	0.000000
-0.267921	0.317194	0.000000
-0.232389	-0.432231	0.000000
-0.184581	-0.587866	0.000000
-0.861679	-0.074510	0.000000
-0.648505	0.827871	0.000000
-0.179722	-0.250704	0.000000
-0.414585	-0.356009	0.000000
-0.089503	0.054553	0.000000
-0.393532	-0.635321	0.000000
-0.267233	-0.454141	0.000000
-0.114575	-0.088885	0.000000
-0.333562	-0.752706	0.000000
-0.294475	-0.111352	0.000000
0.023869	-0.376342	0.000000
-0.598307	-0.300617	0.000000
0.154143	-0.002850	0.000000
0.097375	-0.489656	0.000000
-0.119189	0.389769	0.000000
-0.222152	-0.413070	0.000000
0.015713	0.413000	0.000000
-0.709843	0.185077	0.000000
-0.604571	0.933319	0.000000
-0.386967	0.088227	0.000000
0.162556	-0.040453	0.000000
-0.614310	-0.343038	0.000000
-0.251128	0.407184	0.000000
-0.464219	-0.340270	0.000000
-0.603309	0.925548	0.000000
-0.673065	0.682789	0.000000
-0.550588	-0.058086	0.000000
-0.672828	-0.258973	0.000000
-0.444907	-0.284420	0.000000
0.057465	0.202116	0.000000
-0.131493	-0.134099	0.000000
-0.643043	0.708721	0.000000
-0.336437	-0.071796	0.000000
-0.684358	0.486823	0.000000
-0.507053	0.007350	0.000000
-0.308762	-0.875871	0.000000
-0.507877	0.452024	0.000000
-0.436236	0.238397	0.000000
0.002525	0.279637	0.000000
-0.719896	-0.115063	0.000000
-0.285305	-0.418824	0.000000
-0.292186	-0.317933	0.000000
-0.875461	0.129046	0.000000
-0.034603	-0.493912	0.000000
-0.279716	0.278793	0.000000
-0.304163	-0.515610	0.000000
-0.267227	-0.231659	0.000000
0.101587	-0.385656	0.000000
-0.163226	-0.499357	0.000000
-0.048759	-0.679789	0.000000
-0.401484	0.804863	0.000000
-0.521136	-0.033635	0.000000
-0.293886	-0.294378	0.000000
-0.260688	-0.487696	0.000000
0.000852	0.244640	0.000000
0.002576	-0.363607	0.000000
-0.802755	0.096546	0.000000
-0.790465	0.283106	0.000000
-0.562110	-0.436447	0.000000
-0.238630	-0.562058	0.000000
0.099130	-0.453384	0.000000
0.114854	-0.499953	0.000000
-0.436390	-0.220302	0.000000
-0.228659	-0.562498	0.000000
-0.216572	0.056855	0.000000
-0.014243	-0.387470	0.000000
-0.284392	0.784473	0.000000
-0.391394	-0.336391	0.000000
-0.263571	-0.340426	0.000000
0.123357	-0.200238	0.000000
-0.618604	-0.490302	0.000000
-0.590219	0.862875	0.000000
-0.654440	0.715145	0.000000
-0.320594	-0.462991	0.000000
-0.061411	0.134322	0.000000
-0.160451	0.603350	0.000000
-0.332979	-0.313166	0.000000
-0.200255	-0.769892	0.000000
0.148152	-0.171119	0.000000
-0.283881	0.211750	0.000000
-0.718118	0.597282	0.000000
0.086590	-0.496193	0.000000
-0.392525	0.425852	0.000000
-0.303223	-0.731833	0.000000
0.082938	-0.183523	0.000000
0.028811	-0.307028	0.000000
-0.366143	-0.001709	0.000000
-0.189947	-0.034244	0.000000
-0.080720	0.346369	0.000000
-0.154141	-0.069957	0.000000
-0.480702	0.018669	0.000000
0.034360	-0.649428	0.000000
-0.413653	-0.085087	0.000000
-0.569833	-0.241448	0.000000
0.042774	-0.098920	0.000000
-0.230676	0.614906	0.000000
-0.287946	-0.620453	0.000000
-0.544626	-0.458765	0.000000
-0.132207	-0.431629	0.000000
-0.058993	-0.128005	0.000000
0.193297	-0.042990	0.000000
-0.156995	0.018081	0.000000
-0.398085	0.017737	0.000000
-0.920098	-0.534452	0.000000
-0.575946	-0.337997	0.000000
-0.552719	-0.568807	0.000000
-0.617760	-0.344560	0.000000
-0.547566	-0.292360	0.000000
-0.892334	0.128501	0.000000
-0.149261	0.517719	0.000000
-0.166265	-0.028124	0.000000
-0.029998	0.328888	0.000000
-0.076240	0.523194	0.000000
-0.348540	-0.292435	0.000000
0.033574	0.090732	0.000000
-0.061629	0.238652	0.000000
-0.203487	0.358844	0.000000
-0.552775	-0.084994	0.000000
-0.718600	-0.091148	0.000000
-0.643529	0.565518	0.000000
0.969442	0.338939	0.000000
0.089504	-0.462497	0.000000
0.080953	0.338755	0.000000
-0.446889	-0.432265	0.000000
-0.745050	0.262880	0.000000
-0.484584	-0.642861	0.000000
-0.402843	-0.052009	0.000000
-0.754576	-0.163238	0.000000
-0.675798	-0.191761	0.000000
-0.331592	-0.109928	0.000000
-0.517295	-0.590620	0.000000
-0.099089	0.053333	0.000000
-0.274310	-0.438104	0.000000
-0.162332	-0.002191	0.000000
0.078133	-0.193127	0.000000
-0.383453	-0.049573	0.000000
-0.721524	-0.274650	0.000000
-0.924677	0.364956	0.000000
-0.294039	-0.217478	0.000000
-0.355668	-0.060559	0.000000
-0.519501	0.339696	0.000000
-0.120152	-0.140317	0.000000
-0.148386	0.125371	0.000000
-0.175591	0.613874	0.000000
-0.616954	0.363299	0.000000
-0.141688	-0.131168	0.000000
-0.119048	-0.310925	0.000000
-0.372094	0.444644	0.000000
0.962884	0.377884	0.000000
0.032685	0.315539	0.000000
-0.238022	-0.375106	0.000000
-0.128272	0.427026	0.000000
-0.321341	-0.235218	0.000000
-0.284870	0.371875	0.000000
-0.022953	0.190482	0.000000
-0.686101	0.818125	0.000000
-0.258369	0.670089	0.000000
-0.671527	0.529168	0.000000
-0.411085	0.741657	0.000000
-0.283068	-0.622890	0.000000
-0.244337	0.022124	0.000000
-0.066833	0.068426	0.000000
-0.004120	-0.704617	0.000000
0.198381	0.001060	0.000000
-0.000299	-0.417958	0.000000
-0.225197	-0.386670	0.000000
-0.168586	-0.427989	0.000000
-0.623701	0.430963	0.000000
-0.340808	0.181560	0.000000
-0.474896	-0.735420	0.000000
-0.396558	-0.699986	0.000000
-0.664205	0.748561	0.000000
-0.494291	-0.777837	0.000000
-0.320729	-0.452968	0.000000
-0.629677	-0.395246	0.000000
-0.660231	0.850884	0.000000
-0.017485	0.598808	0.000000
-0.174779	-0.433606	0.000000
-0.641504	0.835168	0.000000
-0.228459	-0.324091	0.000000
-0.187533	0.666943	0.000000
-0.077786	-0.358228	0.000000
-0.621840	0.316232	0.000000
-0.093666	0.674201	0.000000
-0.433850	0.238177	0.000000
0.125693	0.373793	0.000000
0.052132	-0.220982	0.000000
-0.004458	0.249032	0.000000
-0.327632	-0.344846	0.000000
-0.165611	0.307361	0.000000
-0.617173	0.509728	0.000000
-0.583611	-0.600832	0.000000
-0.353897	-0.591766	0.000000
-0.206437	-0.588605	0.000000
0.094389	-0.127077	0.000000
-0.245011	-0.253779	0.000000
-0.345246	-0.249581	0.000000
-0.283666	-0.471115	0.000000
0.044143	0.026980	0.000000
-0.710814	0.642891	0.000000
-0.110671	0.286925	0.000000
-0.344484	-0.848059	0.000000
-0.062998	0.408175	0.000000
-0.550110	0.643471	0.000000
-0.154316	0.497999	0.000000
0.089954	0.136012	0.000000
-0.286787	-0.255649	0.000000
-0.287469	-0.023070	0.000000
-0.061124	0.466102	0.000000
-0.314298	-0.121309	0.000000
0.062487	0.054217	0.000000
-0.137561	-0.453343	0.000000
-0.574644	0.493687	0.000000
-0.099480	0.001214	0.000000
-0.127049	0.546837	0.000000
-0.553630	-0.455165	0.000000
-0.145440	-0.424112	0.000000
-0.322825	0.667312	0.000000
-0.008882	0.554940	0.000000
-0.097168	0.291173	0.000000
0.047363	-0.665610	0.000000
-0.209074	-0.765452	0.000000
-0.790304	0.605152	0.000000
-0.341089	0.012816	0.000000
-0.579486	0.596134	0.000000
-0.286305	-0.355178	0.000000
-0.787626	0.183647	0.000000
-0.172899	-0.593579	0.000000
-0.524554	0.200940	0.000000
-0.390779	0.417946	0.000000
-0.409911	0.032101	0.000000
-0.306302	-0.677110	0.000000
-0.024746	0.561424	0.000000
-0.622540	0.782917	0.000000
0.145986	0.164121	0.000000
-0.922207	-0.038574	0.000000
-0.747743	-0.244339	0.000000
0.061103	-0.318080	0.000000
-0.247114	-0.323123	0.000000
-0.371840	-0.664529	0.000000
0.035696	-0.637124	0.000000
0.071001	-0.489311	0.000000
-0.134909	0.552390	0.000000
-0.172551	-0.033947	0.000000
-0.024440	0.567390	0.000000
-0.079094	0.477021	0.000000
-0.097193	0.359877	0.000000
-0.049018	-0.715040	0.000000
-0.132948	-0.274898	0.000000
0.025378	-0.420479	0.000000
0.026886	0.528757	0.000000
-0.738040	0.269839	0.000000
-0.400804	-0.155564	0.000000
-0.495555	0.548796	0.000000
-0.200409	0.319092	0.000000
-0.188511	0.674253	0.000000
-0.405394	0.140753	0.000000
-0.214481	0.337569	0.000000
0.126345	0.241863	0.000000
-0.363234	0.912326	0.000000
-0.068615	0.236382	0.000000
-0.212290	-0.284092	0.000000
0.197987	-0.108687	0.000000
-0.134425	-0.477627	0.000000
-0.159317	-0.296734	0.000000
-0.538961	-0.414335	0.000000
-0.798009	0.316894	0.000000
-0.367277	-0.215831	0.000000
-0.359658	-0.054199	0.000000
-0.045105	-0.711579	0.000000
-0.430875	0.221477	0.000000
0.150017	0.046051	0.000000
-0.529945	0.012976	0.000000
-0.275870	-0.308595	0.000000
-0.249619	-0.161151	0.000000
-0.218110	-0.069898	0.000000
-0.712717	0.607204	0.000000
-0.638029	0.687655	0.000000
0.112807	0.115260	0.000000
-0.026581	0.384515	0.000000
-0.188988	-0.021723	0.000000
-0.941595	0.056231	0.000000
-0.800723	0.353149	0.000000
-0.301632	0.350014	0.000000
-0.040634	-0.777236	0.000000
-0.135463	-0.846911	0.000000
-0.900787	0.096673	0.000000
-0.829703	-0.203472	0.000000
0.001313	0.073408	0.000000
0.017530	0.072596	0.000000
-0.225666	-0.203460	0.000000
-0.361812	-0.217288	0.000000
-0.763171	0.244077	0.000000
-0.207630	-0.305282	0.000000
-0.740570	0.252527	0.000000
-0.193463	-0.330677	0.000000
-0.286696	-0.686459	0.000000
-0.586592	-0.409753	0.000000
-0.039338	-0.640100	0.000000
-0.676713	0.681431	0.000000
0.041612	-0.354813	0.000000
-0.287357	-0.356223	0.000000
-0.499322	0.655772	0.000000
-0.389332	-0.242682	0.000000
-0.434260	-0.226930	0.000000
-0.125851	0.502924	0.000000
-0.627741	-0.463719	0.000000
0.016296	-0.096058	0.000000
-0.497687	-0.290195	0.000000
-0.096724	0.270240	0.000000
0.050987	-0.032218	0.000000
-0.083826	0.191894	0.000000
-0.073687	-0.613338	0.000000
-0.586061	0.360386	0.000000
-0.251001	0.695909	0.000000
-0.385521	0.602516	0.000000
-0.206082	0.229484	0.000000
-0.356788	0.196310	0.000000
0.056832	-0.444444	0.000000
-0.666464	-0.220740	0.000000
-0.294021	-0.547251	0.000000
0.923950	0.490208	0.000000
-0.448191	0.084779	0.000000
-0.325665	-0.500051	0.000000
-0.009991	0.308235	0.000000
-0.649257	0.785761	0.000000
-0.148150	0.214083	0.000000
-0.441856	0.059269	0.000000
0.112201	-0.243510	0.000000
0.075817	0.002787	0.000000
0.089895	-0.099752	0.000000
-0.245941	0.591467	0.000000
0.033194	-0.507628	0.000000
-0.879456	0.142745	0.000000
-0.387079	-0.142490	0.000000
-0.460665	0.116558	0.000000
-0.151229	0.625577	0.000000
-0.265899	-0.565320	0.000000
0.110758	0.453751	0.000000
-0.634777	0.331908	0.000000
0.065066	-0.539152	0.000000
-0.654688	0.687509	0.000000
-0.365035	0.714986	0.000000
-0.443961	0.286845	0.000000
-0.224942	0.689579	0.000000
-0.289340	0.508410	0.000000
-0.377382	0.350666	0.000000
-0.239836	0.043023	0.000000
-0.184282	0.395093	0.000000
0.034720	-0.222965	0.000000
-0.049779	0.490839	0.000000
-0.035274	-0.380450	0.000000
-0.039093	-0.207844	0.000000
-0.217148	0.782767	0.000000
-0.531655	-0.193569	0.000000
-0.718625	0.401611	0.000000
-0.494641	-0.534946	0.000000
-0.277321	-0.663893	0.000000
-0.653495	0.869284	0.000000
-0.158330	0.194165	0.000000
-0.589525	0.601671	0.000000
-0.131000	-0.687813	0.000000
-0.066676	0.621716	0.000000
-0.367317	-0.226489	0.000000
-0.643507	0.969199	0.000000
-0.689939	0.619568	0.000000
-0.270339	-0.313711	0.000000
0.077961	0.485684	0.000000
0.063619	0.478501	0.000000
0.050840	-0.500984	0.000000
-0.239835	0.147525	0.000000
-0.277800	-0.081079	0.000000
-0.590114	0.081326	0.000000
-0.115805	-0.605961	0.000000
-0.354877	-0.412425	0.000000
-0.284367	-0.625710	0.000000
-0.031161	0.538688	0.000000
-0.099063	-0.833770	0.000000
-0.351457	-0.109286	0.000000
-0.181573	-0.189033	0.000000
-0.134410	-0.676786	0.000000
-0.487105	-0.562059	0.000000
-0.192140	0.522995	0.000000
-0.030025	-0.669106	0.000000
-0.315612	-0.193659	0.000000
-0.349572	0.233362	0.000000
-0.248413	-0.418901	0.000000
-0.318319	0.544407	0.000000
-0.291846	-0.689234	0.000000
-0.225559	-0.226946	0.000000
-0.045862	0.423273	0.000000
-0.322571	-0.614710	0.000000
-0.373777	-0.266707	0.000000
-0.338054	-0.167786	0.000000
-0.386198	0.150283	0.000000
-0.304263	-0.623129	0.000000
-0.202378	-0.154984	0.000000
0.077541	-0.008096	0.000000
-0.718230	-0.197534	0.000000
0.035656	-0.612407	0.000000
-0.671588	0.684005	0.000000
-0.419951	0.040242	0.000000
-0.563700	0.192503	0.000000
-0.515161	-0.222100	0.000000
-1.000000	-0.502706	0.000000
-0.509292	-0.300903	0.000000
-0.754504	-0.009723	0.000000
-0.269894	-0.361531	0.000000
-0.920614	0.037874	0.000000
-0.072851	0.499629	0.000000
0.051376	-0.503387	0.000000
-0.437053	-0.212804	0.000000
-0.326594	-0.072501	0.000000
-0.082203	-0.075107	0.000000
-0.276459	-0.556935	0.000000
-0.150424	-0.754388	0.000000
-0.285444	-0.333905	0.000000
-0.349719	-0.155159	0.000000
-0.259276	0.365350	0.000000
-0.129813	-0.340618	0.000000
-0.239847	-0.585133	0.000000
-0.929497	-0.657764	0.000000
-0.214275	0.303099	0.000000
-0.668849	0.417724	0.000000
-0.475915	-0.750179	0.000000
-0.934810	-0.639576	0.000000
-0.284343	-0.565263	0.000000
-0.141478	-0.035402	0.000000
-0.271694	-0.462330	0.000000
-0.305762	0.145421	0.000000
-0.042853	0.543808	0.000000
-0.124547	0.720069	0.000000
-0.002294	-0.342307	0.000000
-0.185264	0.539074	0.000000
-0.578854	-0.200736	0.000000
-0.258640	0.318151	0.000000
-0.631430	-0.399215	0.000000
-0.355092	0.294116	0.000000
-0.217452	-0.446413	0.000000
-0.477273	-0.148314	0.000000
-0.381657	0.603375	0.000000
-0.606597	0.923957	0.000000
-0.676533	0.154819	0.000000
-0.080653	0.484212	0.000000
-0.252626	-0.098598	0.000000
-0.404390	0.129000	0.000000
-0.165954	-0.078793	0.000000
-0.282035	-0.068038	0.000000
0.068705	-0.541046	0.000000
-0.341354	-0.196560	0.000000
-0.328015	0.283053	0.000000
-0.010530	-0.402998	0.000000
-0.285155	-0.380398	0.000000
-0.267895	-0.300806	0.000000
-0.307523	0.198520	0.000000
-0.264313	-0.127744	0.000000
-0.598631	0.888290	0.000000
-0.441217	-0.246180	0.000000
-0.361637	-0.099215	0.000000
-0.285879	0.468200	0.000000
-0.025856	0.567682	0.000000
0.020484	-0.162501	0.000000
-0.310956	-0.352607	0.000000
-0.633691	-0.483007	0.000000
-0.007225	0.289191	0.000000
-0.219178	-0.285164	0.000000
-0.217235	-0.509329	0.000000
0.121533	-0.115382	0.000000
-0.439655	-0.710583	0.000000
0.119619	0.153972	0.000000
0.171635	0.000467	0.000000
-0.038093	-0.766237	0.000000
-0.370140	-0.268381	0.000000
0.070762	-0.155989	0.000000
-0.397563	-0.041279	0.000000
-0.000354	0.289247	0.000000
-0.552288	0.427678	0.000000
-0.578915	0.517818	0.000000
-0.439903	-0.012367	0.000000
-0.224577	0.208350	0.000000
-0.116157	-0.325585	0.000000
-0.382243	-0.110056	0.000000
-0.400347	-0.684293	0.000000
-0.681510	0.162505	0.000000
-0.525738	-0.683599	0.000000
-0.361680	-0.661457	0.000000
-0.256428	0.015038	0.000000
-0.419168	0.109945	0.000000
-0.642030	-0.371608	0.000000
-0.657193	0.513419	0.000000
-0.058755	-0.000445	0.000000
-0.067392	0.349809	0.000000
-0.044086	0.479714	0.000000
0.070483	-0.318363	0.000000
-0.042916	-0.269058	0.000000
-0.377445	0.738423	0.000000
-0.016552	-0.332721	0.000000
-0.023934	-0.099007	0.000000
-0.743751	-0.106153	0.000000
-0.333266	-0.267421	0.000000
-0.094575	0.242421	0.000000
-0.144778	0.495425	0.000000
-0.570566	-0.375190	0.000000
-0.475837	0.382979	0.000000
-0.430078	0.022362	0.000000
-0.165023	0.360785	0.000000
-0.368975	-0.566345	0.000000
-0.814951	-0.198216	0.000000
-0.314595	-0.067521	0.000000
-0.419702	-0.209528	0.000000
-0.226220	-0.451729	0.000000
-0.053655	0.433869	0.000000
-0.576944	0.638829	0.000000
-0.658479	-0.350183	0.000000
-0.292532	-0.271789	0.000000
-0.342198	0.751780	0.000000
-0.581301	0.862188	0.000000
-0.270808	-0.343912	0.000000
-0.690228	0.457625	0.000000
-0.194141	0.399134	0.000000
-0.128677	0.546413	0.000000
0.063927	-0.502735	0.000000
-0.188885	-0.129896	0.000000
-0.300468	-0.730515	0.000000
-0.301570	-0.868049	0.000000
-0.268402	0.646997	0.000000
-0.275525	0.454217	0.000000
-0.373434	0.889852	0.000000
-0.216864	-0.450820	0.000000
-0.127241	-0.373033	0.000000
-0.702551	0.702780	0.000000
-0.583602	-0.415740	0.000000
-0.366755	-0.129646	0.000000
-0.435002	-0.163953	0.000000
0.101525	-0.169588	0.000000
-0.544432	-0.270916	0.000000
-0.149569	-0.059047	0.000000
-0.008521	-0.592919	0.000000
-0.208810	-0.322378	0.000000
0.188016	-0.011595	0.000000
0.128679	-0.176248	0.000000
-0.036422	0.654007	0.000000
-0.130008	-0.762984	0.000000
-0.155978	0.065284	0.000000
-0.411736	0.108885	0.000000
-0.029285	0.343885	0.000000
-0.386441	-0.656678	0.000000
-0.504843	-0.030083	0.000000
-0.251660	0.759879	0.000000
-0.304519	-0.513070	0.000000
-0.788579	-0.011241	0.000000
-0.261573	0.600214	0.000000
-0.230679	-0.583696	0.000000
-0.297205	0.215789	0.000000
-0.238543	0.713054	0.000000
-0.001477	0.410633	0.000000
-0.080739	-0.590407	0.000000
0.085255	-0.569197	0.000000
-0.652101	0.752691	0.000000
-0.102564	-0.275874	0.000000
-0.029876	0.131136	0.000000
-0.129186	0.660178	0.000000
-0.882778	0.251893	0.000000
-0.390265	0.739162	0.000000
-0.285352	-0.762571	0.000000
-0.314935	0.519005	0.000000
-0.722655	0.112348	0.000000
-0.433306	-0.182285	0.000000
-0.045980	-0.481022	0.000000
-0.509163	-0.337249	0.000000
-0.335528	0.493140	0.000000
-0.159918	-0.553405	0.000000
0.095186	-0.384772	0.000000
-0.415764	-0.413608	0.000000
0.026493	0.488291	0.000000
-0.168546	-0.601758	0.000000
-0.469632	-0.344737	0.000000
-0.559740	-0.234185	0.000000
-0.296829	0.542006	0.000000
-0.475487	-0.220270	0.000000
0.077073	-0.478836	0.000000
-0.612466	0.724785	0.000000
-0.224008	0.206030	0.000000
0.032159	0.258694	0.000000
-0.426903	0.236143	0.000000
0.023178	-0.420249	0.000000
0.010635	0.090249	0.000000
-0.705668	0.098016	0.000000
-0.596546	-0.489184	0.000000
-0.359492	-0.564168	0.000000
-0.647738	-0.119007	0.000000
-0.072079	0.382630	0.000000
-0.684114	-0.088210	0.000000
-0.968658	-0.568152	0.000000
-0.303650	-0.218250	0.000000
-0.558530	0.567590	0.000000
-0.274197	-0.255331	0.000000
-0.553444	0.758133	0.000000
-0.172244	-0.035371	0.000000
-0.543454	0.526975	0.000000
-0.169645	-0.084634	0.000000
-0.109115	0.475245	0.000000
-0.276041	-0.669291	0.000000
-0.618009	0.438384	0.000000
-0.398436	0.316766	0.000000
-0.555184	-0.454158	0.000000
-0.574257	0.567592	0.000000
-0.435306	-0.233261	0.000000
0.039176	-0.496138	0.000000
-0.682651	0.667147	0.000000
-0.358731	-0.065140	0.000000
-0.272833	-0.459857	0.000000
-0.284799	-0.406736	0.000000
-0.315768	-0.223621	0.000000
-0.573843	0.020341	0.000000
-0.498464	-0.744775	0.000000
-0.283879	-0.313798	0.000000
-0.635256	-0.120048	0.000000
-0.436813	-0.585153	0.000000
-0.228580	-0.561313	0.000000
-0.177336	0.044505	0.000000
0.083532	-0.056268	0.000000
-0.248588	0.071044	0.000000
-0.524865	-0.417391	0.000000
-0.624106	-0.501984	0.000000
-0.264607	0.253871	0.000000
-0.205454	-0.633939	0.000000
-0.579057	0.583943	0.000000
-0.246411	-0.484515	0.000000
-0.276323	0.262371	0.000000
0.055738	0.406281	0.000000
-0.286174	-0.561005	0.000000
-0.847990	-0.071985	0.000000
-0.175811	-0.693853	0.000000
-0.384976	-0.342441	0.000000
-0.582813	0.792992	0.000000
-0.317682	0.087227	0.000000
-0.484616	-0.771365	0.000000
-0.784687	0.147668	0.000000
-0.116030	0.428984	0.000000
-0.353911	-0.792384	0.000000
0.075042	-0.542984	0.000000
-0.270523	0.584436	0.000000
-0.416423	-0.787342	0.000000
-0.144302	-0.461860	0.000000
-0.181492	-0.054702	0.000000
-0.102670	0.282629	0.000000
-0.302000	0.284079	0.000000
-0.898704	0.092861	0.000000
0.015676	-0.267806	0.000000
-0.489592	-0.638360	0.000000
0.041025	-0.197255	0.000000
-0.312077	-0.474764	0.000000
0.071468	-0.359921	0.000000
-0.316436	-0.345273	0.000000
0.052315	-0.338709	0.000000
0.972610	0.065546	0.000000
-0.334830	-0.165416	0.000000
-0.742467	0.104529	0.000000
-0.500948	-0.655010	0.000000
-0.459604	0.063691	0.000000
0.107416	-0.039918	0.000000
-0.315795	-0.031636	0.000000
-0.376264	-0.684251	0.000000
-0.288269	0.692473	0.000000
-0.479427	-0.767836	0.000000
-0.436698	-0.054980	0.000000
-0.256667	-0.350071	0.000000
-0.158966	-0.712067	0.000000
-0.517106	0.545466	0.000000
-0.219196	-0.657748	0.000000
-0.359566	-0.231873	0.000000
-0.294593	-0.607881	0.000000
0.137039	-0.088001	0.000000
-0.113003	-0.454927	0.000000
-0.552916	0.611293	0.000000
-0.502111	-0.395039	0.000000
-0.015672	0.084411	0.000000
-0.066760	0.572902	0.000000
-0.080901	-0.123249	0.000000
-0.218590	-0.013165	0.000000
-0.389646	-0.099395	0.000000
0.040111	0.100219	0.000000
-0.069977	0.194133	0.000000
-0.304677	-0.243360	0.000000
-0.649052	0.392978	0.000000
-0.342126	-0.241668	0.000000
-0.360097	-0.198098	0.000000
-0.119550	-0.349094	0.000000
-0.365163	-0.200110	0.000000
-0.268559	-0.161437	0.000000
-0.277065	0.421881	0.000000
-0.508540	0.135675	0.000000
-0.197384	0.026415	0.000000
-0.024579	-0.320737	0.000000
-0.009984	-0.342071	0.000000
-0.248304	-0.260272	0.000000
-0.140180	-0.751816	0.000000
-0.500873	-0.231498	0.000000
-0.580816	0.557183	0.000000
-0.416628	-0.215564	0.000000
-0.219525	-0.171829	0.000000
0.110691	0.344450	0.000000
-0.179015	0.514878	0.000000
-0.318437	-0.884222	0.000000
-0.314634	-0.223997	0.000000
-0.136830	0.059097	0.000000
-0.192849	0.484840	0.000000
-0.805405	0.103618	0.000000
0.037681	-0.455673	0.000000
-0.201041	0.428819	0.000000
-0.316365	0.412805	0.000000
-0.619007	0.818402	0.000000
0.067607	-0.217921	0.000000
-0.082791	-0.059987	0.000000
-0.114369	0.559523	0.000000
-0.262884	-0.721658	0.000000
0.067891	0.146859	0.000000
-0.084797	-0.790313	0.000000
0.002634	-0.280957	0.000000
-0.296279	-0.394145	0.000000
-0.020850	-0.450229	0.000000
-0.381110	0.296577	0.000000
-0.331771	-0.563784	0.000000
0.060046	-0.070487	0.000000
-0.301398	-0.004931	0.000000
-0.186127	-0.467562	0.000000
-0.260635	0.072485	0.000000
-0.342624	-0.633377	0.000000
-0.066052	0.257288	0.000000
-0.038849	-0.314617	0.000000
-0.637572	1.000000	0.000000
-0.021378	-0.440446	0.000000
-0.332260	0.736772	0.000000
0.065773	-0.512790	0.000000
0.088673	-0.044751	0.000000
-0.554690	-0.410917	0.000000
-0.393868	-0.751998	0.000000
-0.460812	-0.411048	0.000000
0.037152	-0.679783	0.000000
0.193318	-0.018560	0.000000
-0.501171	0.440029	0.000000
-0.917498	-0.527456	0.000000
0.114406	-0.013878	0.000000
-0.597959	0.056676	0.000000
-0.563068	-0.212982	0.000000
-0.094252	0.383189	0.000000
-0.364020	-0.001080	0.000000
-0.632984	-0.487827	0.000000
0.133383	-0.055603	0.000000
-0.142941	-0.011085	0.000000
-0.693469	0.040180	0.000000
-0.572626	0.585527	0.000000
-0.296440	0.066941	0.000000
-0.027522	-0.082605	0.000000
-0.752124	-0.225321	0.000000
0.067311	-0.047685	0.000000
-0.411086	0.781074	0.000000
-0.698642	0.664843	0.000000
-0.265716	-0.198094	0.000000
0.043182	0.204675	0.000000
-0.606632	0.528821	0.000000
-0.227253	-0.567240	0.000000
0.129172	-0.059597	0.000000
-0.430505	0.282495	0.000000
0.079298	-0.257163	0.000000
-0.206450	-0.604654	0.000000
-0.285068	0.497647	0.000000
-0.072002	0.299515	0.000000
0.057309	-0.396627	0.000000
-0.399248	0.221623	0.000000
-0.246032	-0.339701	0.000000
-0.205497	-0.112094	0.000000
0.065271	-0.102756	0.000000
-0.845051	-0.135933	0.000000
-0.496640	0.255245	0.000000
-0.914819	-0.045220	0.000000
-0.744369	-0.065640	0.000000
-0.844588	0.074626	0.000000
-0.035724	0.608410	0.000000
-0.249583	-0.032554	0.000000
-0.266516	-0.164361	0.000000
-0.128766	0.710468	0.000000
-0.240395	0.336999	0.000000
-0.638805	-0.479571	0.000000
-0.505910	0.694202	0.000000
-0.362052	0.291974	0.000000
-0.271630	-0.481586	0.000000
-0.021965	0.281099	0.000000
-0.217835	0.604068	0.000000
-0.151557	-0.326070	0.000000
-0.272419	0.405481	0.000000
0.073508	-0.406467	0.000000
-0.112117	0.158557	0.000000
0.140585	-0.116898	0.000000
0.069757	-0.395047	0.000000
-0.165200	0.291402	0.000000
-0.489834	-0.221302	0.000000
-0.209219	0.496378	0.000000
-0.281357	-0.479176	0.000000
-0.535427	0.358530	0.000000
-0.632996	0.750958	0.000000
-0.212846	-0.348243	0.000000
-0.468008	-0.634587	0.000000
-0.293996	-0.070150	0.000000
-0.003198	0.485092	0.000000
-0.281214	-0.364630	0.000000
-0.294163	0.168766	0.000000
0.076908	0.269710	0.000000
0.070788	-0.083076	0.000000
-0.307969	-0.368687	0.000000
-0.392170	-0.192037	0.000000
-0.319873	-0.414426	0.000000
-0.195515	-0.422792	0.000000
0.970511	-0.066905	0.000000
0.017732	-0.031681	0.000000
-0.259129	-0.304394	0.000000
-0.085202	-0.270904	0.000000
0.965393	0.071864	0.000000
-0.010467	-0.453544	0.000000
0.070560	0.123523	0.000000
-0.362514	0.671576	0.000000
-0.640714	-0.409259	0.000000
-0.046082	0.358845	0.000000
0.003557	-0.691218	0.000000
-0.628517	0.350109	0.000000
-0.022220	-0.097512	0.000000
-0.011404	-0.347324	0.000000
-0.274467	-0.249888	0.000000
-0.381785	-0.649444	0.000000
-0.381918	0.898621	0.000000
-0.031925	0.410278	0.000000
0.149926	0.205993	0.000000
-0.445459	-0.288674	0.000000
-0.288088	-0.257910	0.000000
-0.269081	-0.261908	0.000000
-0.305406	0.479952	0.000000
0.000215	-0.106840	0.000000
0.159275	0.161681	0.000000
-0.348605	0.528788	0.000000
-0.582982	0.597411	0.000000
-0.077845	0.340199	0.000000
-0.198014	0.307340	0.000000
-0.723471	0.390239	0.000000
-0.100436	0.656638	0.000000
0.038013	-0.417502	0.000000
-0.373341	-0.148773	0.000000
-0.273561	0.720073	0.000000
-0.650334	0.596211	0.000000
-0.285375	-0.338015	0.000000
-0.630841	0.321728	0.000000
-0.420313	-0.753581	0.000000
-0.025523	0.604338	0.000000
0.079825	-0.422099	0.000000
-0.075392	0.230042	0.000000
-0.370411	-0.359515	0.000000
-0.355352	-0.806352	0.000000
0.074488	-0.163782	0.000000
-0.594717	0.910576	0.000000
-0.296670	0.664776	0.000000
-0.633121	0.762609	0.000000
-0.190339	0.558417	0.000000
-0.297506	-0.448027	0.000000
-0.209163	0.627058	0.000000
-0.739212	0.079880	0.000000
-0.577301	0.707222	0.000000
-0.437537	-0.006453	0.000000
-0.896877	0.011779	0.000000
-0.407401	-0.229632	0.000000
-0.231452	-0.220181	0.000000
0.052854	-0.048204	0.000000
-0.355904	0.698072	0.000000
-0.338385	-0.829705	0.000000
-0.129470	0.208537	0.000000
0.073422	0.384173	0.000000
0.195928	-0.074365	0.000000
-0.369545	-0.001927	0.000000
-0.619002	-0.468650	0.000000
-0.576402	0.467751	0.000000
-0.311908	-0.678476	0.000000
-0.125033	-0.337001	0.000000
0.098537	0.273694	0.000000
-0.232339	-0.515806	0.000000
-0.035098	-0.432951	0.000000
-0.255502	0.318397	0.000000
-0.544842	-0.499398	0.000000
-0.256060	-0.468971	0.000000
-0.689631	0.825453	0.000000
-0.107751	0.380409	0.000000
0.105587	-0.374024	0.000000
-0.920063	-0.532388	0.000000
-0.248828	0.320954	0.000000
-0.384487	-0.230348	0.000000
-0.302005	-0.789656	0.000000
-0.277452	-0.783111	0.000000
-0.236329	-0.609147	0.000000
-0.371287	-0.212618	0.000000
0.145388	-0.238319	0.000000
-0.156709	-0.632865	0.000000
-0.708392	0.628299	0.000000
-0.637728	0.956819	0.000000
0.002049	0.329218	0.000000
-0.101261	0.087000	0.000000
-0.192565	-0.177162	0.000000
-0.659639	-0.351041	0.000000
0.016943	-0.666745	0.000000
-0.348226	-0.349929	0.000000
-0.706620	0.718704	0.000000
0.188509	-0.112270	0.000000
0.005931	-0.054537	0.000000
0.067355	-0.440813	0.000000
-0.639201	0.984593	0.000000
-0.273811	-0.302306	0.000000
-0.320166	0.688299	0.000000
-0.205161	0.489740	0.000000
-0.285385	-0.462968	0.000000
0.041969	0.267032	0.000000
-0.372876	-0.242970	0.000000
0.001450	0.329330	0.000000
-0.587489	0.885831	0.000000
-0.239623	-0.179903	0.000000
-0.899885	-0.653915	0.000000
-0.217128	0.491193	0.000000
-0.353415	0.195433	0.000000
-0.249039	-0.495406	0.000000
0.114183	-0.146045	0.000000
-0.630361	-0.259120	0.000000
-0.184566	0.479106	0.000000
-0.381338	0.145784	0.000000
-0.328803	-0.319342	0.000000
-0.558992	0.743650	0.000000
-0.077831	-0.334761	0.000000
-0.307868	-0.210533	0.000000
-0.493132	-0.443596	0.000000
-0.025332	0.013871	0.000000
0.014203	0.243600	0.000000
0.015058	0.547731	0.000000
-0.531802	0.595535	0.000000
-0.247310	0.018128	0.000000
0.107883	0.130112	0.000000
-0.268578	-0.461314	0.000000
-0.163296	0.596108	0.000000
-0.335535	0.807072	0.000000
-0.435609	0.128691	0.000000
-0.350436	-0.499440	0.000000
-0.405238	0.308425	0.000000
-0.226419	0.321036	0.000000
0.048342	0.518715	0.000000
-0.273506	-0.448724	0.000000
-0.524805	-0.436835	0.000000
0.201592	-0.071247	0.000000
-0.705894	0.627949	0.000000
-0.440558	0.274219	0.000000
0.056156	-0.662736	0.000000
-0.006822	-0.066629	0.000000
-0.005298	-0.451903	0.000000
-0.762386	-0.015755	0.000000
-0.466227	-0.011181	0.000000
-0.137702	-0.552776	0.000000
-0.177180	0.140305	0.000000
-0.899918	-0.039121	0.000000
0.109534	-0.492404	0.000000
-0.292837	-0.239026	0.000000
-0.072966	-0.584226	0.000000
-0.056509	-0.739068	0.000000
-0.133038	-0.145330	0.000000
-0.172457	0.335451	0.000000
-0.556500	0.576633	0.000000
-0.314971	-0.624848	0.000000
-0.339229	-0.448005	0.000000
-0.336723	0.700358	0.000000
-0.333754	-0.386559	0.000000
-0.270277	-0.314770	0.000000
-0.269365	0.684688	0.000000
-0.190023	0.494712	0.000000
-0.087774	0.254994	0.000000
-0.370148	0.280847	0.000000
-0.269509	-0.270704	0.000000
-0.243711	-0.201095	0.000000
-0.908075	-0.519805	0.000000
-0.022305	-0.469851	0.000000
-0.274565	-0.513950	0.000000
-0.291769	-0.157117	0.000000
-0.211020	0.683211	0.000000
-0.265923	-0.074551	0.000000
-0.645864	0.548545	0.000000
0.129550	-0.179258	0.000000
-0.518383	0.482421	0.000000
-0.752608	-0.223053	0.000000
-0.291774	-0.278448	0.000000
-0.338285	0.755760	0.000000
-0.372305	0.872854	0.000000
-0.082917	0.485201	0.000000
-0.481212	-0.778662	0.000000
-0.110640	0.436881	0.000000
-0.333896	0.775635	0.000000
-0.384181	0.007708	0.000000
-0.591862	0.474796	0.000000
-0.259779	-0.698893	0.000000
-0.479727	-0.401491	0.000000
-0.017266	0.095718	0.000000
0.135632	0.017552	0.000000
-0.133200	0.546999	0.000000
-0.338877	0.299254	0.000000
-0.250451	0.099955	0.000000
-0.573334	0.359931	0.000000
-0.538180	-0.067926	0.000000
-0.367772	0.349693	0.000000
0.095000	-0.149749	0.000000
-0.280053	-0.449555	0.000000
-0.333653	-0.219356	0.000000
-0.435980	-0.812713	0.000000
0.100514	-0.485527	0.000000
-0.082653	-0.055123	0.000000
-0.288907	-0.759597	0.000000
-0.422424	0.294737	0.000000
-0.251172	0.649466	0.000000
-0.262146	-0.159485	0.000000
-0.398078	0.355627	0.000000
0.172367	-0.139018	0.000000
-0.387892	0.179254	0.000000
-0.196084	-0.006901	0.000000
-0.226711	0.037923	0.000000
-0.200536	-0.028450	0.000000
-0.847040	-0.073869	0.000000
-0.437415	-0.738327	0.000000
-0.641143	0.396489	0.000000
-0.322965	-0.412288	0.000000
-0.415462	0.028838	0.000000
0.110380	0.008083	0.000000
-0.202616	-0.644936	0.000000
0.111447	-0.072633	0.000000
0.008440	-0.096657	0.000000
-0.168894	-0.613877	0.000000
-0.454776	-0.300432	0.000000
-0.119536	0.656581	0.000000
-0.051298	-0.503746	0.000000
-0.311747	-0.528309	0.000000
0.084702	0.405808	0.000000
-0.201724	-0.458058	0.000000
-0.332244	0.779417	0.000000
-0.512469	0.164513	0.000000
-0.147305	0.494368	0.000000
0.066243	-0.248763	0.000000
-0.160131	-0.020984	0.000000
-0.279763	-0.504728	0.000000
-0.311858	-0.581242	0.000000
-0.231260	-0.356250	0.000000
-0.384693	0.578234	0.000000
-0.021825	-0.035896	0.000000
-0.793224	0.597411	0.000000
-0.276611	-0.223124	0.000000
0.078431	0.378387	0.000000
-0.201737	0.517746	0.000000
-0.047775	0.401776	0.000000
-0.443110	-0.066572	0.000000
-0.441490	-0.453600	0.000000
0.096053	-0.004534	0.000000
0.188128	-0.010799	0.000000
-0.335243	-0.208493	0.000000
-0.080880	0.516844	0.000000
-0.240974	-0.223977	0.000000
-0.572517	-0.492354	0.000000
-0.249713	-0.137867	0.000000
0.069079	-0.077013	0.000000
0.054562	-0.411651	0.000000
-0.022589	0.491652	0.000000
-0.307186	-0.883593	0.000000
-0.505985	0.716748	0.000000
0.059146	0.100728	0.000000
-0.092343	0.379786	0.000000
-0.222500	0.681947	0.000000
-0.380713	0.292399	0.000000
-0.329063	-0.316434	0.000000
0.028285	-0.017511	0.000000
-0.185834	0.624563	0.000000
-0.407753	-0.293118	0.000000
-0.268555	-0.300404	0.000000
-0.111765	-0.605261	0.000000
-0.270089	-0.138379	0.000000
0.071315	0.249527	0.000000
-0.013600	-0.476454	0.000000
-0.116045	-0.304532	0.000000
-0.880205	0.112667	0.000000
-0.273532	-0.554361	0.000000
-0.172021	0.520653	0.000000
-0.220115	-0.698703	0.000000
-0.802544	0.363894	0.000000
-0.814750	0.012255	0.000000
-0.583666	-0.483774	0.000000
0.040675	0.370115	0.000000
-0.218956	-0.093143	0.000000
-0.178131	-0.168519	0.000000
-0.851492	0.090575	0.000000
-0.113898	-0.983035	0.000000
-0.705334	0.631581	0.000000
-0.420786	0.387066	0.000000
-0.162383	-0.409535	0.000000
-0.206114	-0.147811	0.000000
-0.481826	-0.195364	0.000000
-0.099283	-0.201104	0.000000
-0.434379	-0.510365	0.000000
-0.217890	-0.814877	0.000000
0.116539	0.031438	0.000000
-0.644452	0.958282	0.000000
0.081817	0.269968	0.000000
-0.478611	-0.396227	0.000000
0.010312	-0.574000	0.000000
-0.387192	0.761518	0.000000
-0.503688	-0.461581	0.000000
-0.571440	-0.287834	0.000000
-0.230577	0.468836	0.000000
-0.254097	-0.034756	0.000000
-0.523153	0.721015	0.000000
-0.188413	-0.304346	0.000000
0.033137	0.051652	0.000000
-0.540595	-0.026052	0.000000
-0.000331	0.475506	0.000000
-0.059600	0.356051	0.000000
-0.481817	-0.641521	0.000000
-0.510119	0.329358	0.000000
-0.407407	0.225382	0.000000
-0.175005	0.713014	0.000000
0.049076	-0.297703	0.000000
-0.089125	0.141327	0.000000
-0.075193	-0.788114	0.000000
-0.143433	0.142069	0.000000
-0.237728	0.347590	0.000000
-0.396428	-0.244883	0.000000
-0.337280	-0.241249	0.000000
-0.007311	-0.055254	0.000000
-0.137481	-0.573303	0.000000
-0.529142	0.418609	0.000000
-0.308201	-0.443995	0.000000
-0.519801	-0.389054	0.000000
-0.369576	0.877706	0.000000
-0.423466	0.277793	0.000000
-0.321908	0.417810	0.000000
0.034916	-0.620205	0.000000
-0.337983	0.763250	0.000000
-0.281903	-0.543722	0.000000
0.011951	-0.256193	0.000000
-0.218913	0.602933	0.000000
-0.365648	0.897929	0.000000
0.025624	-0.309836	0.000000
-0.244084	-0.187268	0.000000
-0.108101	-0.684049	0.000000
-0.318663	-0.484152	0.000000
-0.243352	0.678224	0.000000
-0.072713	0.425943	0.000000
0.060232	-0.399068	0.000000
-0.126819	0.659674	0.000000
0.066518	-0.107504	0.000000
-0.020023	-0.128048	0.000000
-0.252741	-0.345012	0.000000
0.036385	0.215980	0.000000
-0.025283	0.206200	0.000000
0.051925	-0.639545	0.000000
0.975966	0.233173	0.000000
-0.209376	-0.569162	0.000000
-0.284956	-0.161590	0.000000
-0.326303	-0.515334	0.000000
-0.265765	0.624255	0.000000
-0.159092	-0.426325	0.000000
-0.532189	0.471040	0.000000
-0.594718	0.032005	0.000000
-0.328414	-0.835503	0.000000
-0.146317	-0.584207	0.000000
-0.052851	0.138524	0.000000
-0.282948	-0.706228	0.000000
-0.352935	0.646618	0.000000
-0.213784	-0.277023	0.000000
-0.254268	-0.317019	0.000000
-0.207912	-0.776664	0.000000
-0.016629	0.420829	0.000000
-0.913016	-0.536749	0.000000
0.028615	-0.403786	0.000000
-0.246969	0.659368	0.000000
-0.512443	0.631326	0.000000
0.075152	-0.414776	0.000000
-0.236866	-0.210127	0.000000
-0.119014	0.054571	0.000000
-0.379916	-0.279652	0.000000
-0.790100	0.627752	0.000000
-0.348226	0.137375	0.000000
-0.248383	0.115849	0.000000
-0.368990	-0.529051	0.000000
0.093131	-0.304210	0.000000
-0.386180	-0.484377	0.000000
0.176288	-0.057916	0.000000
-0.268068	-0.330231	0.000000
-0.129078	0.089125	0.000000
-0.804852	-0.007499	0.000000
-0.572448	-0.346889	0.000000
-0.734775	0.655754	0.000000
0.028181	0.082701	0.000000
-0.287091	-0.836543	0.000000
-0.291868	0.401884	0.000000
-0.059783	-0.025891	0.000000
-0.313103	0.542987	0.000000
-0.185580	-0.213438	0.000000
0.093335	0.381494	0.000000
0.162613	-0.018496	0.000000
-0.219717	0.221043	0.000000
-0.541942	0.545735	0.000000
-0.410954	0.177871	0.000000
-0.363000	-0.303025	0.000000
-0.111714	-0.263790	0.000000
-0.029602	-0.214826	0.000000
-0.363129	0.743709	0.000000
-0.251874	0.726281	0.000000
-0.632504	0.931908	0.000000
-0.401424	-0.240698	0.000000
-0.214286	0.429408	0.000000
-0.375228	0.843864	0.000000
-0.395466	-0.343359	0.000000
-0.043282	-0.377093	0.000000
-0.327206	-0.391490	0.000000
-0.701280	0.491706	0.000000
0.067222	0.109615	0.000000
-0.076488	0.702351	0.000000
-0.120056	0.463775	0.000000
-0.102038	0.299810	0.000000
-0.007896	-0.451955	0.000000
-0.424741	-0.670331	0.000000
-0.343695	-0.573651	0.000000
-0.703654	-0.146472	0.000000
0.003318	-0.611274	0.000000
-0.112585	-0.755200	0.000000
-0.524508	0.551175	0.000000
-0.390613	-0.266513	0.000000
-0.070888	0.419106	0.000000
-0.314906	-0.505340	0.000000
-0.655104	-0.174377	0.000000
-0.907419	-0.678586	0.000000
0.161811	-0.047895	0.000000
-0.155681	0.249432	0.000000
-0.264135	-0.249622	0.000000
-0.868245	0.206026	0.000000
-0.406743	0.293644	0.000000
-0.240844	-0.479300	0.000000
0.044869	-0.694874	0.000000
-0.097236	0.102846	0.000000
-0.287806	-0.499299	0.000000
0.065500	-0.021982	0.000000
0.029655	-0.398426	0.000000
-0.049952	0.269923	0.000000
-0.379450	-0.466038	0.000000
-0.197048	-0.586807	0.000000
0.033825	-0.620838	0.000000
-0.178777	0.651765	0.000000
-0.032725	0.316835	0.000000
0.041552	-0.360039	0.000000
-0.071653	-0.227412	0.000000
-0.485907	0.425675	0.000000
-0.275191	0.167233	0.000000
-0.280111	0.620905	0.000000
0.071559	-0.012931	0.000000
-0.121125	-0.263313	0.000000
-0.024943	0.007893	0.000000
-0.899086	-0.650956	0.000000
0.956953	0.013704	0.000000
-0.645536	0.863103	0.000000
-0.594802	0.467165	0.000000
-0.044915	-0.349022	0.000000
-0.113066	0.375041	0.000000
0.001450	-0.698007	0.000000
-0.672049	0.598420	0.000000
-0.218546	-0.058702	0.000000
-0.200729	-0.069344	0.000000
-0.314947	0.641295	0.000000
-0.449478	-0.751232	0.000000
-0.486877	-0.612680	0.000000
-0.640184	0.984467	0.000000
-0.101654	0.289311	0.000000
-0.345025	-0.243903	0.000000
-0.128363	0.685180	0.000000
-0.526096	0.546583	0.000000
-0.516742	0.552546	0.000000
-0.113300	-0.981745	0.000000
-0.524795	0.554749	0.000000
0.013571	-0.613320	0.000000
0.095488	0.012075	0.000000
-0.092413	0.115950	0.000000
-0.346869	-0.759608	0.000000
-0.289783	0.182133	0.000000
-0.174139	0.599832	0.000000
-0.637641	-0.387656	0.000000
-0.573535	0.592244	0.000000
-0.312917	-0.509383	0.000000
-0.750899	-0.220140	0.000000
0.023751	-0.410091	0.000000
-0.206037	-0.407394	0.000000
-0.691311	-0.301099	0.000000
-0.118169	0.743093	0.000000
-0.453373	-0.402597	0.000000
-0.058238	0.175412	0.000000
-0.901538	-0.684878	0.000000
-0.172385	-0.241634	0.000000
-0.414602	-0.680062	0.000000
-0.023905	0.224839	0.000000
-0.384357	-0.641959	0.000000
-0.730923	0.051237	0.000000
-0.000814	-0.612771	0.000000
-0.025724	0.535378	0.000000
0.113104	-0.230503	0.000000
-0.647789	0.528102	0.000000
-0.817606	-0.274124	0.000000
0.050174	-0.246690	0.000000
-0.931967	-0.006685	0.000000
-0.024000	0.640587	0.000000
-0.045762	-0.385126	0.000000
0.097217	-0.535858	0.000000
-0.122236	0.110116	0.000000
-0.143935	0.528926	0.000000
0.000654	-0.675212	0.000000
-0.258921	-0.218822	0.000000
-0.335524	-0.380629	0.000000
-0.643352	0.359289	0.000000
0.031177	0.478033	0.000000
-0.297084	0.211397	0.000000
0.054471	0.047239	0.000000
-0.437196	0.315031	0.000000
-0.213964	0.479629	0.000000
-0.417460	0.291924	0.000000
0.122565	0.224947	0.000000
-0.344772	0.683812	0.000000
-0.105750	-0.895397	0.000000
0.061163	-0.043094	0.000000
0.029267	-0.624222	0.000000
-0.684279	0.152150	0.000000
0.098274	-0.377046	0.000000
-0.648181	0.904499	0.000000
-0.086240	0.534322	0.000000
-0.249879	-0.234070	0.000000
-0.107818	-0.238289	0.000000
-0.750485	-0.102098	0.000000
-0.160240	0.591659	0.000000
-0.456928	-0.641080	0.000000
-0.625962	0.371439	0.000000
-0.107403	0.429870	0.000000
-0.346810	-0.306896	0.000000
-0.218983	-0.469354	0.000000
-0.045328	-0.131133	0.000000
-0.267621	-0.227768	0.000000
-0.328068	-0.575127	0.000000
-0.367088	-0.284761	0.000000
-0.187559	0.578998	0.000000
-0.415423	-0.243205	0.000000
-0.256636	0.228347	0.000000
-0.401678	0.241831	0.000000
0.171357	-0.039542	0.000000
0.091602	-0.002225	0.000000
-0.505297	-0.729346	0.000000
-0.241938	0.774509	0.000000
-0.478244	0.106785	0.000000
-0.087321	-0.144884	0.000000
-0.114050	-0.391860	0.000000
-0.665346	0.526851	0.000000
-0.050227	0.405767	0.000000
0.042632	-0.098835	0.000000
-0.240529	0.315213	0.000000
-0.570956	0.560581	0.000000
-0.295984	-0.201668	0.000000
-0.072344	0.465525	0.000000
-0.666735	-0.366239	0.000000
0.096005	0.080858	0.000000
-0.258919	0.349808	0.000000
-0.500028	0.667734	0.000000
-0.546620	-0.331289	0.000000
-0.545069	-0.473515	0.000000
-0.291021	-0.192915	0.000000
-0.245851	0.559661	0.000000
-0.147453	0.505544	0.000000
-0.392414	-0.218225	0.000000
-0.509184	-0.440851	0.000000
-0.329303	0.837089	0.000000
-0.240578	-0.297229	0.000000
-0.054445	-0.484236	0.000000
0.067900	0.187118	0.000000
0.139709	-0.020981	0.000000
-0.753798	0.383268	0.000000
-0.501605	-0.201281	0.000000
-0.137503	0.744138	0.000000
-0.264702	-0.502862	0.000000
-0.591655	0.369557	0.000000
-0.320982	-0.423543	0.000000
-0.623989	0.397973	0.000000
-0.174724	-0.088270	0.000000
-0.288841	-0.171526	0.000000
-0.175148	0.669940	0.000000
-0.146121	-0.152129	0.000000
-0.385783	-0.719917	0.000000
-0.147378	-0.138871	0.000000
-0.574850	0.564744	0.000000
-0.618563	0.416804	0.000000
-0.404428	-0.001700	0.000000
0.023218	-0.101732	0.000000
-0.628504	-0.267560	0.000000
-0.023466	-0.413614	0.000000
0.097753	0.165666	0.000000
-0.055195	0.047857	0.000000
0.116783	-0.079170	0.000000
-0.268814	0.711083	0.000000
-0.507716	0.410114	0.000000
0.165951	0.069075	0.000000
0.087203	0.103848	0.000000
-0.225856	0.593379	0.000000
0.077923	-0.025537	0.000000
-0.389902	0.346713	0.000000
-0.131598	-0.607923	0.000000
-0.241071	-0.305494	0.000000
-0.488391	0.702231	0.000000
-0.596795	0.648590	0.000000
-0.851336	-0.117228	0.000000
-0.211402	-0.147455	0.000000
-0.014352	0.390993	0.000000
0.044764	-0.670509	0.000000
-0.190418	0.374447	0.000000
-0.041354	0.556331	0.000000
-0.298987	-0.391474	0.000000
-0.857366	0.059259	0.000000
-0.355782	-0.275803	0.000000
-0.364674	0.883792	0.000000
-0.537692	0.802589	0.000000
-0.316145	0.401562	0.000000
-0.258655	-0.035913	0.000000
-0.025106	-0.507626	0.000000
-0.392336	0.080673	0.000000
-0.355425	-0.390902	0.000000
0.029322	0.121802	0.000000
-0.199194	-0.579272	0.000000
0.129653	0.088557	0.000000
-0.357066	0.713241	0.000000
-0.679060	0.451413	0.000000
-0.229143	-0.142439	0.000000
-0.793987	-0.199345	0.000000
-0.565183	0.490685	0.000000
-0.357907	0.732993	0.000000
-0.791560	0.326186	0.000000
-0.433216	0.264885	0.000000
0.048589	0.054115	0.000000
-0.432051	-0.705031	0.000000
0.084724	-0.316241	0.000000
-0.148347	-0.023319	0.000000
-0.625594	0.749048	0.000000
-0.537219	0.114012	0.000000
-0.358041	0.087358	0.000000
-0.780815	0.140429	0.000000
-0.224237	-0.320454	0.000000
-0.480141	0.100295	0.000000
-0.194373	-0.139502	0.000000
-0.144628	0.559570	0.000000
-0.930749	-0.508133	0.000000
-0.147173	0.593040	0.000000
-0.060815	-0.222087	0.000000
-0.042093	0.681517	0.000000
-0.096665	-0.007554	0.000000
-0.208994	0.280847	0.000000
-0.153738	-0.608081	0.000000
-0.546719	-0.300312	0.000000
-0.368538	-0.566282	0.000000
-0.719884	0.606018	0.000000
-0.306744	0.579153	0.000000
-0.347985	0.318289	0.000000
-0.206024	-0.294247	0.000000
0.139735	0.040331	0.000000
-0.334648	0.007487	0.000000
-0.907899	-0.591820	0.000000
-0.336334	-0.631332	0.000000
0.138002	0.344098	0.000000
-0.324943	0.361636	0.000000
0.022447	0.067306	0.000000
-0.059272	0.063708	0.000000
-0.310220	-0.285583	0.000000
-0.147714	-0.582130	0.000000
-0.493219	0.347534	0.000000
-0.225519	-0.213686	0.000000
-0.485409	0.434722	0.000000
0.085387	-0.495552	0.000000
-0.731708	0.303864	0.000000
-0.263376	-0.107282	0.000000
-0.169706	0.134814	0.000000
-0.290864	0.551394	0.000000
-0.161061	0.144309	0.000000
-0.268391	0.459557	0.000000
0.153477	-0.042543	0.000000
-0.363570	0.337814	0.000000
-0.393507	0.326670	0.000000
-0.326326	-0.115585	0.000000
-0.642391	0.997566	0.000000
-0.520124	0.580866	0.000000
-0.485904	-0.109334	0.000000
-0.366331	-0.089840	0.000000
-0.013742	-0.009868	0.000000
-0.593350	-0.365071	0.000000
0.024779	-0.432020	0.000000
-0.165605	-0.653928	0.000000
0.074678	-0.340779	0.000000
-0.063997	-0.129055	0.000000
-0.391178	-0.645611	0.000000
-0.370348	-0.040605	0.000000
-0.412309	-0.064848	0.000000
-0.421809	-0.544360	0.000000
-0.238513	0.492515	0.000000
-0.012965	-0.171228	0.000000
-0.132697	0.115562	0.000000
-0.166451	-0.608241	0.000000
-0.414036	-0.274314	0.000000
-0.437411	-0.032505	0.000000
0.042251	-0.029081	0.000000
0.091941	-0.146247	0.000000
-0.052124	0.147542	0.000000
-0.151919	-0.062498	0.000000
-0.104438	0.449883	0.000000
-0.239614	0.665650	0.000000
0.099975	-0.307486	0.000000
-0.103789	0.507758	0.000000
-0.210866	0.596823	0.000000
-0.394216	0.243290	0.000000
-0.246828	-0.075880	0.000000
-0.219710	-0.280155	0.000000
-0.463250	-0.314652	0.000000
-0.314483	-0.650701	0.000000
-0.427416	-0.239494	0.000000
-0.615206	-0.412853	0.000000
-0.373261	-0.488607	0.000000
-0.562356	0.363692	0.000000
-0.292428	-0.522019	0.000000
0.005510	-0.148869	0.000000
-0.364816	-0.392842	0.000000
-0.313325	-0.691208	0.000000
-0.415699	0.202502	0.000000
-0.422292	-0.037142	0.000000
-0.578905	0.624573	0.000000
-0.250901	0.311241	0.000000
0.024147	-0.029495	0.000000
-0.380052	0.855725	0.000000
-0.432879	0.081560	0.000000
-0.016440	0.476660	0.000000
-0.919181	-0.522087	0.000000
0.108586	-0.064414	0.000000
-0.588430	-0.565260	0.000000
-0.732133	0.654950	0.000000
-0.658343	0.921185	0.000000
-0.147161	0.444231	0.000000
-0.672094	0.629121	0.000000
0.018839	-0.353051	0.000000
-0.361369	-0.148308	0.000000
-0.315353	-0.784996	0.000000
0.100920	0.206099	0.000000
-0.507337	0.041693	0.000000
-0.728610	0.594546	0.000000
-0.217999	0.342125	0.000000
-0.536163	-0.160995	0.000000
-0.335721	0.090531	0.000000
-0.400164	0.366223	0.000000
0.044093	0.139295	0.000000
-0.429180	-0.043394	0.000000
-0.036816	-0.622902	0.000000
-0.310579	-0.602205	0.000000
-0.192784	-0.658842	0.000000
-0.164513	-0.321606	0.000000
-0.189076	0.501414	0.000000
0.100739	0.003828	0.000000
-0.363466	0.904129	0.000000
-0.090122	0.471379	0.000000
-0.096876	0.385293	0.000000
-0.908254	-0.698628	0.000000
0.026771	-0.007564	0.000000
-0.406388	-0.716759	0.000000
0.048586	0.004772	0.000000
-0.286469	-0.136940	0.000000
-0.266308	-0.369518	0.000000
-0.333036	-0.328384	0.000000
-0.010222	0.175693	0.000000
-0.473490	-0.795325	0.000000
-0.067194	0.324832	0.000000
-0.075703	0.164040	0.000000
-0.597887	0.894437	0.000000
-0.310288	-0.681062	0.000000
0.115082	0.230834	0.000000
-0.488424	-0.725565	0.000000
-0.205698	-0.813495	0.000000
-0.211643	-0.562604	0.000000
-0.620563	0.828068	0.000000
-0.443658	-0.765808	0.000000
-0.502008	-0.725402	0.000000
-0.131859	0.393927	0.000000
-0.670129	-0.311730	0.000000
-0.401938	0.096309	0.000000
-0.354124	-0.083827	0.000000
-0.008441	0.567439	0.000000
-0.237344	-0.243153	0.000000
-0.659306	0.534831	0.000000
-0.483064	-0.694174	0.000000
-0.705267	0.627085	0.000000
-0.737290	0.572073	0.000000
-0.913520	-0.541835	0.000000
-0.636861	0.959270	0.000000
-0.219572	-0.370795	0.000000
0.091940	0.348555	0.000000
-0.082916	0.689282	0.000000
0.056183	0.034640	0.000000
-0.490115	-0.705307	0.000000
-0.479405	-0.619646	0.000000
-0.281376	0.675747	0.000000
-0.636769	-0.275119	0.000000
-0.195779	-0.583248	0.000000
-0.740427	0.379007	0.000000
-0.414197	0.050473	0.000000
-0.628707	-0.379763	0.000000
0.970613	0.094418	0.000000
0.172281	-0.153632	0.000000
-0.151084	0.007755	0.000000
-0.011426	0.275762	0.000000
-0.415097	0.248558	0.000000
-0.447394	-0.613422	0.000000
-0.024016	0.583253	0.000000
-0.926901	0.353535	0.000000
-0.567939	0.581650	0.000000
-0.271380	-0.397869	0.000000
-0.008186	-0.579164	0.000000
-0.054925	0.341489	0.000000
-0.079351	-0.206962	0.000000
-0.748072	0.469197	0.000000
-0.368697	0.231661	0.000000
-0.224959	0.561214	0.000000
-0.009739	-0.474066	0.000000
-0.102891	-0.719368	0.000000
-0.341727	-0.660769	0.000000
-0.253848	-0.386241	0.000000
-0.213031	-0.561535	0.000000
-0.282257	-0.158335	0.000000
-0.536228	0.561178	0.000000
0.031121	0.030061	0.000000
-0.318085	-0.369196	0.000000
-0.292926	-0.461830	0.000000
-0.221122	-0.570047	0.000000
-0.618353	0.414635	0.000000
-0.274793	-0.256744	0.000000
-0.572897	0.060972	0.000000
-0.527378	0.563351	0.000000
-0.152262	-0.281326	0.000000
-0.221019	0.510352	0.000000
0.042065	-0.067549	0.000000
-0.407645	-0.046921	0.000000
0.107632	-0.513292	0.000000
-0.189186	-0.327903	0.000000
-0.653518	0.842639	0.000000
-0.585478	-0.431388	0.000000
-0.353292	0.828440	0.000000
0.033793	0.240280	0.000000
-0.926211	0.026014	0.000000
-0.260919	0.747074	0.000000
-0.058832	-0.210325	0.000000
-0.314765	0.018993	0.000000
0.987487	0.063927	0.000000
-0.153288	0.154454	0.000000
0.068277	0.451712	0.000000
-0.693758	0.173801	0.000000
-0.202666	0.730543	0.000000
-0.401651	0.280520	0.000000
-0.344387	0.787622	0.000000
-0.754578	0.455952	0.000000
-0.430693	-0.627945	0.000000
-0.277337	-0.639016	0.000000
-0.341405	-0.368552	0.000000
-0.582157	0.876751	0.000000
-0.317184	0.365387	0.000000
0.051358	-0.399385	0.000000
-0.521294	0.757980	0.000000
-0.860518	-0.107648	0.000000
-0.470092	-0.388139	0.000000
-0.186518	0.116764	0.000000
0.080655	-0.091695	0.000000
0.045037	-0.573920	0.000000
-0.886752	0.257072	0.000000
-0.199945	-0.279250	0.000000
-0.320087	0.141552	0.000000
-0.330877	0.610500	0.000000
-0.742555	-0.081685	0.000000
-0.118401	0.259436	0.000000
-0.177913	0.343789	0.000000
-0.141743	-0.318913	0.000000
0.112317	-0.504742	0.000000
-0.583058	-0.510403	0.000000
-0.131758	0.382531	0.000000
-0.750920	-0.019171	0.000000
-0.162131	-0.245316	0.000000
-0.135383	-0.321044	0.000000
-0.261884	-0.649868	0.000000
-0.756956	-0.072667	0.000000
0.050184	-0.360278	0.000000
-0.355038	-0.828547	0.000000
-0.335933	-0.246164	0.000000
-0.462187	-0.764703	0.000000
-0.620447	-0.381505	0.000000
-0.053221	-0.601967	0.000000
-0.532866	-0.333992	0.000000
-0.235344	-0.175439	0.000000
0.978250	0.130854	0.000000
-0.471348	-0.000895	0.000000
-0.145346	0.665723	0.000000
0.028106	0.287193	0.000000
-0.078809	0.141086	0.000000
-0.127407	0.479203	0.000000
-0.456407	0.505878	0.000000
-0.258823	-0.576700	0.000000
0.117133	-0.080838	0.000000
-0.531631	0.550086	0.000000
0.101684	-0.045578	0.000000
0.095342	-0.005684	0.000000
-0.045782	0.044002	0.000000
-0.036484	-0.449712	0.000000
-0.605501	0.331070	0.000000
-0.642729	-0.487415	0.000000
-0.318660	0.701849	0.000000
-0.476432	-0.390467	0.000000
-0.280939	0.128964	0.000000
-0.215604	0.008670	0.000000
-0.157266	-0.294938	0.000000
-0.322718	0.521501	0.000000
-0.173977	-0.536461	0.000000
-0.419376	0.164036	0.000000
0.096177	0.191869	0.000000
0.971962	0.405091	0.000000
-0.506858	-0.219495	0.000000
-0.490461	0.165162	0.000000
-0.406452	0.054876	0.000000
-0.151061	0.567701	0.000000
0.006527	-0.189389	0.000000
-0.483240	0.608979	0.000000
-0.218953	-0.284556	0.000000
-0.198669	-0.578249	0.000000
-0.270639	-0.033460	0.000000
-0.415054	0.307416	0.000000
-0.720711	0.587557	0.000000
-0.323299	0.706785	0.000000
-0.192841	0.118850	0.000000
-0.049203	-0.132043	0.000000
0.102723	0.417629	0.000000
-0.004891	0.181238	0.000000
-0.135777	-0.956948	0.000000
-0.347673	0.776762	0.000000
0.036148	-0.256085	0.000000
-0.420412	0.025948	0.000000
-0.451250	0.277517	0.000000
-0.398449	-0.221875	0.000000
-0.543038	0.064893	0.000000
0.984615	0.129704	0.000000
-0.136118	-0.712545	0.000000
-0.430078	-0.294569	0.000000
-0.672243	0.286786	0.000000
0.939442	0.423839	0.000000
-0.602478	0.849061	0.000000
-0.285836	-0.227272	0.000000
-0.234927	-0.420881	0.000000
-0.464771	0.466065	0.000000
0.054276	-0.202448	0.000000
-0.575493	0.527497	0.000000
0.033785	-0.085656	0.000000
0.053403	0.002405	0.000000
-0.152860	0.337498	0.000000
-0.387881	0.319461	0.000000
-0.278182	0.684094	0.000000
0.112798	-0.163175	0.000000
-0.620306	0.487192	0.000000
0.090065	-0.041435	0.000000
-0.612727	0.457432	0.000000
-0.231303	0.717107	0.000000
-0.837159	-0.179981	0.000000
-0.190579	0.676479	0.000000
-0.228275	-0.225602	0.000000
-0.675774	0.394384	0.000000
-0.447217	-0.694743	0.000000
-0.977084	-0.553697	0.000000
-0.468633	-0.459555	0.000000
-0.309024	-0.502629	0.000000
-0.371757	0.774258	0.000000
0.026784	-0.721381	0.000000
0.061817	-0.479564	0.000000
-0.429461	0.249295	0.000000
0.022949	-0.400214	0.000000
-0.612113	-0.511198	0.000000
-0.671443	0.693268	0.000000
-0.322575	-0.318106	0.000000
-0.378550	-0.446456	0.000000
-0.643984	0.918558	0.000000
0.031501	0.442745	0.000000
-0.245332	0.103357	0.000000
-0.779906	0.111804	0.000000
-0.474957	0.430403	0.000000
-0.326556	-0.338223	0.000000
-0.303160	-0.888482	0.000000
-0.037504	0.256359	0.000000
-0.599122	0.768063	0.000000
-0.391763	-0.236176	0.000000
-0.352635	0.008209	0.000000
-0.575681	-0.435003	0.000000
-0.655564	0.761968	0.000000
-0.345732	0.792342	0.000000
-0.283623	-0.478593	0.000000
0.134573	0.059017	0.000000
-0.101926	-0.558667	0.000000
-0.160998	-0.027380	0.000000
-0.249914	-0.218444	0.000000
-0.363473	-0.222309	0.000000
0.096405	0.148669	0.000000
-0.444089	-0.342238	0.000000
0.117108	0.075022	0.000000
-0.361486	0.906814	0.000000
0.004939	-0.449327	0.000000
-0.242783	0.005157	0.000000
-0.291032	0.812515	0.000000
0.090292	0.025301	0.000000
-0.284151	0.726701	0.000000
-0.505905	-0.298671	0.000000
0.181378	0.022592	0.000000
-0.784456	0.575501	0.000000
-0.603652	0.513683	0.000000
-0.287254	-0.261787	0.000000
-0.563688	0.824048	0.000000
-0.474623	0.401734	0.000000
-0.533839	0.562395	0.000000
0.044165	-0.428503	0.000000
-0.373118	0.009854	0.000000
0.035832	-0.656895	0.000000
-0.180373	0.041116	0.000000
-0.087635	0.293468	0.000000
-0.160384	0.658625	0.000000
-0.021131	0.337511	0.000000
-0.922184	-0.043776	0.000000
-0.502578	0.221424	0.000000
-0.686983	0.590558	0.000000
-0.464159	-0.762130	0.000000
-0.612641	0.797087	0.000000
-0.072870	-0.759165	0.000000
0.020433	-0.573519	0.000000
-0.680985	0.735348	0.000000
-0.307265	0.466484	0.000000
0.067775	-0.328952	0.000000
-0.204240	0.290348	0.000000
-0.246173	0.269524	0.000000
-0.594639	0.714551	0.000000
-0.528253	-0.026562	0.000000
-0.064436	0.427995	0.000000
-0.266555	-0.298914	0.000000
-0.275525	0.007033	0.000000
-0.602175	0.762023	0.000000
-0.235756	-0.488802	0.000000
-0.363302	0.905926	0.000000
0.178864	0.028691	0.000000
-0.517782	-0.405917	0.000000
-0.316864	-0.620022	0.000000
0.161788	-0.152610	0.000000
-0.623752	0.713111	0.000000
-0.219687	-0.267852	0.000000
-0.363755	-0.483790	0.000000
-0.103677	-0.963657	0.000000
-0.419468	0.794622	0.000000
-0.491656	-0.656520	0.000000
-0.322817	0.307940	0.000000
-0.077156	-0.407689	0.000000
-0.289904	0.615383	0.000000
-0.104836	0.008678	0.000000
0.037824	-0.077722	0.000000
0.021607	0.420171	0.000000
-0.308866	-0.769906	0.000000
-0.234402	0.448342	0.000000
-0.298025	0.587648	0.000000
-0.372140	0.819328	0.000000
-0.413395	-0.311539	0.000000
-0.018634	0.432371	0.000000
-0.406502	0.242515	0.000000
0.029346	-0.051732	0.000000
-0.331242	0.656489	0.000000
-0.034775	0.128460	0.000000
-0.220642	-0.059869	0.000000
-0.287736	0.682733	0.000000
0.023568	-0.389201	0.000000
0.027327	-0.072685	0.000000
0.142271	-0.161296	0.000000
-0.582107	-0.465068	0.000000
-0.077717	-0.726339	0.000000
-0.101131	0.533750	0.000000
-0.197225	0.086767	0.000000
0.022961	-0.205865	0.000000
-0.491820	-0.661944	0.000000
-0.258610	-0.394743	0.000000
-0.072821	0.040039	0.000000
-0.255269	-0.426436	0.000000
0.116072	0.007175	0.000000
-0.047804	0.518386	0.000000
-0.682923	-0.315450	0.000000
0.103797	0.184917	0.000000
-0.009304	-0.466922	0.000000
-0.555626	0.761251	0.000000
-0.699352	0.443571	0.000000
-0.339459	0.461080	0.000000
-0.746902	0.382519	0.000000
-0.071540	0.352472	0.000000
-0.526567	0.411252	0.000000
-0.110482	0.289739	0.000000
-0.272559	-0.417417	0.000000
-0.307969	-0.496924	0.000000
-0.202539	-0.118900	0.000000
-0.023085	0.249785	0.000000
-0.252191	-0.505910	0.000000
-0.990165	-0.531377	0.000000
-0.302668	-0.671088	0.000000
-0.715409	-0.194382	0.000000
-0.058389	0.591253	0.000000
-0.480722	-0.012548	0.000000
-0.579244	0.523990	0.000000
-0.039308	0.360126	0.000000
-0.303727	-0.222607	0.000000
-0.497883	-0.752823	0.000000
-0.279988	0.669654	0.000000
-0.051565	0.076411	0.000000
-0.656924	-0.414485	0.000000
-0.064273	0.128130	0.000000
-0.285646	-0.276612	0.000000
0.010693	0.278188	0.000000
-0.598738	0.896392	0.000000
-0.132669	0.172175	0.000000
-0.143818	0.409708	0.000000
-0.111285	0.153375	0.000000
-0.621356	-0.279487	0.000000
-0.600603	0.347320	0.000000
-0.295081	-0.362667	0.000000
-0.471929	0.054604	0.000000
0.189242	-0.025155	0.000000
-0.123987	-0.328734	0.000000
-0.237509	-0.072333	0.000000
-0.302587	-0.758910	0.000000
-0.779193	0.064290	0.000000
-0.156406	-0.197947	0.000000
0.125117	-0.076604	0.000000
0.059339	-0.280585	0.000000
0.049634	-0.448258	0.000000
0.051318	0.547709	0.000000
-0.646058	0.730566	0.000000
-0.175592	0.382330	0.000000
-0.358541	0.878982	0.000000
-0.079280	0.172442	0.000000
-0.505260	0.444818	0.000000
-0.230794	-0.348907	0.000000
-0.100176	0.727393	0.000000
-0.354463	0.780642	0.000000
0.143285	-0.055159	0.000000
-0.543172	-0.266951	0.000000
0.985656	0.141342	0.000000
-0.188790	0.338619	0.000000
-0.153371	-0.422047	0.000000
-0.912220	0.030041	0.000000
0.021587	-0.366541	0.000000
-0.363983	0.771278	0.000000
-0.030548	0.100054	0.000000
-0.543516	0.528939	0.000000
-0.161737	0.643718	0.000000
-0.254772	0.704559	0.000000
0.073601	-0.460404	0.000000
-0.484721	-0.431989	0.000000
0.045054	-0.300076	0.000000
-0.123358	0.181246	0.000000
-0.024729	0.527474	0.000000
-0.673316	0.582092	0.000000
-0.275084	0.590529	0.000000
-0.706645	-0.163081	0.000000
-0.895412	-0.657657	0.000000
-0.622317	0.510404	0.000000
-0.282094	-0.550546	0.000000
-0.397359	0.268722	0.000000
0.100568	0.166893	0.000000
-0.215181	-0.269911	0.000000
-0.760695	0.104798	0.000000
-0.224376	0.197643	0.000000
-0.866448	-0.012566	0.000000
0.097450	0.019662	0.000000
-0.004380	-0.061644	0.000000
-0.920125	0.365318	0.000000
-0.582790	-0.559121	0.000000
-0.487552	-0.284951	0.000000
-0.344850	0.769697	0.000000
-0.053215	0.416496	0.000000
-0.133312	0.546835	0.000000
-0.587111	0.488589	0.000000
-0.482020	-0.761374	0.000000
-0.134483	0.097882	0.000000
-0.341865	0.634425	0.000000
0.000117	-0.070402	0.000000
-0.569720	0.529800	0.000000
-0.157488	-0.321019	0.000000
-0.308052	-0.638665	0.000000
-0.138474	-0.511784	0.000000
-0.634768	0.427846	0.000000
-0.480575	-0.364703	0.000000
-0.060011	-0.658251	0.000000
-0.639209	0.743750	0.000000
-0.340679	0.398253	0.000000
-0.484277	-0.207808	0.000000
-0.166153	-0.282359	0.000000
-0.687712	0.828792	0.000000
0.126140	-0.190242	0.000000
0.000922	-0.358765	0.000000
-0.256962	-0.180625	0.000000
0.037156	-0.717656	0.000000
-0.080073	0.340532	0.000000
-0.253285	-0.419781	0.000000
0.068601	-0.006957	0.000000
-0.053171	-0.196118	0.000000
-0.093413	0.237171	0.000000
-0.354115	-0.581159	0.000000
0.966521	-0.012897	0.000000
-0.307426	0.783458	0.000000
-0.216611	0.718496	0.000000
-0.567975	-0.463076	0.000000
-0.345727	-0.485830	0.000000
-0.356234	0.711193	0.000000
-0.177651	-0.732409	0.000000
-0.030595	-0.530866	0.000000
-0.201295	0.378457	0.000000
-0.385013	-0.479515	0.000000
-0.264596	-0.375446	0.000000
-0.512099	-0.167348	0.000000
-0.202944	0.181763	0.000000
-0.112087	-0.363981	0.000000
-0.592053	0.132324	0.000000
-0.707826	0.484043	0.000000
-0.169715	-0.486718	0.000000
-0.211997	0.273227	0.000000
-0.525471	0.423100	0.000000
0.969798	0.348695	0.000000
-0.186168	0.297927	0.000000
-0.238461	-0.416302	0.000000
-0.157654	-0.546523	0.000000
-0.084976	-0.727137	0.000000
-0.929571	-0.575569	0.000000
-0.329118	-0.264899	0.000000
-0.090855	0.018013	0.000000
-0.476665	0.520489	0.000000
-0.315186	-0.051795	0.000000
-0.378512	0.847570	0.000000
0.048004	-0.679287	0.000000
0.045423	0.087013	0.000000
-0.299025	0.738477	0.000000
-0.047838	-0.099703	0.000000
-0.120415	0.528519	0.000000
-0.142593	-0.511636	0.000000
-0.173384	-0.015337	0.000000
-0.540082	-0.241316	0.000000
-0.594862	0.327980	0.000000
-0.280133	-0.466493	0.000000
-0.205063	-0.448141	0.000000
-0.273724	-0.227617	0.000000
-0.200642	-0.587827	0.000000
-0.308791	0.352862	0.000000
-0.433635	0.289762	0.000000
0.128750	-0.004896	0.000000
0.094650	0.327468	0.000000
-0.501901	0.492889	0.000000
-0.461430	-0.161918	0.000000
-0.360767	0.765225	0.000000
-0.083064	0.369315	0.000000
-0.250403	0.314085	0.000000
-0.153543	-0.102916	0.000000
-0.078224	-0.736886	0.000000
-0.254561	0.717584	0.000000
0.142017	-0.169120	0.000000
-0.142511	0.364398	0.000000
-0.522962	0.427638	0.000000
0.035434	0.258036	0.000000
0.089603	-0.446728	0.000000
-0.216216	0.668225	0.000000
-0.409728	-0.770311	0.000000
-0.093742	0.524003	0.000000
-0.577069	0.468112	0.000000
-0.098429	-0.923797	0.000000
0.181239	-0.061016	0.000000
-0.252782	0.101665	0.000000
0.035993	-0.303942	0.000000
-0.390489	-0.704796	0.000000
-0.918940	-0.535620	0.000000
-0.540457	0.762967	0.000000
-0.476788	-0.013967	0.000000
-0.358433	0.031272	0.000000
-0.459236	0.269130	0.000000
-0.411254	-0.775974	0.000000
-0.260461	-0.430739	0.000000
-0.814505	-0.282558	0.000000
-0.658725	0.662159	0.000000
0.035763	-0.468023	0.000000
0.007470	0.185859	0.000000
-0.301309	-0.394860	0.000000
0.003844	-0.622733	0.000000
-0.368738	0.861255	0.000000
-0.206880	-0.506523	0.000000
0.034442	-0.470683	0.000000
0.039685	-0.056722	0.000000
-0.424700	-0.116037	0.000000
0.114730	-0.236991	0.000000
-0.207618	-0.059649	0.000000
-0.507064	-0.711723	0.000000
-0.323155	-0.886639	0.000000
-0.109121	0.622221	0.000000
-0.232263	0.040221	0.000000
0.066392	-0.109558	0.000000
0.063208	-0.259855	0.000000
-0.547122	-0.082474	0.000000
-0.168255	-0.597121	0.000000
-0.184335	0.437571	0.000000
0.015244	0.094543	0.000000
-0.282688	-0.555458	0.000000
-0.976037	-0.563352	0.000000
-0.038327	0.370379	0.000000
-0.326487	-0.276280	0.000000
0.169893	0.015503	0.000000
-0.718969	-0.212586	0.000000
-0.897850	-0.621467	0.000000
-0.260179	-0.333104	0.000000
-0.931427	-0.007751	0.000000
-0.202441	-0.375726	0.000000
-0.667901	0.743198	0.000000
-0.077791	-0.328811	0.000000
-0.070263	0.052537	0.000000
0.067546	0.085495	0.000000
-0.291820	-0.114316	0.000000
-0.052269	-0.219111	0.000000
0.046813	-0.025681	0.000000
-0.163359	0.613781	0.000000
-0.077061	-0.392463	0.000000
-0.378531	0.713948	0.000000
-0.389113	0.107545	0.000000
0.029135	-0.588615	0.000000
-0.368284	-0.111758	0.000000
-0.277346	-0.089838	0.000000
-0.060610	-0.109428	0.000000
0.063521	-0.056592	0.000000
0.010000	0.506512	0.000000
-0.291108	0.427136	0.000000
-0.176013	0.477720	0.000000
0.115570	-0.050540	0.000000
-0.191090	-0.716542	0.000000
-0.101706	0.429860	0.000000
-0.017150	-0.295219	0.000000
-0.082944	0.044798	0.000000
-0.207492	0.518629	0.000000
0.069934	-0.024800	0.000000
0.203496	-0.033861	0.000000
-0.324369	0.390941	0.000000
-0.047075	0.470258	0.000000
0.031042	-0.430811	0.000000
-0.350050	-0.630252	0.000000
-0.208996	0.611495	0.000000
0.203639	-0.065440	0.000000
-0.605406	-0.080551	0.000000
-0.688659	0.875218	0.000000
-0.022890	-0.480826	0.000000
-0.529312	0.408998	0.000000
-0.430209	0.283127	0.000000
0.005883	0.488037	0.000000
-0.396284	-0.184152	0.000000
-0.576035	-0.161649	0.000000
-0.573223	-0.470477	0.000000
-0.444642	0.187142	0.000000
-0.289566	-0.057794	0.000000
-0.605525	-0.380844	0.000000
-0.892521	-0.680751	0.000000
-0.213757	-0.757793	0.000000
-0.051073	0.465305	0.000000
-0.222502	-0.232344	0.000000
-0.321921	-0.138231	0.000000
-0.378230	0.322839	0.000000
0.035363	-0.435009	0.000000
-0.167396	0.249252	0.000000
-0.291254	-0.287471	0.000000
0.028830	-0.215947	0.000000
-0.235698	0.518975	0.000000
-0.233766	0.207608	0.000000
-0.173344	-0.705150	0.000000
-0.638868	0.994843	0.000000
-0.192649	-0.389461	0.000000
-0.249540	0.786709	0.000000
0.090060	-0.140880	0.000000
-0.223628	-0.599877	0.000000
-0.138662	0.019483	0.000000
-0.380408	-0.182689	0.000000
-0.393029	0.760063	0.000000
-0.410903	-0.662559	0.000000
-0.179691	-0.335060	0.000000
-0.408744	-0.722722	0.000000
-0.176179	0.409319	0.000000
-0.305415	-0.739706	0.000000
-0.720747	-0.068828	0.000000
-0.051555	0.463256	0.000000
-0.298363	-0.027670	0.000000
-0.254123	-0.438985	0.000000
-0.304840	-0.583150	0.000000
0.034356	-0.217207	0.000000
-0.505000	0.068285	0.000000
-0.224938	0.555704	0.000000
0.006131	-0.605928	0.000000
-0.128177	-0.325163	0.000000
-0.521891	0.700083	0.000000
0.035374	-0.346465	0.000000
-0.666949	0.518685	0.000000
-0.432019	-0.172320	0.000000
-0.536037	-0.536476	0.000000
-0.306420	0.530498	0.000000
-0.111123	0.357584	0.000000
-0.230177	-0.481469	0.000000
0.183044	-0.039073	0.000000
-0.567488	-0.570261	0.000000
-0.235563	-0.048588	0.000000
-0.489650	-0.729889	0.000000
-0.725195	0.639168	0.000000
0.032767	0.332969	0.000000
-0.098134	-0.149197	0.000000
-0.236255	-0.229468	0.000000
-0.233771	-0.602399	0.000000
-0.296271	-0.244210	0.000000
-0.107795	-0.456888	0.000000
-0.143831	-0.340582	0.000000
-0.288721	-0.676348	0.000000
-0.133717	-0.116305	0.000000
-0.360875	0.407071	0.000000
-0.175618	-0.261905	0.000000
-0.136369	-0.216308	0.000000
-0.234737	-0.534902	0.000000
0.025092	-0.693051	0.000000
-0.531897	0.637780	0.000000
-0.183682	0.420903	0.000000
-0.304153	-0.454919	0.000000
0.050686	-0.083933	0.000000
-0.085861	-0.207255	0.000000
-0.043271	0.213392	0.000000
-0.249579	-0.397890	0.000000
0.053494	-0.130410	0.000000
-0.346834	0.478873	0.000000
-0.416390	-0.115215	0.000000
-0.524087	-0.656851	0.000000
-0.430320	-0.745390	0.000000
-0.059678	0.622434	0.000000
-0.613702	0.443554	0.000000
-0.499575	-0.683310	0.000000
0.152197	-0.204030	0.000000
-0.320030	-0.693482	0.000000
0.074504	0.323221	0.000000
0.127150	-0.012698	0.000000
-0.796957	0.612363	0.000000
0.107395	0.264459	0.000000
-0.046773	-0.363121	0.000000
-0.138550	-0.333678	0.000000
-0.083278	-0.242168	0.000000
-0.114102	-0.648137	0.000000
0.935956	0.441638	0.000000
0.103947	-0.502442	0.000000
0.061016	-0.368075	0.000000
-0.419626	-0.511725	0.000000
-0.056438	0.299460	0.000000
-0.069136	0.314900	0.000000
-0.323519	0.698015	0.000000
0.034343	-0.062663	0.000000
-0.246102	-0.267801	0.000000
-0.603291	0.619846	0.000000
-0.319587	-0.405285	0.000000
-0.489796	-0.770586	0.000000
-0.085651	-0.922590	0.000000
-0.126696	-0.025901	0.000000
-0.229165	0.480268	0.000000
0.068251	-0.032890	0.000000
0.120160	0.002684	0.000000
-0.468634	-0.633767	0.000000
-0.126315	-0.501187	0.000000
-0.427913	-0.752600	0.000000
-0.625742	0.977494	0.000000
0.005303	-0.488786	0.000000
-0.574514	-0.188812	0.000000
0.016705	-0.723928	0.000000
0.041212	-0.199015	0.000000
-0.020212	0.535735	0.000000
-0.749692	-0.004455	0.000000
-0.461505	-0.273883	0.000000
-0.247323	-0.519956	0.000000
-0.409534	0.226002	0.000000
-0.312662	-0.311335	0.000000
0.028494	-0.019698	0.000000
-0.299788	-0.561742	0.000000
-0.119156	0.509710	0.000000
-0.304409	-0.433094	0.000000
0.161932	-0.034867	0.000000
-0.394909	-0.757135	0.000000
-0.211534	-0.353347	0.000000
-0.466650	-0.309907	0.000000
-0.326412	0.710573	0.000000
-0.198261	0.011433	0.000000
-0.325786	-0.468518	0.000000
-0.604869	0.610796	0.000000
-0.146793	-0.312081	0.000000
-0.341575	-0.734795	0.000000
-0.024051	0.598978	0.000000
-0.233119	0.340374	0.000000
-0.206886	-0.788955	0.000000
-0.330220	-0.868092	0.000000
-0.579011	0.107702	0.000000
-0.575609	-0.454796	0.000000
-0.391790	0.757959	0.000000
-0.178543	0.102367	0.000000
0.145634	-0.207105	0.000000
0.052916	0.043343	0.000000
-0.455080	0.084667	0.000000
-0.519561	-0.140392	0.000000
-0.205066	-0.220571	0.000000
-0.706585	0.454449	0.000000
-0.319199	-0.720684	0.000000
0.107645	0.048010	0.000000
-0.331075	-0.156533	0.000000
-0.312343	0.780141	0.000000
-0.946968	0.052860	0.000000
-0.034293	0.410506	0.000000
-0.380870	0.211969	0.000000
-0.075791	0.670230	0.000000
0.978687	0.099136	0.000000
-0.367589	-0.084147	0.000000
-0.481371	-0.212175	0.000000
0.108557	-0.453535	0.000000
-0.426694	-0.281656	0.000000
-0.440481	0.163112	0.000000
-0.020863	-0.154061	0.000000
-0.304621	-0.134582	0.000000
-0.445098	-0.009285	0.000000
0.071038	-0.097056	0.000000
0.154575	0.016126	0.000000
-0.174565	-0.105283	0.000000
-0.483318	-0.102426	0.000000
-0.424356	-0.380397	0.000000
-0.412081	0.294614	0.000000
-0.233748	0.293539	0.000000
-0.191311	-0.473538	0.000000
-0.547638	-0.521145	0.000000
0.094217	-0.374159	0.000000
-0.123262	0.084667	0.000000
-0.169212	-0.396916	0.000000
-0.316239	-0.637963	0.000000
-0.392897	-0.211539	0.000000
0.922306	0.496338	0.000000
-0.313519	-0.151622	0.000000
-0.477284	-0.336078	0.000000
-0.028202	-0.306962	0.000000
-0.687106	0.322747	0.000000
0.111119	0.130156	0.000000
0.072475	-0.443801	0.000000
-0.064888	0.527590	0.000000
-0.106168	0.449136	0.000000
-0.278169	0.212999	0.000000
-0.792968	0.266449	0.000000
-0.248398	-0.115920	0.000000
-0.370735	-0.102030	0.000000
-0.384439	0.321185	0.000000
-0.251467	0.482559	0.000000
-0.385114	0.828419	0.000000
-0.235508	-0.086838	0.000000
-0.344541	-0.822473	0.000000
-0.091430	0.421846	0.000000
-0.371771	-0.600692	0.000000
-0.466664	0.015825	0.000000
-0.081555	-0.751043	0.000000
-0.429712	0.233062	0.000000
-0.090731	0.095275	0.000000
-0.750545	0.226186	0.000000
-0.603554	-0.357947	0.000000
-0.646222	-0.405433	0.000000
0.007782	-0.561641	0.000000
-0.494397	-0.143538	0.000000
-0.548598	-0.404087	0.000000
-0.638269	0.934717	0.000000
-0.278506	-0.608028	0.000000
-0.630622	0.621570	0.000000
-0.007150	0.356865	0.000000
-0.212563	0.402235	0.000000
-0.158474	-0.272474	0.000000
-0.296167	0.528122	0.000000
-0.583520	-0.163055	0.000000
-0.669289	0.413085	0.000000
-0.428325	0.223940	0.000000
-0.451273	-0.230304	0.000000
0.054679	0.142638	0.000000
0.006457	0.228014	0.000000
-0.440910	-0.816555	0.000000
-0.208058	-0.571242	0.000000
0.132594	-0.233691	0.000000
-0.052809	-0.341294	0.000000
-0.247714	-0.456273	0.000000
-0.179481	0.423983	0.000000
-0.168799	0.192129	0.000000
-0.239254	-0.135497	0.000000
0.079621	-0.366878	0.000000
-0.643483	0.978049	0.000000
-0.445288	-0.754280	0.000000
-0.320006	-0.544927	0.000000
-0.430784	0.265734	0.000000
-0.025441	-0.121707	0.000000
-0.166982	-0.776486	0.000000
-0.178435	0.638953	0.000000
0.095354	-0.156393	0.000000
-0.422264	-0.246070	0.000000
-0.196098	-0.673484	0.000000
-0.127688	-0.939925	0.000000
-0.285468	-0.749025	0.000000
0.014661	-0.429757	0.000000
-0.723534	0.565289	0.000000
-0.550410	0.792294	0.000000
-0.814070	0.026922	0.000000
-0.069284	-0.168794	0.000000
-0.598327	0.068668	0.000000
-0.174215	-0.289565	0.000000
-0.542839	0.048024	0.000000
-0.291159	0.562767	0.000000
-0.047229	0.208513	0.000000
0.079655	0.397332	0.000000
0.011654	0.028511	0.000000
0.016387	0.503830	0.000000
-0.256210	-0.380155	0.000000
-0.507855	-0.626191	0.000000
-0.507917	-0.743202	0.000000
-0.348456	-0.743918	0.000000
-0.278267	-0.547303	0.000000
-0.662392	0.623867	0.000000
-0.387174	0.790541	0.000000
-0.254685	-0.226095	0.000000
-0.283457	0.469720	0.000000
0.037398	0.207618	0.000000
-0.319313	-0.519379	0.000000
-0.471926	0.445436	0.000000
-0.121507	-0.294502	0.000000
-0.280913	-0.086057	0.000000
-0.259474	-0.486954	0.000000
0.203432	-0.009972	0.000000
-0.206562	0.202126	0.000000
-0.650426	0.322735	0.000000
-0.224603	-0.594839	0.000000
0.957518	0.393854	0.000000
0.078400	-0.073330	0.000000
-0.345027	-0.334289	0.000000
-0.243584	-0.282959	0.000000
-0.265888	0.596598	0.000000
-0.267948	-0.215118	0.000000
-0.589978	0.416815	0.000000
-0.235656	-0.418656	0.000000
-0.446420	-0.361234	0.000000
-0.156647	0.208781	0.000000
-0.557105	0.543120	0.000000
-0.727924	0.057275	0.000000
-0.417249	-0.037968	0.000000
-0.039607	-0.528968	0.000000
-0.181417	0.406897	0.000000
0.007138	0.305172	0.000000
-0.523069	0.418150	0.000000
-0.675609	-0.318866	0.000000
-0.123780	0.004266	0.000000
-0.280946	-0.361371	0.000000
0.014581	0.450010	0.000000
-0.500816	-0.382223	0.000000
-0.968624	-0.569758	0.000000
-0.578673	0.314092	0.000000
-0.034876	-0.750951	0.000000
-0.170248	-0.461655	0.000000
-0.174113	-0.394375	0.000000
-0.303295	-0.401530	0.000000
-0.003642	-0.338178	0.000000
-0.207707	-0.794450	0.000000
-0.907489	-0.515188	0.000000
-0.434888	-0.725227	0.000000
0.102948	-0.472450	0.000000
-0.040716	0.166444	0.000000
-0.348474	-0.265667	0.000000
-0.766226	0.021167	0.000000
-0.446011	-0.771189	0.000000
-0.084887	0.387968	0.000000
-0.538587	0.575172	0.000000
-0.898131	-0.011306	0.000000
-0.042412	-0.061100	0.000000
0.096238	-0.488775	0.000000
-0.099202	-0.223830	0.000000
-0.026724	0.328356	0.000000
-0.014975	-0.346183	0.000000
0.106242	0.193865	0.000000
-0.371561	-0.460364	0.000000
-0.206951	-0.129456	0.000000
0.081134	-0.181699	0.000000
-0.523690	0.550075	0.000000
-0.418448	-0.213405	0.000000
-0.041548	-0.208082	0.000000
-0.401262	0.000595	0.000000
-0.256768	-0.145778	0.000000
-0.293438	-0.327990	0.000000
-0.136927	-0.547815	0.000000
-0.318496	-0.704382	0.000000
0.055762	0.312920	0.000000
-0.340196	0.351417	0.000000
-0.298882	0.513939	0.000000
-0.626163	-0.077762	0.000000
-0.351989	0.801186	0.000000
-0.328106	-0.088755	0.000000
-0.563344	0.504695	0.000000
-0.317955	-0.529962	0.000000
-0.336368	0.407063	0.000000
-0.683181	0.251081	0.000000
-0.168346	0.713702	0.000000
-0.462082	-0.361030	0.000000
-0.680756	0.715030	0.000000
0.924205	0.489394	0.000000
-0.389483	0.081296	0.000000
-0.353271	0.832658	0.000000
0.146941	0.175999	0.000000
-0.600403	0.697197	0.000000
-0.008938	-0.708538	0.000000
-0.641752	0.509037	0.000000
-0.316628	-0.549791	0.000000
-0.163466	-0.730932	0.000000
-0.413181	0.160786	0.000000
-0.554046	0.567565	0.000000
-0.329333	0.835704	0.000000
-0.578249	0.826272	0.000000
0.051637	-0.237515	0.000000
-0.092553	0.302623	0.000000
-0.064439	0.153346	0.000000
-0.374338	0.280318	0.000000
-0.288519	0.544564	0.000000
-0.118891	0.623424	0.000000
-0.030372	-0.391971	0.000000
-0.405484	-0.162569	0.000000
-0.265148	0.638273	0.000000
-0.507279	-0.127600	0.000000
0.042081	0.331259	0.000000
-0.242914	0.662916	0.000000
-0.750889	0.170646	0.000000
-0.738496	-0.207477	0.000000
-0.274661	0.686643	0.000000
-0.312357	-0.192432	0.000000
-0.033302	0.489603	0.000000
-0.230802	0.782045	0.000000
-0.258405	0.353493	0.000000
-0.526363	0.419568	0.000000
-0.215422	-0.472527	0.000000
-0.283640	0.767041	0.000000
-0.046924	0.190868	0.000000
-0.358503	0.718301	0.000000
-0.429989	-0.347324	0.000000
-0.547166	-0.182066	0.000000
-0.323382	-0.565703	0.000000
-0.674754	0.326879	0.000000
-0.237806	-0.494477	0.000000
-0.113226	-0.705104	0.000000
-0.167014	0.555850	0.000000
-0.293091	-0.402455	0.000000
-0.052614	0.181893	0.000000
-0.192343	0.554480	0.000000
-0.573855	0.473548	0.000000
-0.680916	0.283390	0.000000
-0.263994	0.394380	0.000000
-0.557756	0.551829	0.000000
-0.316139	-0.411237	0.000000
-0.412057	-0.190402	0.000000
-0.244607	-0.078935	0.000000
-0.464688	-0.793779	0.000000
0.070134	0.019825	0.000000
0.035345	-0.277704	0.000000
-0.337286	-0.168661	0.000000
-0.180723	0.354766	0.000000
0.027035	-0.310374	0.000000
-0.303438	-0.558982	0.000000
-0.004309	0.562009	0.000000
-0.474522	-0.628378	0.000000
-0.373452	-0.060122	0.000000
-0.294342	-0.183622	0.000000
-0.337582	-0.363456	0.000000
-0.682966	0.253267	0.000000
-0.318089	-0.821390	0.000000
-0.096336	0.331239	0.000000
-0.246028	0.039183	0.000000
-0.317146	-0.502783	0.000000
-0.558852	-0.583040	0.000000
-0.330139	-0.597635	0.000000
-0.917736	0.348848	0.000000
-0.121167	-0.332596	0.000000
-0.188677	-0.515148	0.000000
-0.227028	0.738648	0.000000
-0.681301	0.721284	0.000000
-0.014352	0.272866	0.000000
-0.237737	-0.342506	0.000000
-0.671448	-0.140921	0.000000
-0.437608	-0.317971	0.000000
-0.356963	-0.370497	0.000000
0.128816	-0.056064	0.000000
-0.093353	0.331347	0.000000
-0.360703	-0.236941	0.000000
-0.359183	0.593679	0.000000
-0.055764	-0.365217	0.000000
-0.075261	0.533636	0.000000
0.011555	0.540525	0.000000
0.087219	-0.018670	0.000000
-0.254203	-0.363356	0.000000
-0.460961	-0.466703	0.000000
-0.079259	0.370774	0.000000
-0.482561	-0.440507	0.000000
-0.133935	0.626249	0.000000
-0.165242	-0.484452	0.000000
-0.099173	0.362744	0.000000
-0.315492	-0.143831	0.000000
-0.088323	-0.067912	0.000000
-0.622826	-0.464897	0.000000
-0.094515	-0.146236	0.000000
-0.205980	0.554474	0.000000
-0.616638	0.447897	0.000000
-0.315914	-0.318683	0.000000
-0.192811	0.312840	0.000000
-0.388573	0.838801	0.000000
-0.760840	-0.062353	0.000000
-0.346159	-0.425643	0.000000
-0.382668	0.828397	0.000000
-0.297818	0.399507	0.000000
-0.150220	-0.368069	0.000000
-0.063354	0.550671	0.000000
-0.758274	0.090193	0.000000
0.077241	0.226155	0.000000
-0.148824	0.409358	0.000000
-0.065359	0.097522	0.000000
-0.604093	0.609048	0.000000
-0.422602	-0.192147	0.000000
-0.573712	0.490294	0.000000
-0.353145	-0.624286	0.000000
0.984313	0.101024	0.000000
-0.169132	0.504623	0.000000
-0.311113	0.012726	0.000000
-0.389398	0.091422	0.000000
-0.240278	-0.265472	0.000000
-0.341971	0.406232	0.000000
-0.327528	0.753944	0.000000
0.025748	0.431128	0.000000
0.100191	-0.084129	0.000000
-0.065401	0.016689	0.000000
-0.186712	0.379240	0.000000
-0.227494	-0.356900	0.000000
-0.633211	-0.186429	0.000000
-0.294094	-0.127241	0.000000
-0.086141	0.399561	0.000000
-0.428471	-0.450123	0.000000
-0.240169	-0.143422	0.000000
-0.156061	0.429617	0.000000
0.143211	0.223217	0.000000
0.042629	-0.264645	0.000000
0.179668	0.015522	0.000000
0.008314	0.523648	0.000000
-0.004697	0.098198	0.000000
-0.699330	0.232084	0.000000
-0.275622	0.036157	0.000000
-0.366178	0.694658	0.000000
0.047404	0.304371	0.000000
-0.616472	-0.226221	0.000000
-0.306687	-0.484393	0.000000
0.053948	0.008661	0.000000
-0.386216	0.120093	0.000000
0.038413	-0.553242	0.000000
-0.034838	-0.009909	0.000000
-0.189680	-0.306390	0.000000
-0.382978	0.894600	0.000000
-0.065542	-0.293202	0.000000
-0.583441	0.681749	0.000000
-0.031777	0.563999	0.000000
-0.334466	-0.261273	0.000000
-0.563543	-0.428710	0.000000
-0.041214	-0.542037	0.000000
-0.770900	0.664119	0.000000
-0.116371	-0.734699	0.000000
-0.452828	-0.403650	0.000000
-0.522991	0.767087	0.000000
-0.006776	0.422613	0.000000
-0.058995	-0.108535	0.000000
-0.425884	-0.312003	0.000000
-0.352101	-0.287066	0.000000
0.050268	0.212844	0.000000
-0.054327	0.340792	0.000000
-0.636091	-0.337970	0.000000
-0.068621	0.119060	0.000000
-0.587154	-0.566456	0.000000
0.129253	-0.235355	0.000000
-0.410480	0.250079	0.000000
-0.311643	-0.767185	0.000000
-0.623659	0.408905	0.000000
-0.609084	0.724359	0.000000
0.034289	0.359413	0.000000
-0.405062	-0.154244	0.000000
0.107660	0.177089	0.000000
-0.123920	0.691911	0.000000
-0.198136	-0.535605	0.000000
-0.287089	-0.183627	0.000000
-0.245607	-0.086396	0.000000
-0.328256	-0.699596	0.000000
-0.237943	0.593468	0.000000
-0.357756	-0.104991	0.000000
-0.027493	0.406183	0.000000
-0.323733	-0.371485	0.000000
-0.481953	-0.074218	0.000000
-0.163786	-0.198222	0.000000
-0.870199	0.123634	0.000000
-0.154855	-0.302939	0.000000
-0.354419	0.835377	0.000000
-0.383216	0.150805	0.000000
-0.322737	-0.610915	0.000000
0.114642	0.167999	0.000000
-0.535628	-0.094552	0.000000
-0.759352	-0.044023	0.000000
-0.611648	0.886806	0.000000
-0.484864	-0.635422	0.000000
-0.314613	-0.887056	0.000000
-0.596812	0.304328	0.000000
-0.025172	-0.413615	0.000000
-0.350985	-0.525522	0.000000
-0.025186	-0.710359	0.000000
0.137303	-0.036226	0.000000
-0.523974	0.424293	0.000000
0.096534	0.043896	0.000000
-0.318044	-0.647229	0.000000
-0.448837	-0.643563	0.000000
-0.189383	0.722580	0.000000
-0.189613	-0.371857	0.000000
-0.261587	0.333463	0.000000
-0.222203	0.470918	0.000000
-0.203469	-0.088220	0.000000
-0.300381	-0.262960	0.000000
-0.203724	-0.586812	0.000000
-0.053221	-0.722586	0.000000
-0.296745	-0.311140	0.000000
-0.501075	0.578982	0.000000
0.094673	-0.238917	0.000000
-0.009568	-0.348173	0.000000
-0.138511	-0.374779	0.000000
-0.042121	0.495328	0.000000
-0.081852	-0.051520	0.000000
-0.176126	-0.428068	0.000000
-0.110706	0.290809	0.000000
-0.022613	0.180415	0.000000
-0.422502	0.080240	0.000000
-0.323028	-0.311441	0.000000
-0.090717	0.092907	0.000000
-0.500274	0.405153	0.000000
-0.308298	0.064573	0.000000
0.062707	-0.533689	0.000000
0.007899	0.526118	0.000000
-0.814304	0.104975	0.000000
-0.104044	-0.882266	0.000000
-0.057072	0.331392	0.000000
-0.026423	0.038620	0.000000
-0.207512	-0.166264	0.000000
0.137162	0.034434	0.000000
0.962228	0.007729	0.000000
-0.365961	-0.595876	0.000000
-0.238291	-0.433680	0.000000
-0.595468	0.836451	0.000000
0.038336	-0.625206	0.000000
-0.144099	0.449383	0.000000
-0.126820	0.492992	0.000000
-0.126150	-0.262450	0.000000
-0.436130	0.134645	0.000000
-0.473015	-0.628285	0.000000
-0.327577	-0.568000	0.000000
-0.367339	0.452569	0.000000
-0.437760	-0.474991	0.000000
-0.034218	-0.406934	0.000000
-0.288282	-0.519997	0.000000
-0.160837	0.700613	0.000000
-0.587256	0.385980	0.000000
0.002324	-0.315642	0.000000
-0.921024	-0.015286	0.000000
-0.089960	0.129304	0.000000
-0.547418	0.200157	0.000000
-0.606598	0.494548	0.000000
-0.334761	-0.219813	0.000000
-0.657492	0.620072	0.000000
0.040814	0.212101	0.000000
-0.911830	-0.644608	0.000000
-0.136742	-0.764095	0.000000
0.971996	0.104244	0.000000
-0.067486	-0.355010	0.000000
-0.627175	0.016131	0.000000
-0.572655	-0.360778	0.000000
-0.133387	0.341064	0.000000
-0.772511	0.245247	0.000000
-0.116489	0.264192	0.000000
-0.263642	0.663660	0.000000
-0.214022	-0.276906	0.000000
-0.565394	0.515991	0.000000
-0.084613	0.308825	0.000000
0.004140	-0.208197	0.000000
0.015068	-0.296605	0.000000
-0.411373	-0.726171	0.000000
-0.077024	0.540937	0.000000
0.173049	0.031599	0.000000
-0.463790	-0.722292	0.000000
-0.081384	0.643001	0.000000
-0.355149	-0.641529	0.000000
-0.018466	-0.473963	0.000000
-0.394585	-0.502885	0.000000
-0.636730	-0.292923	0.000000
-0.889423	0.052275	0.000000
-0.724519	0.626370	0.000000
-0.194403	-0.365547	0.000000
0.113300	-0.257549	0.000000
-0.427340	0.179788	0.000000
-0.459986	0.142299	0.000000
-0.756881	0.531705	0.000000
-0.291823	-0.073796	0.000000
0.104553	0.015703	0.000000
-0.567953	0.519589	0.000000
-0.410379	0.209482	0.000000
-0.277420	0.554950	0.000000
0.107329	0.103001	0.000000
-0.319640	-0.686853	0.000000
-0.033660	-0.439082	0.000000
-0.679514	0.510217	0.000000
-0.134846	0.412523	0.000000
-0.041934	-0.620453	0.000000
-0.242048	-0.160891	0.000000
-0.139095	0.097907	0.000000
-0.426991	-0.738654	0.000000
-0.556468	0.549464	0.000000
-0.166369	-0.442983	0.000000
-0.421870	-0.530069	0.000000
-0.910826	-0.541776	0.000000
-0.500843	0.501831	0.000000
-0.026966	0.276071	0.000000
-0.253313	-0.285789	0.000000
-0.074907	0.388078	0.000000
-0.022273	0.248419	0.000000
-0.588574	0.519791	0.000000
-0.215747	0.723911	0.000000
-0.058659	0.554963	0.000000
-0.532933	-0.416729	0.000000
-0.200699	-0.222368	0.000000
-0.341503	0.032623	0.000000
-0.205285	-0.267134	0.000000
-0.026688	-0.234284	0.000000
-0.276492	-0.427698	0.000000
-0.336425	-0.209984	0.000000
-0.185015	0.123967	0.000000
-0.324373	-0.322106	0.000000
-0.342153	0.663054	0.000000
-0.640377	0.969516	0.000000
-0.579536	-0.432817	0.000000
-0.342049	0.585274	0.000000
-0.107135	0.463279	0.000000
-0.608188	0.458383	0.000000
0.164692	-0.139457	0.000000
-0.235348	-0.036695	0.000000
-0.097283	-0.421540	0.000000
-0.280304	-0.658983	0.000000
-0.418276	0.268514	0.000000
0.185900	-0.064766	0.000000
-0.194914	0.286742	0.000000
0.024930	0.498089	0.000000
-0.139462	0.597427	0.000000
-0.150164	-0.777721	0.000000
-0.548781	0.580209	0.000000
-0.253321	-0.297184	0.000000
0.094700	-0.436978	0.000000
-0.125384	0.191601	0.000000
-0.450796	-0.328129	0.000000
-0.598941	0.551281	0.000000
0.048115	0.018360	0.000000
-0.298274	-0.446260	0.000000
-0.090234	-0.227482	0.000000
-0.663404	0.711897	0.000000
-0.265748	0.740534	0.000000
-0.919703	-0.042812	0.000000
-0.223687	-0.586291	0.000000
0.172185	-0.010710	0.000000
-0.505618	-0.390654	0.000000
-0.267588	-0.646112	0.000000
-0.957615	0.067378	0.000000
-0.148332	-0.268536	0.000000
-0.351191	-0.116189	0.000000
-0.355492	0.603335	0.000000
-0.164043	0.042952	0.000000
-0.168000	0.217264	0.000000
-0.476326	-0.025957	0.000000
-0.051170	0.506910	0.000000
0.170861	0.009517	0.000000
0.012905	-0.292741	0.000000
-0.560920	-0.451943	0.000000
-0.452646	0.086361	0.000000
0.081824	-0.386702	0.000000
-0.625656	0.478109	0.000000
0.083700	-0.288719	0.000000
-0.239937	0.726380	0.000000
-0.177492	-0.592458	0.000000
-0.296162	0.791508	0.000000
-0.268553	-0.526808	0.000000
-0.278583	-0.585946	0.000000
0.023299	-0.054709	0.000000
-0.267871	-0.800101	0.000000
-0.267314	-0.575880	0.000000
-0.473034	0.087767	0.000000
-0.886208	0.115346	0.000000
-0.596854	-0.131554	0.000000
-0.108970	0.437018	0.000000
-0.357417	0.303893	0.000000
-0.223873	-0.407649	0.000000
-0.247341	-0.299483	0.000000
-0.557359	0.812302	0.000000
-0.356982	-0.372958	0.000000
-0.320464	-0.894253	0.000000
-0.263863	0.144471	0.000000
-0.512848	-0.025533	0.000000
-0.549533	0.608857	0.000000
-0.052769	-0.743364	0.000000
-0.422145	-0.315353	0.000000
-0.618784	-0.506050	0.000000
-0.584028	-0.526201	0.000000
-0.861253	0.152064	0.000000
-0.335357	-0.294406	0.000000
-0.086848	-0.436236	0.000000
-0.583670	0.375228	0.000000
0.099037	0.361794	0.000000
0.032774	-0.330487	0.000000
-0.291040	0.321332	0.000000
-0.262747	0.270099	0.000000
-0.201445	0.724086	0.000000
-0.060758	-0.645128	0.000000
-0.625289	-0.228202	0.000000
-0.121024	0.484433	0.000000
-0.445181	-0.509955	0.000000
-0.414221	-0.472207	0.000000
-0.912595	-0.522287	0.000000
-0.648317	0.826503	0.000000
-0.014527	-0.473601	0.000000
-0.451363	-0.599351	0.000000
-0.438597	-0.381793	0.000000
-0.285999	0.473804	0.000000
-0.329781	0.042862	0.000000
-0.860676	-0.028914	0.000000
-0.309095	-0.365664	0.000000
-0.056639	0.420852	0.000000
-0.348501	0.851738	0.000000
-0.171189	-0.248217	0.000000
-0.232641	0.334249	0.000000
-0.354330	0.277223	0.000000
0.098440	0.381451	0.000000
-0.398092	-0.083604	0.000000
-0.035884	0.080249	0.000000
-0.207850	0.597792	0.000000
-0.343330	0.780031	0.000000
-0.016315	0.369017	0.000000
-0.522471	-0.399496	0.000000
-0.639225	-0.467245	0.000000
-0.146310	-0.301123	0.000000
-0.565608	-0.307073	0.000000
-0.107200	0.719925	0.000000
-0.166026	-0.006932	0.000000
-0.210548	0.593827	0.000000
-0.348295	0.060193	0.000000
-0.506770	-0.242549	0.000000
-0.662216	-0.321314	0.000000
0.178029	0.050052	0.000000
0.053058	0.325471	0.000000
-0.523395	0.606518	0.000000
-0.348234	0.887248	0.000000
-0.332234	0.381680	0.000000
-0.138799	0.275363	0.000000
-0.228892	0.497444	0.000000
-0.090044	0.045096	0.000000
0.115278	0.270207	0.000000
0.116238	0.191205	0.000000
0.037778	0.201363	0.000000
-0.079689	0.312365	0.000000
-0.302756	-0.163287	0.000000
-0.031214	-0.728956	0.000000
-0.256502	0.100235	0.000000
-0.033555	-0.179127	0.000000
-0.055534	0.182036	0.000000
-0.138205	-0.284029	0.000000
-0.138003	0.219903	0.000000
0.118174	-0.161332	0.000000
0.047946	-0.355540	0.000000
0.069444	0.436395	0.000000
-0.494347	-0.012939	0.000000
-0.068729	-0.335009	0.000000
-0.203765	-0.651757	0.000000
-0.072944	-0.127336	0.000000
-0.336354	0.475180	0.000000
-0.156514	0.163340	0.000000
-0.611240	0.490068	0.000000
-0.135887	0.298288	0.000000
-0.323872	0.628189	0.000000
0.158569	0.011698	0.000000
-0.880163	0.126497	0.000000
-0.109330	0.292920	0.000000
-0.572829	0.567041	0.000000
-0.304248	0.693287	0.000000
-0.507557	-0.403385	0.000000
-0.137459	-0.294166	0.000000
-0.097843	0.117296	0.000000
-0.266239	-0.410350	0.000000
-0.080650	-0.699089	0.000000
-0.232966	-0.042550	0.000000
0.056247	0.218306	0.000000
-0.379022	-0.661410	0.000000
0.063149	-0.226277	0.000000
-0.787783	0.191758	0.000000
-0.704034	0.432742	0.000000
-0.216551	-0.733391	0.000000
-0.588281	0.771020	0.000000
0.070321	0.316050	0.000000
0.107050	-0.483314	0.000000
-0.519462	-0.112760	0.000000
0.033703	0.100103	0.000000
0.102957	-0.043844	0.000000
-0.176311	-0.247495	0.000000
-0.189335	0.356630	0.000000
-0.097768	-0.074088	0.000000
-0.439495	0.044832	0.000000
-0.303117	-0.450764	0.000000
-0.028419	0.495977	0.000000
-0.764935	0.029673	0.000000
-0.426760	-0.366672	0.000000
0.136953	-0.051912	0.000000
-0.729464	-0.110774	0.000000
-0.248884	-0.515989	0.000000
-0.344550	-0.148848	0.000000
-0.661941	-0.400164	0.000000
-0.956674	0.072510	0.000000
-0.203219	-0.688994	0.000000
-0.191716	0.075132	0.000000
-0.264666	0.224266	0.000000
0.155049	0.010990	0.000000
-0.687627	0.107054	0.000000
-0.246648	0.761407	0.000000
-0.391182	0.247001	0.000000
-0.219229	-0.437183	0.000000
-0.641274	-0.374349	0.000000
-0.243761	-0.352478	0.000000
-0.146814	-0.324039	0.000000
-0.785089	0.192219	0.000000
0.049354	0.415957	0.000000
-0.604543	0.378066	0.000000
-0.805004	-0.292635	0.000000
0.080481	-0.284423	0.000000
0.976347	0.229152	0.000000
-0.581164	-0.033422	0.000000
-0.871361	0.158534	0.000000
0.969486	-0.102578	0.000000
0.069628	0.305286	0.000000
-0.185280	0.529396	0.000000
-0.411440	-0.209103	0.000000
-0.183433	-0.246670	0.000000
0.075480	0.177040	0.000000
-0.550540	-0.193041	0.000000
-0.333276	0.296276	0.000000
-0.440471	0.267102	0.000000
-0.634175	0.698674	0.000000
-0.187485	0.647048	0.000000
-0.094754	0.234120	0.000000
-0.285894	0.514694	0.000000
-0.269465	0.698578	0.000000
-0.012639	-0.199905	0.000000
-0.843623	0.057973	0.000000
-0.177461	-0.214204	0.000000
-0.194035	0.534149	0.000000
-0.305270	0.639960	0.000000
-0.646237	0.646894	0.000000
-0.092644	-0.231008	0.000000
0.061198	0.088709	0.000000
-0.408007	0.358370	0.000000
-0.233371	-0.550641	0.000000
-0.477542	0.002341	0.000000
-0.122452	-0.256970	0.000000
0.113712	-0.307718	0.000000
-0.025322	-0.061527	0.000000
-0.364445	0.672798	0.000000
-0.355613	-0.091062	0.000000
-0.272516	0.631937	0.000000
-0.290971	-0.111820	0.000000
-0.221917	-0.493095	0.000000
-0.230085	-0.102973	0.000000
-0.249120	-0.713142	0.000000
0.210188	-0.009086	0.000000
0.050769	-0.673484	0.000000
-0.059672	0.219918	0.000000
0.074795	-0.487625	0.000000
-0.554386	-0.610903	0.000000
-0.297578	0.568269	0.000000
-0.404543	0.813715	0.000000
-0.146405	-0.382679	0.000000
0.068045	-0.138380	0.000000
-0.604491	0.922977	0.000000
-0.278807	-0.471859	0.000000
-0.271648	-0.324570	0.000000
-0.212330	-0.319991	0.000000
0.030345	0.267756	0.000000
-0.419732	-0.790923	0.000000
-0.520271	-0.207808	0.000000
-0.566640	-0.412184	0.000000
0.005563	-0.073652	0.000000
-0.412336	-0.653231	0.000000
0.102320	-0.275095	0.000000
-0.074831	0.026260	0.000000
-0.044067	-0.182671	0.000000
-0.439865	-0.787628	0.000000
-0.252601	0.522684	0.000000
-0.875389	0.136819	0.000000
0.085605	-0.651137	0.000000
-0.748269	0.454795	0.000000
-0.227794	0.591011	0.000000
-0.766185	0.206207	0.000000
-0.200678	-0.795090	0.000000
-0.147636	-0.624302	0.000000
-0.900171	-0.670465	0.000000
-0.294484	-0.341093	0.000000
-0.204528	-0.564030	0.000000
-0.556853	0.052268	0.000000
-0.254058	-0.370338	0.000000
0.943807	0.408574	0.000000
-0.498054	-0.423788	0.000000
-0.348052	0.633023	0.000000
-0.280707	-0.084856	0.000000
-0.375416	-0.408051	0.000000
-0.906560	0.056922	0.000000
-0.129511	0.562247	0.000000
-0.811178	0.038474	0.000000
-0.732742	0.143902	0.000000
-0.169055	-0.118187	0.000000
-0.596617	0.883572	0.000000
-0.275653	-0.242986	0.000000
-0.426193	-0.503316	0.000000
0.003099	-0.092326	0.000000
-0.225754	-0.261858	0.000000
-0.218786	-0.075055	0.000000
-0.441823	-0.494173	0.000000
-0.088121	0.414560	0.000000
-0.340698	0.579092	0.000000
-0.264943	-0.099800	0.000000
-0.539601	0.605109	0.000000
-0.137301	-0.136575	0.000000
-0.393319	-0.379826	0.000000
-0.538458	0.793386	0.000000
-0.931019	0.045692	0.000000
-0.135478	-0.945265	0.000000
0.005659	-0.388993	0.000000
-0.330993	0.635902	0.000000
-0.209515	0.749483	0.000000
-0.218440	0.408941	0.000000
-0.492958	-0.238333	0.000000
-0.290520	0.246085	0.000000
-0.400389	0.239889	0.000000
0.135142	-0.213669	0.000000
-0.112349	-0.299399	0.000000
-0.698015	0.568084	0.000000
-0.107877	0.011628	0.000000
-0.525690	-0.224003	0.000000
0.170155	-0.069098	0.000000
-0.195484	0.525113	0.000000
-0.235769	-0.494677	0.000000
0.109020	0.275144	0.000000
-0.320485	-0.674105	0.000000
-0.036935	0.622816	0.000000
-0.545697	-0.438491	0.000000
-0.190014	-0.488494	0.000000
-0.407520	-0.005279	0.000000
-0.277800	0.635793	0.000000
-0.709534	-0.176348	0.000000
-0.234091	-0.409885	0.000000
-0.427646	0.269660	0.000000
-0.672883	0.730868	0.000000
-0.378021	-0.819584	0.000000
-0.271718	-0.491119	0.000000
-0.662266	0.518282	0.000000
-0.345279	-0.523301	0.000000
-0.019572	0.202221	0.000000
-0.293181	-0.481543	0.000000
-0.755369	0.131896	0.000000
0.019202	0.000541	0.000000
-0.653466	0.744726	0.000000
-0.304852	-0.803699	0.000000
-0.349668	-0.343335	0.000000
-0.088130	0.690874	0.000000
0.087501	0.133815	0.000000
-0.187894	-0.568599	0.000000
0.075340	0.275742	0.000000
-0.283150	0.561908	0.000000
-0.280035	-0.107439	0.000000
-0.816288	0.175130	0.000000
-0.069720	-0.056026	0.000000
-0.114102	0.679698	0.000000
-0.191535	-0.015862	0.000000
-0.735269	0.480772	0.000000
-0.077878	0.239998	0.000000
-0.343475	0.787764	0.000000
0.090844	-0.115315	0.000000
-0.073152	0.241472	0.000000
-0.345472	-0.654608	0.000000
-0.187965	0.304482	0.000000
-0.202840	-0.168682	0.000000
-0.117297	0.650962	0.000000
-0.066302	-0.206287	0.000000
-0.658153	0.733392	0.000000
-0.838103	-0.161299	0.000000
0.050274	-0.314987	0.000000
-0.268243	0.722189	0.000000
-0.111735	0.009355	0.000000
-0.073450	0.375531	0.000000
-0.002647	0.514849	0.000000
0.102910	-0.195834	0.000000
-0.665630	0.786923	0.000000
-0.296099	-0.657288	0.000000
-0.315845	0.634344	0.000000
-0.398359	0.294193	0.000000
-0.694066	0.632311	0.000000
-0.451650	-0.594190	0.000000
-0.082411	0.417789	0.000000
-0.288197	0.479180	0.000000
-0.717747	-0.130690	0.000000
-0.476200	-0.580770	0.000000
-0.444235	-0.836015	0.000000
0.073084	-0.203266	0.000000
-0.581365	0.700665	0.000000
-0.070807	0.006202	0.000000
-0.519784	-0.473124	0.000000
-0.665998	0.731858	0.000000
-0.289930	-0.712695	0.000000
-0.010363	-0.398187	0.000000
-0.584011	0.891347	0.000000
-0.111711	0.322521	0.000000
-0.168691	-0.434153	0.000000
-0.639866	0.291906	0.000000
0.020544	0.277038	0.000000
-0.481546	-0.731131	0.000000
-0.118051	-0.716334	0.000000
-0.712194	0.811574	0.000000
-0.063004	0.404447	0.000000
-0.394641	0.786404	0.000000
-0.198893	-0.186706	0.000000
-0.089344	0.210975	0.000000
-0.650438	0.724605	0.000000
-0.644701	0.403641	0.000000
-0.274447	-0.459682	0.000000
-0.136205	-0.107827	0.000000
0.013930	-0.383558	0.000000
-0.366424	-0.076542	0.000000
-0.036913	0.197370	0.000000
-0.038000	0.508600	0.000000
-0.609002	0.895556	0.000000
0.099926	0.048726	0.000000
-0.231197	0.603355	0.000000
-0.316900	-0.074258	0.000000
-0.186742	0.561040	0.000000
-0.596367	-0.252477	0.000000
-0.376413	-0.024422	0.000000
-0.324357	-0.394209	0.000000
-0.393408	-0.206420	0.000000
-0.195024	0.514723	0.000000
-0.509640	-0.666557	0.000000
-0.586564	0.903768	0.000000
-0.277734	-0.557613	0.000000
0.173109	-0.151084	0.000000
-0.481996	-0.014550	0.000000
-0.468294	-0.394753	0.000000
-0.056105	0.617560	0.000000
-0.488462	0.545526	0.000000
-0.222898	-0.567050	0.000000
-0.638773	-0.103791	0.000000
-0.299350	-0.215594	0.000000
-0.777995	0.608653	0.000000
-0.583157	-0.464271	0.000000
-0.329643	0.012329	0.000000
-0.270703	-0.322067	0.000000
-0.394826	-0.745507	0.000000
-0.428923	-0.385451	0.000000
-0.058208	0.684004	0.000000
-0.046858	0.012503	0.000000
-0.268111	0.009131	0.000000
-0.494001	-0.120026	0.000000
-0.343650	0.681981	0.000000
-0.045299	-0.399844	0.000000
-0.052084	-0.744811	0.000000
-0.419643	0.292407	0.000000
-0.365945	0.817952	0.000000
-0.821012	-0.194596	0.000000
-0.917410	-0.683846	0.000000
-0.385846	0.051797	0.000000
-0.786543	-0.014872	0.000000
-0.037205	-0.546366	0.000000
-0.757499	0.102739	0.000000
-0.239025	-0.140385	0.000000
-0.456374	-0.400166	0.000000
-0.024019	0.075410	0.000000
-0.000924	-0.285693	0.000000
-0.346979	-0.290566	0.000000
-0.485306	-0.463104	0.000000
-0.782187	-0.029150	0.000000
-0.018358	0.461139	0.000000
-0.135513	0.196559	0.000000
-0.289962	0.458928	0.000000
-0.213890	-0.284617	0.000000
-0.111494	-0.167332	0.000000
-0.182547	-0.047385	0.000000
-0.585150	0.236031	0.000000
-0.274208	0.327393	0.000000
0.146503	0.304979	0.000000
0.086253	0.276407	0.000000
-0.576970	0.560946	0.000000
-0.141961	-0.770626	0.000000
-0.137992	-0.251331	0.000000
-0.366913	-0.227184	0.000000
0.069249	-0.090130	0.000000
-0.163712	-0.078671	0.000000
-0.519628	-0.221915	0.000000
-0.700499	0.517237	0.000000
-0.043412	0.548392	0.000000
0.095099	-0.208067	0.000000
-0.190602	0.697665	0.000000
-0.206307	-0.552983	0.000000
0.093117	-0.435289	0.000000
-0.115726	-0.680950	0.000000
-0.285255	0.194797	0.000000
-0.247152	0.585022	0.000000
-0.420370	-0.192602	0.000000
0.957552	0.007745	0.000000
-0.371379	0.399529	0.000000
-0.552105	0.491879	0.000000
-0.309469	-0.509662	0.000000
-0.165762	-0.711624	0.000000
-0.697374	0.410423	0.000000
-0.792030	0.493686	0.000000
-0.184635	0.030078	0.000000
-0.250417	-0.180080	0.000000
-0.346914	-0.502775	0.000000
-0.247484	-0.281150	0.000000
0.032517	0.139264	0.000000
-0.368462	0.300387	0.000000
-0.166222	0.343702	0.000000
-0.710454	-0.063938	0.000000
-0.069249	-0.605925	0.000000
-0.000242	-0.590631	0.000000
0.026352	0.388359	0.000000
-0.384867	0.746919	0.000000
-0.278328	0.718297	0.000000
-0.556155	-0.313967	0.000000
-0.573288	0.368984	0.000000
-0.284534	-0.575198	0.000000
-0.316771	-0.215529	0.000000
-0.178441	0.018081	0.000000
-0.110205	0.326844	0.000000
-0.321327	-0.420323	0.000000
-0.495134	-0.168722	0.000000
-0.600179	-0.248470	0.000000
-0.301799	0.564442	0.000000
-0.040113	-0.604460	0.000000
-0.311592	0.570213	0.000000
-0.921515	-0.591936	0.000000
-0.656153	0.795053	0.000000
0.037921	-0.683964	0.000000
-0.346877	0.075089	0.000000
-0.379321	-0.326007	0.000000
-0.208683	0.091175	0.000000
-0.912396	-0.540327	0.000000
-0.178771	0.019842	0.000000
-0.267167	0.262214	0.000000
-0.237167	-0.284971	0.000000
-0.144646	0.406523	0.000000
-0.210573	-0.196472	0.000000
-0.404307	-0.609970	0.000000
-0.529125	-0.215555	0.000000
-0.642490	0.181755	0.000000
-0.100000	0.542898	0.000000
-0.082841	-0.124918	0.000000
-0.043846	0.598784	0.000000
-0.045734	0.400863	0.000000
-0.202628	-0.612635	0.000000
-0.388140	-0.363176	0.000000
-0.354932	0.688220	0.000000
-0.334991	-0.793787	0.000000
-0.289509	-0.376920	0.000000
0.104590	0.196543	0.000000
-0.246809	0.363186	0.000000
-0.407885	0.158951	0.000000
-0.121709	-0.979152	0.000000
-0.354634	0.893191	0.000000
-0.104703	-0.514677	0.000000
-0.538612	0.574097	0.000000
-0.225845	-0.116012	0.000000
-0.707218	-0.086529	0.000000
-0.472449	-0.273295	0.000000
-0.666668	0.550762	0.000000
-0.021587	-0.349783	0.000000
-0.021350	-0.135261	0.000000
-0.218172	0.493422	0.000000
-0.132919	-0.236202	0.000000
0.054808	0.122914	0.000000
0.084215	-0.510138	0.000000
-0.149366	0.734005	0.000000
-0.458307	-0.401987	0.000000
0.034654	-0.019761	0.000000
-0.257908	-0.400274	0.000000
-0.298619	-0.385199	0.000000
-0.026177	0.377803	0.000000
-0.277662	-0.480146	0.000000
-0.319338	-0.860048	0.000000
-0.659633	0.663557	0.000000
-0.108967	-0.637611	0.000000
-0.563135	0.569472	0.000000
0.097979	-0.592179	0.000000
0.032210	0.340577	0.000000
-0.051798	0.293871	0.000000
0.026503	0.222321	0.000000
-0.285225	-0.362288	0.000000
-0.378203	-0.656640	0.000000
-0.603929	0.518823	0.000000
-0.294833	-0.250000	0.000000
-0.104958	-0.948823	0.000000
-0.296923	-0.308063	0.000000
-0.273376	-0.561419	0.000000
-0.221153	0.372269	0.000000
0.000563	0.109823	0.000000
-0.104887	-0.880613	0.000000
-0.287549	0.760183	0.000000
0.154284	-0.165237	0.000000
-0.294290	-0.582250	0.000000
-0.046494	-0.718067	0.000000
-0.240057	0.484916	0.000000
-0.077293	-0.032920	0.000000
-0.146068	-0.212367	0.000000
-0.275826	-0.191704	0.000000
0.969874	-0.059757	0.000000
-0.037515	0.037375	0.000000
-0.029060	-0.520801	0.000000
-0.551579	-0.402588	0.000000
-0.473331	-0.778565	0.000000
-0.068696	-0.604327	0.000000
-0.224739	-0.307640	0.000000
-0.192855	0.304127	0.000000
-0.105050	0.281514	0.000000
-0.266290	-0.284833	0.000000
-0.620979	-0.346122	0.000000
-0.096963	0.060745	0.000000
-0.377213	0.400425	0.000000
-0.329437	0.790125	0.000000
-0.659370	0.861759	0.000000
0.155038	-0.066367	0.000000
-0.316969	0.854166	0.000000
-0.346937	-0.598047	0.000000
-0.018572	0.629883	0.000000
-0.507041	-0.397832	0.000000
-0.052764	-0.201192	0.000000
-0.612226	-0.263824	0.000000
-0.389981	-0.597803	0.000000
-0.670400	0.504380	0.000000
-0.207310	-0.445848	0.000000
-0.644382	0.937232	0.000000
-0.331860	0.413585	0.000000
-0.340526	-0.761564	0.000000
-0.676076	0.531540	0.000000
-0.568260	0.513927	0.000000
-0.330777	-0.596819	0.000000
-0.133135	0.267280	0.000000
-0.054566	0.415570	0.000000
-0.065859	0.281924	0.000000
-0.277648	-0.370428	0.000000
0.205620	-0.055005	0.000000
-0.714701	-0.169858	0.000000
0.046279	-0.361183	0.000000
-0.247807	0.368392	0.000000
-0.695760	0.628197	0.000000
-0.477137	0.396932	0.000000
-0.024260	0.619115	0.000000
-0.656277	-0.142715	0.000000
-0.005426	-0.586152	0.000000
-0.625186	0.479041	0.000000
0.116188	-0.312133	0.000000
-0.173703	-0.170839	0.000000
-0.266408	-0.235803	0.000000
0.932605	0.464824	0.000000
-0.398992	0.188939	0.000000
-0.329975	-0.287085	0.000000
-0.622892	-0.492400	0.000000
0.042461	-0.676707	0.000000
-0.608148	-0.288364	0.000000
-0.160208	0.312223	0.000000
-0.476062	0.012735	0.000000
0.093408	0.146276	0.000000
-0.718341	0.639671	0.000000
0.205021	-0.039893	0.000000
0.136141	0.138286	0.000000
-0.017347	-0.352450	0.000000
0.068840	0.352294	0.000000
0.969679	-0.093827	0.000000
-0.798102	-0.183310	0.000000
-0.080181	0.271874	0.000000
0.139309	0.293819	0.000000
-0.344831	0.795877	0.000000
-0.294086	-0.519236	0.000000
0.098822	-0.371154	0.000000
-0.290583	-0.873763	0.000000
-0.351270	-0.081221	0.000000
-0.157952	-0.053022	0.000000
-0.725180	0.641239	0.000000
-0.309650	0.401064	0.000000
-0.132583	-0.549067	0.000000
-0.358853	-0.492228	0.000000
-0.180145	0.663523	0.000000
-0.282509	-0.359970	0.000000
-0.292416	-0.486081	0.000000
-0.200037	-0.600454	0.000000
-0.102419	0.453055	0.000000
-0.287764	-0.324723	0.000000
-0.264574	-0.170276	0.000000
-0.202096	-0.598651	0.000000
-0.761363	-0.038189	0.000000
-0.325181	0.010276	0.000000
-0.248591	0.127351	0.000000
-0.484923	0.032405	0.000000
-0.029421	0.531090	0.000000
-0.342638	-0.279674	0.000000
-0.583104	0.893608	0.000000
-0.740346	0.205761	0.000000
-0.044074	-0.727175	0.000000
-0.911971	0.100999	0.000000
0.129371	-0.001758	0.000000
-0.200805	0.487607	0.000000
-0.401578	0.495148	0.000000
-0.290640	0.552207	0.000000
-0.780807	0.211318	0.000000
-0.266649	0.652111	0.000000
-0.493345	0.504607	0.000000
-0.362479	0.865782	0.000000
-0.526569	0.026763	0.000000
-0.205863	-0.516119	0.000000
-0.389915	-0.296632	0.000000
-0.307945	-0.115445	0.000000
-0.609867	0.421010	0.000000
-0.374280	0.071499	0.000000
-0.011659	-0.348499	0.000000
-0.301437	-0.372754	0.000000
-0.068677	0.420928	0.000000
-0.164668	-0.643578	0.000000
-0.369007	0.339826	0.000000
-0.164600	-0.509050	0.000000
-0.169972	-0.196539	0.000000
-0.424038	0.042987	0.000000
-0.749699	-0.237834	0.000000
-0.780768	0.325916	0.000000
-0.131276	-0.106723	0.000000
0.049701	0.192142	0.000000
-0.219347	-0.218762	0.000000
-0.282891	0.587918	0.000000
-0.522514	0.571688	0.000000
0.972751	-0.039239	0.000000
-0.134974	-0.902602	0.000000
-0.386979	0.550063	0.000000
0.029735	-0.631517	0.000000
-0.121260	-0.556532	0.000000
-0.555049	0.454621	0.000000
-0.005425	-0.325852	0.000000
-0.266781	0.597349	0.000000
-0.427221	-0.399727	0.000000
-0.615523	0.527726	0.000000
0.115220	0.422521	0.000000
-0.172630	0.527215	0.000000
-0.228163	-0.690830	0.000000
0.161119	0.043209	0.000000
-0.308262	0.370768	0.000000
0.089014	-0.093334	0.000000
-0.426576	-0.186709	0.000000
-0.289956	0.468562	0.000000
-0.045604	0.401107	0.000000
-0.130832	-0.935797	0.000000
-0.386746	0.847728	0.000000
0.125937	-0.025462	0.000000
-0.212087	-0.397861	0.000000
-0.233120	-0.323170	0.000000
-0.323933	-0.692792	0.000000
-0.443373	-0.238567	0.000000
-0.833442	-0.073657	0.000000
-0.364023	0.663299	0.000000
-0.563067	0.527089	0.000000
-0.236976	-0.256725	0.000000
-0.262701	0.714608	0.000000
-0.948567	0.066640	0.000000
-0.320035	-0.478569	0.000000
0.016089	0.473533	0.000000
-0.435494	0.292649	0.000000
-0.565999	0.571029	0.000000
0.031075	0.421096	0.000000
0.103017	0.458676	0.000000
-0.228882	-0.517381	0.000000
-0.305953	-0.236657	0.000000
-0.275340	-0.136869	0.000000
0.013433	0.109784	0.000000
-0.265469	0.703381	0.000000
0.157079	-0.091647	0.000000
0.028418	-0.261789	0.000000
-0.269572	-0.296761	0.000000
-0.804917	0.360092	0.000000
-0.254747	-0.365293	0.000000
-0.531661	-0.482981	0.000000
-0.138785	0.225206	0.000000
-0.187486	0.004472	0.000000
-0.614540	-0.426568	0.000000
0.010979	0.505583	0.000000
-0.592228	-0.170340	0.000000
-0.338960	0.293750	0.000000
-0.018947	-0.495251	0.000000
0.067262	0.355207	0.000000
-0.767584	-0.073331	0.000000
-0.920310	-0.522090	0.000000
-0.270630	-0.447264	0.000000
0.081475	-0.031671	0.000000
0.051222	-0.447420	0.000000
-0.552522	-0.456178	0.000000
-0.912766	-0.671263	0.000000
-0.382304	0.665895	0.000000
-0.140983	-0.441231	0.000000
-0.518839	-0.025561	0.000000
0.030881	0.393082	0.000000
-0.265530	0.695699	0.000000
-0.315744	-0.047013	0.000000
0.184739	-0.115254	0.000000
-0.519356	-0.391985	0.000000
-0.396544	-0.697615	0.000000
-0.200254	-0.116894	0.000000
-0.284640	-0.216093	0.000000
-0.421282	0.061297	0.000000
-0.342027	-0.588470	0.000000
-0.209370	-0.753217	0.000000
-0.582690	0.545210	0.000000
-0.311088	0.677538	0.000000
-0.203153	0.401760	0.000000
-0.139338	-0.059235	0.000000
-0.405673	-0.602208	0.000000
0.094804	-0.139543	0.000000
-0.282525	-0.293144	0.000000
-0.222078	0.238341	0.000000
-0.314809	0.320752	0.000000
-0.312631	0.002531	0.000000
-0.373127	0.841586	0.000000
-0.573353	0.566847	0.000000
-0.078638	0.345010	0.000000
-0.119497	0.445748	0.000000
-0.263082	0.368936	0.000000
-0.403293	-0.128537	0.000000
-0.236942	-0.325542	0.000000
0.066454	-0.175028	0.000000
-0.331031	0.322710	0.000000
-0.451754	0.133440	0.000000
-0.335812	-0.155604	0.000000
0.038987	-0.400865	0.000000
-0.602401	0.915433	0.000000
-0.617271	0.519336	0.000000
0.030430	0.253233	0.000000
-0.223810	-0.375216	0.000000
0.962564	0.251203	0.000000
-0.250042	0.551538	0.000000
-0.206459	0.415272	0.000000
-0.761493	0.212967	0.000000
0.171041	-0.005261	0.000000
-0.598746	0.498282	0.000000
0.013445	0.056514	0.000000
-0.139519	0.497096	0.000000
-0.080188	0.288606	0.000000
-0.598319	0.486499	0.000000
-0.252027	0.377888	0.000000
-0.315065	-0.450306	0.000000
-0.197363	0.559678	0.000000
-0.149944	0.024106	0.000000
0.094325	-0.341388	0.000000
-0.638762	0.554487	0.000000
-0.193765	0.499998	0.000000
-0.332295	-0.828951	0.000000
-0.381540	0.687716	0.000000
-0.417006	-0.215097	0.000000
-0.238955	0.016454	0.000000
0.150002	0.015217	0.000000
-0.364574	0.838965	0.000000
0.130097	0.132018	0.000000
-0.272178	-0.196832	0.000000
-0.650700	-0.331550	0.000000
-0.181389	0.001157	0.000000
-0.614372	0.771759	0.000000
-0.204933	-0.471951	0.000000
-0.620492	-0.348789	0.000000
-0.228339	-0.590707	0.000000
0.083592	-0.421015	0.000000
-0.440896	0.192850	0.000000
-0.425068	-0.152031	0.000000
-0.581968	0.431864	0.000000
-0.733399	0.642086	0.000000
-0.148322	0.464932	0.000000
-0.308492	0.309604	0.000000
-0.154526	-0.099063	0.000000
-0.409509	0.034719	0.000000
-0.213837	0.570291	0.000000
-0.580036	-0.174862	0.000000
-0.713970	-0.237693	0.000000
-0.345514	-0.396242	0.000000
0.009025	-0.316092	0.000000
-0.007574	-0.364929	0.000000
-0.062533	0.184086	0.000000
-0.298372	-0.129102	0.000000
-0.639120	0.843138	0.000000
-0.564877	0.595457	0.000000
-0.774879	0.319601	0.000000
0.019840	0.553333	0.000000
-0.150075	-0.706572	0.000000
-0.668920	0.656189	0.000000
-0.631578	0.848004	0.000000
-0.552436	0.567262	0.000000
-0.120734	0.549155	0.000000
-0.007899	-0.453682	0.000000
-0.548337	0.326980	0.000000
-0.424663	0.373387	0.000000
0.021809	-0.334991	0.000000
-0.293766	-0.809192	0.000000
-0.247280	-0.604744	0.000000
-0.393861	-0.635659	0.000000
-0.337935	0.279379	0.000000
-0.418626	-0.591754	0.000000
-0.234396	0.526273	0.000000
-0.281650	-0.350232	0.000000
-0.282344	-0.472882	0.000000
-0.198571	0.787493	0.000000
-0.054092	-0.254045	0.000000
-0.286527	-0.369311	0.000000
-0.701443	0.798068	0.000000
0.018125	-0.418460	0.000000
-0.381098	-0.114117	0.000000
-0.209693	0.640521	0.000000
-0.133712	0.102138	0.000000
-0.197668	-0.302842	0.000000
-0.436866	-0.186184	0.000000
-0.613758	-0.381666	0.000000
-0.062223	0.042390	0.000000
-0.112743	-0.292072	0.000000
-0.415357	0.031403	0.000000
-0.476724	0.403041	0.000000
0.077749	-0.143573	0.000000
-0.724469	0.235126	0.000000
-0.319938	0.740138	0.000000
-0.564066	-0.403290	0.000000
-0.229474	0.433448	0.000000
-0.363192	0.573185	0.000000
0.032530	0.193482	0.000000
-0.912721	-0.542519	0.000000
-0.210313	0.577885	0.000000
-0.148078	-0.598020	0.000000
0.178040	-0.148422	0.000000
-0.373366	-0.344323	0.000000
-0.243875	-0.147678	0.000000
-0.523905	-0.178008	0.000000
-0.067283	-0.385190	0.000000
-0.926190	-0.518492	0.000000
-0.325745	0.032354	0.000000
-0.055857	0.473974	0.000000
-0.567975	0.608479	0.000000
-0.257607	-0.338488	0.000000
-0.055169	0.566071	0.000000
-0.348643	-0.481318	0.000000
-0.393352	-0.538063	0.000000
-0.001445	-0.046053	0.000000
-0.071677	0.093150	0.000000
-0.138769	-0.595279	0.000000
-0.000666	0.564205	0.000000
-0.245574	0.304612	0.000000
-0.805341	-0.289960	0.000000
-0.290789	-0.398251	0.000000
-0.259121	0.460721	0.000000
-0.585788	-0.372783	0.000000
0.064017	-0.090831	0.000000
-0.045037	0.044324	0.000000
0.046671	0.205779	0.000000
-0.527068	-0.353187	0.000000
-0.574978	0.548304	0.000000
0.006229	0.376931	0.000000
-0.256648	0.348954	0.000000
-0.349038	0.631349	0.000000
-0.235778	0.319126	0.000000
-0.162415	-0.595235	0.000000
-0.121265	0.722974	0.000000
-0.166144	0.062417	0.000000
-0.311289	-0.379929	0.000000
-0.262055	-0.691842	0.000000
-0.930200	-0.623015	0.000000
0.010844	-0.520820	0.000000
-0.500790	0.124330	0.000000
-0.126094	-0.982429	0.000000
-0.763070	0.226588	0.000000
-0.273930	-0.595512	0.000000
-0.282437	0.288208	0.000000
-0.676151	0.777218	0.000000
-0.108829	0.498932	0.000000
-0.341202	0.410980	0.000000
0.010443	0.196743	0.000000
0.062762	-0.460627	0.000000
-0.276707	0.666650	0.000000
-0.618524	0.348657	0.000000
-0.583445	-0.358622	0.000000
0.152560	-0.121141	0.000000
0.127889	0.028978	0.000000
-0.368616	-0.107589	0.000000
-0.745513	0.501285	0.000000
-0.048934	0.425835	0.000000
-0.822036	-0.091173	0.000000
-0.666639	-0.223443	0.000000
-0.000286	0.165117	0.000000
-0.766707	0.019000	0.000000
-0.529225	0.755381	0.000000
-0.234936	-0.170741	0.000000
-0.445969	-0.090606	0.000000
-0.471387	0.554758	0.000000
-0.293629	-0.253801	0.000000
-0.311824	-0.453691	0.000000
-0.362582	-0.506097	0.000000
-0.330249	-0.635284	0.000000
-0.579395	0.767628	0.000000
-0.302868	0.307835	0.000000
-0.218975	-0.271870	0.000000
-0.274959	-0.675858	0.000000
-0.454240	0.276883	0.000000
-0.131479	0.234553	0.000000
-0.100081	0.120966	0.000000
0.093667	-0.545098	0.000000
-0.337216	0.214363	0.000000
0.063862	0.112715	0.000000
-0.154075	-0.149933	0.000000
-0.731795	0.199097	0.000000
-0.419415	0.103975	0.000000
-0.215667	-0.850975	0.000000
-0.368938	0.370560	0.000000
-0.105239	0.262679	0.000000
-0.270670	0.717386	0.000000
-0.907470	-0.545286	0.000000
-0.114901	-0.167365	0.000000
-0.083436	0.348594	0.000000
-0.394113	-0.191396	0.000000
-0.026261	0.219859	0.000000
-0.262150	0.518237	0.000000
-0.146101	-0.113562	0.000000
-0.333854	-0.399507	0.000000
-0.046243	-0.335625	0.000000
-0.320923	0.157695	0.000000
-0.378955	-0.340909	0.000000
-0.348687	0.174514	0.000000
-0.753815	-0.045876	0.000000
-0.356032	0.012159	0.000000
-0.501181	-0.194123	0.000000
-0.315246	-0.355479	0.000000
-0.071870	0.658774	0.000000
-0.280471	0.578610	0.000000
-0.014114	0.240738	0.000000
-0.572538	0.635933	0.000000
-0.595272	0.941746	0.000000
0.141512	-0.001475	0.000000
-0.435795	-0.531165	0.000000
-0.447633	-0.272724	0.000000
-0.370905	-0.201239	0.000000
-0.322413	-0.207527	0.000000
0.092356	-0.069903	0.000000
0.050152	-0.356773	0.000000
0.123707	-0.050921	0.000000
-0.551048	0.593712	0.000000
-0.408832	0.649908	0.000000
-0.420317	-0.052229	0.000000
0.059927	-0.333302	0.000000
-0.336599	0.378684	0.000000
-0.194208	-0.182031	0.000000
-0.120848	-0.200883	0.000000
-0.038507	-0.463889	0.000000
-0.022185	-0.159522	0.000000
-0.041407	-0.562719	0.000000
-0.272429	-0.768837	0.000000
-0.447526	-0.589222	0.000000
-0.049946	-0.175438	0.000000
-0.215064	0.158241	0.000000
-0.226391	-0.042806	0.000000
-0.125126	0.221024	0.000000
-0.845087	-0.120967	0.000000
-0.133805	0.125218	0.000000
-0.082646	0.712322	0.000000
-0.537870	0.635908	0.000000
-0.379528	0.758779	0.000000
0.016656	-0.375225	0.000000
0.030069	-0.198505	0.000000
-0.323088	-0.637971	0.000000
-0.219935	-0.267062	0.000000
-0.309760	-0.168784	0.000000
0.075098	-0.632044	0.000000
-0.296782	0.146682	0.000000
-0.231614	0.152785	0.000000
-0.246690	0.112489	0.000000
-0.144542	0.224623	0.000000
0.095799	-0.100164	0.000000
-0.604346	0.406775	0.000000
0.031999	0.414407	0.000000
-0.184828	0.677542	0.000000
0.017427	0.122538	0.000000
-0.285344	0.553577	0.000000
-0.042896	0.542463	0.000000
-0.304425	-0.470384	0.000000
-0.152021	0.362069	0.000000
-0.258412	0.674412	0.000000
-0.598531	-0.425308	0.000000
-0.326203	-0.323545	0.000000
-0.340065	0.687097	0.000000
-0.720597	-0.182121	0.000000
0.084332	-0.223870	0.000000
0.044655	-0.283281	0.000000
-0.485860	-0.780085	0.000000
-0.707169	0.208071	0.000000
-0.282437	0.587751	0.000000
-0.593167	-0.195647	0.000000
-0.378546	0.184751	0.000000
-0.101447	-0.064044	0.000000
-0.027597	-0.242459	0.000000
-0.028943	-0.478937	0.000000
-0.257791	-0.695499	0.000000
-0.128196	0.246491	0.000000
-0.234424	-0.537776	0.000000
-0.503493	-0.033243	0.000000
-0.292697	-0.066449	0.000000
0.984479	0.094162	0.000000
0.092162	-0.068621	0.000000
-0.390674	-0.663877	0.000000
-0.795622	0.280406	0.000000
-0.317900	-0.275622	0.000000
-0.260577	-0.639175	0.000000
-0.307299	-0.406795	0.000000
-0.527887	0.630399	0.000000
0.016732	-0.642584	0.000000
-0.341117	-0.056290	0.000000
-0.363061	-0.487912	0.000000
0.082054	0.255908	0.000000
-0.729181	-0.112891	0.000000
-0.364612	0.518144	0.000000
-0.783795	0.187506	0.000000
-0.116341	-0.131121	0.000000
-0.472015	0.504479	0.000000
-0.292734	0.572043	0.000000
-0.001304	-0.060560	0.000000
0.014551	0.196250	0.000000
-0.073637	0.105752	0.000000
-0.032760	0.497197	0.000000
-0.330477	-0.024454	0.000000
-0.499085	0.151627	0.000000
-0.611288	0.387788	0.000000
0.007528	0.263833	0.000000
-0.254004	-0.545252	0.000000
-0.228752	-0.418672	0.000000
-0.288363	-0.824165	0.000000
-0.450745	-0.001855	0.000000
-0.176328	0.339753	0.000000
-0.129575	-0.894918	0.000000
-0.286888	-0.259692	0.000000
-0.925198	-0.666055	0.000000
-0.286584	-0.412883	0.000000
-0.387943	-0.104021	0.000000
-0.508880	0.354938	0.000000
-0.445604	-0.372493	0.000000
-0.205527	0.248536	0.000000
0.984095	0.104567	0.000000
-0.301374	-0.076436	0.000000
-0.086945	0.232910	0.000000
-0.021621	0.159235	0.000000
0.007472	-0.102557	0.000000
-0.556989	-0.214346	0.000000
-0.261614	-0.253114	0.000000
-0.665628	0.046397	0.000000
-0.019226	0.407977	0.000000
-0.217772	0.740325	0.000000
-0.091973	-0.076102	0.000000
-0.168412	0.152062	0.000000
-0.353342	0.820514	0.000000
-0.338604	-0.409737	0.000000
0.085625	-0.517734	0.000000
-0.219442	-0.454312	0.000000
-0.036949	-0.754348	0.000000
-0.537725	0.399068	0.000000
-0.275680	-0.360753	0.000000
-0.413242	-0.600800	0.000000
-0.216468	-0.617583	0.000000
-0.588161	-0.114475	0.000000
-0.581922	0.274424	0.000000
0.022611	-0.464882	0.000000
-0.555450	0.004705	0.000000
-0.373720	-0.572207	0.000000
-0.071143	-0.547212	0.000000
-0.275668	-0.331008	0.000000
0.031937	-0.079811	0.000000
-0.790959	0.629085	0.000000
-0.236982	0.598792	0.000000
-0.093117	-0.210427	0.000000
-0.221251	-0.421334	0.000000
-0.585338	-0.343503	0.000000
0.091311	-0.048875	0.000000
-0.373122	-0.079044	0.000000
-0.156287	-0.765271	0.000000
-0.156755	-0.712851	0.000000
-0.281392	-0.211503	0.000000
0.012800	-0.640857	0.000000
-0.453369	-0.002062	0.000000
0.041810	0.503451	0.000000
-0.648482	0.846616	0.000000
-0.322456	-0.259499	0.000000
-0.276707	0.614934	0.000000
-0.029681	-0.081558	0.000000
-0.517163	0.433908	0.000000
-0.223727	-0.047048	0.000000
-0.644989	0.330397	0.000000
-0.170785	0.604979	0.000000
-0.647510	0.758806	0.000000
-0.063860	0.461319	0.000000
0.185455	-0.074341	0.000000
-0.375196	-0.691209	0.000000
-0.382116	-0.119674	0.000000
0.146243	-0.243631	0.000000
-0.438190	-0.151087	0.000000
-0.771944	-0.132262	0.000000
-0.371750	0.499823	0.000000
-0.147652	0.159160	0.000000
-0.044511	0.374822	0.000000
-0.357649	-0.000740	0.000000
-0.255495	-0.396274	0.000000
-0.278800	-0.400377	0.000000
0.094617	-0.052878	0.000000
-0.181538	0.207165	0.000000
0.086762	-0.477542	0.000000
0.005238	0.218912	0.000000
-0.234162	-0.176962	0.000000
-0.400629	-0.144358	0.000000
0.135296	-0.057416	0.000000
-0.510886	0.118122	0.000000
0.147220	0.075556	0.000000
0.024628	-0.479502	0.000000
-0.076623	0.417764	0.000000
-0.358889	0.870236	0.000000
-0.093291	-0.544371	0.000000
-0.270415	-0.258036	0.000000
-0.698810	0.561934	0.000000
-0.649133	0.052386	0.000000
0.109639	-0.451214	0.000000
-0.237628	-0.451307	0.000000
-0.956052	0.035008	0.000000
-0.130552	0.213571	0.000000
-0.924834	0.349323	0.000000
-0.291900	0.495852	0.000000
-0.575364	0.657705	0.000000
-0.322506	-0.475849	0.000000
-0.562866	-0.444933	0.000000
-0.058558	0.408452	0.000000
-0.405296	-0.734270	0.000000
-0.617901	-0.224283	0.000000
0.020483	0.009735	0.000000
-0.570583	0.425819	0.000000
-0.205063	-0.730796	0.000000
-0.310703	-0.033414	0.000000
-0.020916	0.449208	0.000000
-0.333848	-0.890435	0.000000
-0.213413	-0.124447	0.000000
-0.339401	-0.111468	0.000000
-0.226363	0.625796	0.000000
-0.523128	-0.083981	0.000000
-0.648064	0.448229	0.000000
0.111628	0.287978	0.000000
0.104471	-0.475006	0.000000
0.100321	0.085799	0.000000
-0.444652	-0.356461	0.000000
-0.065475	0.367785	0.000000
-0.572672	0.591455	0.000000
0.142850	-0.051121	0.000000
0.065455	0.289962	0.000000
-0.184827	0.418306	0.000000
-0.648867	0.329415	0.000000
0.146189	-0.166180	0.000000
-0.258761	-0.071732	0.000000
-0.243669	0.639740	0.000000
-0.487001	-0.638138	0.000000
-0.879731	0.129120	0.000000
-0.875718	0.138427	0.000000
-0.424755	0.307026	0.000000
-0.094379	0.379798	0.000000
-0.187570	-0.574272	0.000000
-0.015095	-0.258094	0.000000
-0.103227	0.497395	0.000000
0.081582	-0.419637	0.000000
-0.281141	-0.241315	0.000000
-0.168098	0.347351	0.000000
-0.454496	-0.055468	0.000000
-0.106711	0.105787	0.000000
0.035935	0.072624	0.000000
-0.495848	-0.113470	0.000000
-0.348829	-0.234807	0.000000
-0.177146	-0.343604	0.000000
-0.004374	0.087292	0.000000
-0.596681	-0.456076	0.000000
-0.246021	0.175332	0.000000
-0.065747	0.122149	0.000000
-0.553547	-0.316500	0.000000
0.123115	0.398865	0.000000
-0.105133	-0.912862	0.000000
-0.065195	-0.168278	0.000000
-0.701195	0.729730	0.000000
-0.597374	0.901421	0.000000
-0.488075	-0.576378	0.000000
-0.763819	0.045246	0.000000
0.042627	-0.061147	0.000000
-0.578131	0.761866	0.000000
-0.416642	-0.183289	0.000000
0.068455	-0.061787	0.000000
-0.334646	0.815919	0.000000
-0.244197	-0.549172	0.000000
-0.191509	0.708321	0.000000
-0.136141	0.643549	0.000000
-0.308326	-0.099208	0.000000
-0.071568	0.389647	0.000000
0.128036	-0.217345	0.000000
-0.205621	-0.681613	0.000000
-0.359681	0.735762	0.000000
-0.136398	0.334746	0.000000
-0.194844	0.353268	0.000000
-0.282610	0.201752	0.000000
0.158673	0.003073	0.000000
0.048907	-0.425996	0.000000
-0.289165	-0.298565	0.000000
-0.195541	0.416405	0.000000
-0.267905	0.076534	0.000000
-0.542186	-0.096352	0.000000
0.076184	-0.655710	0.000000
-0.006714	0.490682	0.000000
0.026621	-0.518714	0.000000
-0.034649	-0.112495	0.000000
-0.696710	0.635345	0.000000
-0.273709	-0.246952	0.000000
-0.208318	-0.441810	0.000000
-0.259800	-0.398901	0.000000
0.021357	-0.559549	0.000000
0.020119	0.045325	0.000000
-0.601906	-0.451769	0.000000
-0.147885	-0.151016	0.000000
0.093530	-0.492938	0.000000
-0.260278	-0.209221	0.000000
0.051177	0.433608	0.000000
-0.280245	-0.708738	0.000000
-0.304615	0.272849	0.000000
-0.227097	0.144586	0.000000
0.083705	-0.419085	0.000000
-0.179915	0.441345	0.000000
-0.103901	0.219413	0.000000
-0.048903	0.193269	0.000000
-0.246189	0.083021	0.000000
-0.567685	-0.535132	0.000000
-0.403504	-0.109009	0.000000
-0.159691	-0.640800	0.000000
-0.532463	-0.510470	0.000000
-0.550556	-0.203923	0.000000
-0.021753	0.265394	0.000000
-0.318231	-0.796877	0.000000
-0.543688	0.614165	0.000000
-0.033429	-0.305587	0.000000
-0.393444	-0.311081	0.000000
0.051824	0.124202	0.000000
-0.714707	0.556299	0.000000
-0.611853	0.617078	0.000000
-0.647137	-0.377636	0.000000
-0.484577	-0.430593	0.000000
-0.154953	-0.741549	0.000000
-0.302201	0.789236	0.000000
-0.238678	-0.260920	0.000000
-0.333003	-0.317498	0.000000
0.086906	0.251448	0.000000
-0.178126	0.238734	0.000000
-0.165302	-0.343362	0.000000
-0.289970	0.086038	0.000000
-0.099245	-0.827332	0.000000
-0.193234	-0.343034	0.000000
-0.373956	-0.744841	0.000000
-0.785574	-0.179867	0.000000
-0.158355	0.161705	0.000000
-0.729048	0.573148	0.000000
-0.330006	-0.357025	0.000000
-0.396782	-0.243145	0.000000
0.144624	0.174438	0.000000
-0.369638	-0.331738	0.000000
0.016023	-0.697115	0.000000
-0.038329	-0.556842	0.000000
-0.259772	-0.326558	0.000000
-0.275444	0.477187	0.000000
-0.152744	0.277667	0.000000
-0.592371	-0.213622	0.000000
0.003611	0.169929	0.000000
-0.280188	-0.204349	0.000000
-0.415252	-0.016457	0.000000
-0.493560	0.365675	0.000000
0.179597	-0.077148	0.000000
-0.433696	-0.057282	0.000000
-0.306514	-0.508721	0.000000
-0.167475	-0.632875	0.000000
-0.107058	0.315087	0.000000
-0.296313	-0.236248	0.000000
-0.132791	-0.495423	0.000000
0.008591	-0.047310	0.000000
-0.427609	0.359587	0.000000
0.007458	0.516005	0.000000
-0.382124	-0.299381	0.000000
-0.210446	-0.393715	0.000000
-0.483274	-0.403970	0.000000
-0.107291	-0.607940	0.000000
-0.247417	-0.518731	0.000000
0.083874	0.510869	0.000000
0.013348	0.114893	0.000000
-0.011419	-0.288290	0.000000
-0.434922	-0.263550	0.000000
-0.158302	0.649259	0.000000
-0.341091	0.068478	0.000000
-0.555190	-0.393947	0.000000
-0.573571	-0.212894	0.000000
-0.401291	0.268120	0.000000
0.055724	0.272414	0.000000
-0.176352	0.080270	0.000000
-0.242861	-0.534823	0.000000
-0.421844	0.096578	0.000000
-0.338443	-0.409531	0.000000
-0.256248	-0.175178	0.000000
-0.320970	0.496757	0.000000
-0.633995	0.327796	0.000000
-0.390752	0.755499	0.000000
-0.461109	0.423875	0.000000
-0.566636	0.606978	0.000000
-0.286382	0.094924	0.000000
-0.296551	0.667125	0.000000
-0.193710	0.402882	0.000000
-0.286216	0.513008	0.000000
-0.324240	0.184039	0.000000
-0.287688	-0.293133	0.000000
-0.219467	-0.362132	0.000000
-0.145916	-0.888383	0.000000
0.139396	0.088930	0.000000
0.204218	-0.011679	0.000000
-0.330783	-0.510881	0.000000
-0.122641	0.032698	0.000000
0.070826	0.220906	0.000000
-0.121963	0.044845	0.000000
-0.726766	0.001818	0.000000
-0.388538	0.769004	0.000000
-0.254418	-0.253483	0.000000
-0.486781	-0.328239	0.000000
-0.014635	0.054637	0.000000
-0.721336	0.315375	0.000000
-0.309517	0.386048	0.000000
-0.777278	0.322807	0.000000
-0.092834	-0.724738	0.000000
-0.304772	-0.579067	0.000000
-0.341351	0.738924	0.000000
0.002028	-0.528922	0.000000
-0.667262	-0.254296	0.000000
-0.108096	0.382510	0.000000
-0.405741	0.401197	0.000000
-0.440504	0.338450	0.000000
0.047573	0.009856	0.000000
-0.470435	0.143509	0.000000
-0.343086	-0.289613	0.000000
0.110039	-0.057647	0.000000
0.133737	0.160535	0.000000
-0.652022	-0.208351	0.000000
0.012499	-0.403968	0.000000
0.973693	0.212291	0.000000
-0.622586	-0.399509	0.000000
-0.665972	0.280528	0.000000
-0.514601	-0.470275	0.000000
-0.826815	0.038502	0.000000
-0.660586	0.854545	0.000000
-0.918184	-0.681783	0.000000
-0.290514	-0.123181	0.000000
-0.163419	0.559464	0.000000
0.104451	-0.290047	0.000000
-0.102401	0.300207	0.000000
-0.575351	0.769729	0.000000
-0.661942	0.763925	0.000000
-0.280386	0.626067	0.000000
-0.570133	0.557071	0.000000
0.081497	0.258030	0.000000
-0.270053	0.769656	0.000000
-0.296181	0.258898	0.000000
-0.494546	0.465877	0.000000
-0.432778	-0.286478	0.000000
-0.066678	0.354535	0.000000
-0.151411	0.588052	0.000000
0.182823	-0.033991	0.000000
0.035331	-0.671798	0.000000
-0.078273	-0.714213	0.000000
-0.120165	-0.325858	0.000000
-0.071853	-0.668601	0.000000
-0.302730	-0.420358	0.000000
-0.647455	0.961368	0.000000
-0.329838	-0.643296	0.000000
0.002569	-0.430201	0.000000
-0.431800	-0.263567	0.000000
-0.668157	0.600009	0.000000
-0.022650	0.193740	0.000000
-0.603633	-0.073094	0.000000
0.061572	0.092839	0.000000
-0.137185	0.231675	0.000000
-0.468926	-0.574552	0.000000
-0.271464	0.058586	0.000000
0.086781	0.373836	0.000000
-0.451120	-0.540331	0.000000
-0.310853	-0.056162	0.000000
-0.180333	0.063591	0.000000
-0.330869	-0.511096	0.000000
-0.501055	0.489932	0.000000
-0.197734	-0.474476	0.000000
-0.283415	-0.297813	0.000000
-0.338129	-0.403129	0.000000
-0.223724	-0.031564	0.000000
-0.393460	-0.743402	0.000000
-0.476457	-0.336848	0.000000
-0.244916	-0.395946	0.000000
-0.200893	0.616228	0.000000
-0.370512	0.384501	0.000000
-0.269135	0.403163	0.000000
-0.316927	-0.153089	0.000000
-0.356914	-0.727191	0.000000
-0.476281	0.587902	0.000000
0.169813	-0.060680	0.000000
-0.154954	-0.286766	0.000000
-0.293867	-0.319478	0.000000
-0.225573	-0.334838	0.000000
-0.277168	0.457858	0.000000
-0.394756	0.149015	0.000000
-0.485383	0.421319	0.000000
-0.298101	-0.187726	0.000000
-0.594669	-0.381609	0.000000
-0.159946	-0.124593	0.000000
-0.634857	-0.503762	0.000000
-0.311450	-0.500934	0.000000
0.074566	-0.439460	0.000000
-0.760619	0.185821	0.000000
0.031178	0.308889	0.000000
-0.049119	0.504009	0.000000
-0.390490	0.320725	0.000000
-0.462220	-0.104703	0.000000
-0.031774	0.396392	0.000000
-0.527215	-0.486916	0.000000
0.040705	0.020662	0.000000
0.968621	0.064000	0.000000
0.013358	-0.429499	0.000000
-0.254190	0.010724	0.000000
-0.469256	-0.237680	0.000000
-0.087898	0.433476	0.000000
-0.369300	0.141663	0.000000
-0.826376	0.162401	0.000000
-0.452884	0.119170	0.000000
-0.287472	-0.255324	0.000000
-0.571918	-0.110387	0.000000
-0.091331	0.031253	0.000000
0.936173	0.439759	0.000000
-0.927029	-0.018833	0.000000
0.103660	0.405274	0.000000
-0.297319	-0.833825	0.000000
-0.815658	0.027095	0.000000
-0.554442	0.018025	0.000000
-0.236876	0.380647	0.000000
-0.048735	0.546797	0.000000
-0.234931	0.031131	0.000000
0.080074	0.193681	0.000000
-0.513314	-0.646272	0.000000
-0.118146	-0.281323	0.000000
-0.095100	0.412617	0.000000
-0.467383	-0.124144	0.000000
-0.527172	0.405892	0.000000
-0.199188	-0.559167	0.000000
-0.082475	0.673557	0.000000
-0.449967	-0.676442	0.000000
-0.346615	-0.646702	0.000000
-0.392952	-0.085411	0.000000
-0.324429	-0.480954	0.000000
-0.521574	0.358849	0.000000
-0.886436	0.126120	0.000000
-0.489063	0.642852	0.000000
-0.452330	-0.742264	0.000000
-0.627051	-0.400514	0.000000
-0.103926	-0.693078	0.000000
-0.690614	0.584987	0.000000
0.028066	0.065078	0.000000
-0.219512	-0.650940	0.000000
-0.172949	-0.244892	0.000000
-0.922144	-0.029058	0.000000
0.064663	-0.508957	0.000000
-0.331675	0.651252	0.000000
-0.425319	0.256266	0.000000
-0.412438	-0.504334	0.000000
-0.676418	0.518608	0.000000
-0.093854	0.236336	0.000000
0.072753	0.046185	0.000000
-0.085151	0.041436	0.000000
-0.897779	-0.696172	0.000000
-0.395821	-0.080148	0.000000
-0.136588	-0.321966	0.000000
-0.272300	0.013024	0.000000
-0.587194	0.148670	0.000000
-0.175225	-0.189486	0.000000
-0.307852	-0.317057	0.000000
-0.599746	0.406715	0.000000
0.179122	-0.020443	0.000000
-0.052818	0.291877	0.000000
-0.071937	-0.286731	0.000000
-0.542258	-0.187753	0.000000
-0.065795	0.242731	0.000000
-0.190477	0.026148	0.000000
-0.230807	0.605968	0.000000
0.074981	-0.025978	0.000000
-0.588396	0.530894	0.000000
-0.169605	-0.659646	0.000000
0.114882	0.151932	0.000000
0.049881	-0.120375	0.000000
-0.581555	-0.542156	0.000000
-0.350195	-0.674076	0.000000
-0.008741	0.596038	0.000000
-0.077661	-0.208030	0.000000
-0.004329	-0.440591	0.000000
-0.728685	-0.155205	0.000000
-0.061665	-0.765930	0.000000
-0.374719	-0.090186	0.000000
-0.502640	-0.084107	0.000000
-0.138887	0.431887	0.000000
-0.253562	0.493314	0.000000
-0.122394	-0.300800	0.000000
-0.147449	-0.839935	0.000000
-0.230832	0.102700	0.000000
-0.141249	-0.882128	0.000000
-0.125187	-0.168069	0.000000
-0.536522	-0.013960	0.000000
0.130597	0.277980	0.000000
-0.394000	0.285424	0.000000
0.172885	-0.138304	0.000000
0.147001	0.037866	0.000000
-0.543918	0.124932	0.000000
0.971175	0.229823	0.000000
-0.592665	-0.468055	0.000000
0.014416	-0.613343	0.000000
-0.111126	-0.553402	0.000000
-0.853706	-0.063541	0.000000
-0.439674	-0.070082	0.000000
0.105164	0.376567	0.000000
-0.448516	-0.289573	0.000000
0.167499	0.059828	0.000000
-0.272030	-0.090809	0.000000
-0.640492	0.989913	0.000000
0.131526	-0.031324	0.000000
-0.385341	-0.219618	0.000000
-0.289166	-0.220156	0.000000
0.090839	-0.146101	0.000000
-0.050249	0.419068	0.000000
-0.583692	-0.464713	0.000000
-0.053210	0.247737	0.000000
-0.264847	-0.323857	0.000000
0.102062	-0.266011	0.000000
-0.536246	0.116408	0.000000
-0.158290	-0.104313	0.000000
-0.177749	-0.388428	0.000000
-0.341793	-0.612164	0.000000
-0.462389	0.062358	0.000000
-0.097865	0.172507	0.000000
-0.320320	-0.200528	0.000000
-0.579420	0.736161	0.000000
-0.316209	-0.731386	0.000000
-0.779015	0.217825	0.000000
-0.034370	-0.374245	0.000000
-0.629679	-0.331836	0.000000
-0.585044	0.093665	0.000000
-0.291924	-0.572595	0.000000
-0.356453	0.001650	0.000000
-0.314109	-0.343164	0.000000
-0.995387	-0.524424	0.000000
0.101774	0.072058	0.000000
-0.081492	-0.604848	0.000000
0.007054	-0.431026	0.000000
0.127683	0.198784	0.000000
-0.004394	-0.683595	0.000000
-0.224860	0.550958	0.000000
-0.102697	0.416613	0.000000
-0.348215	0.275202	0.000000
-0.073239	-0.353647	0.000000
-0.087202	0.297152	0.000000
-0.057277	0.393276	0.000000
0.015956	0.059010	0.000000
0.082205	-0.353760	0.000000
-0.335928	-0.344878	0.000000
0.063618	-0.038988	0.000000
-0.238800	0.126598	0.000000
-0.118424	-0.218448	0.000000
-0.124702	-0.735172	0.000000
0.146342	-0.163949	0.000000
-0.912800	-0.538132	0.000000
-0.109982	0.059495	0.000000
-0.640727	0.999072	0.000000
-0.284753	-0.002326	0.000000
0.064394	0.420547	0.000000
-0.026655	-0.704146	0.000000
-0.356627	-0.566532	0.000000
-0.406255	-0.369447	0.000000
-0.003382	0.615324	0.000000
-0.472990	-0.170715	0.000000
-0.235627	-0.470986	0.000000
-0.664377	0.778374	0.000000
-0.356824	-0.353342	0.000000
-0.434345	-0.116427	0.000000
-0.224811	0.357115	0.000000
-0.464379	-0.311350	0.000000
0.166380	0.023085	0.000000
-0.315715	0.489183	0.000000
-0.349889	-0.338168	0.000000
-0.235236	-0.463950	0.000000
-0.584984	0.371881	0.000000
0.102877	0.267616	0.000000
-0.353402	-0.609077	0.000000
-0.127911	0.425674	0.000000
-0.205004	-0.353344	0.000000
-0.167408	-0.023553	0.000000
-0.369910	-0.238610	0.000000
-0.438782	-0.433391	0.000000
-0.044363	0.298679	0.000000
-0.529762	-0.280183	0.000000
-0.243571	-0.339056	0.000000
-0.397218	0.263363	0.000000
-0.380960	-0.131087	0.000000
-0.301304	0.541969	0.000000
0.071673	-0.168039	0.000000
-0.202269	-0.649134	0.000000
-0.204349	-0.614134	0.000000
-0.663023	0.429640	0.000000
0.096612	-0.010145	0.000000
-0.464583	-0.466959	0.000000
-0.850279	-0.070401	0.000000
-0.587174	0.780536	0.000000
-0.365003	-0.301677	0.000000
-0.544951	-0.142098	0.000000
0.064976	0.316461	0.000000
-0.641016	0.996246	0.000000
-0.356707	-0.245743	0.000000
-0.135217	-0.806356	0.000000
-0.068063	-0.342636	0.000000
-0.190801	0.563796	0.000000
-0.279027	0.510269	0.000000
-0.108385	0.038698	0.000000
-0.579636	0.460203	0.000000
-0.440820	0.275564	0.000000
0.029211	-0.174330	0.000000
-0.837148	-0.188688	0.000000
-0.387844	-0.659079	0.000000
-0.765761	0.037611	0.000000
-0.846245	0.160124	0.000000
-0.228532	0.465095	0.000000
-0.788539	-0.194056	0.000000
0.081983	-0.278660	0.000000
-0.208491	0.352319	0.000000
0.124354	0.030977	0.000000
-0.601377	0.569362	0.000000
-0.562732	-0.031778	0.000000
-0.240429	-0.397678	0.000000
0.109771	0.311665	0.000000
-0.736848	-0.176257	0.000000
-0.652454	-0.088754	0.000000
-0.259434	-0.393417	0.000000
-0.165445	-0.051286	0.000000
-0.080507	0.227875	0.000000
-0.568390	0.546212	0.000000
-0.914203	-0.687569	0.000000
-0.103488	0.686610	0.000000
-0.641448	0.734061	0.000000
0.156419	-0.135288	0.000000
-0.563628	0.587640	0.000000
-0.058420	-0.193354	0.000000
-0.332605	0.683667	0.000000
-0.249213	-0.261782	0.000000
0.069225	0.080386	0.000000
0.185411	-0.032738	0.000000
-0.625975	0.515565	0.000000
-0.271054	0.221578	0.000000
-0.031420	-0.067781	0.000000
-0.065723	0.490930	0.000000
0.001513	-0.698082	0.000000
0.063084	-0.125475	0.000000
-0.595816	0.546626	0.000000
-0.192307	0.028497	0.000000
-0.417876	0.278620	0.000000
-0.920739	-0.529270	0.000000
0.977026	0.226326	0.000000
-0.497923	0.433749	0.000000
0.139819	-0.126873	0.000000
-0.494659	0.432897	0.000000
-0.271961	-0.417908	0.000000
0.095491	-0.532985	0.000000
-0.174426	0.062562	0.000000
-0.270434	0.688670	0.000000
-0.929192	-0.516611	0.000000
-0.415948	-0.390199	0.000000
-0.203224	-0.730037	0.000000
-0.938659	0.082724	0.000000
-0.462759	-0.391854	0.000000
-0.418846	0.209952	0.000000
-0.112828	0.398695	0.000000
-0.663264	0.373542	0.000000
-0.103237	-0.081866	0.000000
-0.583116	-0.433524	0.000000
-0.229376	-0.406995	0.000000
-0.629777	0.798909	0.000000
-0.091583	-0.605216	0.000000
0.987359	0.087433	0.000000
-0.393780	-0.589634	0.000000
0.158793	-0.149386	0.000000
0.100215	-0.286729	0.000000
-0.313109	0.720443	0.000000
0.169366	0.027035	0.000000
-0.065198	-0.095653	0.000000
-0.281579	-0.287292	0.000000
0.095984	0.416473	0.000000
-0.877128	0.139136	0.000000
-0.048733	0.333798	0.000000
-0.570987	-0.446870	0.000000
-0.494577	-0.369111	0.000000
0.087591	0.171868	0.000000
-0.301671	-0.383205	0.000000
-0.530861	-0.189924	0.000000
-0.166638	0.144744	0.000000
-0.143812	0.136374	0.000000
0.079860	-0.314112	0.000000
-0.583328	0.605488	0.000000
0.200179	-0.023018	0.000000
-0.317757	0.742532	0.000000
-0.760927	0.601332	0.000000
0.110378	-0.111855	0.000000
-0.298345	-0.615783	0.000000
-0.058919	-0.556052	0.000000
-0.514171	-0.246187	0.000000
-0.081061	-0.514241	0.000000
-0.307407	-0.214833	0.000000
-0.423770	-0.778023	0.000000
-0.219084	0.614243	0.000000
-0.782266	0.583583	0.000000
-0.579354	0.824006	0.000000
-0.553397	0.061365	0.000000
-0.207154	-0.557011	0.000000
-0.079229	0.358820	0.000000
-0.602186	0.297938	0.000000
-0.280391	0.620831	0.000000
-0.146594	-0.850975	0.000000
-0.920078	-0.525256	0.000000
-0.149693	-0.585697	0.000000
-0.434665	0.021038	0.000000
-0.263577	-0.685565	0.000000
-0.085454	0.074111	0.000000
-0.042116	0.633700	0.000000
-0.381552	-0.707810	0.000000
-0.062493	-0.345268	0.000000
-0.318501	-0.104348	0.000000
-0.330482	0.011254	0.000000
-0.536884	0.400848	0.000000
-0.220846	0.393133	0.000000
-0.277202	-0.323152	0.000000
-0.930035	-0.508305	0.000000
-0.626728	0.717413	0.000000
0.016090	0.127243	0.000000
0.092935	-0.418555	0.000000
-0.351116	-0.120670	0.000000
-0.246049	-0.416530	0.000000
0.121451	-0.024037	0.000000
-0.228685	-0.338568	0.000000
-0.184660	0.703739	0.000000
-0.155252	0.511963	0.000000
-0.280211	0.319368	0.000000
-0.051822	-0.217287	0.000000
-0.341560	-0.208432	0.000000
-0.512571	-0.190020	0.000000
-0.741603	-0.019462	0.000000
-0.604652	-0.294763	0.000000
-0.051069	-0.191846	0.000000
0.146782	-0.218336	0.000000
-0.476536	0.078430	0.000000
0.997305	0.067430	0.000000
-0.267934	-0.191969	0.000000
0.052714	-0.555964	0.000000
-0.188778	-0.697908	0.000000
-0.132075	-0.023789	0.000000
-0.140700	-0.230721	0.000000
-0.315073	-0.403624	0.000000
0.116200	0.148246	0.000000
-0.281347	0.671417	0.000000
0.086614	-0.588850	0.000000
0.128254	0.016960	0.000000
-0.237406	-0.380525	0.000000
-0.548586	-0.493523	0.000000
0.144923	-0.006538	0.000000
-0.511969	-0.289904	0.000000
-0.576632	-0.360456	0.000000
-0.664223	0.525174	0.000000
-0.509368	-0.389547	0.000000
0.094227	0.298900	0.000000
0.089358	-0.476926	0.000000
-0.224593	-0.010429	0.000000
-0.297118	-0.489007	0.000000
-0.382140	0.257933	0.000000
-0.562321	-0.160433	0.000000
0.183960	-0.014109	0.000000
0.091643	-0.451643	0.000000
0.010237	-0.347889	0.000000
-0.313563	-0.245543	0.000000
-0.096661	0.581770	0.000000
-0.797439	0.263906	0.000000
-0.346225	-0.211455	0.000000
-0.615742	0.146670	0.000000
-0.269720	0.183219	0.000000
-0.240299	-0.163542	0.000000
-0.593598	0.769929	0.000000
-0.320038	-0.755207	0.000000
-0.168023	-0.664733	0.000000
-0.285140	-0.535634	0.000000
0.981843	0.105700	0.000000
0.111796	-0.482096	0.000000
-0.344755	-0.623359	0.000000
0.070984	-0.208022	0.000000
-0.029147	0.421431	0.000000
-0.249812	0.686476	0.000000
-0.337393	0.608257	0.000000
0.980380	0.101831	0.000000
-0.245684	-0.496453	0.000000
-0.271782	0.529319	0.000000
-0.633810	0.731962	0.000000
-0.253797	-0.146651	0.000000
-0.141566	-0.337744	0.000000
-0.440577	0.311780	0.000000
-0.548175	-0.354478	0.000000
-0.555028	-0.577561	0.000000
-0.249596	0.593039	0.000000
-0.899277	-0.693412	0.000000
-0.134065	-0.645820	0.000000
-0.369717	0.865036	0.000000
-0.221156	-0.515631	0.000000
-0.500334	-0.381709	0.000000
-0.330797	-0.718031	0.000000
0.134099	0.165827	0.000000
-0.130914	0.379718	0.000000
-0.682144	-0.106079	0.000000
-0.113411	0.012800	0.000000
-0.518556	0.470277	0.000000
0.158288	-0.014125	0.000000
-0.216922	-0.543900	0.000000
-0.206480	0.628684	0.000000
-0.354567	-0.126730	0.000000
-0.255531	0.426737	0.000000
-0.208141	-0.806543	0.000000
-0.316823	0.631051	0.000000
-0.258505	-0.504126	0.000000
-0.298205	-0.881999	0.000000
-0.397697	0.300823	0.000000
0.169360	-0.018133	0.000000
-0.345784	0.780202	0.000000
-0.260190	-0.514243	0.000000
-0.590628	0.304216	0.000000
-0.533995	-0.451602	0.000000
-0.194580	0.584056	0.000000
-0.263326	-0.236277	0.000000
-0.002714	0.261463	0.000000
-0.140221	-0.290189	0.000000
-0.284315	-0.333443	0.000000
-0.484562	-0.739423	0.000000
-0.093925	0.382118	0.000000
-0.719415	0.670675	0.000000
-0.372329	0.539407	0.000000
-0.667669	0.683405	0.000000
-0.521415	0.555495	0.000000
-0.270327	-0.258235	0.000000
-0.645824	0.944312	0.000000
-0.537983	0.520496	0.000000
-0.127278	0.408351	0.000000
-0.342762	0.316103	0.000000
-0.044564	0.388718	0.000000
-0.267115	0.348713	0.000000
0.035305	0.408675	0.000000
-0.563756	-0.481350	0.000000
-0.136948	0.359566	0.000000
-0.298317	-0.228824	0.000000
-0.638705	0.808901	0.000000
0.933728	0.454478	0.000000
0.045448	-0.423387	0.000000
-0.812772	-0.263248	0.000000
-0.289363	-0.459999	0.000000
-0.251872	-0.377476	0.000000
-0.272543	-0.169618	0.000000
-0.221141	-0.000955	0.000000
-0.541291	-0.423655	0.000000
-0.358655	-0.384659	0.000000
-0.576207	-0.527157	0.000000
-0.094743	0.564596	0.000000
0.068871	0.190765	0.000000
0.103034	0.451858	0.000000
-0.334724	-0.410993	0.000000
-0.272201	0.683242	0.000000
-0.295121	-0.631491	0.000000
-0.055490	0.469234	0.000000
-0.361455	0.684951	0.000000
-0.510994	-0.212198	0.000000
-0.349042	-0.660521	0.000000
-0.324416	-0.330984	0.000000
-0.196700	-0.402362	0.000000
-0.329877	-0.378866	0.000000
-0.634681	0.535531	0.000000
-0.338210	-0.152299	0.000000
-0.245364	0.013672	0.000000
-0.168274	-0.353140	0.000000
0.015766	-0.479807	0.000000
-0.748358	0.493446	0.000000
-0.162517	-0.351484	0.000000
-0.416845	0.221225	0.000000
-0.029034	-0.410505	0.000000
-0.118841	0.177435	0.000000
0.144436	-0.043651	0.000000
-0.152589	-0.326708	0.000000
-0.046063	-0.669939	0.000000
-0.364124	0.673501	0.000000
0.114632	0.330382	0.000000
-0.585110	-0.454453	0.000000
-0.869579	0.142900	0.000000
-0.734498	-0.201025	0.000000
-0.223616	0.528102	0.000000
-0.086452	0.705648	0.000000
-0.332258	-0.068565	0.000000
-0.022829	0.381534	0.000000
-0.090747	-0.026619	0.000000
-0.321477	0.452447	0.000000
-0.269808	-0.439307	0.000000
-0.025391	-0.353864	0.000000
-0.246431	-0.309736	0.000000
0.100403	-0.187533	0.000000
0.968889	-0.028626	0.000000
-0.328437	-0.032541	0.000000
-0.203227	0.731984	0.000000
0.081198	0.353416	0.000000
0.070711	-0.640043	0.000000
-0.727244	-0.060569	0.000000
-0.577702	-0.184945	0.000000
-0.373444	-0.216431	0.000000
-0.249155	-0.158186	0.000000
-0.154124	0.568270	0.000000
-0.267152	-0.416993	0.000000
-0.847327	-0.100792	0.000000
-0.256442	-0.451993	0.000000
-0.032607	0.648036	0.000000
-0.281898	-0.288077	0.000000
0.094534	0.289262	0.000000
-0.364570	0.710843	0.000000
-0.017712	0.266048	0.000000
-0.112549	-0.350145	0.000000
-0.220831	-0.540867	0.000000
-0.269831	-0.060180	0.000000
-0.165652	-0.140422	0.000000
-0.182555	0.718439	0.000000
-0.421261	0.095281	0.000000
-0.275076	-0.435915	0.000000
0.120854	-0.033116	0.000000
0.067098	-0.558786	0.000000
-0.055802	0.047833	0.000000
0.044357	0.094691	0.000000
-0.429627	-0.293016	0.000000
-0.035332	0.578658	0.000000
-0.154664	0.733915	0.000000
-0.088843	-0.064760	0.000000
-0.501496	-0.735864	0.000000
-0.310167	0.567320	0.000000
-0.614673	0.398088	0.000000
-0.155130	-0.890268	0.000000
-0.326150	-0.653110	0.000000
-0.213635	-0.498231	0.000000
-0.223127	0.658295	0.000000
-0.315545	-0.220710	0.000000
-0.209626	0.510759	0.000000
-0.116950	0.390755	0.000000
-0.667382	0.523116	0.000000
-0.565012	0.568159	0.000000
0.195949	-0.098183	0.000000
-0.661326	0.652975	0.000000
-0.645089	0.751271	0.000000
-0.354210	0.175073	0.000000
-0.648056	-0.054160	0.000000
-0.341725	0.753957	0.000000
-0.518969	0.524176	0.000000
0.070996	-0.486362	0.000000
-0.339390	-0.494181	0.000000
-0.472362	-0.185356	0.000000
0.046595	-0.679641	0.000000
-0.166109	0.442802	0.000000
-0.457557	-0.121086	0.000000
-0.462974	-0.182339	0.000000
-0.571422	-0.054215	0.000000
-0.524005	0.544014	0.000000
-0.561233	-0.353364	0.000000
-0.194198	-0.387891	0.000000
-0.138992	0.282062	0.000000
-0.583515	-0.512944	0.000000
-0.400857	-0.731550	0.000000
-0.728123	0.584423	0.000000
-0.052590	0.220987	0.000000
-0.101592	-0.054173	0.000000
-0.205931	-0.443085	0.000000
0.036099	0.402570	0.000000
-0.623389	0.432596	0.000000
-0.127844	-0.451155	0.000000
-0.242651	-0.112382	0.000000
-0.055439	-0.269199	0.000000
-0.485805	-0.318607	0.000000
0.120749	0.071174	0.000000
-0.780301	-0.115096	0.000000
0.069366	-0.217812	0.000000
-0.396763	-0.603810	0.000000
0.022780	0.506207	0.000000
-0.336517	-0.015117	0.000000
-0.376713	-0.198706	0.000000
-0.654311	0.492125	0.000000
-0.619546	0.476995	0.000000
-0.254062	0.604302	0.000000
-0.569277	-0.589694	0.000000
-0.373330	-0.052235	0.000000
-0.463416	-0.438024	0.000000
-0.110031	0.457774	0.000000
0.057459	0.339084	0.000000
-0.060219	0.176228	0.000000
-0.557144	-0.467658	0.000000
-0.149291	-0.230659	0.000000
-0.273942	-0.529974	0.000000
0.048826	0.245866	0.000000
0.035025	-0.622232	0.000000
0.036224	-0.025099	0.000000
-0.556939	0.610487	0.000000
-0.283982	-0.175796	0.000000
-0.162442	-0.462725	0.000000
-0.164842	-0.412885	0.000000
-0.623195	0.204697	0.000000
-0.409447	0.808685	0.000000
0.037103	-0.686561	0.000000
-0.559658	0.467539	0.000000
-0.387187	-0.194072	0.000000
-0.160769	-0.592474	0.000000
-0.326482	0.523768	0.000000
-0.278814	0.059641	0.000000
-0.665489	0.409941	0.000000
-0.005241	0.187280	0.000000
-0.196662	0.629161	0.000000
0.024334	-0.572763	0.000000
-0.934841	-0.609390	0.000000
-0.926732	-0.003270	0.000000
-0.637897	0.005806	0.000000
-0.934730	-0.585485	0.000000
-0.400968	-0.582805	0.000000
-0.311116	0.754890	0.000000
-0.285906	0.694190	0.000000
-0.111004	0.433399	0.000000
0.088227	0.345459	0.000000
-0.022748	-0.345156	0.000000
0.113647	-0.046407	0.000000
-0.566241	-0.372331	0.000000
0.093686	0.122304	0.000000
-0.208586	-0.758889	0.000000
-0.277926	-0.536028	0.000000
-0.286523	0.606529	0.000000
-0.328116	0.161800	0.000000
-0.448850	-0.727582	0.000000
-0.005644	-0.463846	0.000000
-0.283360	-0.816022	0.000000
-0.220908	0.472347	0.000000
-0.306842	0.619122	0.000000
0.169912	-0.104069	0.000000
-0.220943	0.561172	0.000000
-0.111675	-0.890652	0.000000
-0.261820	0.478733	0.000000
-0.191417	0.023608	0.000000
0.955433	0.402023	0.000000
-0.333521	0.416395	0.000000
-0.098409	0.287784	0.000000
-0.147663	0.459789	0.000000
0.061263	0.305362	0.000000
-0.201077	-0.194845	0.000000
-0.402594	-0.376118	0.000000
0.187356	0.009891	0.000000
-0.533463	-0.439665	0.000000
-0.052524	0.352916	0.000000
-0.384687	-0.472357	0.000000
0.076478	-0.027683	0.000000
-0.683974	0.497444	0.000000
-0.663014	0.602573	0.000000
-0.469371	0.601815	0.000000
-0.487346	-0.399813	0.000000
-0.287684	0.325727	0.000000
0.029893	-0.634384	0.000000
-0.247892	-0.266922	0.000000
-0.341354	0.271451	0.000000
-0.319900	-0.446534	0.000000
-0.570996	0.546680	0.000000
-0.237460	-0.340502	0.000000
-0.086625	0.494033	0.000000
-0.460215	-0.261405	0.000000
-0.379584	-0.446842	0.000000
-0.421478	0.106075	0.000000
-0.004631	-0.354817	0.000000
-0.419560	-0.505283	0.000000
-0.608374	-0.489649	0.000000
-0.639437	-0.055119	0.000000
-0.665660	0.521814	0.000000
-0.197770	0.019326	0.000000
-0.215350	0.738359	0.000000
-0.254242	0.672216	0.000000
-0.328176	0.108058	0.000000
-0.302803	0.222690	0.000000
-0.210197	-0.618530	0.000000
-0.468307	-0.384781	0.000000
-0.317605	-0.479234	0.000000
0.067417	0.270687	0.000000
-0.260417	-0.287704	0.000000
-0.116926	0.575005	0.000000
-0.289476	-0.540384	0.000000
-0.540215	0.489593	0.000000
-0.281890	-0.143125	0.000000
0.029329	0.390543	0.000000
-0.377968	0.818364	0.000000
-0.087687	0.442407	0.000000
0.089640	-0.236590	0.000000
0.118092	0.123270	0.000000
-0.601181	0.297562	0.000000
-0.291655	-0.612882	0.000000
-0.162366	-0.523865	0.000000
-0.448011	-0.010058	0.000000
-0.361555	0.328767	0.000000
0.111713	0.249351	0.000000
-0.254679	-0.566696	0.000000
0.039199	-0.169668	0.000000
-0.229432	-0.311181	0.000000
-0.251863	0.316091	0.000000
-0.458511	-0.235516	0.000000
-0.150013	-0.179138	0.000000
-0.331508	0.277003	0.000000
-0.255252	0.485323	0.000000
-0.236794	0.534188	0.000000
-0.330553	-0.225062	0.000000
-0.307344	0.157662	0.000000
-0.196265	-0.485782	0.000000
-0.154556	0.354353	0.000000
-0.364876	0.902798	0.000000
0.086479	0.022443	0.000000
0.001191	0.597696	0.000000
-0.324970	-0.383812	0.000000
-0.565380	-0.439329	0.000000
-0.436168	0.316613	0.000000
-0.668090	0.522409	0.000000
-0.075331	-0.714141	0.000000
-0.654484	0.396953	0.000000
-0.293959	-0.388820	0.000000
-0.150658	0.593429	0.000000
-0.199905	-0.457458	0.000000
-0.026994	0.282841	0.000000
-0.465365	0.191005	0.000000
-0.381592	0.885630	0.000000
-0.103762	-0.125912	0.000000
-0.024292	0.222603	0.000000
-0.051111	-0.463534	0.000000
-0.155891	-0.114706	0.000000
-0.170730	0.126842	0.000000
-0.262332	-0.476341	0.000000
-0.103457	-0.148486	0.000000
-0.714760	0.106709	0.000000
-0.238872	-0.427263	0.000000
-0.403034	-0.174590	0.000000
-0.852279	-0.090372	0.000000
-0.198343	-0.383800	0.000000
-0.257977	-0.158814	0.000000
0.088061	0.026438	0.000000
-0.013551	-0.111301	0.000000
-0.139782	-0.336974	0.000000
0.102233	0.226683	0.000000
-0.750451	-0.016569	0.000000
-0.048823	0.540089	0.000000
-0.314563	0.619428	0.000000
0.090729	0.409345	0.000000
-0.396830	-0.109272	0.000000
-0.246381	-0.200003	0.000000
-0.396204	-0.562246	0.000000
-0.356559	0.760888	0.000000
-0.589721	-0.464980	0.000000
-0.301582	-0.503404	0.000000
0.078361	0.253405	0.000000
-0.706278	-0.196073	0.000000
-0.724083	0.642355	0.000000
-0.504779	0.535600	0.000000
-0.159252	0.590123	0.000000
0.138674	0.295207	0.000000
-0.899218	0.114643	0.000000
-0.003765	-0.124551	0.000000
-0.312900	-0.604420	0.000000
-0.257530	-0.491178	0.000000
-0.145779	0.306709	0.000000
-0.441799	0.292461	0.000000
-0.409833	-0.583584	0.000000
-0.607209	0.442575	0.000000
0.005836	-0.269583	0.000000
-0.537877	0.424586	0.000000
-0.434557	0.271694	0.000000
-0.282197	-0.700681	0.000000
-0.420570	0.220139	0.000000
-0.427988	-0.710128	0.000000
-0.119122	0.442345	0.000000
-0.004275	0.415033	0.000000
-0.295941	-0.091469	0.000000
-0.451486	0.076869	0.000000
-0.131548	-0.177806	0.000000
-0.660956	0.611964	0.000000
-0.602692	0.498741	0.000000
-0.353930	-0.570722	0.000000
0.073671	-0.057097	0.000000
-0.440904	-0.535522	0.000000
-0.159531	-0.054807	0.000000
-0.842230	0.388994	0.000000
-0.224474	0.727824	0.000000
-0.153428	-0.326274	0.000000
-0.180979	-0.041901	0.000000
-0.155509	-0.588778	0.000000
-0.348352	-0.453770	0.000000
-0.041084	0.572722	0.000000
-0.503554	-0.677846	0.000000
-0.432711	-0.671262	0.000000
-0.574190	0.576941	0.000000
-0.133004	-0.657832	0.000000
-0.504656	0.443090	0.000000
-0.363415	-0.551127	0.000000
-0.207378	0.249439	0.000000
-0.583384	-0.532944	0.000000
-0.485271	-0.366861	0.000000
-0.261622	-0.164414	0.000000
-0.404090	0.206745	0.000000
-0.349830	-0.201845	0.000000
-0.355483	0.817888	0.000000
-0.751496	0.101399	0.000000
-0.706960	-0.147925	0.000000
-0.068037	-0.205116	0.000000
-0.324154	-0.729628	0.000000
-0.739345	0.405674	0.000000
-0.136822	-0.696702	0.000000
0.020350	-0.109667	0.000000
-0.166559	0.543526	0.000000
-0.370506	0.327307	0.000000
-0.313152	-0.690822	0.000000
-0.546075	-0.392551	0.000000
-0.472856	0.440851	0.000000
-0.475089	-0.099705	0.000000
-0.322971	-0.080414	0.000000
-0.673273	-0.390781	0.000000
0.017026	-0.168011	0.000000
0.068538	-0.036818	0.000000
-0.068814	0.124587	0.000000
-0.049727	0.437307	0.000000
-0.698401	0.310040	0.000000
-0.112031	-0.066098	0.000000
-0.087325	-0.648270	0.000000
-0.335499	-0.196424	0.000000
-0.180968	0.561936	0.000000
-0.209849	-0.379209	0.000000
-0.072216	-0.058065	0.000000
-0.284629	-0.507068	0.000000
-0.070594	-0.122068	0.000000
-0.032659	-0.062335	0.000000
-0.597886	0.619990	0.000000
-0.924237	-0.520232	0.000000
-0.122752	-0.935290	0.000000
-0.048806	-0.563817	0.000000
-0.358422	0.858867	0.000000
-0.103903	-0.009876	0.000000
0.088381	-0.432035	0.000000
-0.127634	0.709420	0.000000
-0.635039	-0.362218	0.000000
0.132225	0.358804	0.000000
-0.466852	-0.487296	0.000000
-0.583567	0.288447	0.000000
-0.317053	-0.598966	0.000000
0.081201	-0.418098	0.000000
-0.239525	-0.386733	0.000000
-0.039184	0.315049	0.000000
-0.367877	0.036819	0.000000
0.050465	0.050256	0.000000
-0.133900	-0.300540	0.000000
-0.193087	0.001959	0.000000
-0.151765	0.572639	0.000000
-0.204331	-0.364075	0.000000
-0.242632	0.661599	0.000000
-0.254555	-0.265764	0.000000
-0.623479	-0.481865	0.000000
-0.659148	0.185987	0.000000
0.106576	0.237177	0.000000
-0.093591	0.309674	0.000000
-0.363350	0.109485	0.000000
-0.386460	-0.614321	0.000000
-0.328246	-0.656107	0.000000
-0.012515	-0.113947	0.000000
-0.148551	-0.163315	0.000000
-0.272476	0.513169	0.000000
-0.327760	-0.566002	0.000000
-0.052348	-0.040564	0.000000
-0.240517	-0.056222	0.000000
-0.602263	0.894978	0.000000
0.155062	-0.138808	0.000000
-0.502691	0.392883	0.000000
-0.148885	0.648662	0.000000
-0.039291	0.256950	0.000000
-0.011039	0.543129	0.000000
-0.388362	-0.123925	0.000000
-0.604597	-0.141793	0.000000
-0.187845	-0.081202	0.000000
-0.652785	0.794964	0.000000
0.101716	-0.028953	0.000000
-0.450112	-0.755487	0.000000
-0.195101	-0.732938	0.000000
0.172784	0.005524	0.000000
-0.295728	-0.261165	0.000000
-0.185606	0.094466	0.000000
-0.038805	-0.069679	0.000000
-0.811203	0.040224	0.000000
-0.747266	0.099358	0.000000
-0.168556	0.254146	0.000000
-0.047092	0.033858	0.000000
-0.654460	-0.221406	0.000000
-0.363577	0.861502	0.000000
-0.283087	0.422756	0.000000
0.093663	-0.536392	0.000000
-0.623258	0.417217	0.000000
-0.062204	0.371857	0.000000
-0.381378	0.061938	0.000000
-0.184032	-0.388755	0.000000
-0.254539	0.388220	0.000000
0.014781	-0.590683	0.000000
-0.225799	-0.479698	0.000000
-0.126181	-0.866796	0.000000
-0.456735	-0.691823	0.000000
0.058474	-0.412154	0.000000
-0.660754	0.783143	0.000000
-0.401943	-0.004891	0.000000
-0.286505	-0.364529	0.000000
-0.633566	0.468317	0.000000
-0.300009	-0.122855	0.000000
0.044600	0.019543	0.000000
-0.239247	0.519324	0.000000
-0.284292	-0.251997	0.000000
-0.250944	0.025567	0.000000
0.059319	-0.262553	0.000000
-0.182640	0.565272	0.000000
-0.334407	-0.311215	0.000000
-0.263619	-0.104719	0.000000
-0.491247	-0.661994	0.000000
-0.514738	-0.506204	0.000000
-0.230497	0.557036	0.000000
-0.288018	-0.689487	0.000000
-0.016651	-0.649697	0.000000
0.008614	0.290171	0.000000
-0.537053	0.753995	0.000000
-0.616645	-0.009600	0.000000
-0.568022	-0.099534	0.000000
-0.503958	0.115620	0.000000
-0.216278	-0.310846	0.000000
0.129086	0.189987	0.000000
-0.204288	-0.332003	0.000000
-0.335006	-0.399694	0.000000
-0.087914	-0.138572	0.000000
-0.671556	0.597456	0.000000
-0.487532	-0.256283	0.000000
-0.000701	-0.061334	0.000000
0.143058	-0.111186	0.000000
-0.642045	0.931055	0.000000
-0.017328	0.528939	0.000000
0.170641	-0.133374	0.000000
0.083862	0.157477	0.000000
-0.401552	-0.138926	0.000000
-0.492562	0.035948	0.000000
0.097917	-0.305930	0.000000
-0.425850	0.210744	0.000000
-0.296099	-0.492669	0.000000
0.999073	0.057758	0.000000
0.022431	-0.355515	0.000000
-0.622137	-0.545106	0.000000
-0.650079	0.226502	0.000000
-0.141799	-0.153849	0.000000
-0.597902	0.472944	0.000000
-0.150214	-0.333589	0.000000
-0.223038	-0.311966	0.000000
0.031538	-0.532630	0.000000
-0.509799	-0.601673	0.000000
-0.286241	-0.738113	0.000000
0.059755	0.113184	0.000000
-0.377539	-0.504890	0.000000
-0.195332	-0.610356	0.000000
-0.327109	0.245714	0.000000
-0.123926	-0.165332	0.000000
-0.004149	-0.348458	0.000000
-0.113642	0.284335	0.000000
-0.135666	0.039350	0.000000
-0.356298	0.859983	0.000000
-0.056361	0.201877	0.000000
-0.037313	0.608939	0.000000
-0.368294	0.811261	0.000000
-0.356078	-0.357660	0.000000
0.048636	0.041532	0.000000
-0.407290	-0.625050	0.000000
0.146687	0.262328	0.000000
-0.363579	0.014233	0.000000
0.027525	0.348689	0.000000
-0.911650	-0.696043	0.000000
-0.206917	0.754053	0.000000
-0.736726	-0.227356	0.000000
-0.563452	-0.426633	0.000000
-0.513303	0.020687	0.000000
-0.056860	0.256798	0.000000
-0.588069	-0.571816	0.000000
-0.522840	0.605461	0.000000
0.037066	-0.043225	0.000000
-0.361565	0.714792	0.000000
-0.389391	0.415158	0.000000
-0.090069	0.608605	0.000000
-0.034032	-0.212796	0.000000
-0.295314	0.780973	0.000000
-0.073508	-0.139464	0.000000
-0.375686	-0.226705	0.000000
0.010434	0.023891	0.000000
-0.397405	-0.341972	0.000000
-0.103316	0.141479	0.000000
-0.344184	-0.222563	0.000000
-0.039868	-0.521547	0.000000
-0.033077	0.066513	0.000000
-0.657780	0.465373	0.000000
-0.166548	-0.024169	0.000000
-0.640690	-0.123811	0.000000
-0.004437	-0.259697	0.000000
-0.001815	-0.570999	0.000000
0.188237	-0.026457	0.000000
-0.235877	-0.359214	0.000000
0.051951	-0.498016	0.000000
-0.634511	0.094434	0.000000
-0.026132	0.477604	0.000000
-0.415273	0.230424	0.000000
0.123393	-0.107304	0.000000
-0.194749	-0.403673	0.000000
-0.154157	0.264193	0.000000
-0.015210	-0.088544	0.000000
-0.153515	-0.895674	0.000000
-0.464944	-0.693445	0.000000
-0.220462	-0.640068	0.000000
-0.368776	-0.204905	0.000000
-0.998111	-0.514415	0.000000
-0.521224	-0.473243	0.000000
-0.169269	0.527157	0.000000
-0.503456	-0.144405	0.000000
-0.216803	-0.486607	0.000000
-0.286268	-0.306224	0.000000
0.086964	-0.483714	0.000000
-0.314113	0.109720	0.000000
-0.170848	0.229602	0.000000
-0.728357	0.255095	0.000000
-0.288095	-0.331030	0.000000
-0.271589	-0.317132	0.000000
-0.403150	0.828108	0.000000
-0.220117	-0.552114	0.000000
-0.513655	0.572136	0.000000
-0.263477	0.692841	0.000000
-0.345467	-0.139649	0.000000
0.055874	-0.042206	0.000000
-0.178606	0.231301	0.000000
-0.309780	0.694867	0.000000
-0.231309	0.081038	0.000000
-0.681345	0.751283	0.000000
-0.255241	-0.438774	0.000000
-0.738399	0.211207	0.000000
-0.424767	-0.801605	0.000000
-0.392645	-0.097075	0.000000
-0.127752	-0.884987	0.000000
0.078161	-0.005826	0.000000
-0.486424	-0.233963	0.000000
-0.091325	-0.707247	0.000000
-0.273564	-0.690285	0.000000
0.022707	0.289521	0.000000
-0.103354	0.027687	0.000000
-0.250016	-0.380061	0.000000
-0.127801	-0.326216	0.000000
-0.330005	-0.295971	0.000000
0.054002	-0.451590	0.000000
-0.287401	-0.676438	0.000000
-0.297241	-0.366554	0.000000
-0.673171	-0.329327	0.000000
-0.375326	-0.307931	0.000000
-0.293122	-0.357998	0.000000
-0.489315	-0.626101	0.000000
-0.199042	-0.276002	0.000000
-0.240125	-0.264667	0.000000
-0.613078	0.543510	0.000000
-0.350771	-0.194561	0.000000
-0.277593	-0.286004	0.000000
-0.541184	0.591005	0.000000
0.105081	0.160727	0.000000
-0.487669	-0.405958	0.000000
-0.267573	-0.516164	0.000000
-0.310970	-0.586657	0.000000
-0.161182	0.289133	0.000000
0.011832	0.300427	0.000000
-0.354591	0.372107	0.000000
-0.346766	0.497755	0.000000
-0.059150	-0.508088	0.000000
-0.073113	-0.376055	0.000000
0.031075	0.059648	0.000000
-0.318783	0.366262	0.000000
-0.004312	-0.185575	0.000000
-0.549907	0.121795	0.000000
0.024030	0.219253	0.000000
-0.166654	0.382028	0.000000
0.075720	0.160835	0.000000
0.107165	0.032025	0.000000
0.066582	-0.053670	0.000000
0.050503	-0.454664	0.000000
-0.225783	-0.446246	0.000000
0.079299	-0.490802	0.000000
0.128371	0.246014	0.000000
-0.657192	0.799738	0.000000
-0.238972	-0.131461	0.000000
-0.525089	0.463823	0.000000
-0.155498	-0.494159	0.000000
-0.227367	0.730960	0.000000
-0.195204	0.368351	0.000000
-0.181304	-0.618485	0.000000
-0.201704	-0.368068	0.000000
-0.278852	0.634360	0.000000
-0.449112	0.044654	0.000000
-0.214616	0.292698	0.000000
-0.121273	0.708668	0.000000
0.048698	-0.348000	0.000000
-0.924175	-0.519231	0.000000
0.075659	-0.041469	0.000000
-0.654717	0.674175	0.000000
-0.473358	-0.515476	0.000000
-0.085385	0.165713	0.000000
-0.052881	0.393580	0.000000
-0.218040	-0.424774	0.000000
-0.587086	0.354918	0.000000
-0.101776	-0.361180	0.000000
-0.242137	-0.706740	0.000000
-0.500499	-0.635483	0.000000
-0.101410	0.403060	0.000000
-0.402401	-0.465639	0.000000
-0.007293	-0.680597	0.000000
-0.338559	0.729207	0.000000
-0.347811	0.207238	0.000000
-0.081620	-0.498388	0.000000
-0.340472	-0.766591	0.000000
-0.236555	-0.252521	0.000000
-0.297211	-0.077636	0.000000
-0.618379	0.720151	0.000000
-0.416493	0.689051	0.000000
-0.555647	0.725452	0.000000
-0.043797	-0.373224	0.000000
0.113598	-0.121584	0.000000
-0.377038	0.280389	0.000000
-0.551592	-0.581783	0.000000
-0.937487	0.032317	0.000000
-0.381545	0.338619	0.000000
-0.536928	0.781628	0.000000
-0.946555	-0.531797	0.000000
-0.265084	-0.487173	0.000000
0.048544	0.005381	0.000000
-0.250534	-0.329622	0.000000
0.085408	0.455191	0.000000
-0.584719	0.798433	0.000000
-0.386307	0.827009	0.000000
-0.263636	-0.246353	0.000000
0.020956	0.081467	0.000000
-0.547795	0.501745	0.000000
-0.220483	0.473276	0.000000
-0.546679	0.581934	0.000000
0.048146	0.356251	0.000000
-0.374881	0.821757	0.000000
-0.200327	-0.275582	0.000000
-0.259637	-0.468349	0.000000
0.126228	0.348696	0.000000
-0.224485	0.302007	0.000000
-0.006441	-0.678107	0.000000
-0.046388	0.018181	0.000000
-0.068961	-0.015240	0.000000
-0.430575	-0.436624	0.000000
-0.943162	-0.551967	0.000000
-0.009974	0.287539	0.000000
-0.033881	0.268053	0.000000
-0.217576	-0.589122	0.000000
-0.552416	0.409505	0.000000
-0.145528	0.085270	0.000000
-0.203792	0.273915	0.000000
-0.255970	0.334506	0.000000
-0.414924	-0.578341	0.000000
-0.014306	-0.623833	0.000000
-0.695398	0.805547	0.000000
-0.352645	0.698193	0.000000
-0.454247	0.542395	0.000000
-0.418275	-0.608834	0.000000
-0.501757	0.679634	0.000000
0.084799	-0.398523	0.000000
-0.353479	0.747095	0.000000
0.075206	-0.548248	0.000000
-0.653549	-0.251538	0.000000
-0.148532	-0.354355	0.000000
0.938766	0.430144	0.000000
-0.305169	-0.645652	0.000000
-0.119397	-0.435783	0.000000
-0.237364	0.583827	0.000000
-0.144900	-0.817707	0.000000
-0.684172	0.929950	0.000000
-0.477960	0.336309	0.000000
-0.323411	-0.070094	0.000000
-0.412816	0.257710	0.000000
-0.188200	-0.518317	0.000000
0.040620	-0.423358	0.000000
-0.404775	0.291166	0.000000
-0.059463	0.288658	0.000000
-0.217455	-0.289578	0.000000
-0.187769	0.035917	0.000000
-0.115486	0.338410	0.000000
-0.346162	0.462622	0.000000
-0.125653	-0.737893	0.000000
-0.532850	-0.161199	0.000000
-0.015586	0.206916	0.000000
-0.053788	-0.642221	0.000000
-0.395568	0.250275	0.000000
-0.001556	-0.253474	0.000000
0.975408	-0.030787	0.000000
-0.229772	-0.255456	0.000000
-0.395050	0.701356	0.000000
-0.742573	-0.115414	0.000000
-0.242231	-0.342280	0.000000
-0.383239	0.852822	0.000000
-0.721510	0.658503	0.000000
-0.205450	0.499977	0.000000
-0.633344	0.322957	0.000000
-0.209947	0.515253	0.000000
-0.150013	0.153247	0.000000
-0.160235	0.715481	0.000000
0.117100	0.253201	0.000000
-0.399912	0.328174	0.000000
-0.373835	-0.374742	0.000000
-0.087172	0.295544	0.000000
-0.098130	0.132545	0.000000
-0.395643	0.457386	0.000000
-0.354814	0.861342	0.000000
0.071224	0.184617	0.000000
-0.895572	-0.685974	0.000000
-0.380767	-0.427327	0.000000
0.009697	-0.143234	0.000000
-0.813269	-0.005939	0.000000
-0.630593	-0.293538	0.000000
0.001387	0.432950	0.000000
-0.214401	0.530085	0.000000
-0.125874	-0.953337	0.000000
0.084864	-0.323243	0.000000
-0.506477	-0.041326	0.000000
-0.286597	0.046822	0.000000
-0.355359	-0.288319	0.000000
-0.169426	-0.054860	0.000000
-0.038716	-0.046931	0.000000
-0.238263	-0.266899	0.000000
-0.633900	0.448531	0.000000
-0.201909	0.760308	0.000000
-0.335183	-0.594267	0.000000
-0.619100	0.699048	0.000000
0.000987	0.412991	0.000000
-0.626106	-0.003022	0.000000
-0.389644	-0.038864	0.000000
-0.256741	-0.563575	0.000000
-0.888098	0.108211	0.000000
-0.225351	-0.554030	0.000000
0.078231	-0.155357	0.000000
-0.166742	-0.036201	0.000000
-0.074943	0.554044	0.000000
-0.580885	0.884210	0.000000
0.155607	-0.068061	0.000000
-0.722855	0.642110	0.000000
-0.262904	-0.251346	0.000000
0.097178	0.168796	0.000000
-0.925996	-0.027695	0.000000
-0.162941	-0.184005	0.000000
-0.562207	0.534959	0.000000
-0.591012	-0.135033	0.000000
-0.237990	0.319103	0.000000
-0.044831	-0.565493	0.000000
-0.293749	-0.435463	0.000000
-0.125536	-0.515305	0.000000
-0.217686	0.277210	0.000000
-0.912726	-0.686726	0.000000
-0.215131	-0.198170	0.000000
-0.280149	-0.284577	0.000000
-0.561052	-0.388261	0.000000
-0.235394	0.023466	0.000000
-0.132368	-0.320746	0.000000
-0.053181	-0.615656	0.000000
-0.335065	0.690384	0.000000
-0.478266	-0.453637	0.000000
-0.071960	0.427008	0.000000
-0.225000	-0.278528	0.000000
-0.548219	-0.625029	0.000000
0.166589	-0.005498	0.000000
-0.199132	0.397229	0.000000
-0.357195	0.775157	0.000000
-0.120966	0.253189	0.000000
-0.128418	-0.855638	0.000000
-0.060349	-0.737737	0.000000
-0.045044	0.069280	0.000000
0.047808	0.205372	0.000000
-0.861373	0.105241	0.000000
-0.753026	0.486979	0.000000
0.105911	0.447940	0.000000
-0.626208	-0.320119	0.000000
-0.357731	0.664156	0.000000
0.007319	0.062885	0.000000
-0.290163	-0.256194	0.000000
-0.684728	0.341630	0.000000
-0.806660	-0.285840	0.000000
-0.081400	-0.716365	0.000000
-0.105535	-0.054337	0.000000
-0.292840	-0.789496	0.000000
-0.398298	0.045689	0.000000
-0.113013	-0.163090	0.000000
0.076473	-0.059442	0.000000
0.018458	-0.266234	0.000000
0.154895	-0.020393	0.000000
-0.379689	0.839730	0.000000
-0.499394	-0.465916	0.000000
-0.189496	0.647182	0.000000
0.158259	0.071502	0.000000
-0.403288	-0.609984	0.000000
-0.030668	0.479390	0.000000
-0.562087	-0.481877	0.000000
-0.432283	-0.405267	0.000000
-0.120414	-0.304359	0.000000
-0.335032	-0.742887	0.000000
-0.283141	-0.802950	0.000000
-0.214363	0.590710	0.000000
0.067312	0.252164	0.000000
-0.389489	0.675441	0.000000
-0.059465	-0.062557	0.000000
-0.332710	-0.319361	0.000000
-0.015376	-0.482856	0.000000
-0.483566	0.096530	0.000000
-0.724928	0.680253	0.000000
-0.235236	-0.195111	0.000000
-0.651688	0.779830	0.000000
-0.442492	0.285400	0.000000
-0.281666	-0.162127	0.000000
-0.279664	-0.462709	0.000000
-0.272348	-0.770588	0.000000
-0.694357	0.493500	0.000000
-0.064960	0.022218	0.000000
0.060254	0.044851	0.000000
-0.547194	-0.210974	0.000000
-0.552845	-0.143916	0.000000
-0.110413	0.329915	0.000000
-0.192454	-0.580355	0.000000
-0.134278	0.424190	0.000000
-0.402224	-0.141516	0.000000
-0.233361	0.532901	0.000000
-0.365872	0.860200	0.000000
-0.614528	0.468152	0.000000
-0.140390	-0.575752	0.000000
-0.368504	-0.634660	0.000000
-0.299298	-0.323853	0.000000
0.124535	0.004455	0.000000
0.062143	0.041278	0.000000
-0.208500	-0.274239	0.000000
-0.101459	-0.294901	0.000000
-0.371505	0.657536	0.000000
0.036331	-0.402396	0.000000
-0.264659	0.451848	0.000000
-0.427215	-0.795487	0.000000
-0.502108	-0.566064	0.000000
-0.104312	0.663921	0.000000
-0.116827	0.689228	0.000000
-0.067732	0.067111	0.000000
-0.759857	0.464729	0.000000
-0.281452	0.738242	0.000000
-0.423750	-0.192586	0.000000
0.131839	0.065778	0.000000
-0.500447	-0.353096	0.000000
-0.719298	0.598813	0.000000
-0.832786	0.031704	0.000000
0.003141	-0.117370	0.000000
-0.553490	-0.176497	0.000000
-0.114504	0.746321	0.000000
-0.589828	0.821333	0.000000
0.009582	0.340350	0.000000
-0.315286	-0.310271	0.000000
-0.433142	-0.444965	0.000000
-0.374354	-0.495467	0.000000
-0.315793	0.066378	0.000000
-0.524701	-0.463269	0.000000
-0.666657	-0.172590	0.000000
-0.125475	-0.954459	0.000000
0.032091	-0.258849	0.000000
-0.171694	0.700121	0.000000
-0.529158	0.746088	0.000000
-0.426344	0.242852	0.000000
0.094390	0.445936	0.000000
-0.030364	0.342772	0.000000
-0.297254	0.075664	0.000000
0.082841	-0.635554	0.000000
-0.664024	0.418518	0.000000
-0.305051	-0.626103	0.000000
-0.535147	0.582719	0.000000
-0.187198	-0.231049	0.000000
-0.084507	0.318508	0.000000
-0.625627	-0.219128	0.000000
0.114446	0.375552	0.000000
-0.183955	0.563349	0.000000
-0.601643	0.505349	0.000000
-0.223552	-0.196751	0.000000
-0.088896	0.431017	0.000000
-0.656722	0.419111	0.000000
-0.006170	0.150077	0.000000
-0.315653	0.082770	0.000000
-0.175582	0.479672	0.000000
0.038330	0.428527	0.000000
-0.172100	-0.699482	0.000000
-0.406151	0.182356	0.000000
-0.110034	0.355904	0.000000
-0.250537	-0.209084	0.000000
0.016249	-0.163992	0.000000
-0.309783	-0.502065	0.000000
-0.109876	0.633382	0.000000
-0.345725	-0.595853	0.000000
-0.187549	-0.452506	0.000000
-0.071021	0.315480	0.000000
-0.739580	-0.134310	0.000000
-0.250304	0.266938	0.000000
-0.136573	0.068589	0.000000
-0.343098	-0.067520	0.000000
-0.540672	0.426495	0.000000
0.025995	-0.277517	0.000000
0.092422	0.283409	0.000000
-0.440609	0.134631	0.000000
-0.183562	-0.384507	0.000000
0.095023	-0.025153	0.000000
-0.111881	-0.273755	0.000000
-0.403624	0.327209	0.000000
-0.158058	0.664572	0.000000
-0.653683	0.221558	0.000000
-0.261721	-0.107567	0.000000
-0.136953	0.131047	0.000000
-0.491147	-0.720921	0.000000
-0.529817	0.065282	0.000000
0.083459	0.348293	0.000000
-0.101477	-0.702863	0.000000
-0.007228	0.343414	0.000000
-0.329156	-0.507959	0.000000
-0.291758	-0.193097	0.000000
-0.840580	-0.183901	0.000000
-0.487703	0.052847	0.000000
-0.914567	-0.665578	0.000000
-0.198823	-0.522465	0.000000
0.118638	-0.259545	0.000000
-0.074422	-0.011580	0.000000
-0.439725	-0.101593	0.000000
-0.064259	-0.574659	0.000000
0.097914	-0.339118	0.000000
-0.060192	-0.012435	0.000000
-0.890770	-0.668804	0.000000
-0.053225	0.343761	0.000000
-0.091040	0.649373	0.000000
-0.281227	-0.281018	0.000000
-0.082977	0.274698	0.000000
-0.711306	0.639382	0.000000
0.039422	-0.469700	0.000000
-0.697098	-0.238246	0.000000
-0.642729	0.314940	0.000000
-0.025142	0.185655	0.000000
-0.183852	0.563550	0.000000
-0.364087	-0.630946	0.000000
-0.323323	0.536786	0.000000
-0.266905	0.504806	0.000000
-0.131584	0.575576	0.000000
-0.319715	-0.125524	0.000000
-0.449763	0.034600	0.000000
-0.227089	0.565496	0.000000
-0.006706	0.453064	0.000000
0.017322	-0.022230	0.000000
-0.166914	-0.445631	0.000000
0.010696	0.353788	0.000000
-0.186810	0.459468	0.000000
-0.568051	-0.377504	0.000000
-0.001562	-0.400264	0.000000
-0.397126	-0.476631	0.000000
-0.289612	-0.350200	0.000000
-0.209865	-0.498996	0.000000
-0.208411	0.654724	0.000000
-0.696858	0.614611	0.000000
0.026719	-0.090113	0.000000
-0.438656	0.250370	0.000000
0.957772	0.390522	0.000000
-0.370566	0.182297	0.000000
-0.744488	-0.196414	0.000000
0.071823	-0.329630	0.000000
0.048713	-0.381686	0.000000
-0.606164	-0.422197	0.000000
-0.594161	0.670959	0.000000
-0.352085	0.773954	0.000000
-0.436056	-0.672968	0.000000
-0.177300	-0.340241	0.000000
0.199360	-0.096043	0.000000
-0.772685	-0.062908	0.000000
-0.792468	0.257668	0.000000
-0.757950	0.368008	0.000000
-0.130630	-0.976703	0.000000
-0.437142	-0.247636	0.000000
0.075949	-0.310008	0.000000
-0.330904	0.104788	0.000000
-0.350784	-0.262519	0.000000
-0.268571	-0.346341	0.000000
-0.698095	0.277865	0.000000
-0.367576	0.077200	0.000000
-0.022253	0.480132	0.000000
-0.322485	-0.125393	0.000000
-0.644685	0.488151	0.000000
-0.030371	0.443377	0.000000
-0.503971	0.062803	0.000000
-0.792821	0.080771	0.000000
-0.202866	0.526539	0.000000
-0.586088	-0.186863	0.000000
-0.693908	-0.213108	0.000000
-0.475581	-0.238832	0.000000
-0.195118	0.600057	0.000000
0.048298	-0.452989	0.000000
-0.250086	0.738256	0.000000
-0.341869	0.399320	0.000000
0.051518	-0.378668	0.000000
0.048099	-0.408206	0.000000
-0.737867	0.656536	0.000000
-0.431755	0.239063	0.000000
-0.272021	0.583967	0.000000
-0.507477	-0.369793	0.000000
-0.665789	0.359157	0.000000
0.970794	0.226628	0.000000
-0.943842	0.076599	0.000000
-0.268697	-0.738205	0.000000
-0.391490	-0.616688	0.000000
-0.664072	0.547806	0.000000
-0.996189	-0.516457	0.000000
-0.409264	-0.272199	0.000000
-0.329651	-0.201663	0.000000
-0.260822	-0.230695	0.000000
0.000772	-0.554145	0.000000
-0.060021	-0.081182	0.000000
-0.341543	0.783945	0.000000
-0.258644	-0.082565	0.000000
0.014341	-0.273282	0.000000
-0.095806	0.491925	0.000000
-0.008267	0.524579	0.000000
-0.064667	0.526439	0.000000
-0.346356	-0.315113	0.000000
-0.094983	0.182022	0.000000
-0.308572	0.230618	0.000000
-0.235106	-0.298907	0.000000
0.194004	-0.034941	0.000000
-0.357331	0.776247	0.000000
-0.652852	0.749096	0.000000
-0.111855	-0.032087	0.000000
0.138067	-0.023913	0.000000
-0.020896	-0.106433	0.000000
-0.104480	-0.025736	0.000000
-0.166992	-0.050974	0.000000
-0.273686	0.113080	0.000000
0.087458	-0.457128	0.000000
-0.379273	0.418457	0.000000
-0.249420	-0.249805	0.000000
-0.796494	0.311860	0.000000
-0.132120	-0.944465	0.000000
-0.885683	0.081183	0.000000
-0.479674	0.473896	0.000000
-0.341021	0.187462	0.000000
-0.073618	0.442520	0.000000
-0.573162	0.506959	0.000000
-0.365851	0.712678	0.000000
-0.084187	0.225320	0.000000
-0.233681	-0.264933	0.000000
-0.256489	-0.453079	0.000000
-0.487929	-0.151872	0.000000
-0.820709	-0.173645	0.000000
-0.412589	0.378286	0.000000
-0.217047	0.266801	0.000000
-0.369577	0.894762	0.000000
-0.904317	-0.687150	0.000000
-0.353686	0.646488	0.000000
-0.079967	0.334241	0.000000
-0.037372	-0.086358	0.000000
-0.420656	-0.457002	0.000000
-0.132687	-0.945578	0.000000
-0.018411	0.197769	0.000000
-0.101924	0.186550	0.000000
-0.387924	-0.539816	0.000000
-0.724274	0.130813	0.000000
0.083149	-0.036220	0.000000
-0.295113	-0.184370	0.000000
0.111307	-0.144968	0.000000
-0.564871	0.617567	0.000000
-0.445901	-0.751624	0.000000
-0.123037	-0.913644	0.000000
-0.298766	-0.400228	0.000000
-0.383688	-0.185672	0.000000
-0.348693	-0.219878	0.000000
-0.253233	0.652494	0.000000
-0.542401	-0.394590	0.000000
-0.422164	0.220482	0.000000
-0.102008	0.400193	0.000000
0.057067	-0.466055	0.000000
0.005519	-0.691641	0.000000
-0.010605	-0.307546	0.000000
0.068664	-0.296516	0.000000
0.125492	-0.196846	0.000000
-0.284650	0.667789	0.000000
-0.566831	0.495501	0.000000
-0.340441	0.799398	0.000000
-0.138102	0.738938	0.000000
-0.288495	-0.576305	0.000000
-0.614941	0.747924	0.000000
0.126701	-0.158143	0.000000
-0.423496	0.396906	0.000000
-0.333871	-0.164675	0.000000
-0.458848	-0.198237	0.000000
-0.977290	-0.558136	0.000000
0.017097	0.169310	0.000000
-0.176448	-0.352091	0.000000
-0.187616	-0.070339	0.000000
0.126739	-0.141645	0.000000
0.028196	0.210310	0.000000
-0.636630	0.293117	0.000000
-0.178541	-0.618311	0.000000
0.941156	0.420789	0.000000
0.094146	-0.006708	0.000000
-0.553506	-0.027715	0.000000
-0.200169	0.011350	0.000000
-0.485848	-0.035683	0.000000
-0.338977	-0.457608	0.000000
-0.208500	-0.305232	0.000000
-0.119742	0.059857	0.000000
-0.299721	-0.493499	0.000000
-0.345298	0.695959	0.000000
-0.176256	0.734266	0.000000
0.017375	0.282624	0.000000
-0.442548	-0.102892	0.000000
-0.292458	0.749783	0.000000
-0.292017	-0.201478	0.000000
-0.098926	-0.284971	0.000000
-0.083732	-0.656964	0.000000
-0.362771	-0.337246	0.000000
0.055424	-0.103483	0.000000
0.129357	-0.206667	0.000000
-0.156105	-0.706624	0.000000
-0.332303	-0.024948	0.000000
-0.258029	-0.625848	0.000000
0.071859	-0.048959	0.000000
-0.203831	-0.740974	0.000000
-0.638703	0.756273	0.000000
-0.106489	0.239863	0.000000
-0.314384	-0.401959	0.000000
-0.049286	-0.733313	0.000000
-0.135797	0.306324	0.000000
-0.049760	-0.282713	0.000000
-0.603433	0.876621	0.000000
0.002775	0.383959	0.000000
-0.279458	-0.263317	0.000000
-0.292272	0.563773	0.000000
0.073750	0.078022	0.000000
-0.575204	-0.172203	0.000000
-0.046777	0.246628	0.000000
-0.482107	0.241542	0.000000
-0.600020	-0.203581	0.000000
-0.298688	0.287177	0.000000
-0.063586	-0.096933	0.000000
-0.351738	0.134422	0.000000
-0.426874	-0.799060	0.000000
-0.005680	-0.702839	0.000000
0.071440	0.187129	0.000000
-0.752636	0.207265	0.000000
0.032483	0.077637	0.000000
0.045289	0.115494	0.000000
-0.549214	-0.335983	0.000000
-0.128138	0.417408	0.000000
-0.256268	0.259385	0.000000
-0.217114	-0.026386	0.000000
-0.563787	0.492315	0.000000
-0.096919	-0.092823	0.000000
-0.436990	-0.523438	0.000000
-0.362752	-0.750689	0.000000
-0.648953	0.776843	0.000000
-0.580959	-0.174693	0.000000
-0.347372	-0.019932	0.000000
-0.177010	-0.060359	0.000000
-0.266515	-0.439172	0.000000
-0.065027	0.704946	0.000000
-0.513718	-0.197618	0.000000
-0.488627	0.450648	0.000000
-0.436626	-0.822549	0.000000
-0.208422	0.786061	0.000000
-0.391741	0.294167	0.000000
-0.040165	0.344792	0.000000
-0.374289	-0.003903	0.000000
-0.687970	0.613711	0.000000
-0.280352	0.462961	0.000000
0.177449	-0.022686	0.000000
-0.303444	0.330186	0.000000
-0.315936	-0.523698	0.000000
-0.500014	0.433598	0.000000
0.100680	-0.014805	0.000000
-0.016814	-0.706784	0.000000
0.009323	-0.394268	0.000000
-0.441778	-0.126445	0.000000
-0.633291	-0.352060	0.000000
-0.404455	0.298964	0.000000
0.134465	-0.036524	0.000000
-0.122935	-0.457378	0.000000
-0.058048	-0.191891	0.000000
-0.377588	0.846653	0.000000
-0.156751	0.452645	0.000000
-0.066733	0.708475	0.000000
-0.191927	-0.570472	0.000000
0.071747	-0.181355	0.000000
-0.302149	0.571514	0.000000
-0.075432	-0.738186	0.000000
-0.363875	0.872778	0.000000
0.054040	-0.038785	0.000000
-0.119710	0.168541	0.000000
-0.288962	-0.504462	0.000000
-0.643902	0.392452	0.000000
-0.351874	0.763048	0.000000
-0.320888	-0.316293	0.000000
-0.584944	-0.118815	0.000000
-0.263413	-0.188250	0.000000
0.032606	-0.182693	0.000000
0.049033	0.399289	0.000000
-0.154013	-0.836394	0.000000
0.077741	0.239750	0.000000
-0.530828	-0.026464	0.000000
-0.841883	-0.118823	0.000000
0.066330	0.506865	0.000000
0.008866	0.011823	0.000000
-0.314503	0.234613	0.000000
-0.167373	0.612008	0.000000
-0.247618	-0.300227	0.000000
-0.433361	-0.669338	0.000000
-0.230494	0.701321	0.000000
0.000042	0.030057	0.000000
-0.502815	-0.060250	0.000000
-0.287971	-0.728407	0.000000
-0.500723	-0.666692	0.000000
-0.491724	-0.113393	0.000000
-0.268719	-0.016835	0.000000
-0.664348	0.471400	0.000000
0.170360	-0.164347	0.000000
0.077984	-0.426286	0.000000
0.101925	0.462753	0.000000
-0.390530	0.300277	0.000000
-0.069094	-0.796551	0.000000
-0.243168	-0.506881	0.000000
-0.272455	-0.402238	0.000000
-0.267675	0.469554	0.000000
-0.316358	-0.054586	0.000000
-0.145605	-0.489551	0.000000
-0.185444	-0.022463	0.000000
-0.657755	0.528547	0.000000
-0.279845	0.410675	0.000000
-0.317729	-0.363942	0.000000
-0.359985	0.823160	0.000000
-0.250533	-0.283301	0.000000
0.136533	-0.034349	0.000000
-0.183405	-0.613800	0.000000
-0.573693	-0.460040	0.000000
0.979257	0.080565	0.000000
-0.018078	-0.507310	0.000000
0.040811	0.122343	0.000000
-0.276207	-0.544334	0.000000
-0.140113	-0.136748	0.000000
-0.348887	-0.406996	0.000000
-0.380147	-0.207372	0.000000
-0.435901	-0.728438	0.000000
-0.389564	0.085096	0.000000
-0.366995	-0.037165	0.000000
-0.234056	-0.109224	0.000000
-0.305760	0.754974	0.000000
-0.069020	0.607490	0.000000
0.044205	0.376587	0.000000
-0.756567	-0.219161	0.000000
-0.297507	-0.752763	0.000000
0.077431	-0.391405	0.000000
-0.001200	-0.418437	0.000000
-0.371635	0.173909	0.000000
-0.268268	0.669264	0.000000
-0.259747	-0.465204	0.000000
-0.673602	-0.310228	0.000000
0.143884	0.264189	0.000000
-0.631457	0.397415	0.000000
-0.084735	-0.071943	0.000000
0.078758	0.044458	0.000000
-0.587747	0.541073	0.000000
-0.282511	-0.177039	0.000000
-0.233830	-0.438408	0.000000
0.024448	-0.328493	0.000000
-0.706861	-0.037779	0.000000
-0.109763	-0.407937	0.000000
-0.270997	0.679364	0.000000
-0.272346	0.563357	0.000000
-0.260173	-0.074286	0.000000
-0.883474	0.120768	0.000000
-0.367101	-0.283328	0.000000
-0.412882	0.239951	0.000000
-0.064895	0.376677	0.000000
-0.730516	0.162154	0.000000
-0.213737	-0.650181	0.000000
-0.681635	0.856930	0.000000
0.035995	0.457377	0.000000
-0.645260	0.518575	0.000000
0.972173	0.094190	0.000000
-0.622756	-0.452391	0.000000
-0.383772	-0.096887	0.000000
0.011596	0.505832	0.000000
-0.281810	-0.232570	0.000000
-0.114690	0.493276	0.000000
-0.299803	-0.326544	0.000000
-0.296333	0.813462	0.000000
-0.134279	-0.785114	0.000000
-0.789855	-0.215555	0.000000
-0.221075	-0.011621	0.000000
-0.764052	-0.016051	0.000000
-0.349017	-0.799460	0.000000
-0.109414	-0.946974	0.000000
-0.238078	-0.136637	0.000000
-0.087964	0.330984	0.000000
0.017813	-0.023621	0.000000
-0.255984	-0.202346	0.000000
-0.069846	0.369231	0.000000
-0.189714	0.350799	0.000000
-0.304014	-0.515926	0.000000
-0.795281	0.362946	0.000000
0.005850	-0.287095	0.000000
-0.117007	-0.345592	0.000000
-0.292685	-0.260623	0.000000
-0.570893	-0.590088	0.000000
-0.244329	-0.491139	0.000000
-0.817543	0.034297	0.000000
-0.212814	-0.512912	0.000000
-0.284437	-0.402105	0.000000
-0.533187	-0.364127	0.000000
0.050957	-0.471857	0.000000
0.019217	0.436538	0.000000
0.089557	0.340424	0.000000
0.008173	-0.203140	0.000000
-0.053854	0.424635	0.000000
-0.282196	-0.659935	0.000000
-0.087354	-0.080369	0.000000
-0.302031	-0.320245	0.000000
-0.184904	0.343550	0.000000
-0.034347	-0.015339	0.000000
-0.077918	0.402612	0.000000
-0.637880	0.509606	0.000000
-0.298124	-0.128516	0.000000
-0.222553	0.025295	0.000000
-0.895797	-0.687011	0.000000
-0.073073	0.331161	0.000000
-0.528880	0.397729	0.000000
-0.603930	0.074284	0.000000
-0.551271	0.391208	0.000000
-0.513224	-0.084339	0.000000
-0.317231	-0.422352	0.000000
-0.104760	0.281741	0.000000
-0.919628	-0.499117	0.000000
-0.057523	-0.743137	0.000000
-0.083273	-0.024038	0.000000
-0.231840	0.266758	0.000000
-0.509070	-0.390950	0.000000
0.072783	-0.028174	0.000000
-0.128593	0.728645	0.000000
-0.032093	-0.514915	0.000000
0.184352	-0.019620	0.000000
0.110324	0.256448	0.000000
0.008479	-0.101085	0.000000
-0.706383	0.641966	0.000000
-0.061945	0.315897	0.000000
0.128012	0.147075	0.000000
-0.769204	-0.132015	0.000000
-0.220530	0.083119	0.000000
-0.220581	-0.407238	0.000000
-0.301617	-0.228720	0.000000
-0.614871	-0.099435	0.000000
-0.668817	0.688937	0.000000
-0.234906	0.501264	0.000000
-0.265823	0.399968	0.000000
-0.159143	-0.147301	0.000000
-0.790556	0.281063	0.000000
-0.106644	0.746095	0.000000
-0.633265	-0.008059	0.000000
-0.361504	0.321444	0.000000
-0.660402	0.352187	0.000000
-0.815452	0.037920	0.000000
-0.565818	0.593681	0.000000
-0.129010	-0.107364	0.000000
-0.421750	0.306254	0.000000
-0.781811	0.189381	0.000000
0.089567	0.123712	0.000000
-0.114162	0.541983	0.000000
-0.706498	-0.117391	0.000000
-0.556991	0.768517	0.000000
-0.246463	-0.543621	0.000000
0.039106	0.263019	0.000000
0.010361	0.467191	0.000000
-0.261228	0.625765	0.000000
-0.538961	-0.450901	0.000000
-0.581093	-0.456901	0.000000
-0.642900	-0.433846	0.000000
-0.251332	-0.244736	0.000000
-0.219015	0.668121	0.000000
-0.789381	0.327167	0.000000
-0.384343	-0.690414	0.000000
-0.338451	0.786661	0.000000
-0.911637	-0.694758	0.000000
-0.559240	-0.418658	0.000000
-0.010627	0.575079	0.000000
-0.401641	-0.122282	0.000000
-0.072371	0.250168	0.000000
-0.552290	0.629575	0.000000
-0.310198	0.461988	0.000000
-0.524721	-0.428359	0.000000
-0.210148	-0.540376	0.000000
-0.515341	-0.624586	0.000000
-0.092836	0.385597	0.000000
0.071077	0.130797	0.000000
-0.142022	0.379358	0.000000
-0.270424	-0.255320	0.000000
-0.236641	-0.537807	0.000000
-0.267925	-0.433025	0.000000
-0.573343	0.367129	0.000000
-0.359816	-0.290876	0.000000
-0.202308	-0.268028	0.000000
-0.026249	0.492295	0.000000
0.074725	0.174051	0.000000
-0.572854	-0.461772	0.000000
-0.342405	-0.103008	0.000000
-0.347788	0.577403	0.000000
-0.234606	0.272630	0.000000
-0.252418	0.323581	0.000000
-0.392148	-0.365701	0.000000
-0.244121	-0.504589	0.000000
-0.348164	-0.225573	0.000000
-0.252894	-0.259551	0.000000
-0.173167	-0.025482	0.000000
-0.561317	0.593812	0.000000
-0.613729	-0.294049	0.000000
-0.563925	0.011448	0.000000
-0.058351	0.429084	0.000000
0.105576	-0.035870	0.000000
-0.522275	-0.221974	0.000000
-0.206088	-0.039693	0.000000
-0.456911	-0.589238	0.000000
-0.457068	-0.707146	0.000000
0.085580	-0.144808	0.000000
-0.219716	0.370365	0.000000
-0.638165	0.762987	0.000000
-0.025716	-0.736623	0.000000
-0.035546	-0.261469	0.000000
-0.217464	-0.542628	0.000000
-0.296128	-0.529917	0.000000
0.116702	-0.214152	0.000000
-0.603701	-0.360074	0.000000
-0.307575	0.637079	0.000000
-0.614877	-0.067582	0.000000
0.928412	0.475400	0.000000
0.060528	-0.595697	0.000000
-0.227049	0.420084	0.000000
-0.094846	0.317546	0.000000
-0.750726	0.013717	0.000000
-0.293622	-0.261265	0.000000
-0.500526	0.730510	0.000000
-0.409727	0.155718	0.000000
-0.672109	0.344754	0.000000
-0.503401	-0.048572	0.000000
-0.430040	-0.068065	0.000000
-0.820632	-0.205151	0.000000
-0.281115	0.535733	0.000000
-0.340849	-0.273418	0.000000
-0.711665	0.483507	0.000000
-0.311210	-0.499806	0.000000
-0.240986	-0.265273	0.000000
-0.751503	-0.233547	0.000000
-0.149150	0.100384	0.000000
-0.508973	-0.233970	0.000000
0.053656	0.405908	0.000000
0.056825	0.019944	0.000000
-0.379074	0.332822	0.000000
-0.201623	0.508350	0.000000
-0.151183	-0.543559	0.000000
-0.581636	-0.338468	0.000000
-0.449218	-0.480836	0.000000
-0.077082	-0.514175	0.000000
-0.289641	-0.387056	0.000000
-0.464272	-0.009257	0.000000
-0.351124	-0.118519	0.000000
-0.643624	-0.297935	0.000000
0.004507	-0.252843	0.000000
-0.418829	-0.257270	0.000000
-0.214060	0.262062	0.000000
-0.348839	0.693455	0.000000
-0.410118	-0.610844	0.000000
-0.576692	-0.418901	0.000000
0.026292	-0.026214	0.000000
-0.301357	-0.542408	0.000000
-0.221389	0.450576	0.000000
-0.703504	0.464976	0.000000
-0.728323	-0.103550	0.000000
0.125755	-0.166176	0.000000
0.018114	-0.065967	0.000000
-0.481378	-0.549684	0.000000
-0.563979	-0.586713	0.000000
-0.903820	-0.493596	0.000000
0.018995	0.340843	0.000000
-0.066730	-0.594857	0.000000
-0.245254	0.489516	0.000000
-0.224399	-0.310860	0.000000
-0.196781	-0.365662	0.000000
-0.030987	0.536032	0.000000
-0.789823	0.225521	0.000000
-0.325526	0.354785	0.000000
-0.507450	-0.460614	0.000000
-0.406563	-0.777290	0.000000
-0.135376	0.551339	0.000000
-0.438034	-0.198247	0.000000
0.021774	0.276517	0.000000
0.064204	-0.449745	0.000000
0.023420	-0.194511	0.000000
-0.287061	-0.316572	0.000000
-0.069024	0.161038	0.000000
-0.529190	0.666378	0.000000
-0.151080	-0.380089	0.000000
-0.160024	0.548937	0.000000
-0.304201	-0.011691	0.000000
0.007620	0.436238	0.000000
-0.288105	0.454059	0.000000
0.981581	0.137291	0.000000
0.132701	0.159736	0.000000
-0.259292	0.734731	0.000000
-0.191489	0.171142	0.000000
-0.175659	-0.275229	0.000000
-0.911667	-0.558714	0.000000
0.095068	-0.519850	0.000000
-0.325034	-0.412193	0.000000
-0.225200	0.696695	0.000000
-0.361948	0.146345	0.000000
-0.692674	-0.046439	0.000000
-0.709588	0.550883	0.000000
-0.140991	0.668604	0.000000
-0.445813	-0.418859	0.000000
-0.313391	-0.011694	0.000000
-0.538722	-0.312955	0.000000
-0.059021	0.507846	0.000000
-0.248837	0.776147	0.000000
-0.112004	-0.221509	0.000000
-0.562149	0.736688	0.000000
-0.563122	0.616838	0.000000
-0.550171	0.497538	0.000000
-0.090151	0.331904	0.000000
-0.703823	0.616461	0.000000
-0.032260	0.453967	0.000000
0.082954	-0.178833	0.000000
0.041267	0.163664	0.000000
-0.215315	0.397291	0.000000
-0.430820	-0.197559	0.000000
-0.005984	0.175198	0.000000
-0.147266	-0.058354	0.000000
-0.224972	-0.352276	0.000000
-0.498246	-0.281560	0.000000
-0.566542	0.398217	0.000000
-0.901369	0.127350	0.000000
0.075208	0.257579	0.000000
0.126854	0.150396	0.000000
-0.265912	-0.287868	0.000000
-0.650519	-0.337256	0.000000
0.103697	-0.290065	0.000000
-0.224225	0.450717	0.000000
0.054234	0.283461	0.000000
-0.698262	0.493514	0.000000
0.161155	-0.139660	0.000000
0.087944	0.319381	0.000000
-0.279064	-0.528962	0.000000
-0.049334	-0.755564	0.000000
-0.189990	0.714420	0.000000
-0.268442	0.648233	0.000000
-0.128544	-0.977109	0.000000
-0.735181	0.008287	0.000000
0.052859	0.354211	0.000000
-0.169564	0.651090	0.000000
-0.631411	-0.445704	0.000000
-0.214393	-0.384951	0.000000
-0.255883	-0.225989	0.000000
-0.387234	-0.171471	0.000000
-0.383316	-0.172860	0.000000
-0.782554	-0.188845	0.000000
-0.148531	-0.734590	0.000000
-0.351115	-0.525848	0.000000
-0.438122	0.244889	0.000000
-0.380113	0.166614	0.000000
-0.436254	-0.797163	0.000000
-0.106031	-0.735200	0.000000
-0.341997	-0.671966	0.000000
-0.176950	0.373483	0.000000
-0.717883	0.606334	0.000000
-0.226632	-0.471181	0.000000
0.943927	0.413558	0.000000
-0.206707	-0.570111	0.000000
-0.298076	0.181340	0.000000
-0.305675	-0.265680	0.000000
-0.261630	0.775365	0.000000
0.072082	0.004912	0.000000
-0.402422	-0.709420	0.000000
0.027644	-0.438903	0.000000
-0.461284	-0.575357	0.000000
-0.168531	0.062057	0.000000
-0.330334	-0.199470	0.000000
-0.043946	0.542253	0.000000
-0.361943	-0.494971	0.000000
-0.506563	0.109320	0.000000
-0.327257	-0.890525	0.000000
-0.159593	0.008560	0.000000
-0.920677	-0.562637	0.000000
-0.587205	0.689038	0.000000
-0.040194	0.078679	0.000000
0.072091	0.005736	0.000000
-0.366433	-0.271862	0.000000
-0.669275	0.418935	0.000000
0.096588	-0.191423	0.000000
-0.354092	-0.445115	0.000000
-0.436223	0.307837	0.000000
-0.234275	-0.232593	0.000000
-0.087653	0.010725	0.000000
0.131844	-0.170511	0.000000
-0.128812	-0.129516	0.000000
-0.011161	0.286271	0.000000
0.037863	-0.379607	0.000000
-0.243889	0.234414	0.000000
0.978953	0.188395	0.000000
-0.301305	-0.351906	0.000000
0.005390	-0.434182	0.000000
-0.590511	-0.018636	0.000000
0.048670	-0.382652	0.000000
-0.021232	-0.470333	0.000000
0.046241	-0.192114	0.000000
-0.290206	-0.199259	0.000000
-0.290159	0.047311	0.000000
-0.553801	-0.393279	0.000000
-0.389828	-0.097878	0.000000
-0.283079	0.008370	0.000000
0.013921	-0.333524	0.000000
0.077520	-0.500188	0.000000
-0.215469	0.650899	0.000000
-0.383756	-0.482999	0.000000
-0.602260	0.836852	0.000000
-0.605577	0.245373	0.000000
-0.561561	0.529107	0.000000
-0.565531	-0.511928	0.000000
-0.284113	-0.321570	0.000000
-0.602760	-0.507593	0.000000
-0.267794	-0.172538	0.000000
-0.553151	0.405956	0.000000
-0.550874	-0.553320	0.000000
-0.252132	-0.448923	0.000000
-0.153717	0.206260	0.000000
0.084587	0.319738	0.000000
-0.224474	0.510297	0.000000
0.055317	-0.589557	0.000000
-0.252845	-0.172715	0.000000
-0.322383	0.641631	0.000000
-0.459489	-0.222320	0.000000
-0.294166	0.695146	0.000000
-0.473527	-0.266206	0.000000
-0.379536	-0.016848	0.000000
-0.227700	0.306789	0.000000
0.038795	-0.130861	0.000000
-0.135795	0.363784	0.000000
-0.245478	-0.536412	0.000000
-0.302159	0.150266	0.000000
-0.486246	-0.326487	0.000000
-0.159787	0.084908	0.000000
-0.121277	-0.361492	0.000000
-0.293674	-0.285814	0.000000
-0.320104	-0.767675	0.000000
-0.607588	0.951067	0.000000
-0.013326	0.465327	0.000000
-0.925149	-0.554309	0.000000
-0.233964	-0.263058	0.000000
-0.246348	0.551997	0.000000
-0.136080	-0.114106	0.000000
-0.555557	0.559281	0.000000
-0.357665	0.659267	0.000000
-0.230452	-0.322441	0.000000
-0.046427	-0.650610	0.000000
-0.719465	0.617699	0.000000
-0.219797	-0.338968	0.000000
-0.671749	0.523000	0.000000
-0.762432	-0.128592	0.000000
-0.725726	0.336223	0.000000
0.022167	-0.162173	0.000000
-0.153398	-0.152626	0.000000
-0.267777	0.016222	0.000000
-0.443367	-0.124057	0.000000
-0.202167	0.253250	0.000000
-0.122227	-0.202656	0.000000
-0.737336	0.189693	0.000000
-0.526972	0.452428	0.000000
-0.323916	-0.626822	0.000000
-0.188223	-0.026526	0.000000
-0.150372	0.477783	0.000000
-0.267417	-0.598754	0.000000
-0.306837	-0.123051	0.000000
0.041363	-0.022184	0.000000
-0.937859	0.038893	0.000000
-0.918651	-0.529430	0.000000
0.036510	-0.209029	0.000000
-0.287571	0.439272	0.000000
-0.660266	0.354975	0.000000
-0.227430	0.723365	0.000000
-0.363249	0.240380	0.000000
-0.278101	0.409946	0.000000
-0.063011	0.365483	0.000000
-0.108947	0.244544	0.000000
-0.434062	-0.046292	0.000000
-0.340140	0.807731	0.000000
-0.111376	-0.893468	0.000000
-0.798047	-0.305623	0.000000
-0.163496	0.548573	0.000000
-0.018684	-0.490474	0.000000
-0.489119	-0.149898	0.000000
-0.040767	-0.061278	0.000000
-0.481569	-0.411629	0.000000
-0.027133	-0.112446	0.000000
-0.325611	-0.183384	0.000000
-0.236562	-0.387686	0.000000
-0.275737	0.656049	0.000000
0.023212	-0.100269	0.000000
-0.299624	-0.549224	0.000000
-0.249506	0.783845	0.000000
-0.066255	0.427072	0.000000
-0.248737	0.754956	0.000000
0.048703	-0.258662	0.000000
-0.632217	0.584577	0.000000
0.102740	0.335144	0.000000
-0.266122	0.261787	0.000000
-0.221602	-0.121238	0.000000
-0.547355	-0.379502	0.000000
-0.620229	-0.399151	0.000000
-0.067029	-0.756288	0.000000
-0.608192	0.565582	0.000000
-0.345302	0.752653	0.000000
-0.214114	-0.133105	0.000000
-0.814670	0.052074	0.000000
-0.321421	-0.449532	0.000000
-0.301101	0.282857	0.000000
-0.259917	-0.298727	0.000000
0.156731	-0.190230	0.000000
0.050556	-0.137661	0.000000
-0.350545	-0.240456	0.000000
-0.071204	-0.758696	0.000000
-0.375608	-0.177868	0.000000
-0.064042	-0.169542	0.000000
-0.198657	0.384859	0.000000
-0.157699	-0.090763	0.000000
0.128187	0.375508	0.000000
-0.464687	-0.115192	0.000000
-0.249957	-0.529203	0.000000
-0.366591	-0.354436	0.000000
0.123030	-0.345379	0.000000
-0.093137	-0.910522	0.000000
-0.067766	0.507957	0.000000
-0.061829	-0.139495	0.000000
0.001967	0.314033	0.000000
0.969079	-0.105788	0.000000
-0.156604	-0.313190	0.000000
0.099148	-0.406668	0.000000
-0.267003	0.079340	0.000000
-0.128176	0.448179	0.000000
-0.570276	-0.225427	0.000000
-0.315012	-0.126580	0.000000
-0.410783	-0.309156	0.000000
-0.111246	-0.133839	0.000000
0.053210	0.382109	0.000000
-0.666510	-0.000970	0.000000
0.113535	-0.348745	0.000000
-0.674586	0.057956	0.000000
-0.098211	0.100289	0.000000
-0.087071	-0.737190	0.000000
-0.660118	0.501432	0.000000
-0.723087	0.160733	0.000000
0.056122	-0.215109	0.000000
-0.657543	-0.347559	0.000000
-0.506040	-0.244493	0.000000
-0.144334	0.103040	0.000000
-0.439254	-0.343028	0.000000
-0.686389	-0.241921	0.000000
-0.419739	-0.796225	0.000000
-0.061015	0.424081	0.000000
-0.915114	-0.535800	0.000000
-0.368506	0.593456	0.000000
0.032879	-0.660830	0.000000
-0.286973	-0.661156	0.000000
-0.083986	0.366150	0.000000
-0.330469	0.030386	0.000000
-0.232854	0.135142	0.000000
0.028704	0.153732	0.000000
-0.400992	-0.356681	0.000000
-0.172033	0.723907	0.000000
-0.526798	0.740312	0.000000
0.107845	0.467805	0.000000
0.107514	0.225188	0.000000
0.115107	-0.180667	0.000000
-0.232202	0.511386	0.000000
-0.010187	0.201978	0.000000
0.015162	0.008568	0.000000
-0.223793	0.657577	0.000000
-0.717020	0.615084	0.000000
-0.106695	0.454658	0.000000
-0.156153	-0.775840	0.000000
-0.003672	-0.525072	0.000000
-0.390704	0.804511	0.000000
0.113794	0.203765	0.000000
0.055663	-0.434920	0.000000
0.097232	0.028617	0.000000
-0.510561	0.521879	0.000000
-0.289693	-0.205981	0.000000
-0.207230	0.578276	0.000000
-0.248965	-0.482752	0.000000
-0.402980	-0.755062	0.000000
-0.245330	0.179577	0.000000
-0.639604	0.994137	0.000000
-0.922771	-0.540848	0.000000
-0.110836	0.166242	0.000000
-0.504958	0.423379	0.000000
-0.232283	0.745612	0.000000
-0.017058	0.505902	0.000000
-0.074957	0.347488	0.000000
-0.187191	-0.347026	0.000000
-0.947445	0.056699	0.000000
-0.149016	0.334167	0.000000
-0.076121	-0.289919	0.000000
0.040180	-0.458414	0.000000
-0.803120	-0.278576	0.000000
-0.148663	0.641261	0.000000
-0.273946	0.551207	0.000000
-0.694181	0.382010	0.000000
0.055688	-0.595129	0.000000
0.134122	-0.112305	0.000000
-0.133258	-0.813212	0.000000
-0.175025	-0.437581	0.000000
0.101361	-0.381124	0.000000
-0.552838	-0.174407	0.000000
-0.389714	-0.219910	0.000000
-0.327143	-0.046066	0.000000
0.005082	0.446010	0.000000
-0.368224	-0.176424	0.000000
0.100687	0.147267	0.000000
-0.290024	-0.232829	0.000000
0.035782	0.343833	0.000000
-0.273477	-0.316919	0.000000
-0.102323	-0.741181	0.000000
-0.283393	0.199615	0.000000
-0.728703	0.603674	0.000000
-0.607848	0.808223	0.000000
-0.331245	-0.415324	0.000000
-0.543291	0.513055	0.000000
0.085109	-0.621098	0.000000
-0.096249	-0.686201	0.000000
-0.687111	0.660885	0.000000
-0.005022	0.132599	0.000000
-0.273567	-0.005234	0.000000
0.038672	-0.155920	0.000000
-0.115064	-0.685408	0.000000
-0.112179	0.559662	0.000000
-0.763199	0.120482	0.000000
0.139774	0.041849	0.000000
-0.131533	-0.917150	0.000000
0.032975	0.334515	0.000000
-0.361954	0.279688	0.000000
-0.245152	-0.349800	0.000000
-0.355813	-0.035987	0.000000
-0.133496	-0.905758	0.000000
-0.506102	-0.667448	0.000000
-0.498435	-0.510472	0.000000
0.058520	-0.264052	0.000000
-0.469558	-0.289739	0.000000
-0.206460	-0.826772	0.000000
-0.359818	-0.632902	0.000000
0.006028	0.297641	0.000000
-0.173591	-0.008675	0.000000
-0.369291	-0.197568	0.000000
-0.143503	-0.751036	0.000000
0.104473	0.106152	0.000000
-0.107261	-0.699125	0.000000
-0.397971	0.718461	0.000000
-0.334103	-0.138334	0.000000
-0.325547	-0.646618	0.000000
-0.134035	0.496546	0.000000
0.062724	0.133882	0.000000
-0.406562	0.758298	0.000000
-0.325484	-0.153098	0.000000
0.034037	0.455293	0.000000
-0.073829	-0.341024	0.000000
-0.427192	0.230839	0.000000
-0.520699	0.598654	0.000000
-0.469154	0.013812	0.000000
-0.000604	0.442349	0.000000
-0.918819	0.317339	0.000000
-0.012614	0.641582	0.000000
-0.203724	-0.171158	0.000000
-0.516437	0.581392	0.000000
-0.148551	-0.721788	0.000000
-0.373460	0.329066	0.000000
-0.934658	-0.524479	0.000000
-0.358586	0.360559	0.000000
0.125433	0.033472	0.000000
-0.320661	0.604230	0.000000
-0.353416	0.452766	0.000000
-0.066541	0.052645	0.000000
-0.318423	-0.413272	0.000000
-0.169497	-0.223346	0.000000
-0.451641	-0.540015	0.000000
-0.155552	0.466628	0.000000
-0.268936	0.433780	0.000000
-0.388703	-0.510847	0.000000
0.072064	0.259218	0.000000
-0.207076	-0.590753	0.000000
0.042230	-0.030586	0.000000
-0.312908	-0.136994	0.000000
-0.066794	0.214330	0.000000
-0.551851	0.522189	0.000000
-0.255614	0.412487	0.000000
-0.355780	-0.379973	0.000000
0.185491	-0.018460	0.000000
-0.075116	-0.382880	0.000000
-0.233352	0.035659	0.000000
-0.567482	-0.169923	0.000000
-0.294078	0.449764	0.000000
-0.010453	0.476664	0.000000
-0.323619	-0.616954	0.000000
-0.270711	-0.220973	0.000000
-0.335262	0.388879	0.000000
-0.022594	0.165060	0.000000
-0.349039	-0.099153	0.000000
0.065783	-0.474712	0.000000
-0.238619	0.389923	0.000000
-0.156525	-0.055502	0.000000
-0.315412	0.664722	0.000000
-0.125976	0.427976	0.000000
-0.009970	0.501710	0.000000
-0.156853	0.652832	0.000000
-0.065508	0.628530	0.000000
0.119540	-0.097504	0.000000
-0.270674	-0.238343	0.000000
-0.090322	-0.468556	0.000000
-0.453958	-0.033569	0.000000
-0.045336	0.386974	0.000000
-0.386399	-0.589627	0.000000
0.130895	-0.035306	0.000000
-0.440285	0.295580	0.000000
-0.197881	0.726477	0.000000
0.065786	-0.252370	0.000000
0.012307	0.210040	0.000000
-0.247925	-0.455797	0.000000
-0.663403	-0.288767	0.000000
-0.036063	0.042366	0.000000
-0.296668	-0.297553	0.000000
-0.477168	-0.319415	0.000000
-0.337307	-0.837011	0.000000
-0.328838	0.005408	0.000000
-0.388650	0.846495	0.000000
-0.210806	-0.169260	0.000000
-0.600851	0.520259	0.000000
-0.548613	0.507813	0.000000
-0.313526	0.496238	0.000000
-0.224512	0.695879	0.000000
0.055609	0.157034	0.000000
-0.373349	-0.116645	0.000000
-0.349157	-0.480603	0.000000
-0.314921	-0.264455	0.000000
-0.191338	0.037394	0.000000
-0.271619	-0.375388	0.000000
-0.207320	0.414324	0.000000
-0.148226	0.333622	0.000000
-0.462059	0.044933	0.000000
-0.438499	-0.239525	0.000000
-0.355655	0.881654	0.000000
-0.622749	-0.362876	0.000000
-0.318825	0.646491	0.000000
0.027478	-0.553067	0.000000
-0.265508	-0.241002	0.000000
-0.773593	0.220282	0.000000
-0.226155	-0.235811	0.000000
0.105099	0.316574	0.000000
-0.531397	-0.400631	0.000000
-0.789553	0.416825	0.000000
0.002134	-0.277767	0.000000
-0.012217	-0.067990	0.000000
-0.453116	-0.210869	0.000000
-0.331904	-0.257453	0.000000
-0.270044	0.442657	0.000000
-0.653126	0.971249	0.000000
-0.293382	-0.310273	0.000000
-0.111177	-0.945277	0.000000
-0.194871	-0.653084	0.000000
0.139366	-0.053929	0.000000
-0.107771	0.311136	0.000000
-0.718428	-0.095358	0.000000
-0.501238	-0.347008	0.000000
-0.125099	-0.178906	0.000000
-0.472010	-0.476263	0.000000
-0.507527	-0.647131	0.000000
-0.057948	0.481683	0.000000
-0.141678	-0.297883	0.000000
-0.032253	0.621740	0.000000
0.033184	-0.601144	0.000000
-0.376705	-0.053857	0.000000
-0.405351	0.336340	0.000000
-0.514106	0.649712	0.000000
0.053715	-0.488639	0.000000
-0.086266	-0.175823	0.000000
-0.378633	0.307103	0.000000
-0.782162	0.059771	0.000000
-0.524581	-0.102599	0.000000
-0.241161	0.544380	0.000000
-0.240198	-0.496425	0.000000
-0.014633	-0.356552	0.000000
-0.109245	-0.573352	0.000000
-0.840237	-0.167011	0.000000
-0.442657	-0.474266	0.000000
-0.361597	-0.571131	0.000000
-0.598883	-0.300909	0.000000
0.003860	-0.584245	0.000000
0.956789	0.364642	0.000000
0.135944	0.349564	0.000000
-0.168990	-0.274059	0.000000
-0.451189	-0.455506	0.000000
-0.734735	0.644913	0.000000
-0.380001	0.213766	0.000000
-0.291517	-0.374733	0.000000
-0.510393	-0.251178	0.000000
0.010767	0.001900	0.000000
-0.444048	-0.805720	0.000000
-0.257346	0.290519	0.000000
-0.916643	-0.532302	0.000000
-0.175265	0.557322	0.000000
-0.167367	-0.426261	0.000000
-0.310826	0.093427	0.000000
-0.667592	-0.056625	0.000000
-0.850509	-0.112149	0.000000
-0.126108	-0.167892	0.000000
-0.143201	-0.079473	0.000000
-0.578105	0.378566	0.000000
-0.252854	-0.113704	0.000000
-0.117794	0.702673	0.000000
-0.282233	-0.321456	0.000000
-0.203519	0.568838	0.000000
-0.141194	0.581382	0.000000
-0.559497	-0.056110	0.000000
-0.574437	-0.461594	0.000000
-0.167823	0.411149	0.000000
-0.308349	-0.236262	0.000000
-0.279926	0.526256	0.000000
0.019781	-0.196217	0.000000
0.010524	-0.161693	0.000000
-0.857962	-0.086237	0.000000
-0.309895	-0.290238	0.000000
-0.900322	-0.695134	0.000000
0.043511	-0.662927	0.000000
-0.276632	-0.030333	0.000000
-0.219680	0.616954	0.000000
-0.202327	-0.594539	0.000000
-0.208208	-0.671247	0.000000
-0.012276	-0.117753	0.000000
0.135550	0.044664	0.000000
-0.257158	-0.443833	0.000000
-0.205390	-0.793481	0.000000
-0.390326	-0.061223	0.000000
-0.021596	0.241630	0.000000
-0.149037	0.503737	0.000000
-0.581952	-0.508104	0.000000
-0.738929	0.657768	0.000000
-0.435938	-0.035482	0.000000
-0.372973	-0.341280	0.000000
-0.104879	-0.062054	0.000000
-0.279703	-0.126091	0.000000
0.052087	-0.634075	0.000000
-0.583165	0.863793	0.000000
0.125531	-0.002575	0.000000
-0.411206	-0.615817	0.000000
-0.473586	-0.277089	0.000000
-0.323307	-0.680433	0.000000
-0.345813	0.290453	0.000000
0.018363	0.068069	0.000000
0.076731	-0.057374	0.000000
-0.261750	-0.337944	0.000000
-0.438364	-0.646454	0.000000
-0.327629	-0.566176	0.000000
-0.370434	-0.145718	0.000000
-0.266989	-0.282019	0.000000
-0.023647	0.437474	0.000000
-0.026766	-0.376705	0.000000
0.103867	0.220105	0.000000
-0.202699	0.498955	0.000000
-0.020973	0.160597	0.000000
-0.329419	-0.596184	0.000000
-0.644523	0.810127	0.000000
-0.264028	0.438057	0.000000
-0.533689	0.385899	0.000000
-0.107255	0.037337	0.000000
-0.231289	-0.133540	0.000000
-0.659873	-0.311650	0.000000
-0.458952	-0.035401	0.000000
-0.114086	0.553922	0.000000
-0.720428	0.615688	0.000000
-0.214614	-0.774581	0.000000
0.070339	0.322624	0.000000
-0.314181	0.468080	0.000000
-0.379713	-0.466375	0.000000
-0.809945	-0.295775	0.000000
-0.002210	-0.358142	0.000000
-0.020908	0.073076	0.000000
-0.191478	0.458475	0.000000
-0.618229	-0.417546	0.000000
-0.934633	-0.003968	0.000000
-0.241552	0.047249	0.000000
-0.599808	0.786168	0.000000
-0.262174	-0.082405	0.000000
-0.139728	0.562059	0.000000
-0.424843	-0.092064	0.000000
0.111325	0.424543	0.000000
0.001943	0.050339	0.000000
-0.024467	0.473541	0.000000
-0.552531	0.528667	0.000000
0.098754	0.183074	0.000000
-0.205039	-0.703735	0.000000
-0.703018	0.496352	0.000000
-0.199361	-0.608682	0.000000
-0.678517	-0.294601	0.000000
-0.009926	0.555088	0.000000
-0.486984	-0.542441	0.000000
-0.384455	-0.582876	0.000000
-0.146719	-0.216846	0.000000
-0.326404	0.833027	0.000000
0.193480	0.004742	0.000000
-0.272249	0.684992	0.000000
-0.009505	0.340839	0.000000
0.151104	-0.146476	0.000000
0.005668	0.218925	0.000000
-0.629058	0.442639	0.000000
-0.287515	-0.512519	0.000000
-0.057017	0.478238	0.000000
-0.447197	-0.745734	0.000000
0.981468	0.110061	0.000000
0.135455	-0.056985	0.000000
0.034106	-0.471268	0.000000
0.113080	-0.494724	0.000000
-0.263458	-0.529894	0.000000
-0.589294	-0.523960	0.000000
-0.469901	-0.213419	0.000000
-0.897318	-0.664216	0.000000
-0.380009	0.059003	0.000000
-0.644791	-0.489797	0.000000
0.009121	-0.021023	0.000000
0.024397	0.581895	0.000000
-0.054736	0.058374	0.000000
-0.522757	-0.138562	0.000000
-0.173771	-0.381413	0.000000
-0.049177	0.431720	0.000000
-0.903403	0.107884	0.000000
-0.623692	0.172248	0.000000
-0.192446	0.619539	0.000000
-0.676638	0.761809	0.000000
0.129346	-0.288536	0.000000
-0.137497	0.516593	0.000000
-0.328142	-0.413535	0.000000
0.937538	0.434865	0.000000
-0.228800	-0.555092	0.000000
-0.227216	-0.451918	0.000000
-0.522330	-0.430178	0.000000
0.063350	-0.283869	0.000000
0.179231	-0.016765	0.000000
-0.256083	-0.643550	0.000000
-0.303898	-0.112586	0.000000
-0.189451	-0.602947	0.000000
-0.344344	0.252830	0.000000
-0.060670	0.121224	0.000000
-0.617088	-0.081803	0.000000
-0.271670	-0.438866	0.000000
-0.295946	-0.255402	0.000000
0.025904	0.133396	0.000000
-0.521229	-0.118226	0.000000
-0.452632	-0.493634	0.000000
-0.628515	-0.418962	0.000000
0.050783	-0.538421	0.000000
-0.218051	0.081100	0.000000
-0.396962	0.841232	0.000000
-0.341279	0.675519	0.000000
0.117789	0.056243	0.000000
-0.250587	-0.258641	0.000000
-0.970563	-0.570962	0.000000
-0.914300	-0.539235	0.000000
-0.192119	-0.508209	0.000000
-0.118155	0.058897	0.000000
-0.225695	-0.672099	0.000000
0.139805	0.149081	0.000000
-0.926918	0.050445	0.000000
-0.682766	0.572935	0.000000
-0.865483	-0.018206	0.000000
-0.457562	-0.599179	0.000000
-0.183169	0.017960	0.000000
-0.604365	0.197942	0.000000
-0.391870	-0.080284	0.000000
-0.038114	-0.119280	0.000000
-0.275885	0.593005	0.000000
0.046815	-0.001366	0.000000
0.121945	-0.038191	0.000000
-0.209711	-0.727140	0.000000
-0.324888	0.199314	0.000000
0.049232	0.424685	0.000000
0.007961	0.515293	0.000000
-0.888701	0.014687	0.000000
0.040681	-0.071608	0.000000
0.102213	-0.059278	0.000000
-0.514390	0.636778	0.000000
0.088370	-0.010442	0.000000
-0.666663	0.717546	0.000000
0.027530	-0.319907	0.000000
-0.245495	-0.485447	0.000000
-0.080545	0.452819	0.000000
-0.150669	-0.034307	0.000000
-0.429492	0.351725	0.000000
-0.599653	0.880665	0.000000
-0.254999	0.445928	0.000000
-0.189951	0.500564	0.000000
-0.140305	-0.046954	0.000000
-0.215395	0.529635	0.000000
-0.402784	0.780913	0.000000
-0.533759	0.138053	0.000000
-0.269179	-0.219778	0.000000
-0.103464	-0.591969	0.000000
-0.299297	0.475172	0.000000
-0.610077	-0.538790	0.000000
-0.323030	-0.009942	0.000000
-0.049137	0.467271	0.000000
-0.556613	0.557896	0.000000
-0.585719	0.461704	0.000000
-0.634812	-0.144606	0.000000
-0.056556	0.251375	0.000000
0.074475	-0.408354	0.000000
-0.176269	-0.355401	0.000000
-0.348575	-0.064247	0.000000
-0.204515	-0.151942	0.000000
-0.017139	-0.744269	0.000000
-0.291876	-0.246513	0.000000
-0.559043	-0.518497	0.000000
-0.359903	-0.280833	0.000000
-0.229093	-0.318407	0.000000
-0.599062	0.680173	0.000000
-0.624395	0.426128	0.000000
-0.130378	-0.980091	0.000000
-0.241073	0.126780	0.000000
0.128489	0.182444	0.000000
0.081253	0.283980	0.000000
-0.928714	0.085395	0.000000
-0.205534	-0.831627	0.000000
-0.417983	-0.709847	0.000000
-0.033626	0.296356	0.000000
-0.270020	-0.361734	0.000000
-0.624771	0.032888	0.000000
0.100555	-0.081814	0.000000
-0.331343	-0.836639	0.000000
-0.914968	-0.540339	0.000000
-0.027223	-0.679085	0.000000
-0.212902	-0.367567	0.000000
-0.229373	0.536060	0.000000
0.037369	-0.471639	0.000000
-0.279024	-0.380477	0.000000
-0.019639	-0.211437	0.000000
0.024382	0.065159	0.000000
-0.557483	0.403456	0.000000
-0.290758	-0.279773	0.000000
-0.604580	-0.236210	0.000000
-0.363731	-0.391101	0.000000
-0.491241	0.494388	0.000000
-0.579090	0.455140	0.000000
-0.071854	-0.000116	0.000000
-0.548263	0.125664	0.000000
-0.223555	-0.170537	0.000000
0.097166	0.345254	0.000000
0.045059	-0.192653	0.000000
0.098400	0.279911	0.000000
0.122030	0.024842	0.000000
-0.097858	0.412509	0.000000
-0.267499	-0.092904	0.000000
-0.095911	-0.781334	0.000000
-0.250661	-0.183848	0.000000
-0.772187	0.192878	0.000000
-0.104281	0.505376	0.000000
-0.130730	-0.332639	0.000000
-0.580458	0.582293	0.000000
-0.282299	-0.431732	0.000000
-0.416684	-0.123867	0.000000
-0.015425	-0.120194	0.000000
-0.014547	-0.391107	0.000000
-0.205849	-0.216509	0.000000
-0.468868	-0.130408	0.000000
-0.252673	0.282283	0.000000
-0.121344	0.211316	0.000000
-0.571502	0.061316	0.000000
-0.296131	-0.586547	0.000000
-0.051096	-0.638221	0.000000
0.085362	-0.258895	0.000000
-0.202677	-0.531319	0.000000
0.013415	0.365675	0.000000
-0.395648	-0.716910	0.000000
0.081166	-0.298766	0.000000
-0.363555	0.453787	0.000000
-0.096026	-0.552747	0.000000
-0.804362	0.350710	0.000000
-0.351497	0.506375	0.000000
-0.278367	-0.222077	0.000000
0.057430	-0.084056	0.000000
-0.394132	-0.759678	0.000000
-0.292876	-0.548303	0.000000
-0.214704	0.218293	0.000000
-0.290537	0.714725	0.000000
-0.270488	-0.599220	0.000000
-0.712944	-0.231589	0.000000
0.024979	-0.439787	0.000000
-0.909364	-0.696523	0.000000
-0.724869	-0.159022	0.000000
-0.381210	0.283513	0.000000
-0.389239	-0.269893	0.000000
-0.340259	-0.377912	0.000000
-0.999175	-0.514625	0.000000
0.136269	-0.117989	0.000000
-0.305380	0.743629	0.000000
-0.041061	-0.407519	0.000000
0.021144	-0.058499	0.000000
-0.274206	0.529849	0.000000
-0.364101	0.757729	0.000000
-0.268174	0.013093	0.000000
0.095764	-0.282341	0.000000
0.061730	-0.445421	0.000000
0.043215	-0.672358	0.000000
-0.209957	-0.519464	0.000000
-0.304516	-0.212377	0.000000
-0.274839	0.617344	0.000000
-0.722687	0.127143	0.000000
-0.223311	-0.701266	0.000000
-0.345872	0.875827	0.000000
-0.669702	0.343064	0.000000
-0.158888	0.679785	0.000000
-0.614635	-0.392199	0.000000
-0.933033	0.039547	0.000000
-0.167392	-0.593270	0.000000
-0.323579	-0.184040	0.000000
-0.388176	0.676052	0.000000
-0.415863	-0.709005	0.000000
0.020783	-0.348475	0.000000
-0.633418	0.901915	0.000000
-0.247471	-0.006681	0.000000
-0.321090	0.785738	0.000000
0.005479	0.063156	0.000000
-0.148321	0.178500	0.000000
-0.245346	-0.404026	0.000000
-0.054028	0.476072	0.000000
-0.138350	-0.178785	0.000000
-0.239905	0.048909	0.000000
-0.654320	0.788114	0.000000
0.081723	-0.503413	0.000000
-0.041066	0.664831	0.000000
-0.749253	0.145601	0.000000
-0.436055	-0.027179	0.000000
-0.357068	0.663394	0.000000
-0.538916	-0.442588	0.000000
-0.595643	0.148702	0.000000
-0.298524	-0.503811	0.000000
-0.252757	-0.288445	0.000000
-0.006943	0.084041	0.000000
-0.168048	-0.233729	0.000000
-0.415155	-0.016461	0.000000
-0.630806	0.708772	0.000000
-0.473890	-0.701784	0.000000
-0.416180	0.096752	0.000000
-0.463321	-0.708998	0.000000
-0.663653	0.704677	0.000000
-0.547346	-0.502308	0.000000
-0.269816	-0.339526	0.000000
-0.085721	-0.063461	0.000000
-0.397179	0.795106	0.000000
-0.578693	-0.433954	0.000000
-0.066667	0.487240	0.000000
-0.407553	-0.641536	0.000000
-0.139409	-0.106381	0.000000
-0.307303	-0.340179	0.000000
-0.378054	0.008839	0.000000
-0.134781	-0.886532	0.000000
0.163320	-0.028868	0.000000
-0.395909	0.727594	0.000000
0.097769	-0.443870	0.000000
-0.424220	-0.311586	0.000000
-0.623566	0.745063	0.000000
0.067756	-0.046231	0.000000
-0.211157	-0.621022	0.000000
-0.206808	-0.416760	0.000000
-0.284705	-0.444478	0.000000
-0.578621	-0.582458	0.000000
-0.405786	-0.335348	0.000000
-0.015321	0.601002	0.000000
0.029771	0.304553	0.000000
-0.612994	0.347184	0.000000
-0.302303	0.361156	0.000000
-0.529833	-0.438210	0.000000
-0.218902	-0.248598	0.000000
0.097476	-0.466191	0.000000
-0.664519	0.613876	0.000000
-0.413677	0.021713	0.000000
-0.211534	0.598355	0.000000
-0.346071	0.781440	0.000000
-0.720358	0.670414	0.000000
0.048471	-0.517840	0.000000
-0.373894	-0.322649	0.000000
-0.341911	-0.319441	0.000000
-0.313988	-0.189213	0.000000
-0.065925	-0.611584	0.000000
-0.080958	0.473665	0.000000
-0.681680	0.457797	0.000000
-0.036394	0.533056	0.000000
-0.605865	-0.442482	0.000000
-0.615672	0.679141	0.000000
-0.287638	-0.396476	0.000000
-0.111450	0.460356	0.000000
-0.497330	-0.111690	0.000000
-0.570490	0.434800	0.000000
0.071353	-0.509366	0.000000
-0.062540	-0.673459	0.000000
-0.118804	0.027696	0.000000
-0.429305	0.277213	0.000000
-0.760579	-0.185907	0.000000
-0.729614	0.210930	0.000000
-0.003196	-0.426023	0.000000
-0.446147	0.102574	0.000000
-0.307672	0.830583	0.000000
-0.014205	0.273935	0.000000
-0.285408	0.552302	0.000000
-0.310908	0.816151	0.000000
-0.382271	-0.024404	0.000000
0.129182	0.316477	0.000000
-0.332339	-0.833634	0.000000
-0.143801	0.633486	0.000000
-0.327483	-0.079808	0.000000
-0.138283	0.456412	0.000000
-0.372851	0.716758	0.000000
-0.543386	-0.111659	0.000000
-0.569704	0.367453	0.000000
-0.187052	-0.349576	0.000000
-0.209358	-0.151144	0.000000
-0.199749	0.223881	0.000000
-0.076449	0.370820	0.000000
-0.296133	-0.862292	0.000000
-0.300974	0.263850	0.000000
-0.208495	0.080873	0.000000
-0.281408	-0.474488	0.000000
-0.148843	-0.076639	0.000000
-0.128128	-0.308034	0.000000
-0.417590	0.139913	0.000000
-0.345346	-0.210119	0.000000
0.079763	0.383276	0.000000
-0.634370	0.351471	0.000000
-0.389947	-0.703609	0.000000
-0.369239	-0.019277	0.000000
-0.292695	-0.327113	0.000000
-0.232179	0.699381	0.000000
-0.021739	-0.024484	0.000000
0.046464	-0.670103	0.000000
-0.203663	0.633072	0.000000
0.121921	-0.271224	0.000000
-0.396908	-0.426593	0.000000
0.082904	0.014404	0.000000
-0.014744	0.396218	0.000000
0.037485	-0.707726	0.000000
-0.600230	0.367546	0.000000
-0.638391	0.765501	0.000000
-0.216702	-0.500298	0.000000
-0.012649	-0.027660	0.000000
-0.332908	0.399088	0.000000
-0.199384	-0.024459	0.000000
-0.297983	0.220196	0.000000
0.041463	0.149817	0.000000
-0.275089	0.642806	0.000000
0.150109	-0.034045	0.000000
-0.012319	-0.364460	0.000000
-0.468945	0.083146	0.000000
-0.409485	-0.045884	0.000000
-0.401351	-0.340008	0.000000
-0.483010	-0.349828	0.000000
-0.211109	-0.566083	0.000000
-0.602151	0.886687	0.000000
-0.689016	0.332397	0.000000
0.978898	0.171648	0.000000
0.046315	-0.278021	0.000000
0.122325	0.323894	0.000000
-0.001776	-0.030996	0.000000
-0.552004	-0.126964	0.000000
-0.815952	-0.306055	0.000000
-0.238205	0.675969	0.000000
0.072256	-0.014323	0.000000
-0.532747	-0.099100	0.000000
-0.242622	-0.401801	0.000000
0.008989	-0.052502	0.000000
-0.492025	-0.169287	0.000000
-0.329222	-0.500507	0.000000
-0.249369	-0.039518	0.000000
-0.243685	-0.627777	0.000000
-0.620054	-0.307294	0.000000
0.119690	0.138524	0.000000
-0.692019	-0.292251	0.000000
-0.357204	0.804623	0.000000
-0.179841	-0.583839	0.000000
-0.333061	0.322763	0.000000
-0.072415	-0.069591	0.000000
-0.687880	0.508366	0.000000
-0.719873	0.560161	0.000000
-0.638472	-0.218534	0.000000
-0.010892	-0.389575	0.000000
-0.059038	0.472154	0.000000
-0.081744	0.493251	0.000000
-0.177342	-0.020505	0.000000
-0.109709	-0.266319	0.000000
-0.005478	-0.121428	0.000000
-0.019691	0.464215	0.000000
-0.203447	0.538695	0.000000
-0.390628	0.275120	0.000000
-0.052596	0.538949	0.000000
-0.000919	-0.392960	0.000000
0.069552	-0.108704	0.000000
-0.322223	0.745318	0.000000
0.081876	0.332037	0.000000
-0.025159	0.149484	0.000000
-0.344864	-0.325637	0.000000
-0.549422	0.093317	0.000000
-0.221287	-0.260201	0.000000
-0.458241	0.096449	0.000000
-0.019841	-0.040548	0.000000
-0.517546	-0.258199	0.000000
-0.194210	-0.594049	0.000000
0.092490	-0.471898	0.000000
-0.275873	-0.104643	0.000000
-0.182698	0.149228	0.000000
-0.683371	0.754684	0.000000
-0.209575	0.402911	0.000000
-0.565070	0.294039	0.000000
-0.418755	-0.450287	0.000000
-0.148238	-0.901153	0.000000
-0.245619	0.105300	0.000000
0.090977	-0.102595	0.000000
-0.179164	0.768682	0.000000
-0.209600	0.530679	0.000000
0.031056	0.261429	0.000000
-0.475746	-0.326386	0.000000
-0.035071	-0.375839	0.000000
-0.252367	-0.299569	0.000000
-0.479877	0.433051	0.000000
-0.125331	-0.587766	0.000000
-0.289480	-0.546331	0.000000
-0.264605	-0.208657	0.000000
-0.699254	0.034988	0.000000
-0.568770	0.130395	0.000000
-0.177949	-0.610014	0.000000
-0.821639	-0.231770	0.000000
-0.126494	0.040857	0.000000
-0.309529	0.060000	0.000000
-0.292894	0.450178	0.000000
-0.126256	0.197957	0.000000
-0.531346	0.664917	0.000000
-0.034308	0.287488	0.000000
-0.720027	-0.183017	0.000000
0.130681	-0.020274	0.000000
-0.466753	-0.061965	0.000000
-0.556420	0.563795	0.000000
-0.652409	-0.085339	0.000000
-0.417425	-0.348850	0.000000
-0.157952	0.718771	0.000000
-0.346542	0.361153	0.000000
-0.225769	0.392854	0.000000
-0.495662	-0.310138	0.000000
-0.156512	-0.743694	0.000000
-0.277926	-0.288368	0.000000
-0.185041	-0.314542	0.000000
-0.207262	-0.457017	0.000000
-0.507052	0.013374	0.000000
-0.320416	-0.243855	0.000000
-0.513301	-0.132647	0.000000
-0.569787	0.581395	0.000000
-0.197756	0.356805	0.000000
-0.414866	0.138156	0.000000
-0.423508	-0.286154	0.000000
-0.149907	-0.739503	0.000000
-0.043780	-0.410300	0.000000
-0.530777	0.086453	0.000000
0.003358	0.100889	0.000000
-0.253873	0.277698	0.000000
0.054221	0.282922	0.000000
-0.169694	-0.301010	0.000000
0.162608	-0.064451	0.000000
0.050680	-0.590868	0.000000
-0.067602	0.181512	0.000000
-0.465645	-0.095526	0.000000
-0.130028	-0.835793	0.000000
-0.567644	0.532836	0.000000
-0.285632	0.585753	0.000000
-0.292815	0.487665	0.000000
-0.004900	-0.321531	0.000000
-0.661324	0.755864	0.000000
-0.009950	-0.004804	0.000000
-0.317481	-0.633879	0.000000
-0.421502	-0.271657	0.000000
-0.320772	0.597049	0.000000
-0.143600	-0.496325	0.000000
-0.262696	-0.029146	0.000000
-0.070408	-0.605393	0.000000
-0.282126	-0.618050	0.000000
-0.620262	0.956562	0.000000
-0.419588	0.278475	0.000000
-0.228612	0.020449	0.000000
-0.192493	-0.508571	0.000000
-0.563492	-0.184996	0.000000
0.112437	-0.254763	0.000000
0.138190	-0.032001	0.000000
-0.211701	-0.187813	0.000000
0.136482	-0.161915	0.000000
-0.525664	-0.362919	0.000000
-0.010529	0.358651	0.000000
-0.594049	0.597819	0.000000
-0.207159	0.704722	0.000000
-0.161985	-0.068346	0.000000
-0.471666	-0.512235	0.000000
-0.201390	0.449457	0.000000
-0.789677	0.184078	0.000000
-0.548850	-0.322045	0.000000
-0.333880	0.674119	0.000000
-0.343583	0.881033	0.000000
-0.356522	0.818208	0.000000
-0.030918	-0.594224	0.000000
-0.548638	-0.066220	0.000000
-0.592865	-0.437287	0.000000
0.938059	0.435583	0.000000
-0.178840	0.648076	0.000000
0.025847	0.204602	0.000000
-0.007639	0.467455	0.000000
-0.250596	-0.305816	0.000000
-0.274164	-0.475891	0.000000
-0.292901	-0.556797	0.000000
-0.433992	0.096472	0.000000
-0.087437	-0.344919	0.000000
0.060304	-0.530781	0.000000
-0.313677	-0.203345	0.000000
-0.680170	-0.150909	0.000000
-0.322698	-0.493652	0.000000
-0.254196	-0.222744	0.000000
0.053461	-0.545904	0.000000
-0.797353	0.008663	0.000000
-0.237834	-0.340540	0.000000
-0.306471	-0.356985	0.000000
-0.291181	0.021185	0.000000
-0.264839	-0.622347	0.000000
-0.014876	0.358504	0.000000
0.116000	0.151409	0.000000
-0.291695	-0.189425	0.000000
-0.593143	0.631061	0.000000
-0.849087	-0.083928	0.000000
-0.903048	-0.645234	0.000000
0.156984	-0.010389	0.000000
-0.269874	-0.282279	0.000000
-0.121881	0.344587	0.000000
-0.241650	-0.554970	0.000000
-0.050194	0.274829	0.000000
-0.264268	-0.173681	0.000000
0.001529	-0.058070	0.000000
0.050867	-0.179763	0.000000
-0.344574	0.309105	0.000000
-0.109184	-0.162786	0.000000
-0.197614	-0.505060	0.000000
-0.210336	0.222218	0.000000
-0.661087	0.763740	0.000000
-0.598673	-0.511576	0.000000
-0.387044	-0.645879	0.000000
-0.057012	-0.695990	0.000000
0.164608	0.003030	0.000000
-0.386303	0.267810	0.000000
-0.748925	0.286899	0.000000
-0.467134	-0.114759	0.000000
0.141034	0.239571	0.000000
-0.683473	0.717141	0.000000
-0.370505	0.179399	0.000000
-0.032198	0.399173	0.000000
-0.639274	0.989384	0.000000
-0.102950	-0.020342	0.000000
0.020574	0.368792	0.000000
-0.221662	-0.553142	0.000000
-0.310201	-0.629323	0.000000
0.043029	-0.290945	0.000000
-0.574750	-0.427786	0.000000
-0.331660	0.553974	0.000000
-0.245713	-0.495556	0.000000
-0.566024	-0.278541	0.000000
-0.208937	-0.781896	0.000000
0.009090	0.447149	0.000000
-0.598937	0.378813	0.000000
0.073272	0.391163	0.000000
-0.446581	-0.086004	0.000000
-0.445888	-0.165468	0.000000
-0.097412	-0.844205	0.000000
-0.766168	-0.149374	0.000000
-0.126429	-0.043525	0.000000
0.040197	-0.002791	0.000000
-0.249156	0.050327	0.000000
-0.133224	0.548542	0.000000
-0.462628	-0.743307	0.000000
-0.291073	-0.440973	0.000000
-0.237488	-0.275280	0.000000
-0.643855	-0.420710	0.000000
-0.350947	0.261091	0.000000
-0.093792	0.275566	0.000000
-0.182928	-0.383630	0.000000
-0.421039	0.202848	0.000000
-0.407038	0.360388	0.000000
-0.304252	-0.339236	0.000000
-0.227971	0.316205	0.000000
-0.056383	-0.632333	0.000000
-0.297829	-0.130366	0.000000
-0.237475	0.181033	0.000000
-0.313213	-0.732764	0.000000
-0.295228	0.370132	0.000000
0.104540	-0.198013	0.000000
-0.285730	-0.375741	0.000000
0.072170	-0.528801	0.000000
-0.240375	0.318215	0.000000
-0.061899	0.278154	0.000000
-0.924712	-0.518214	0.000000
0.109114	-0.211146	0.000000
-0.305250	-0.574351	0.000000
0.104584	-0.507967	0.000000
-0.463747	0.378415	0.000000
-0.107491	0.477588	0.000000
-0.363696	0.897395	0.000000
-0.310626	-0.302053	0.000000
-0.771099	-0.120358	0.000000
-0.202231	0.516343	0.000000
-0.158248	0.448980	0.000000
-0.430639	0.286769	0.000000
0.074124	0.375207	0.000000
-0.565837	0.802365	0.000000
-0.808818	0.034293	0.000000
0.054939	-0.013656	0.000000
0.076552	-0.503128	0.000000
-0.134446	-0.525160	0.000000
-0.421883	-0.131160	0.000000
-0.104765	0.637266	0.000000
-0.076845	0.607951	0.000000
-0.676783	0.384331	0.000000
-0.336458	-0.758043	0.000000
-0.601060	-0.050255	0.000000
-0.387317	-0.702127	0.000000
-0.180959	0.185942	0.000000
-0.440171	0.025234	0.000000
-0.014839	0.379494	0.000000
-0.273970	-0.374899	0.000000
-0.146846	-0.913887	0.000000
-0.130725	-0.830582	0.000000
-0.059650	0.491422	0.000000
-0.565469	0.390060	0.000000
-0.650401	0.938828	0.000000
-0.429993	-0.162218	0.000000
-0.180333	-0.139244	0.000000
-0.569747	0.395424	0.000000
-0.504679	-0.125572	0.000000
0.995400	0.056570	0.000000
0.010318	0.173957	0.000000
-0.364701	-0.171014	0.000000
-0.223155	-0.293832	0.000000
-0.280182	-0.781492	0.000000
-0.182265	-0.061599	0.000000
-0.213206	-0.220219	0.000000
-0.121948	0.529245	0.000000
-0.642782	0.784706	0.000000
-0.666197	0.726508	0.000000
-0.224934	-0.206498	0.000000
-0.049386	0.612136	0.000000
-0.284520	0.518474	0.000000
-0.410694	0.804159	0.000000
-0.595094	0.598263	0.000000
-0.285855	0.607742	0.000000
-0.164026	0.560897	0.000000
-0.646717	0.456268	0.000000
-0.093059	0.695894	0.000000
-0.238288	-0.350801	0.000000
-0.159827	-0.465229	0.000000
-0.183338	0.608545	0.000000
0.087283	0.009197	0.000000
-0.255828	-0.315256	0.000000
-0.256875	-0.033772	0.000000
-0.012559	-0.493443	0.000000
0.003053	0.083271	0.000000
-0.478232	-0.776243	0.000000
0.129466	-0.089982	0.000000
-0.377288	-0.485714	0.000000
0.023375	0.225654	0.000000
-0.013512	-0.719004	0.000000
-0.133549	0.442715	0.000000
0.068849	0.047132	0.000000
-0.234289	-0.339635	0.000000
0.106014	0.168332	0.000000
-0.230274	0.044576	0.000000
-0.277284	-0.419254	0.000000
-0.602297	0.737595	0.000000
-0.380559	0.726871	0.000000
-0.195795	0.388703	0.000000
-0.503516	-0.656019	0.000000
-0.041388	-0.656987	0.000000
0.090076	0.024209	0.000000
-0.361243	-0.078031	0.000000
-0.310124	-0.720482	0.000000
-0.388882	-0.211398	0.000000
-0.523876	0.605202	0.000000
-0.644539	0.487546	0.000000
-0.038490	-0.422188	0.000000
-0.638502	0.621639	0.000000
-0.498812	-0.748000	0.000000
-0.147980	-0.106957	0.000000
-0.909409	-0.537000	0.000000
-0.468800	-0.514213	0.000000
-0.459542	-0.620305	0.000000
-0.407018	-0.273902	0.000000
-0.322378	-0.148724	0.000000
-0.659589	0.547795	0.000000
-0.131180	-0.842058	0.000000
-0.496011	-0.319404	0.000000
-0.664370	0.285931	0.000000
-0.044666	-0.466204	0.000000
-0.867330	-0.014371	0.000000
-0.214753	-0.370458	0.000000
-0.244533	-0.645855	0.000000
-0.254067	-0.299475	0.000000
-0.475992	0.380573	0.000000
-0.214443	-0.316822	0.000000
-0.521229	0.438989	0.000000
-0.841423	0.082407	0.000000
-0.173149	-0.231297	0.000000
0.116191	-0.250510	0.000000
-0.265504	-0.344547	0.000000
-0.121022	0.738995	0.000000
-0.560872	-0.390062	0.000000
0.065068	-0.094526	0.000000
-0.490766	-0.338609	0.000000
-0.501587	0.582516	0.000000
-0.078666	0.488988	0.000000
-0.020268	-0.344340	0.000000
0.024979	0.230678	0.000000
-0.900431	-0.699055	0.000000
-0.434303	0.289940	0.000000
-0.400281	0.217255	0.000000
-0.415354	-0.160223	0.000000
-0.867775	0.000691	0.000000
0.052629	0.384809	0.000000
-0.252826	-0.708840	0.000000
-0.391675	-0.267936	0.000000
-0.176310	-0.148605	0.000000
-0.742758	-0.226617	0.000000
-0.309907	0.045523	0.000000
-0.384890	0.109780	0.000000
-0.261866	0.584837	0.000000
0.012029	0.430557	0.000000
-0.792276	-0.023729	0.000000
-0.120895	-0.740228	0.000000
0.040601	-0.608236	0.000000
-0.121817	-0.664705	0.000000
-0.222537	-0.540620	0.000000
-0.550640	-0.217153	0.000000
-0.130761	-0.860076	0.000000
-0.232531	-0.358157	0.000000
-0.725064	0.577507	0.000000
-0.397755	-0.170459	0.000000
-0.416057	-0.713416	0.000000
-0.134061	-0.341750	0.000000
-0.025035	0.550239	0.000000
-0.595020	0.378337	0.000000
-0.140016	0.607288	0.000000
-0.101032	0.164144	0.000000
-0.254697	0.682431	0.000000
0.024200	-0.147266	0.000000
-0.289816	0.816029	0.000000
-0.339807	0.693720	0.000000
-0.206415	-0.241998	0.000000
-0.134526	-0.333486	0.000000
0.098181	0.231255	0.000000
-0.753159	-0.086034	0.000000
-0.266278	-0.106845	0.000000
0.170949	-0.120480	0.000000
-0.936363	0.061512	0.000000
-0.026364	0.605182	0.000000
-0.085375	0.205302	0.000000
-0.221999	-0.262251	0.000000
-0.712060	0.068830	0.000000
-0.082915	-0.691785	0.000000
-0.403103	0.021912	0.000000
-0.417122	-0.387540	0.000000
-0.581846	0.622066	0.000000
-0.051717	-0.661651	0.000000
-0.679990	0.766082	0.000000
-0.464919	-0.060787	0.000000
-0.644604	-0.456184	0.000000
-0.672380	0.507028	0.000000
-0.005579	-0.717062	0.000000
-0.350520	-0.258686	0.000000
-0.258229	0.682567	0.000000
-0.372015	-0.080543	0.000000
-0.317903	0.028112	0.000000
-0.763913	0.115814	0.000000
0.156393	-0.044757	0.000000
-0.306617	0.701466	0.000000
-0.356113	-0.716315	0.000000
-0.115367	-0.646977	0.000000
-0.159833	0.531180	0.000000
-0.612573	-0.133874	0.000000
-0.587694	0.849537	0.000000
-0.310458	-0.327666	0.000000
-0.607071	0.682019	0.000000
-0.335766	0.357939	0.000000
-0.628003	-0.073762	0.000000
0.075393	-0.296279	0.000000
-0.572134	0.305915	0.000000
-0.233767	-0.610030	0.000000
-0.200181	0.257499	0.000000
-0.135422	0.663965	0.000000
-0.338538	-0.282934	0.000000
-0.327944	-0.307730	0.000000
-0.372431	-0.329140	0.000000
-0.086640	0.629255	0.000000
0.073700	-0.451040	0.000000
-0.365925	0.865094	0.000000
-0.371746	-0.150963	0.000000
-0.689415	0.842123	0.000000
-0.572257	-0.209395	0.000000
-0.066478	-0.538214	0.000000
-0.405019	-0.170346	0.000000
-0.279019	-0.385671	0.000000
-0.575985	-0.099079	0.000000
-0.254207	-0.304132	0.000000
-0.046113	-0.194697	0.000000
-0.336804	-0.280410	0.000000
-0.432203	-0.201192	0.000000
-0.936058	-0.495457	0.000000
-0.529964	0.025375	0.000000
-0.540489	-0.156150	0.000000
-0.298576	-0.571944	0.000000
0.182764	-0.055461	0.000000
-0.288267	-0.355815	0.000000
-0.440896	-0.800711	0.000000
-0.546074	-0.199904	0.000000
0.007557	0.182911	0.000000
-0.279776	-0.624214	0.000000
-0.353904	0.373754	0.000000
0.089951	-0.538627	0.000000
-0.258013	0.333964	0.000000
-0.065513	0.610998	0.000000
-0.079502	-0.491626	0.000000
-0.205328	-0.787175	0.000000
-0.280247	-0.264864	0.000000
-0.056996	-0.166847	0.000000
0.030039	-0.433907	0.000000
-0.085721	0.590657	0.000000
-0.040628	0.433651	0.000000
-0.485425	-0.083272	0.000000
-0.230435	-0.365245	0.000000
0.185388	-0.021245	0.000000
-0.669692	0.466951	0.000000
-0.178087	0.651535	0.000000
-0.249418	0.704093	0.000000
-0.253302	0.665890	0.000000
0.077482	-0.435362	0.000000
0.020141	-0.030700	0.000000
0.009626	-0.725765	0.000000
-0.279829	-0.025956	0.000000
-0.639777	-0.353119	0.000000
-0.706683	0.790347	0.000000
-0.199816	0.091734	0.000000
-0.365930	-0.494145	0.000000
-0.307982	0.096850	0.000000
0.126374	-0.337642	0.000000
-0.237464	0.430367	0.000000
0.199596	-0.050841	0.000000
-0.520098	0.429036	0.000000
0.011423	0.025422	0.000000
-0.667866	0.846606	0.000000
-0.611104	0.944181	0.000000
-0.593813	0.858994	0.000000
-0.266491	-0.350128	0.000000
0.068665	-0.062635	0.000000
-0.298414	-0.238822	0.000000
-0.298517	0.805731	0.000000
-0.079409	-0.036614	0.000000
-0.127630	-0.528076	0.000000
-0.357925	0.208999	0.000000
-0.362266	-0.673433	0.000000
-0.264625	-0.478306	0.000000
-0.472844	0.065829	0.000000
-0.130782	-0.097821	0.000000
-0.572472	0.810925	0.000000
0.056334	0.269912	0.000000
-0.206930	0.404506	0.000000
-0.206792	-0.224648	0.000000
-0.130679	-0.056340	0.000000
-0.230541	0.383861	0.000000
-0.400553	-0.750483	0.000000
-0.413787	0.766622	0.000000
0.138340	-0.155817	0.000000
-0.123711	0.604642	0.000000
-0.272872	-0.353297	0.000000
-0.072138	0.285521	0.000000
0.177839	-0.027641	0.000000
0.008198	0.361622	0.000000
-0.389843	-0.355244	0.000000
0.970810	-0.035733	0.000000
-0.388636	-0.281721	0.000000
-0.116271	0.374047	0.000000
-0.928118	0.351421	0.000000
-0.605138	-0.404353	0.000000
-0.712809	0.690956	0.000000
-0.436424	0.281455	0.000000
-0.425947	-0.720006	0.000000
-0.511675	-0.532001	0.000000
-0.920216	-0.528723	0.000000
-0.678499	0.459616	0.000000
-0.177067	0.344571	0.000000
-0.048970	0.065779	0.000000
0.105726	0.297129	0.000000
-0.710733	0.134915	0.000000
-0.350161	0.326861	0.000000
-0.136047	0.716226	0.000000
-0.265741	-0.145644	0.000000
-0.170010	-0.384099	0.000000
-0.257142	-0.421471	0.000000
-0.271287	-0.375064	0.000000
-0.123025	0.538278	0.000000
0.093056	-0.049087	0.000000
0.960475	-0.004210	0.000000
-0.063440	0.560486	0.000000
-0.882588	0.252825	0.000000
0.972765	0.277697	0.000000
-0.161103	-0.734748	0.000000
-0.020882	0.248795	0.000000
-0.258086	0.631450	0.000000
-0.190516	0.280376	0.000000
-0.463650	0.486778	0.000000
0.138989	-0.116688	0.000000
0.002292	0.441181	0.000000
-0.301942	-0.316682	0.000000
-0.324414	0.741824	0.000000
-0.345969	-0.186026	0.000000
-0.407190	-0.726231	0.000000
-0.156734	-0.166847	0.000000
0.062929	-0.063166	0.000000
0.002951	-0.345344	0.000000
-0.037208	0.182740	0.000000
-0.185739	0.344324	0.000000
-0.228132	-0.374504	0.000000
-0.108762	0.526216	0.000000
-0.072837	-0.671270	0.000000
0.051521	0.084354	0.000000
-0.038244	-0.761465	0.000000
-0.629934	0.359350	0.000000
-0.096442	-0.641187	0.000000
-0.066804	-0.757554	0.000000
0.091995	-0.426564	0.000000
-0.258728	0.463542	0.000000
-0.011098	0.099503	0.000000
0.076145	-0.374656	0.000000
-0.350763	-0.276527	0.000000
0.121778	0.385744	0.000000
-0.221762	-0.555135	0.000000
-0.491842	-0.057541	0.000000
-0.500123	-0.318156	0.000000
-0.286620	-0.214353	0.000000
-0.174189	-0.384829	0.000000
-0.264867	0.602560	0.000000
-0.292079	-0.212725	0.000000
-0.356862	-0.648098	0.000000
-0.316247	-0.562317	0.000000
0.141129	0.094450	0.000000
0.038555	-0.666016	0.000000
-0.631870	0.482362	0.000000
-0.431698	0.171274	0.000000
-0.165940	0.060491	0.000000
-0.260125	0.252470	0.000000
-0.340603	-0.335503	0.000000
-0.167690	0.352564	0.000000
-0.411999	-0.776879	0.000000
-0.168779	0.296361	0.000000
-0.802098	0.164394	0.000000
-0.458605	-0.190572	0.000000
-0.200827	-0.324050	0.000000
-0.672466	-0.295177	0.000000
-0.317115	-0.674037	0.000000
-0.236318	0.657604	0.000000
-0.574591	0.802265	0.000000
-0.292337	-0.538255	0.000000
-0.915697	-0.499596	0.000000
-0.054625	0.072817	0.000000
-0.022629	-0.301952	0.000000
-0.058722	-0.116789	0.000000
-0.312106	-0.326733	0.000000
-0.794064	0.211240	0.000000
-0.369841	-0.259521	0.000000
-0.097912	0.438931	0.000000
-0.281629	-0.723996	0.000000
-0.944596	0.052552	0.000000
-0.226318	-0.401740	0.000000
-0.308196	-0.292013	0.000000
-0.324941	0.717908	0.000000
0.038915	-0.200629	0.000000
-0.250847	0.573029	0.000000
-0.138485	0.197452	0.000000
-0.157229	-0.122390	0.000000
-0.211849	0.453940	0.000000
-0.413496	0.272149	0.000000
-0.331761	-0.298449	0.000000
-0.353440	0.596116	0.000000
-0.099354	-0.043518	0.000000
-0.407559	0.126005	0.000000
-0.192040	0.011700	0.000000
-0.251573	-0.648089	0.000000
-0.373897	0.860439	0.000000
-0.295741	-0.061837	0.000000
-0.020724	-0.377201	0.000000
-0.781764	0.215604	0.000000
0.051445	-0.301158	0.000000
0.971055	0.092915	0.000000
-0.093691	0.556956	0.000000
-0.572955	0.553910	0.000000
-0.576502	-0.417522	0.000000
-0.238797	-0.282855	0.000000
-0.092364	0.567447	0.000000
0.966033	0.343490	0.000000
-0.590492	0.373335	0.000000
-0.746347	0.535390	0.000000
-0.638246	0.702520	0.000000
-0.224443	-0.257831	0.000000
-0.317815	-0.490646	0.000000
0.024921	0.255861	0.000000
-0.435833	0.039301	0.000000
-0.901371	-0.697922	0.000000
-0.265330	-0.261215	0.000000
-0.235338	-0.447078	0.000000
-0.081415	0.151171	0.000000
-0.924526	0.093618	0.000000
-0.488056	-0.431142	0.000000
-0.278891	-0.659366	0.000000
-0.363648	-0.564338	0.000000
-0.925980	0.021119	0.000000
0.011574	0.360975	0.000000
0.009667	-0.364138	0.000000
-0.118715	0.617956	0.000000
-0.236734	-0.276789	0.000000
-0.725706	0.446933	0.000000
-0.004000	0.010782	0.000000
0.958516	0.393654	0.000000
-0.585807	-0.147144	0.000000
-0.658478	-0.359639	0.000000
-0.257638	0.555505	0.000000
-0.645825	0.953603	0.000000
-0.544177	0.109629	0.000000
-0.547201	0.105795	0.000000
-0.122912	0.747440	0.000000
-0.267850	0.545125	0.000000
-0.398063	-0.382127	0.000000
-0.162834	-0.629716	0.000000
0.037287	0.318623	0.000000
0.105098	0.283766	0.000000
-0.245511	-0.406510	0.000000
0.041549	0.299840	0.000000
-0.306566	-0.111886	0.000000
-0.026199	0.600605	0.000000
-0.392859	0.123095	0.000000
-0.585228	-0.188008	0.000000
-0.136227	-0.304110	0.000000
-0.445773	-0.352981	0.000000
-0.119910	-0.483083	0.000000
-0.254476	-0.206105	0.000000
-0.365016	-0.590975	0.000000
-0.506383	-0.231964	0.000000
-0.340775	-0.076122	0.000000
-0.938155	-0.614635	0.000000
-0.593186	0.839370	0.000000
0.001215	-0.339680	0.000000
-0.217829	-0.738965	0.000000
0.063829	-0.033098	0.000000
-0.581809	-0.601937	0.000000
-0.280558	-0.791187	0.000000
0.173377	-0.062235	0.000000
0.028713	0.081701	0.000000
0.051899	-0.073616	0.000000
-0.339229	-0.193563	0.000000
-0.627555	0.326113	0.000000
-0.524287	-0.209585	0.000000
-0.259341	-0.661218	0.000000
-0.585915	0.396301	0.000000
-0.649046	-0.265971	0.000000
-0.332017	-0.291954	0.000000
-0.486415	0.417581	0.000000
0.128578	0.341923	0.000000
0.094985	-0.465475	0.000000
-0.489045	0.566090	0.000000
-0.033005	0.452856	0.000000
-0.679521	0.271353	0.000000
-0.620461	0.509707	0.000000
-0.599573	0.898497	0.000000
-0.517390	0.514522	0.000000
-0.143197	0.108976	0.000000
-0.253906	0.318227	0.000000
-0.038610	0.310588	0.000000
-0.075295	0.049675	0.000000
-0.600714	0.077623	0.000000
-0.694999	0.460338	0.000000
-0.233111	-0.331849	0.000000
-0.335028	-0.248931	0.000000
-0.150178	0.133598	0.000000
-0.641610	0.401562	0.000000
-0.201568	0.486613	0.000000
-0.338322	0.318930	0.000000
-0.025798	0.609606	0.000000
-0.425620	0.009582	0.000000
-0.252890	-0.577450	0.000000
0.116864	0.206036	0.000000
-0.081108	0.501911	0.000000
-0.005568	0.382028	0.000000
-0.083746	-0.121091	0.000000
0.045527	-0.553517	0.000000
-0.292002	-0.558617	0.000000
-0.292626	-0.746183	0.000000
-0.380792	0.820626	0.000000
0.134191	-0.189504	0.000000
-0.707437	0.484362	0.000000
0.065453	0.232774	0.000000
-0.555611	-0.222478	0.000000
-0.153804	0.506296	0.000000
-0.018219	0.376720	0.000000
-0.372575	0.046027	0.000000
0.971652	0.359912	0.000000
-0.521003	0.003923	0.000000
-0.713556	-0.057762	0.000000
-0.723848	-0.175191	0.000000
-0.219508	0.621866	0.000000
-0.249753	-0.517882	0.000000
-0.186770	0.605199	0.000000
-0.207082	-0.391132	0.000000
-0.123266	-0.645507	0.000000
-0.490796	-0.154869	0.000000
0.000349	0.423795	0.000000
-0.341301	0.331328	0.000000
-0.111555	-0.977016	0.000000
-0.275804	-0.757445	0.000000
-0.596692	-0.450066	0.000000
-0.229997	-0.480617	0.000000
-0.346050	0.891890	0.000000
0.020738	-0.135375	0.000000
-0.033254	-0.770552	0.000000
-0.309421	-0.610314	0.000000
-0.218536	-0.219256	0.000000
0.090148	-0.370840	0.000000
-0.338584	0.155589	0.000000
-0.051571	-0.326224	0.000000
-0.179816	0.236720	0.000000
-0.095328	0.246642	0.000000
-0.518300	0.564983	0.000000
-0.309234	-0.533853	0.000000
-0.349839	-0.667059	0.000000
0.071547	-0.526654	0.000000
-0.179134	0.148082	0.000000
-0.218742	-0.263681	0.000000
-0.370142	-0.083337	0.000000
-0.839666	-0.172081	0.000000
-0.509113	0.055936	0.000000
-0.529023	0.409757	0.000000
0.111534	-0.027212	0.000000
-0.070176	0.092322	0.000000
-0.305159	-0.019455	0.000000
-0.666906	0.933457	0.000000
-0.811029	0.297821	0.000000
-0.286094	-0.235523	0.000000
-0.663558	0.733881	0.000000
-0.216471	-0.336502	0.000000
0.155808	-0.029670	0.000000
0.028770	-0.636075	0.000000
-0.113176	0.410189	0.000000
-0.002524	0.556480	0.000000
-0.314559	-0.888473	0.000000
-0.033075	0.379130	0.000000
-0.160150	-0.504798	0.000000
-0.010606	-0.294018	0.000000
0.057158	-0.659537	0.000000
-0.294448	-0.267421	0.000000
0.077842	0.026031	0.000000
-0.616510	-0.390167	0.000000
-0.750327	0.515213	0.000000
-0.186327	0.465319	0.000000
-0.591138	-0.479354	0.000000
-0.925296	-0.547325	0.000000
-0.574345	0.604011	0.000000
-0.301529	-0.439992	0.000000
0.108681	0.274233	0.000000
-0.597491	0.713528	0.000000
-0.195133	0.525180	0.000000
-0.132728	0.668525	0.000000
-0.607279	-0.225993	0.000000
0.095479	-0.591635	0.000000
-0.050749	0.222136	0.000000
-0.576864	0.816636	0.000000
0.111662	0.456605	0.000000
-0.366725	-0.293859	0.000000
0.003551	-0.399652	0.000000
-0.164876	-0.312057	0.000000
-0.033419	0.577045	0.000000
-0.237281	0.267796	0.000000
-0.416212	0.239821	0.000000
-0.392860	0.787429	0.000000
-0.413402	-0.127189	0.000000
-0.649734	0.529586	0.000000
-0.144918	-0.270024	0.000000
-0.355160	-0.219215	0.000000
-0.236779	0.569582	0.000000
-0.209430	-0.609218	0.000000
-0.744929	0.098903	0.000000
-0.288072	-0.509167	0.000000
-0.559630	0.600379	0.000000
-0.292271	-0.729085	0.000000
-0.507823	-0.657580	0.000000
0.034194	-0.663170	0.000000
-0.347593	0.208872	0.000000
-0.600799	0.895446	0.000000
-0.779387	0.163239	0.000000
0.063513	0.083736	0.000000
-0.070470	0.453025	0.000000
-0.307427	-0.190562	0.000000
-0.122584	-0.989354	0.000000
-0.172330	0.606674	0.000000
-0.129422	-0.390904	0.000000
-0.460567	0.418151	0.000000
-0.428464	0.312794	0.000000
-0.653001	0.564122	0.000000
0.141645	-0.200259	0.000000
-0.366029	0.275646	0.000000
0.135161	-0.011990	0.000000
-0.161652	0.522449	0.000000
-0.195142	-0.328102	0.000000
-0.720229	0.536749	0.000000
-0.266428	-0.169838	0.000000
-0.075132	0.372319	0.000000
-0.021598	0.477067	0.000000
0.119962	0.324477	0.000000
0.021797	-0.024077	0.000000
-0.202930	-0.686089	0.000000
-0.242985	-0.085092	0.000000
0.076777	-0.024242	0.000000
-0.343062	-0.050555	0.000000
0.012482	-0.334736	0.000000
-0.444050	-0.168712	0.000000
-0.055058	0.428693	0.000000
-0.532670	0.005635	0.000000
-0.232005	-0.268930	0.000000
0.097655	-0.556449	0.000000
-0.387077	-0.667016	0.000000
-0.062019	-0.347249	0.000000
-0.037780	0.479608	0.000000
-0.383341	-0.139075	0.000000
-0.478316	-0.397108	0.000000
0.022299	-0.481250	0.000000
-0.116872	-0.270653	0.000000
-0.176071	-0.314701	0.000000
-0.091773	-0.535649	0.000000
-0.224230	-0.212492	0.000000
-0.267769	-0.100076	0.000000
-0.171589	-0.426543	0.000000
-0.278042	-0.299797	0.000000
-0.258229	-0.425875	0.000000
-0.259130	-0.512099	0.000000
-0.257802	-0.439089	0.000000
-0.102881	-0.279978	0.000000
-0.195583	0.413175	0.000000
-0.315044	-0.891917	0.000000
0.122415	0.373433	0.000000
-0.070650	-0.171743	0.000000
-0.656015	-0.398239	0.000000
-0.460301	-0.203508	0.000000
0.077567	-0.350114	0.000000
-0.287086	-0.811149	0.000000
-0.202468	-0.286403	0.000000
-0.539691	-0.319358	0.000000
-0.053630	-0.661110	0.000000
-0.084920	0.480606	0.000000
-0.414777	-0.221437	0.000000
-0.409008	-0.667874	0.000000
-0.405936	0.247254	0.000000
-0.268504	0.045457	0.000000
0.126769	0.257537	0.000000
-0.286969	-0.557884	0.000000
-0.268183	0.080234	0.000000
-0.148626	0.118528	0.000000
0.022953	-0.555065	0.000000
-0.513454	0.457467	0.000000
-0.604554	-0.496161	0.000000
-0.315319	0.492774	0.000000
-0.284097	0.236675	0.000000
-0.617367	0.377515	0.000000
-0.301434	-0.542221	0.000000
-0.240791	-0.497835	0.000000
-0.746561	0.525504	0.000000
0.032283	0.295237	0.000000
-0.048053	0.469498	0.000000
-0.079848	-0.075988	0.000000
-0.007416	0.419999	0.000000
-0.595656	-0.412597	0.000000
-0.353993	0.834525	0.000000
-0.156309	-0.695015	0.000000
-0.293234	0.657597	0.000000
-0.396336	0.089655	0.000000
-0.299693	-0.197355	0.000000
-0.009557	0.137430	0.000000
-0.263746	-0.731007	0.000000
-0.451555	0.031182	0.000000
0.099487	0.154938	0.000000
-0.746169	0.279830	0.000000
-0.530845	-0.136363	0.000000
-0.194831	0.634141	0.000000
-0.215607	-0.286639	0.000000
-0.302358	0.391425	0.000000
-0.413981	0.053354	0.000000
0.082659	-0.444146	0.000000
-0.333917	-0.165084	0.000000
0.082094	0.265129	0.000000
-0.513524	-0.310287	0.000000
-0.090844	-0.387108	0.000000
-0.249503	0.714053	0.000000
0.103831	0.092047	0.000000
-0.484993	-0.661324	0.000000
-0.362372	0.649819	0.000000
0.972814	0.072847	0.000000
-0.395139	-0.486555	0.000000
-0.652942	0.090185	0.000000
-0.034598	-0.148668	0.000000
-0.235400	-0.276527	0.000000
-0.406985	-0.267516	0.000000
-0.596184	-0.389362	0.000000
-0.155573	-0.336731	0.000000
-0.615795	0.452240	0.000000
0.137254	-0.118205	0.000000
-0.415540	0.257453	0.000000
0.149253	0.039491	0.000000
0.066173	0.308575	0.000000
-0.389856	-0.124387	0.000000
-0.297729	-0.482420	0.000000
-0.174256	0.435353	0.000000
-0.269813	-0.306780	0.000000
-0.643774	0.427682	0.000000
-0.069577	0.167709	0.000000
0.012634	0.334590	0.000000
-0.093461	-0.584794	0.000000
-0.195624	-0.295124	0.000000
-0.493477	0.021028	0.000000
-0.306169	0.330909	0.000000
0.014982	-0.168684	0.000000
-0.013201	0.135108	0.000000
-0.271723	0.223908	0.000000
-0.095456	0.465340	0.000000
-0.037038	-0.695686	0.000000
-0.021750	-0.057948	0.000000
-0.185863	-0.336095	0.000000
-0.248335	-0.188054	0.000000
-0.145530	0.483723	0.000000
-0.131960	0.386997	0.000000
-0.274531	-0.034686	0.000000
0.142318	0.096657	0.000000
0.079005	-0.033917	0.000000
0.144830	0.090868	0.000000
-0.223327	-0.260710	0.000000
-0.178374	-0.265791	0.000000
-0.467165	-0.712178	0.000000
0.023048	0.141555	0.000000
0.980007	0.133579	0.000000
-0.419675	0.282374	0.000000
-0.256223	0.228287	0.000000
-0.222999	-0.271593	0.000000
-0.298474	-0.425463	0.000000
-0.091659	0.347489	0.000000
-0.270043	-0.401830	0.000000
-0.262107	-0.118545	0.000000
-0.511386	-0.014082	0.000000
-0.530921	0.104819	0.000000
-0.015256	-0.483968	0.000000
0.048309	0.019177	0.000000
-0.117717	0.650915	0.000000
-0.161673	0.317693	0.000000
-0.270001	0.715163	0.000000
-0.076154	0.523857	0.000000
-0.386220	0.739168	0.000000
-0.478259	-0.032212	0.000000
-0.452101	-0.201305	0.000000
-0.331400	-0.021867	0.000000
-0.174821	0.407277	0.000000
-0.763827	-0.136026	0.000000
-0.367702	0.878695	0.000000
-0.066211	0.095614	0.000000
0.013378	-0.409284	0.000000
0.116750	0.382840	0.000000
-0.774668	0.111357	0.000000
-0.076494	0.360000	0.000000
-0.027618	-0.618715	0.000000
-0.207560	0.070472	0.000000
-0.648492	0.430101	0.000000
-0.414524	-0.750855	0.000000
-0.682837	0.652668	0.000000
-0.127530	-0.310378	0.000000
-0.211688	-0.399685	0.000000
-0.405917	0.337910	0.000000
0.098699	0.057521	0.000000
-0.022978	-0.446159	0.000000
-0.157779	-0.581246	0.000000
-0.180254	-0.333076	0.000000
-0.275663	-0.381010	0.000000
-0.194188	0.029982	0.000000
-0.311314	-0.150981	0.000000
-0.899696	0.111283	0.000000
0.069616	0.031736	0.000000
-0.404292	-0.011775	0.000000
-0.321702	-0.157234	0.000000
-0.048086	0.596438	0.000000
-0.287343	0.258440	0.000000
-0.500899	-0.191762	0.000000
-0.354435	0.378158	0.000000
-0.214339	0.607954	0.000000
-0.423764	0.254464	0.000000
-0.205326	0.481497	0.000000
-0.373447	-0.212772	0.000000
-0.563711	-0.369160	0.000000
-0.463974	-0.236041	0.000000
0.021464	-0.217754	0.000000
0.031311	-0.203828	0.000000
-0.082307	-0.700707	0.000000
-0.287997	0.309540	0.000000
-0.426781	0.061062	0.000000
-0.473834	-0.413433	0.000000
-0.153846	0.225027	0.000000
-0.251963	-0.214652	0.000000
-0.400889	-0.446399	0.000000
-0.357744	0.865848	0.000000
0.167356	-0.019072	0.000000
-0.295080	-0.367964	0.000000
-0.763785	0.047382	0.000000
-0.171357	-0.129739	0.000000
-0.490015	-0.747838	0.000000
-0.169158	-0.082369	0.000000
-0.109321	-0.447364	0.000000
-0.110432	-0.063102	0.000000
-0.295850	-0.310884	0.000000
-0.660300	-0.416048	0.000000
-0.086723	-0.481368	0.000000
-0.038547	-0.261718	0.000000
-0.026340	0.599192	0.000000
-0.405066	-0.602903	0.000000
0.079556	-0.061808	0.000000
-0.242547	-0.306086	0.000000
-0.677816	0.755151	0.000000
-0.285320	-0.586248	0.000000
0.095665	0.078172	0.000000
-0.048421	-0.030583	0.000000
-0.094168	-0.644007	0.000000
-0.592374	-0.166175	0.000000
-0.376231	-0.088264	0.000000
-0.629551	-0.400163	0.000000
-0.432099	-0.641063	0.000000
-0.636634	0.953078	0.000000
-0.375509	-0.573150	0.000000
-0.064805	-0.157275	0.000000
-0.683435	0.754004	0.000000
0.068860	0.227742	0.000000
-0.016546	-0.647055	0.000000
-0.328930	-0.845898	0.000000
-0.926380	0.022558	0.000000
0.177101	-0.053957	0.000000
-0.765124	0.583931	0.000000
-0.589750	0.556480	0.000000
-0.464799	-0.732718	0.000000
0.020001	-0.208767	0.000000
-0.658741	0.848064	0.000000
-0.157589	0.427969	0.000000
-0.762562	0.595014	0.000000
-0.614187	-0.095500	0.000000
-0.360975	0.343621	0.000000
-0.050231	-0.659821	0.000000
0.116871	-0.103687	0.000000
0.006461	0.339680	0.000000
-0.651875	0.492913	0.000000
0.025302	0.481932	0.000000
-0.383888	-0.400497	0.000000
-0.273763	0.158564	0.000000
-0.326218	-0.360505	0.000000
-0.065400	0.512906	0.000000
-0.066970	-0.502030	0.000000
-0.219745	0.368658	0.000000
0.065385	0.159753	0.000000
-0.319750	-0.196718	0.000000
-0.233509	-0.136492	0.000000
-0.614930	-0.536530	0.000000
-0.280835	-0.541108	0.000000
-0.320570	-0.224741	0.000000
-0.280061	-0.260636	0.000000
0.027592	-0.198450	0.000000
-0.262116	0.607900	0.000000
-0.097708	0.209122	0.000000
-0.753675	0.067006	0.000000
-0.372943	0.216104	0.000000
-0.270356	-0.024601	0.000000
-0.398748	-0.244227	0.000000
-0.651623	0.530467	0.000000
0.065291	0.168442	0.000000
-0.133610	0.452696	0.000000
0.002274	-0.114712	0.000000
-0.443901	-0.062574	0.000000
-0.192702	0.419165	0.000000
-0.514211	-0.487873	0.000000
0.086101	0.443605	0.000000
-0.342424	0.419146	0.000000
-0.241443	0.103135	0.000000
-0.133301	-0.962600	0.000000
-0.240225	-0.398196	0.000000
-0.185836	-0.469686	0.000000
-0.292839	-0.321031	0.000000
-0.204807	-0.449558	0.000000
-0.600434	0.497239	0.000000
0.133388	-0.125945	0.000000
-0.569924	0.325519	0.000000
-0.383117	-0.491414	0.000000
-0.400495	-0.147074	0.000000
-0.241960	0.379758	0.000000
-0.591420	-0.150905	0.000000
-0.544465	0.375266	0.000000
-0.147418	-0.004162	0.000000
-0.428720	0.013965	0.000000
-0.232285	-0.469338	0.000000
-0.360744	-0.145752	0.000000
-0.319822	-0.210231	0.000000
-0.375076	-0.680936	0.000000
-0.037797	-0.181543	0.000000
-0.140513	-0.571433	0.000000
-0.202605	-0.231785	0.000000
-0.178716	-0.636605	0.000000
0.110099	0.380741	0.000000
-0.493287	-0.370467	0.000000
-0.765106	0.225363	0.000000
-0.291974	-0.360322	0.000000
-0.084110	-0.696416	0.000000
-0.208452	0.350512	0.000000
-0.196321	0.167442	0.000000
-0.486686	-0.134720	0.000000
0.056861	-0.279163	0.000000
0.130126	-0.269657	0.000000
-0.250531	-0.387822	0.000000
-0.099016	0.252538	0.000000
-0.090144	0.688172	0.000000
-0.624018	0.246820	0.000000
-0.151913	0.033997	0.000000
-0.308931	-0.200025	0.000000
0.070698	0.359859	0.000000
0.028137	-0.689235	0.000000
-0.432406	0.274635	0.000000
-0.471963	-0.713577	0.000000
0.107881	-0.423681	0.000000
-0.433542	0.348068	0.000000
0.099379	0.137030	0.000000
-0.370400	-0.651916	0.000000
-0.646499	0.942769	0.000000
-0.575062	-0.316461	0.000000
-0.234920	-0.553569	0.000000
0.065127	-0.018057	0.000000
0.143261	0.075726	0.000000
0.023051	-0.707663	0.000000
-0.150113	0.187668	0.000000
0.123950	0.028151	0.000000
-0.933707	-0.641790	0.000000
-0.515967	-0.025621	0.000000
-0.650078	0.385543	0.000000
-0.645638	0.964686	0.000000
-0.608411	0.729454	0.000000
0.022238	-0.197301	0.000000
-0.192440	-0.747677	0.000000
-0.226980	0.403873	0.000000
-0.218234	-0.263901	0.000000
0.048088	-0.209872	0.000000
-0.201500	0.566732	0.000000
-0.029907	0.284921	0.000000
-0.192709	-0.137424	0.000000
-0.095215	-0.596577	0.000000
-0.027355	0.060911	0.000000
-0.527479	-0.272409	0.000000
-0.374861	0.141557	0.000000
-0.774121	-0.083700	0.000000
-0.199498	-0.607874	0.000000
-0.650661	0.750433	0.000000
-0.355470	0.222458	0.000000
-0.307422	-0.579029	0.000000
0.045549	-0.637513	0.000000
-0.559543	-0.411459	0.000000
-0.121655	-0.202055	0.000000
-0.069287	-0.226011	0.000000
-0.397213	-0.197838	0.000000
-0.615026	0.367246	0.000000
-0.331749	0.523112	0.000000
-0.547449	-0.270885	0.000000
0.085504	-0.315172	0.000000
-0.246479	0.731385	0.000000
-0.039697	0.033778	0.000000
-0.528189	0.034297	0.000000
-0.409642	0.149133	0.000000
-0.234653	-0.178761	0.000000
-0.592740	-0.168791	0.000000
-0.470280	-0.582137	0.000000
-0.263144	0.660219	0.000000
-0.025717	-0.372553	0.000000
-0.016187	-0.367809	0.000000
0.985925	0.027279	0.000000
-0.415188	0.387068	0.000000
0.043757	-0.060491	0.000000
-0.085579	0.531169	0.000000
-0.105737	0.420773	0.000000
-0.130398	-0.739241	0.000000
-0.284686	-0.048147	0.000000
-0.066389	-0.746975	0.000000
-0.340858	-0.333429	0.000000
-0.226440	-0.546076	0.000000
-0.416578	-0.050811	0.000000
-0.036663	-0.078398	0.000000
-0.257411	-0.253078	0.000000
-0.158922	0.308655	0.000000
-0.348451	-0.554734	0.000000
-0.333556	-0.211808	0.000000
-0.763174	0.137259	0.000000
-0.112017	0.495528	0.000000
-0.214748	-0.239694	0.000000
-0.454885	0.148847	0.000000
-0.480784	0.037034	0.000000
-0.288302	0.042780	0.000000
-0.492052	-0.180310	0.000000
0.000850	0.599842	0.000000
-0.117406	-0.557532	0.000000
-0.489062	-0.438732	0.000000
-0.177436	-0.685228	0.000000
-0.758724	0.499794	0.000000
0.024879	-0.591220	0.000000
0.049041	-0.709902	0.000000
-0.298586	-0.875863	0.000000
-0.133493	0.195596	0.000000
-0.504319	0.655385	0.000000
-0.625918	-0.340761	0.000000
-0.235891	0.384587	0.000000
0.000196	0.561332	0.000000
-0.097158	0.428389	0.000000
-0.348728	-0.197799	0.000000
-0.682885	0.692014	0.000000
-0.103126	-0.091716	0.000000
-0.353318	0.395406	0.000000
-0.074868	-0.082039	0.000000
-0.509114	0.392269	0.000000
-0.400764	-0.736349	0.000000
-0.626417	0.718574	0.000000
-0.408532	-0.149859	0.000000
-0.208091	-0.337911	0.000000
-0.127147	-0.975234	0.000000
-0.362902	0.050045	0.000000
0.051941	-0.485656	0.000000
-0.326574	-0.323906	0.000000
-0.430596	-0.129972	0.000000
0.107738	-0.487876	0.000000
-0.082292	0.337258	0.000000
-0.318473	-0.180486	0.000000
-0.302136	0.012111	0.000000
-0.153095	0.271483	0.000000
0.939464	0.419390	0.000000
-0.277772	0.701687	0.000000
-0.079759	0.410459	0.000000
-0.743816	0.506321	0.000000
-0.512319	-0.410787	0.000000
-0.537404	0.562397	0.000000
-0.166267	0.709826	0.000000
-0.582925	0.384711	0.000000
0.958947	0.384916	0.000000
-0.303216	-0.503661	0.000000
-0.249709	0.510145	0.000000
-0.097079	0.302996	0.000000
-0.136924	-0.541049	0.000000
0.969768	-0.094038	0.000000
-0.384305	-0.653834	0.000000
-0.645115	0.776752	0.000000
-0.408160	0.268104	0.000000
-0.350462	0.646333	0.000000
-0.206612	-0.599799	0.000000
-0.120553	-0.602303	0.000000
-0.288430	-0.437748	0.000000
-0.395309	-0.038043	0.000000
-0.797319	0.139102	0.000000
-0.171674	-0.354557	0.000000
-0.154895	0.154266	0.000000
-0.261485	-0.169538	0.000000
-0.125539	0.240152	0.000000
0.078371	0.312469	0.000000
0.029353	0.270327	0.000000
-0.619258	-0.152239	0.000000
-0.209627	-0.630457	0.000000
-0.179429	-0.420762	0.000000
-0.340125	-0.521224	0.000000
-0.506261	-0.706859	0.000000
-0.079020	0.145602	0.000000
-0.236193	-0.541448	0.000000
0.017209	0.427984	0.000000
-0.056494	0.264627	0.000000
-0.364753	-0.056710	0.000000
-0.275185	-0.315233	0.000000
-0.376626	-0.188256	0.000000
-0.210304	-0.318662	0.000000
-0.120145	-1.000000	0.000000
-0.754725	0.603450	0.000000
-0.195301	-0.036340	0.000000
0.039118	-0.028776	0.000000
-0.285747	-0.407701	0.000000
-0.290036	-0.638610	0.000000
0.028147	-0.609477	0.000000
-0.188661	0.604293	0.000000
-0.018812	0.122946	0.000000
0.094094	0.096687	0.000000
-0.383706	-0.093449	0.000000
-0.003480	-0.695395	0.000000
-0.219325	0.739513	0.000000
-0.370166	-0.211862	0.000000
-0.030064	0.326777	0.000000
0.028230	0.563281	0.000000
-0.130990	0.437278	0.000000
-0.171064	-0.581163	0.000000
-0.073475	0.717391	0.000000
-0.545297	-0.507800	0.000000
0.020063	-0.572767	0.000000
-0.392399	-0.069960	0.000000
-0.172631	-0.024148	0.000000
-0.235473	-0.048201	0.000000
0.029235	-0.662234	0.000000
-0.143816	0.473189	0.000000
-0.278510	-0.515682	0.000000
-0.086330	-0.203062	0.000000
-0.147342	0.307074	0.000000
-0.163505	0.042404	0.000000
0.002805	-0.580835	0.000000
0.032068	-0.406946	0.000000
-0.555592	-0.440265	0.000000
-0.087349	0.039494	0.000000
-0.306389	0.511239	0.000000
-0.354657	0.708673	0.000000
-0.588865	-0.399777	0.000000
-0.505601	-0.233855	0.000000
-0.508044	-0.243634	0.000000
-0.365364	0.323914	0.000000
0.015271	-0.386941	0.000000
0.036398	-0.058637	0.000000
-0.413784	0.084637	0.000000
-0.291542	0.009053	0.000000
-0.918731	-0.511313	0.000000
-0.217237	0.026395	0.000000
-0.064540	0.352275	0.000000
0.091654	-0.340432	0.000000
-0.074385	0.306192	0.000000
-0.292953	-0.418886	0.000000
-0.464696	-0.336180	0.000000
-0.285934	0.559982	0.000000
-0.850890	-0.099838	0.000000
-0.378984	-0.381639	0.000000
-0.205801	0.475828	0.000000
-0.363390	-0.223745	0.000000
-0.180560	-0.185009	0.000000
-0.557814	0.606147	0.000000
-0.212152	-0.543666	0.000000
0.008823	0.308957	0.000000
-0.185365	-0.419946	0.000000
-0.040167	0.594507	0.000000
0.074089	-0.045147	0.000000
-0.285071	-0.615372	0.000000
-0.755026	-0.206201	0.000000
-0.395121	0.358973	0.000000
-0.307949	-0.105778	0.000000
-0.411532	0.437502	0.000000
-0.222641	0.481440	0.000000
-0.333441	-0.475928	0.000000
-0.678686	0.366867	0.000000
-0.294554	-0.515231	0.000000
-0.587741	-0.277849	0.000000
-0.119009	-0.275731	0.000000
-0.898108	0.130954	0.000000
-0.183527	-0.536433	0.000000
-0.596035	0.375281	0.000000
-0.280238	-0.477729	0.000000
-0.118540	-0.193622	0.000000
-0.812228	-0.234237	0.000000
-0.500575	0.374021	0.000000
-0.210896	0.437735	0.000000
0.994643	0.055379	0.000000
-0.696062	0.277373	0.000000
-0.615885	0.357302	0.000000
-0.042296	0.006464	0.000000
-0.195679	0.414039	0.000000
-0.411824	0.174432	0.000000
-0.237826	-0.708848	0.000000
-0.545236	0.015886	0.000000
-0.356513	0.794257	0.000000
-0.335557	-0.653553	0.000000
-0.406211	0.117775	0.000000
0.151600	-0.170200	0.000000
-0.284321	-0.311929	0.000000
-0.371971	-0.272288	0.000000
-0.563952	0.611082	0.000000
-0.228048	-0.503550	0.000000
-0.296513	-0.404261	0.000000
-0.569141	-0.578154	0.000000
-0.219744	-0.202158	0.000000
-0.491690	-0.014713	0.000000
-0.092178	0.244056	0.000000
-0.334114	0.606234	0.000000
-0.064636	0.526952	0.000000
0.142492	-0.135029	0.000000
0.027789	-0.226210	0.000000
0.080896	-0.324301	0.000000
-0.221449	0.037491	0.000000
-0.207927	0.432746	0.000000
-0.640301	-0.234533	0.000000
-0.157282	0.688612	0.000000
-0.263871	-0.267848	0.000000
-0.067401	0.496412	0.000000
0.097356	-0.264756	0.000000
-0.116270	0.680659	0.000000
-0.091235	-0.940879	0.000000
-0.261495	0.679462	0.000000
0.018052	0.528508	0.000000
-0.274769	-0.550712	0.000000
-0.177339	-0.444194	0.000000
-0.311206	0.370215	0.000000
-0.546087	-0.186775	0.000000
0.102743	-0.286170	0.000000
-0.649159	0.823956	0.000000
-0.210815	-0.393700	0.000000
-0.029473	-0.067818	0.000000
-0.009305	-0.254501	0.000000
-0.750488	0.467376	0.000000
-0.647089	0.962993	0.000000
-0.123314	0.645459	0.000000
-0.875331	0.134674	0.000000
-0.124402	-0.985880	0.000000
-0.120160	0.508814	0.000000
0.017861	0.008129	0.000000
-0.219676	-0.251046	0.000000
-0.054984	0.238005	0.000000
-0.217906	-0.639677	0.000000
-0.426295	-0.132729	0.000000
-0.222565	-0.516667	0.000000
0.019173	0.024992	0.000000
-0.150160	-0.802742	0.000000
0.080764	-0.413185	0.000000
0.175903	-0.125238	0.000000
-0.246346	-0.257952	0.000000
-0.296816	-0.361301	0.000000
-0.000520	0.305964	0.000000
0.031449	0.330269	0.000000
-0.664850	0.373655	0.000000
-0.434514	0.759916	0.000000
-0.051668	-0.239948	0.000000
-0.178020	0.406045	0.000000
-0.196546	0.094405	0.000000
-0.275926	-0.380656	0.000000
0.101812	0.164521	0.000000
-0.796971	0.364971	0.000000
-0.377051	-0.515695	0.000000
-0.056928	-0.323554	0.000000
0.105277	0.435265	0.000000
-0.365132	-0.395050	0.000000
-0.244196	-0.250474	0.000000
-0.070968	-0.601750	0.000000
-0.095428	0.442408	0.000000
-0.242949	-0.342965	0.000000
-0.121880	-0.492879	0.000000
0.094639	0.197597	0.000000
-0.681746	0.327185	0.000000
-0.272712	-0.034769	0.000000
-0.333788	0.827882	0.000000
-0.354114	0.828167	0.000000
-0.226398	-0.408136	0.000000
-0.282205	-0.403655	0.000000
-0.737289	0.593387	0.000000
-0.266778	-0.435406	0.000000
-0.014843	0.621511	0.000000
0.031427	-0.463652	0.000000
-0.036124	-0.268689	0.000000
-0.923115	-0.662922	0.000000
-0.620397	0.049738	0.000000
-0.149333	0.153926	0.000000
-0.101459	0.158619	0.000000
-0.008242	-0.467613	0.000000
0.016736	-0.640688	0.000000
-0.624483	0.886307	0.000000
-0.533603	-0.043719	0.000000
-0.396766	-0.566846	0.000000
-0.103055	-0.212231	0.000000
-0.050220	0.257868	0.000000
-0.261452	0.338942	0.000000
-0.036388	0.403121	0.000000
-0.159282	0.016748	0.000000
-0.368403	0.335602	0.000000
-0.592603	0.108348	0.000000
-0.217108	0.019458	0.000000
-0.297093	-0.734987	0.000000
-0.376573	0.619952	0.000000
-0.299122	-0.099168	0.000000
-0.567481	0.364219	0.000000
-0.408629	0.246003	0.000000
-0.307663	-0.849000	0.000000
-0.336557	-0.752393	0.000000
-0.003334	-0.203359	0.000000
-0.428389	-0.400452	0.000000
-0.431617	0.125035	0.000000
-0.465827	-0.426260	0.000000
-0.911457	-0.686808	0.000000
0.117521	-0.026539	0.000000
-0.286371	-0.272299	0.000000
-0.352033	-0.251081	0.000000
-0.063561	-0.725735	0.000000
0.087071	-0.476941	0.000000
-0.093050	0.514955	0.000000
-0.454543	-0.525264	0.000000
0.042027	0.340925	0.000000
-0.474384	0.102453	0.000000
-0.297424	-0.428463	0.000000
-0.056563	-0.031235	0.000000
-0.348241	0.709212	0.000000
0.012293	-0.389308	0.000000
-0.422995	-0.137031	0.000000
-0.606417	0.218648	0.000000
-0.547096	-0.402407	0.000000
0.026590	-0.570692	0.000000
-0.286368	-0.226150	0.000000
-0.299014	-0.513407	0.000000
0.024514	-0.502784	0.000000
-0.209284	-0.465094	0.000000
0.072432	-0.059954	0.000000
-0.389364	-0.728396	0.000000
-0.452842	0.131131	0.000000
0.008434	-0.249343	0.000000
-0.261010	-0.246349	0.000000
-0.005527	-0.365636	0.000000
-0.322462	-0.372596	0.000000
0.132196	0.358456	0.000000
-0.629218	-0.157956	0.000000
0.138809	-0.003088	0.000000
-0.233920	-0.410387	0.000000
-0.544782	-0.681648	0.000000
-0.234360	-0.386543	0.000000
-0.254224	-0.159916	0.000000
-0.132629	-0.213363	0.000000
-0.477502	0.034696	0.000000
-0.696886	0.197767	0.000000
-0.423479	0.049560	0.000000
-0.390119	-0.488675	0.000000
0.000099	-0.609855	0.000000
-0.458348	-0.421268	0.000000
-0.174332	0.325310	0.000000
-0.401411	0.078712	0.000000
-0.151923	-0.093784	0.000000
0.095079	-0.218713	0.000000
0.993813	0.060424	0.000000
-0.246874	-0.304543	0.000000
-0.166391	0.255649	0.000000
-0.279975	-0.567854	0.000000
-0.553974	-0.444850	0.000000
0.008847	-0.203765	0.000000
-0.383385	0.829597	0.000000
-0.423287	-0.627910	0.000000
-0.383929	-0.790560	0.000000
-0.130742	0.481293	0.000000
-0.230137	-0.165735	0.000000
0.000093	0.184220	0.000000
-0.027713	0.114538	0.000000
-0.245627	-0.408696	0.000000
-0.449257	0.376291	0.000000
-0.007365	-0.702055	0.000000
-0.571211	-0.374760	0.000000
-0.720537	0.321178	0.000000
-0.267426	0.584230	0.000000
-0.551400	0.624700	0.000000
-0.199907	0.317286	0.000000
-0.361853	-0.348832	0.000000
-0.395533	0.332972	0.000000
-0.173492	0.620571	0.000000
-0.043071	-0.672819	0.000000
-0.589344	0.502035	0.000000
-0.060872	-0.687613	0.000000
-0.568869	0.839168	0.000000
-0.547456	0.589351	0.000000
-0.055385	-0.690222	0.000000
-0.390903	-0.323310	0.000000
-0.273384	-0.414713	0.000000
-0.285392	0.672356	0.000000
0.027987	-0.490835	0.000000
-0.789670	0.215087	0.000000
0.122023	-0.127940	0.000000
-0.479860	-0.804315	0.000000
-0.085090	0.028869	0.000000
-0.290550	-0.370472	0.000000
-0.203080	0.464062	0.000000
-0.585957	-0.436695	0.000000
-0.592971	-0.453434	0.000000
0.010643	0.222020	0.000000
-0.010871	0.256316	0.000000
0.058511	0.396212	0.000000
-0.349100	0.845908	0.000000
-0.414500	0.304552	0.000000
-0.039795	-0.660618	0.000000
0.065897	0.218759	0.000000
-0.138304	0.222823	0.000000
-0.222422	-0.449274	0.000000
-0.039862	0.612512	0.000000
0.102129	-0.100042	0.000000
-0.165244	0.020589	0.000000
-0.200165	-0.619062	0.000000
-0.205107	-0.273693	0.000000
-0.496614	-0.640481	0.000000
-0.284779	0.093919	0.000000
-0.135014	0.312968	0.000000
-0.918616	-0.530898	0.000000
-0.333653	-0.788406	0.000000
-0.606906	0.642394	0.000000
-0.295312	-0.349587	0.000000
-0.251766	-0.348247	0.000000
-0.008814	-0.184989	0.000000
0.026893	0.582558	0.000000
-0.782920	0.082159	0.000000
-0.300989	-0.539576	0.000000
-0.422162	-0.183540	0.000000
0.033280	0.278917	0.000000
-0.782272	0.365678	0.000000
-0.509986	-0.006997	0.000000
-0.618986	-0.425463	0.000000
0.061575	-0.253327	0.000000
-0.415958	0.283616	0.000000
-0.110023	-0.869542	0.000000
0.054867	0.061741	0.000000
-0.372950	-0.020630	0.000000
-0.257658	0.539760	0.000000
-0.459393	-0.427352	0.000000
-0.015222	-0.449128	0.000000
0.049551	-0.391159	0.000000
-0.362514	0.366259	0.000000
-0.909013	0.302172	0.000000
0.007577	0.515118	0.000000
-0.331851	-0.166277	0.000000
-0.684875	0.535909	0.000000
-0.633539	-0.490458	0.000000
-0.614434	0.898010	0.000000
-0.113673	-0.971300	0.000000
-0.192922	-0.033904	0.000000
-0.559151	0.534031	0.000000
-0.914460	0.101051	0.000000
-0.086101	-0.060716	0.000000
-0.102171	-0.930281	0.000000
-0.420303	0.008994	0.000000
-0.725834	0.674430	0.000000
-0.123160	-0.313676	0.000000
-0.112459	-0.150724	0.000000
-0.076640	-0.641593	0.000000
-0.398403	-0.747058	0.000000
-0.332354	-0.831695	0.000000
0.090558	-0.485142	0.000000
-0.397593	-0.644038	0.000000
-0.022020	-0.039015	0.000000
-0.055781	0.152675	0.000000
-0.195758	0.527898	0.000000
-0.093903	0.595290	0.000000
-0.351996	0.496602	0.000000
-0.848345	0.174011	0.000000
-0.277678	-0.155175	0.000000
-0.464812	-0.742709	0.000000
-0.775936	-0.106727	0.000000
-0.605157	0.696136	0.000000
-0.297328	-0.213530	0.000000
-0.353154	0.008787	0.000000
-0.350217	0.704372	0.000000
0.112048	0.309862	0.000000
-0.322101	-0.241719	0.000000
0.007466	0.410537	0.000000
-0.480939	-0.453519	0.000000
-0.053453	0.596850	0.000000
-0.167443	0.634976	0.000000
-0.068503	0.713782	0.000000
-0.130878	-0.298146	0.000000
-0.468864	0.623482	0.000000
-0.598862	0.896886	0.000000
-0.160800	0.426932	0.000000
-0.342174	0.827786	0.000000
-0.078823	-0.735717	0.000000
-0.172298	-0.581963	0.000000
0.106257	0.430877	0.000000
-0.292522	-0.333797	0.000000
-0.230928	0.497717	0.000000
-0.193846	0.648012	0.000000
-0.361691	-0.586802	0.000000
-0.299936	-0.597973	0.000000
-0.209581	0.231850	0.000000
-0.025308	0.453901	0.000000
0.130941	-0.176426	0.000000
-0.339224	-0.087922	0.000000
-0.477883	-0.314080	0.000000
0.056537	-0.330166	0.000000
-0.601163	0.708991	0.000000
-0.325791	0.098280	0.000000
-0.232140	0.267374	0.000000
-0.356784	0.418684	0.000000
-0.394660	0.774195	0.000000
-0.016025	-0.287812	0.000000
-0.647009	-0.288106	0.000000
0.082959	-0.545732	0.000000
-0.493365	0.370072	0.000000
-0.281321	0.667211	0.000000
-0.467374	-0.477011	0.000000
-0.257554	0.339320	0.000000
-0.553708	-0.245879	0.000000
-0.304814	-0.161488	0.000000
-0.070501	-0.737595	0.000000
-0.284250	-0.212061	0.000000
-0.183601	0.093157	0.000000
-0.385125	0.045730	0.000000
-0.308497	-0.338866	0.000000
-0.269169	0.730386	0.000000
-0.283132	0.170373	0.000000
-0.234622	-0.078200	0.000000
0.058109	0.074395	0.000000
-0.260389	0.452778	0.000000
-0.288017	0.756614	0.000000
-0.339904	-0.451887	0.000000
-0.379986	-0.009357	0.000000
-0.117538	0.315147	0.000000
-0.492642	0.120629	0.000000
-0.321771	-0.350690	0.000000
-0.218611	-0.392537	0.000000
-0.003153	0.000637	0.000000
-0.128430	-0.976586	0.000000
0.051095	0.097163	0.000000
-0.608457	-0.237566	0.000000
-0.446036	-0.791992	0.000000
-0.616984	0.536541	0.000000
0.001118	0.412220	0.000000
-0.255940	0.725825	0.000000
-0.458396	-0.338367	0.000000
-0.334611	-0.650888	0.000000
-0.386823	0.848149	0.000000
-0.248351	0.556182	0.000000
-0.025184	0.014246	0.000000
-0.247757	-0.153538	0.000000
-0.516440	0.753073	0.000000
-0.061808	0.116744	0.000000
-0.558920	0.624566	0.000000
0.051447	0.233956	0.000000
-0.606026	-0.387928	0.000000
-0.189826	0.008926	0.000000
-0.086292	-0.331235	0.000000
-0.626382	-0.313925	0.000000
-0.129054	0.551234	0.000000
-0.325864	0.736669	0.000000
-0.332957	-0.511671	0.000000
-0.331870	-0.322232	0.000000
-0.597064	-0.238788	0.000000
-0.051458	0.268566	0.000000
-0.417126	0.771799	0.000000
-0.601027	0.887745	0.000000
-0.236274	-0.077127	0.000000
-0.775532	0.244114	0.000000
-0.336361	0.247581	0.000000
-0.254286	-0.401829	0.000000
-0.250623	-0.443743	0.000000
-0.645285	0.985396	0.000000
-0.451359	0.277071	0.000000
0.096461	-0.559016	0.000000
-0.672809	-0.232828	0.000000
-0.065704	0.390037	0.000000
-0.015922	0.611728	0.000000
-0.887242	0.257256	0.000000
-0.284617	-0.106289	0.000000
-0.185173	0.470251	0.000000
-0.404531	0.280078	0.000000
-0.663960	0.788584	0.000000
-0.254107	0.050784	0.000000
-0.274198	-0.206580	0.000000
-0.202951	-0.154329	0.000000
-0.287294	-0.438237	0.000000
0.062347	0.166654	0.000000
-0.570930	-0.405003	0.000000
-0.381834	0.251260	0.000000
-0.150234	-0.423769	0.000000
-0.405990	-0.290948	0.000000
-0.265779	-0.455594	0.000000
-0.210397	0.655363	0.000000
-0.281419	0.665310	0.000000
-0.180206	-0.030621	0.000000
-0.977017	-0.530198	0.000000
0.092062	-0.225825	0.000000
-0.137710	-0.088939	0.000000
0.159062	0.038773	0.000000
-0.257101	0.663316	0.000000
-0.310914	0.098242	0.000000
-0.625983	0.882756	0.000000
0.113121	0.288825	0.000000
-0.297857	-0.196996	0.000000
-0.512337	0.494185	0.000000
-0.460303	-0.323398	0.000000
-0.359897	0.157441	0.000000
0.031747	0.367669	0.000000
-0.549157	0.553135	0.000000
-0.006567	0.161713	0.000000
0.062550	-0.353071	0.000000
-0.204693	0.685129	0.000000
0.069266	0.014075	0.000000
-0.171828	-0.324300	0.000000
-0.170215	-0.447421	0.000000
-0.925957	-0.526188	0.000000
-0.220505	0.256776	0.000000
0.000081	0.284789	0.000000
-0.303776	-0.239167	0.000000
0.970544	-0.029966	0.000000
-0.341819	-0.381311	0.000000
-0.207223	-0.488197	0.000000
-0.239988	-0.162293	0.000000
0.001262	0.184838	0.000000
-0.172352	-0.305300	0.000000
0.052105	-0.318448	0.000000
-0.206340	-0.725326	0.000000
-0.631241	0.942782	0.000000
-0.157902	-0.655926	0.000000
-0.308464	0.051913	0.000000
-0.317468	-0.261815	0.000000
-0.164339	0.426299	0.000000
-0.246453	0.763706	0.000000
-0.497689	-0.562998	0.000000
-0.199271	-0.337458	0.000000
-0.219332	0.263565	0.000000
-0.369978	-0.301955	0.000000
-0.424301	0.199345	0.000000
0.036004	-0.502216	0.000000
-0.583977	-0.238396	0.000000
-0.181013	0.290800	0.000000
-0.179540	0.514565	0.000000
0.086545	-0.203897	0.000000
-0.595449	-0.495138	0.000000
-0.281627	0.166107	0.000000
-0.213838	0.784358	0.000000
-0.165388	0.647287	0.000000
-0.585808	0.489456	0.000000
-0.073130	-0.209858	0.000000
-0.839614	0.121154	0.000000
-0.520789	-0.165112	0.000000
-0.565157	-0.089000	0.000000
-0.175173	0.017257	0.000000
-0.166481	-0.042128	0.000000
-0.278912	0.745794	0.000000
-0.265027	-0.271929	0.000000
-0.135596	0.476022	0.000000
-0.179474	0.739755	0.000000
-0.561159	0.699734	0.000000
-0.322026	0.587160	0.000000
-0.367638	-0.242049	0.000000
-0.672051	0.764429	0.000000
-0.218939	-0.126587	0.000000
-0.231576	0.623834	0.000000
-0.154000	-0.714936	0.000000
-0.675013	0.677780	0.000000
-0.480201	-0.762281	0.000000
-0.790117	-0.013119	0.000000
-0.561900	0.464602	0.000000
-0.033386	-0.181220	0.000000
-0.614482	0.697594	0.000000
-0.249558	-0.382780	0.000000
0.017372	0.468415	0.000000
-0.666919	0.865079	0.000000
-0.280920	0.156155	0.000000
0.971658	-0.028914	0.000000
0.048743	0.356054	0.000000
-0.443457	-0.011630	0.000000
-0.529829	0.536472	0.000000
-0.575288	0.507330	0.000000
0.115808	0.334809	0.000000
-0.423986	-0.196675	0.000000
-0.397049	0.261075	0.000000
-0.094402	0.249209	0.000000
-0.361199	0.074502	0.000000
-0.296247	-0.222777	0.000000
-0.551321	-0.354092	0.000000
-0.001418	-0.361865	0.000000
-0.624562	0.546026	0.000000
-0.415506	0.076504	0.000000
-0.617956	0.578784	0.000000
-0.639638	0.990199	0.000000
-0.477170	-0.799341	0.000000
-0.320528	0.479365	0.000000
0.019966	-0.563562	0.000000
0.041811	0.464667	0.000000
-0.230545	-0.079935	0.000000
-0.500947	-0.418535	0.000000
-0.214456	-0.230161	0.000000
-0.345124	-0.409222	0.000000
-0.331814	-0.159410	0.000000
-0.309159	-0.590911	0.000000
-0.225052	-0.294274	0.000000
-0.572219	-0.317422	0.000000
-0.079225	0.294161	0.000000
0.051249	0.048777	0.000000
-0.928708	-0.010487	0.000000
-0.080481	-0.641791	0.000000
-0.110579	0.312086	0.000000
-0.307718	0.701109	0.000000
0.052577	-0.466447	0.000000
-0.285093	-0.382514	0.000000
0.029640	0.278939	0.000000
-0.198280	0.163551	0.000000
-0.225664	-0.317149	0.000000
-0.415666	0.145914	0.000000
-0.404682	-0.254476	0.000000
-0.127594	0.655798	0.000000
-0.130191	-0.200942	0.000000
-0.292209	-0.357585	0.000000
-0.483306	0.442142	0.000000
-0.291275	0.072754	0.000000
-0.585513	-0.441331	0.000000
0.100004	-0.443723	0.000000
-0.553523	0.430887	0.000000
-0.504726	0.348326	0.000000
-0.331620	0.338882	0.000000
-0.295109	-0.311798	0.000000
0.064187	0.039903	0.000000
0.062122	0.191699	0.000000
-0.925391	0.028398	0.000000
-0.272973	0.536553	0.000000
-0.219499	-0.329726	0.000000
-0.213988	-0.632367	0.000000
-0.439124	0.070998	0.000000
0.113069	0.154419	0.000000
-0.244281	-0.496943	0.000000
-0.324402	-0.183714	0.000000
-0.427579	-0.078502	0.000000
-0.420762	-0.201667	0.000000
-0.231292	-0.066376	0.000000
-0.303896	-0.755283	0.000000
-0.062614	0.363692	0.000000
-0.314941	-0.024806	0.000000
-0.124321	0.300543	0.000000
-0.177409	-0.338869	0.000000
-0.525066	0.720026	0.000000
0.094403	-0.457285	0.000000
0.970241	0.401967	0.000000
0.103380	-0.499504	0.000000
-0.352614	-0.122413	0.000000
-0.465345	0.043704	0.000000
-0.399845	-0.333783	0.000000
0.950423	0.415093	0.000000
-0.720312	0.127932	0.000000
-0.306195	-0.182872	0.000000
-0.738156	-0.243281	0.000000
-0.707492	0.499797	0.000000
-0.423942	0.231581	0.000000
-0.068873	0.010120	0.000000
-0.102068	0.403034	0.000000
0.081480	-0.482613	0.000000
-0.212590	0.587982	0.000000
-0.274372	0.573763	0.000000
-0.374657	0.868045	0.000000
-0.501421	0.411968	0.000000
-0.580091	0.436895	0.000000
0.038357	-0.084160	0.000000
0.051174	-0.523525	0.000000
-0.204141	0.661947	0.000000
0.060260	0.156973	0.000000
-0.092797	0.164402	0.000000
-0.284760	-0.504932	0.000000
-0.532428	0.434966	0.000000
-0.202342	-0.557116	0.000000
-0.708218	0.735953	0.000000
-0.226858	-0.373571	0.000000
-0.597952	0.922980	0.000000
-0.027686	0.527593	0.000000
-0.752273	-0.008939	0.000000
-0.650471	0.700800	0.000000
0.159784	-0.087340	0.000000
0.065425	-0.462946	0.000000
-0.035181	-0.423756	0.000000
-0.288104	-0.199193	0.000000
-0.135898	0.629175	0.000000
-0.584117	-0.185798	0.000000
-0.345783	-0.758263	0.000000
-0.263498	-0.328454	0.000000
-0.079087	0.141158	0.000000
0.006694	0.160446	0.000000
-0.431684	-0.179250	0.000000
-0.450467	-0.544911	0.000000
-0.331830	0.453708	0.000000
-0.216986	0.392158	0.000000
-0.016273	0.185790	0.000000
-0.341836	-0.853655	0.000000
-0.099669	-0.933246	0.000000
-0.000231	0.034932	0.000000
0.042141	0.122306	0.000000
-0.140737	-0.204869	0.000000
0.092625	-0.572614	0.000000
-0.241161	0.615120	0.000000
-0.036038	0.300222	0.000000
-0.367234	-0.529626	0.000000
-0.211492	-0.367082	0.000000
-0.430738	-0.011328	0.000000
-0.160069	-0.001300	0.000000
-0.576546	0.592513	0.000000
-0.324951	0.108127	0.000000
0.187247	-0.020843	0.000000
-0.771220	-0.127036	0.000000
-0.596887	0.798814	0.000000
0.068390	-0.413191	0.000000
-0.534523	0.318235	0.000000
-0.190813	-0.725108	0.000000
-0.147939	-0.719741	0.000000
0.111867	-0.246875	0.000000
-0.162945	0.490375	0.000000
-0.109032	0.410374	0.000000
-0.438451	-0.247645	0.000000
-0.277331	-0.583322	0.000000
-0.187341	0.016215	0.000000
-0.018080	0.584013	0.000000
-0.363502	-0.128515	0.000000
0.002644	0.541659	0.000000
-0.461385	-0.023898	0.000000
0.108640	-0.256134	0.000000
-0.013248	-0.042182	0.000000
-0.377553	-0.661172	0.000000
-0.302704	0.046126	0.000000
-0.135674	0.002039	0.000000
-0.054511	-0.592532	0.000000
-0.552291	-0.454034	0.000000
0.061108	-0.294196	0.000000
-0.340124	-0.490061	0.000000
-0.206562	-0.214239	0.000000
-0.181591	-0.501236	0.000000
-0.207122	0.761416	0.000000
0.066627	-0.211329	0.000000
-0.234817	-0.553473	0.000000
-0.194816	0.018888	0.000000
-0.697586	-0.161585	0.000000
-0.054523	0.278894	0.000000
-0.638187	0.770293	0.000000
-0.640704	-0.433262	0.000000
-0.254042	0.579924	0.000000
-0.038765	0.419659	0.000000
-0.011847	-0.723003	0.000000
-0.162304	0.549838	0.000000
0.104360	0.120593	0.000000
-0.318329	0.280780	0.000000
0.132083	0.031950	0.000000
0.131219	0.020408	0.000000
-0.690244	-0.254475	0.000000
-0.354543	-0.722461	0.000000
-0.053511	0.398222	0.000000
-0.564265	0.595505	0.000000
-0.031980	-0.325174	0.000000
-0.219465	0.423210	0.000000
0.000626	0.101585	0.000000
-0.632375	-0.407507	0.000000
-0.812096	-0.180643	0.000000
-0.223861	0.670487	0.000000
-0.627578	0.613794	0.000000
-0.858177	0.055048	0.000000
-0.532538	0.048932	0.000000
-0.293070	-0.260373	0.000000
-0.091844	-0.605741	0.000000
-0.547707	-0.161970	0.000000
-0.035630	0.252411	0.000000
-0.379113	-0.288244	0.000000
-0.627309	0.792370	0.000000
-0.312922	-0.468896	0.000000
-0.783591	0.095158	0.000000
-0.795972	0.140646	0.000000
-0.534706	-0.331629	0.000000
-0.796040	0.595995	0.000000
-0.102376	-0.206158	0.000000
0.015384	-0.075963	0.000000
-0.251451	-0.410041	0.000000
-0.023945	0.115896	0.000000
0.095633	-0.427275	0.000000
-0.633449	0.508794	0.000000
-0.519582	0.094878	0.000000
0.071633	-0.466991	0.000000
-0.062445	-0.239741	0.000000
-0.263591	-0.499900	0.000000
-0.286824	-0.205494	0.000000
-0.278870	-0.750517	0.000000
-0.130478	0.066895	0.000000
-0.348764	0.460229	0.000000
-0.788583	0.627198	0.000000
-0.074887	0.281727	0.000000
-0.082328	-0.242257	0.000000
-0.253716	-0.395539	0.000000
-0.564433	0.715174	0.000000
-0.217708	0.626672	0.000000
-0.503892	0.439580	0.000000
-0.352811	0.708503	0.000000
-0.412068	0.122460	0.000000
-0.283505	-0.443020	0.000000
-0.031240	-0.637950	0.000000
0.099821	-0.311585	0.000000
-0.108400	0.323001	0.000000
-0.157787	-0.008663	0.000000
-0.673071	0.771736	0.000000
0.099060	-0.049102	0.000000
-0.774963	0.622614	0.000000
-0.137880	0.633993	0.000000
-0.528366	0.253317	0.000000
-0.202599	-0.240704	0.000000
-0.575413	0.517613	0.000000
-0.264830	-0.267888	0.000000
-0.015419	0.090155	0.000000
-0.435730	-0.410277	0.000000
0.130344	-0.116366	0.000000
0.031298	0.144164	0.000000
-0.790722	0.586301	0.000000
-0.286898	-0.290601	0.000000
-0.259164	0.449415	0.000000
-0.704583	0.109586	0.000000
-0.060286	0.365154	0.000000
-0.667482	-0.155868	0.000000
-0.598888	-0.108311	0.000000
-0.775458	0.201015	0.000000
-0.726361	0.683644	0.000000
-0.519175	0.046662	0.000000
-0.694746	0.479658	0.000000
-0.251758	0.470309	0.000000
-0.056697	0.287080	0.000000
-0.799474	0.117688	0.000000
-0.357588	0.525545	0.000000
0.016275	0.216974	0.000000
-0.031130	0.462472	0.000000
-0.253253	-0.249334	0.000000
-0.207590	-0.516812	0.000000
0.024183	-0.514205	0.000000
0.047917	-0.453242	0.000000
0.010450	-0.610389	0.000000
-0.685175	0.841714	0.000000
-0.368670	-0.145597	0.000000
-0.549076	-0.410815	0.000000
-0.070238	0.492110	0.000000
-0.496479	0.513682	0.000000
-0.340055	-0.149907	0.000000
-0.234123	-0.135557	0.000000
-0.332056	0.777086	0.000000
-0.396869	0.301062	0.000000
-0.343394	0.787263	0.000000
-0.373876	-0.566309	0.000000
-0.266905	-0.501541	0.000000
-0.489754	-0.662188	0.000000
-0.393373	-0.647477	0.000000
-0.407500	-0.709203	0.000000
-0.386486	0.860755	0.000000
-0.938927	-0.635317	0.000000
-0.623776	0.735989	0.000000
-0.005923	-0.048658	0.000000
-0.811547	-0.295440	0.000000
0.135905	0.042931	0.000000
0.043322	-0.417941	0.000000
-0.272236	0.574985	0.000000
-0.218626	-0.426774	0.000000
-0.210348	-0.107009	0.000000
-0.590283	0.567268	0.000000
-0.769080	-0.137436	0.000000
-0.413755	0.752815	0.000000
-0.647942	0.630716	0.000000
-0.243214	-0.030852	0.000000
-0.208467	0.656981	0.000000
-0.784859	0.189898	0.000000
-0.800265	-0.176697	0.000000
-0.275764	-0.085417	0.000000
-0.663454	0.525569	0.000000
0.075075	0.360474	0.000000
-0.828647	0.191298	0.000000
-0.329002	0.644188	0.000000
-0.162156	0.217726	0.000000
0.117401	-0.240865	0.000000
-0.258521	0.370446	0.000000
-0.569335	-0.359511	0.000000
-0.252153	-0.274867	0.000000
-0.291742	-0.352870	0.000000
-0.193393	-0.293821	0.000000
0.135810	-0.206950	0.000000
-0.126911	0.744141	0.000000
0.057563	-0.489667	0.000000
-0.407570	-0.680345	0.000000
-0.218398	-0.372006	0.000000
0.011610	0.521496	0.000000
-0.437049	-0.712481	0.000000
-0.283751	-0.251397	0.000000
0.083451	0.025994	0.000000
-0.131628	0.749993	0.000000
-0.510178	0.411212	0.000000
-0.137390	0.033499	0.000000
-0.188371	0.038809	0.000000
-0.380020	0.171317	0.000000
0.139895	-0.093574	0.000000
-0.501065	0.416240	0.000000
-0.377586	-0.485799	0.000000
-0.164432	-0.267017	0.000000
-0.043087	0.573930	0.000000
-0.386245	-0.712054	0.000000
-0.379408	0.896477	0.000000
-0.121136	-0.220689	0.000000
-0.314722	-0.106637	0.000000
-0.048035	-0.338737	0.000000
-0.215323	0.041340	0.000000
-0.113555	-0.534886	0.000000
-0.368976	-0.150461	0.000000
0.031356	-0.107719	0.000000
-0.709775	0.563760	0.000000
-0.172105	-0.085278	0.000000
0.081653	0.104411	0.000000
-0.345091	0.364641	0.000000
-0.123058	0.397589	0.000000
-0.227288	-0.449709	0.000000
-0.594006	0.823922	0.000000
-0.673890	0.120076	0.000000
0.062570	-0.243050	0.000000
-0.104642	0.564258	0.000000
-0.290062	-0.504098	0.000000
-0.486485	-0.345692	0.000000
-0.745273	-0.244893	0.000000
-0.288649	-0.419818	0.000000
-0.581289	0.533975	0.000000
-0.201688	-0.515841	0.000000
-0.581851	0.178832	0.000000
0.018216	-0.170396	0.000000
-0.096144	0.051154	0.000000
-0.641392	0.780876	0.000000
-0.335883	-0.217077	0.000000
-0.206469	-0.083619	0.000000
0.097459	0.014589	0.000000
-0.354534	-0.244103	0.000000
0.150673	-0.140986	0.000000
-0.358352	0.112059	0.000000
-0.636944	-0.458243	0.000000
-0.137342	-0.882434	0.000000
-0.333074	-0.252908	0.000000
-0.345021	-0.223100	0.000000
-0.015960	0.605161	0.000000
-0.339178	0.063902	0.000000
-0.258322	0.575199	0.000000
-0.091467	0.221298	0.000000
-0.315359	-0.559698	0.000000
0.081553	-0.537328	0.000000
0.063722	-0.043880	0.000000
-0.184875	-0.035033	0.000000
-0.352884	0.726513	0.000000
-0.397056	-0.238703	0.000000
0.031883	-0.392018	0.000000
-0.439965	-0.162997	0.000000
-0.578514	-0.112462	0.000000
-0.414913	0.210441	0.000000
-0.015820	0.111119	0.000000
0.102619	-0.451802	0.000000
-0.333550	-0.275995	0.000000
-0.317494	-0.496745	0.000000
-0.667760	-0.297116	0.000000
-0.315244	-0.299389	0.000000
-0.625792	-0.073316	0.000000
-0.272217	-0.404358	0.000000
0.151005	-0.121434	0.000000
-0.515622	0.412051	0.000000
-0.270662	0.624570	0.000000
-0.089361	0.333801	0.000000
-0.021310	0.329904	0.000000
-0.337034	0.846796	0.000000
-0.259706	0.251202	0.000000
-0.009475	0.296398	0.000000
-0.775784	-0.198265	0.000000
-0.854219	-0.055299	0.000000
-0.491865	-0.339273	0.000000
-0.372785	0.323047	0.000000
-0.227097	-0.075148	0.000000
0.041338	-0.064287	0.000000
-0.450546	-0.336110	0.000000
-0.306307	-0.353033	0.000000
-0.653416	0.964725	0.000000
-0.216908	-0.282647	0.000000
-0.213781	0.800034	0.000000
-0.257579	-0.435210	0.000000
-0.334129	-0.910128	0.000000
-0.272170	-0.280606	0.000000
0.075001	-0.522967	0.000000
-0.259753	-0.218766	0.000000
-0.384431	-0.319180	0.000000
0.026954	-0.093048	0.000000
-0.357990	0.318345	0.000000
-0.804401	0.363402	0.000000
-0.827699	0.063204	0.000000
-0.256033	-0.086063	0.000000
0.033798	0.003427	0.000000
-0.420209	-0.311633	0.000000
-0.339863	-0.810879	0.000000
-0.525749	-0.346988	0.000000
-0.501552	0.536963	0.000000
-0.318860	0.631718	0.000000
-0.263108	-0.687465	0.000000
-0.609729	0.440101	0.000000
0.141999	0.124037	0.000000
-0.376982	-0.110898	0.000000
-0.447102	-0.737027	0.000000
0.030804	-0.637250	0.000000
-0.296789	-0.182058	0.000000
-0.504410	0.707532	0.000000
-0.784427	-0.091374	0.000000
0.101708	-0.240180	0.000000
-0.290380	0.384253	0.000000
-0.258833	-0.492888	0.000000
-0.364714	-0.286500	0.000000
0.080743	-0.197161	0.000000
-0.284437	-0.360184	0.000000
0.960667	0.373282	0.000000
-0.267698	-0.375806	0.000000
-0.087331	-0.098409	0.000000
-0.288738	0.641969	0.000000
-0.380268	-0.644274	0.000000
-0.535216	0.081948	0.000000
-0.018284	-0.740387	0.000000
-0.157680	-0.379537	0.000000
-0.593451	0.447220	0.000000
0.021687	-0.437229	0.000000
-0.069034	-0.761499	0.000000
-0.293679	0.523005	0.000000
0.099169	0.381702	0.000000
-0.620573	-0.535432	0.000000
0.019863	-0.426387	0.000000
-0.491850	0.064607	0.000000
-0.508250	0.150368	0.000000
-0.188265	0.503727	0.000000
-0.063320	-0.321141	0.000000
-0.010951	-0.337700	0.000000
-0.743900	-0.142410	0.000000
-0.161819	-0.623887	0.000000
-0.613861	0.923503	0.000000
-0.342050	-0.595334	0.000000
-0.317012	0.583028	0.000000
0.098812	-0.493206	0.000000
-0.625318	0.303547	0.000000
0.026940	0.018816	0.000000
0.026808	0.185806	0.000000
-0.349876	-0.574798	0.000000
-0.391045	-0.633840	0.000000
-0.292030	-0.488294	0.000000
-0.035733	0.441928	0.000000
0.048305	-0.421582	0.000000
-0.177931	0.366838	0.000000
-0.326367	-0.031349	0.000000
-0.170196	0.703699	0.000000
0.159987	0.128872	0.000000
-0.559876	-0.531618	0.000000
-0.595505	0.632736	0.000000
-0.401847	-0.291201	0.000000
-0.041093	-0.709207	0.000000
-0.203206	0.176229	0.000000
-0.206363	-0.673034	0.000000
-0.241248	0.219609	0.000000
-0.287474	-0.126824	0.000000
-0.172829	0.016756	0.000000
-0.369230	0.319142	0.000000
-0.420640	-0.384319	0.000000
0.075129	0.426007	0.000000
-0.680394	0.666385	0.000000
-0.286611	0.696243	0.000000
-0.573149	0.328244	0.000000
-0.532190	0.026711	0.000000
-0.583743	-0.461405	0.000000
-0.263473	0.454354	0.000000
-0.039200	-0.511592	0.000000
-0.402938	0.810385	0.000000
-0.666005	0.289661	0.000000
-0.021932	0.387642	0.000000
-0.279308	0.582639	0.000000
-0.167063	0.697433	0.000000
-0.390589	-0.524785	0.000000
-0.068158	0.131007	0.000000
-0.281554	-0.536155	0.000000
-0.594896	0.339867	0.000000
-0.047895	0.367594	0.000000
-0.205051	-0.592969	0.000000
-0.379662	-0.322621	0.000000
-0.343429	0.345005	0.000000
-0.103665	-0.037050	0.000000
-0.041174	0.328075	0.000000
-0.375886	0.024570	0.000000
-0.077871	-0.171097	0.000000
-0.183740	0.398538	0.000000
-0.480824	-0.410850	0.000000
-0.017535	-0.277897	0.000000
-0.039708	-0.731979	0.000000
-0.644973	0.866386	0.000000
-0.146953	0.653514	0.000000
-0.011475	-0.441472	0.000000
-0.212522	-0.805259	0.000000
-0.632693	-0.439491	0.000000
-0.294281	0.591017	0.000000
-0.003447	0.256956	0.000000
0.009460	0.390121	0.000000
-0.069198	0.159546	0.000000
0.061175	-0.067132	0.000000
-0.669675	0.570493	0.000000
0.021130	-0.680305	0.000000
-0.115624	0.580793	0.000000
-0.058561	0.286545	0.000000
-0.206111	-0.681357	0.000000
-0.527283	-0.509396	0.000000
-0.036196	-0.483054	0.000000
-0.205746	-0.628161	0.000000
-0.325800	-0.637082	0.000000
0.027822	0.183662	0.000000
-0.575996	-0.118623	0.000000
-0.531999	-0.142618	0.000000
-0.280893	0.541282	0.000000
-0.130570	0.407566	0.000000
-0.263921	0.308318	0.000000
-0.074719	0.466787	0.000000
0.048396	-0.174385	0.000000
-0.224434	-0.120239	0.000000
-0.074916	0.327714	0.000000
0.123995	-0.126552	0.000000
-0.897433	0.139643	0.000000
-0.759567	-0.207852	0.000000
-0.918010	-0.676704	0.000000
-0.264805	-0.494862	0.000000
-0.096965	-0.589193	0.000000
0.052888	-0.079555	0.000000
-0.098752	0.374296	0.000000
-0.499106	-0.097077	0.000000
0.028062	-0.663791	0.000000
-0.329507	0.308067	0.000000
-0.153126	-0.577207	0.000000
-0.441214	0.054023	0.000000
-0.494118	0.425879	0.000000
-0.748340	0.307785	0.000000
-0.370726	0.004910	0.000000
-0.370869	0.793012	0.000000
-0.024291	0.137440	0.000000
-0.346276	0.516876	0.000000
-0.189611	-0.261759	0.000000
0.107132	0.031819	0.000000
0.980143	0.140278	0.000000
-0.704856	0.783527	0.000000
-0.317295	-0.302242	0.000000
-0.606536	0.089606	0.000000
0.042661	0.387941	0.000000
-0.065040	-0.158086	0.000000
-0.447638	-0.243139	0.000000
-0.142733	-0.615049	0.000000
-0.184692	0.540745	0.000000
-0.885071	0.255115	0.000000
-0.556102	0.467043	0.000000
-0.212903	-0.260217	0.000000
0.033218	0.467670	0.000000
-0.111515	0.486483	0.000000
0.101365	0.082586	0.000000
0.014625	-0.120860	0.000000
-0.251291	-0.453423	0.000000
-0.728929	0.425459	0.000000
-0.612876	-0.510298	0.000000
-0.301625	0.392279	0.000000
-0.019930	-0.383645	0.000000
-0.420558	0.159693	0.000000
0.088607	-0.223607	0.000000
-0.350663	-0.788559	0.000000
-0.389758	0.693400	0.000000
-0.234193	-0.241655	0.000000
-0.270275	-0.083518	0.000000
0.024293	-0.394393	0.000000
-0.061369	-0.010833	0.000000
-0.065058	-0.519826	0.000000
0.959808	0.392040	0.000000
-0.279112	-0.511556	0.000000
0.057459	-0.670347	0.000000
0.982109	0.111244	0.000000
-0.873221	0.125598	0.000000
-0.669902	0.888708	0.000000
-0.337315	-0.719882	0.000000
-0.456551	-0.609576	0.000000
-0.329182	-0.508434	0.000000
-0.735117	0.504708	0.000000
0.094159	-0.514679	0.000000
-0.371348	-0.579842	0.000000
-0.400945	0.367661	0.000000
-0.322130	-0.179021	0.000000
-0.581020	-0.169065	0.000000
-0.634162	0.864675	0.000000
-0.300523	-0.429903	0.000000
-0.099615	0.414875	0.000000
-0.012157	0.392459	0.000000
-0.349296	-0.230467	0.000000
-0.592769	-0.507724	0.000000
-0.171188	-0.539072	0.000000
-0.286676	0.530043	0.000000
-0.319827	-0.526483	0.000000
-0.183381	0.172751	0.000000
0.092741	0.025586	0.000000
-0.013189	-0.126234	0.000000
-0.556981	0.633121	0.000000
-0.666662	0.346376	0.000000
-0.490374	-0.772374	0.000000
-0.365824	0.339647	0.000000
-0.016795	-0.359850	0.000000
-0.177405	-0.454485	0.000000
0.126684	-0.078415	0.000000
-0.917334	0.343898	0.000000
0.156664	-0.118421	0.000000
-0.372131	0.667737	0.000000
-0.014907	-0.482494	0.000000
0.111460	0.028623	0.000000
0.084762	0.186510	0.000000
-0.494884	-0.084988	0.000000
-0.656883	-0.123843	0.000000
-0.916636	-0.625393	0.000000
-0.787687	0.162775	0.000000
-0.563017	0.709700	0.000000
-0.352560	-0.039973	0.000000
-0.154773	-0.183276	0.000000
-0.628799	0.811456	0.000000
0.102284	-0.129353	0.000000
0.028231	0.102262	0.000000
-0.609557	0.330459	0.000000
-0.280422	-0.624129	0.000000
0.096797	0.045851	0.000000
-0.271680	-0.641057	0.000000
-0.204023	-0.675725	0.000000
-0.216796	-0.624617	0.000000
-0.463814	0.159690	0.000000
-0.648994	-0.240377	0.000000
-0.282077	-0.408347	0.000000
0.016426	0.543640	0.000000
-0.688466	0.294508	0.000000
-0.577223	0.549680	0.000000
-0.473390	0.403510	0.000000
-0.240732	-0.414428	0.000000
-0.495716	-0.680773	0.000000
-0.432095	-0.238421	0.000000
0.123414	0.014140	0.000000
-0.562460	-0.107963	0.000000
-0.325694	-0.877940	0.000000
0.075093	0.212584	0.000000
-0.396553	-0.657839	0.000000
-0.291427	-0.520850	0.000000
-0.345521	-0.834515	0.000000
-0.409759	0.292611	0.000000
-0.387773	0.865975	0.000000
0.165467	0.090571	0.000000
-0.294626	-0.055367	0.000000
-0.731065	0.618727	0.000000
-0.588247	-0.136062	0.000000
0.006482	-0.622388	0.000000
-0.485353	-0.682746	0.000000
-0.377346	0.328430	0.000000
-0.267227	-0.355649	0.000000
-0.274927	0.361371	0.000000
-0.444227	-0.621508	0.000000
-0.361543	-0.074528	0.000000
0.064045	0.399087	0.000000
-0.587248	0.642388	0.000000
-0.204305	0.462197	0.000000
0.112606	0.378239	0.000000
-0.404575	0.150007	0.000000
-0.152302	0.083995	0.000000
0.134934	-0.041153	0.000000
-0.333876	0.599203	0.000000
0.058049	-0.214623	0.000000
-0.395065	0.231268	0.000000
-0.444558	0.044476	0.000000
0.006999	0.451107	0.000000
-0.417065	-0.778575	0.000000
-0.573694	0.850654	0.000000
0.032861	-0.157134	0.000000
0.925896	0.482016	0.000000
-0.332988	-0.230479	0.000000
0.046787	-0.690440	0.000000
-0.202801	-0.661998	0.000000
0.094442	-0.453856	0.000000
-0.622474	0.423063	0.000000
-0.249027	0.752284	0.000000
-0.269738	0.663425	0.000000
-0.239842	-0.258615	0.000000
-0.552630	0.540854	0.000000
-0.092219	0.258296	0.000000
-0.321966	0.737923	0.000000
-0.679319	0.762684	0.000000
-0.268178	-0.381387	0.000000
-0.318889	0.830546	0.000000
-0.454206	-0.424602	0.000000
-0.100141	0.157091	0.000000
-0.227462	-0.309990	0.000000
-0.047915	-0.047638	0.000000
-0.300324	0.224087	0.000000
-0.243338	-0.389428	0.000000
-0.319098	0.500635	0.000000
-0.299489	-0.875307	0.000000
-0.371033	-0.655244	0.000000
-0.386454	-0.299961	0.000000
-0.152060	-0.307338	0.000000
-0.150269	-0.733134	0.000000
-0.564576	0.332379	0.000000
-0.269708	-0.210060	0.000000
-0.009128	0.348468	0.000000
-0.296997	-0.732683	0.000000
-0.133084	-0.282809	0.000000
-0.523958	-0.325905	0.000000
-0.275836	-0.417593	0.000000
-0.393194	-0.638000	0.000000
-0.526020	0.020447	0.000000
-0.398336	0.720254	0.000000
0.060028	0.382096	0.000000
0.001701	0.289084	0.000000
-0.558778	0.841199	0.000000
-0.244193	0.669159	0.000000
-0.319772	0.100992	0.000000
-0.069456	-0.297693	0.000000
-0.358446	-0.222748	0.000000
0.104344	-0.075172	0.000000
-0.921307	0.113504	0.000000
-0.221500	0.640239	0.000000
0.047413	-0.486887	0.000000
-0.081071	-0.654050	0.000000
-0.589829	0.500514	0.000000
-0.669395	0.779378	0.000000
-0.081041	-0.725568	0.000000
-0.602728	0.453345	0.000000
-0.590885	0.588777	0.000000
0.053889	0.468781	0.000000
-0.204061	0.609436	0.000000
-0.049452	-0.685879	0.000000
-0.502010	-0.176728	0.000000
-0.426231	-0.720435	0.000000
-0.623273	-0.570157	0.000000
-0.237122	0.590119	0.000000
-0.475898	-0.719753	0.000000
-0.131210	-0.267865	0.000000
-0.011599	0.276867	0.000000
-0.311861	0.288043	0.000000
-0.380550	0.618969	0.000000
-0.254465	-0.275054	0.000000
-0.310798	-0.385198	0.000000
-0.451142	0.125138	0.000000
0.004003	0.489047	0.000000
-0.290711	-0.571799	0.000000
-0.623495	0.708012	0.000000
-0.509492	0.224333	0.000000
-0.244269	-0.234039	0.000000
-0.956232	0.061682	0.000000
-0.020836	0.531726	0.000000
0.142920	0.258082	0.000000
-0.437836	0.568929	0.000000
0.026026	0.494654	0.000000
-0.327944	-0.270323	0.000000
0.107651	-0.162796	0.000000
-0.169831	-0.027379	0.000000
-0.420461	-0.631294	0.000000
-0.030090	-0.306533	0.000000
-0.291202	-0.499278	0.000000
-0.439231	-0.801289	0.000000
-0.298828	-0.494335	0.000000
-0.432804	-0.077462	0.000000
-0.900169	-0.697242	0.000000
-0.248838	-0.421238	0.000000
-0.239494	0.347413	0.000000
-0.483037	0.029665	0.000000
-0.235185	-0.441056	0.000000
-0.306210	-0.492881	0.000000
-0.073363	-0.086955	0.000000
-0.618297	0.517410	0.000000
-0.059635	-0.163863	0.000000
-0.004996	-0.697462	0.000000
-0.321059	0.744223	0.000000
-0.415606	-0.167006	0.000000
-0.347004	-0.333279	0.000000
-0.854083	-0.098998	0.000000
-0.028355	-0.272454	0.000000
-0.474033	-0.743560	0.000000
-0.050754	0.363441	0.000000
0.089637	-0.599553	0.000000
-0.174474	0.147399	0.000000
-0.234856	-0.498366	0.000000
-0.375123	0.332032	0.000000
-0.327200	-0.493290	0.000000
-0.015214	-0.451374	0.000000
-0.387767	0.777101	0.000000
-0.083893	0.393392	0.000000
-0.309828	-0.173732	0.000000
-0.119957	-0.450464	0.000000
-0.531961	-0.495928	0.000000
-0.104227	-0.238674	0.000000
-0.583125	0.455387	0.000000
-0.349743	-0.779848	0.000000
-0.290266	-0.441338	0.000000
-0.156130	-0.283723	0.000000
-0.597473	0.329163	0.000000
-0.206949	0.376949	0.000000
-0.346931	0.725503	0.000000
0.123246	-0.084099	0.000000
-0.563736	0.388129	0.000000
0.070757	-0.327768	0.000000
0.125671	-0.230186	0.000000
-0.140021	-0.294576	0.000000
-0.549908	-0.443943	0.000000
-0.649488	0.365387	0.000000
-0.335814	-0.451197	0.000000
-0.122194	0.361899	0.000000
-0.309947	-0.468817	0.000000
-0.682459	0.381834	0.000000
-0.696705	-0.248380	0.000000
-0.074181	0.264294	0.000000
-0.050841	0.564728	0.000000
-0.024413	0.546434	0.000000
-0.052356	-0.113469	0.000000
-0.594687	0.513420	0.000000
-0.270180	0.480720	0.000000
-0.065009	0.218582	0.000000
-0.076578	0.003414	0.000000
-0.121743	0.203549	0.000000
-0.075804	0.271449	0.000000
-0.336486	-0.652403	0.000000
0.005491	0.552897	0.000000
-0.372936	0.089776	0.000000
-0.068744	0.269491	0.000000
-0.645405	0.356533	0.000000
-0.006381	-0.689913	0.000000
-0.247148	-0.265757	0.000000
-0.412070	0.307497	0.000000
-0.259113	-0.507617	0.000000
0.057619	-0.116940	0.000000
0.004478	0.341538	0.000000
-0.391769	-0.468371	0.000000
-0.281815	0.066509	0.000000
-0.193380	0.393301	0.000000
-0.705521	0.631818	0.000000
0.147468	0.199941	0.000000
-0.339489	-0.056086	0.000000
-0.283330	-0.238990	0.000000
-0.110539	0.090316	0.000000
-0.224444	-0.341832	0.000000
-0.483311	-0.412259	0.000000
-0.574746	0.385399	0.000000
-0.051715	0.312127	0.000000
-0.177821	-0.482654	0.000000
0.942451	0.417003	0.000000
-0.419165	0.343156	0.000000
-0.578872	-0.163361	0.000000
-0.239668	-0.282347	0.000000
-0.376160	0.165546	0.000000
-0.565190	0.410412	0.000000
-0.774904	-0.113748	0.000000
-0.324655	-0.238119	0.000000
-0.915235	-0.552594	0.000000
0.033629	0.353536	0.000000
-0.557214	0.362282	0.000000
-0.332416	-0.183135	0.000000
-0.122981	-0.959319	0.000000
0.114650	0.104741	0.000000
-0.180709	-0.577666	0.000000
-0.614285	-0.410649	0.000000
-0.712689	0.629014	0.000000
0.065392	0.021627	0.000000
-0.259986	-0.558720	0.000000
0.117503	-0.250455	0.000000
-0.045133	-0.716259	0.000000
-0.503721	0.428450	0.000000
-0.187784	0.269424	0.000000
-0.550562	-0.456660	0.000000
-0.016273	-0.253926	0.000000
-0.525701	0.570549	0.000000
-0.345767	-0.856627	0.000000
-0.008750	-0.380942	0.000000
-0.099007	0.123884	0.000000
-0.109370	0.607323	0.000000
-0.183680	0.428544	0.000000
-0.012683	-0.485776	0.000000
-0.369922	-0.697520	0.000000
0.072303	-0.247702	0.000000
-0.138547	-0.166371	0.000000
-0.155082	-0.109046	0.000000
-0.039961	-0.659952	0.000000
-0.284188	0.644497	0.000000
-0.060141	0.426289	0.000000
-0.162037	0.238223	0.000000
-0.398174	-0.723991	0.000000
-0.480332	-0.720214	0.000000
-0.424302	-0.128009	0.000000
-0.265382	-0.283739	0.000000
-0.269371	-0.458740	0.000000
-0.068422	0.500518	0.000000
-0.476342	-0.530087	0.000000
-0.092138	-0.789747	0.000000
-0.051627	0.383552	0.000000
-0.039360	0.484199	0.000000
-0.219869	0.705517	0.000000
0.117816	-0.383914	0.000000
-0.280285	0.568753	0.000000
-0.570982	0.434073	0.000000
-0.212257	0.222527	0.000000
-0.779827	0.315020	0.000000
-0.122283	-0.886861	0.000000
-0.299077	-0.082156	0.000000
-0.452898	-0.415344	0.000000
-0.190345	0.016322	0.000000
0.075308	-0.500244	0.000000
-0.059696	0.583334	0.000000
-0.483512	-0.661841	0.000000
-0.249132	0.550154	0.000000
-0.375733	0.146503	0.000000
-0.354193	-0.674084	0.000000
-0.421665	-0.801044	0.000000
-0.256696	0.612685	0.000000
-0.199668	0.032985	0.000000
0.074215	0.270927	0.000000
-0.239562	-0.289048	0.000000
0.061673	0.413458	0.000000
-0.378571	0.276599	0.000000
-0.204933	0.481246	0.000000
-0.274120	-0.538587	0.000000
-0.426520	-0.056018	0.000000
-0.059738	0.461523	0.000000
-0.626924	0.869931	0.000000
-0.242168	0.363645	0.000000
-0.518809	0.050036	0.000000
-0.562131	0.603761	0.000000
-0.165701	-0.085790	0.000000
-0.791982	-0.035005	0.000000
-0.077733	0.183285	0.000000
-0.042154	-0.635160	0.000000
-0.355184	-0.692266	0.000000
-0.115438	0.261480	0.000000
-0.125476	0.437445	0.000000
0.120352	-0.130555	0.000000
-0.296632	0.773151	0.000000
-0.205318	0.145993	0.000000
-0.209489	-0.667473	0.000000
-0.136110	0.300203	0.000000
-0.269310	-0.438341	0.000000
-0.167205	-0.382809	0.000000
-0.385617	0.303308	0.000000
-0.213456	-0.732373	0.000000
-0.359755	0.356993	0.000000
0.016382	0.401257	0.000000
-0.044859	0.506741	0.000000
-0.080614	-0.655846	0.000000
-0.400090	0.228138	0.000000
-0.309865	-0.609476	0.000000
0.006032	-0.027383	0.000000
-0.580877	-0.349358	0.000000
-0.237534	0.045803	0.000000
-0.525604	0.059155	0.000000
-0.578001	0.595393	0.000000
-0.751543	-0.012072	0.000000
-0.292989	-0.385659	0.000000
-0.000983	-0.019205	0.000000
-0.318869	-0.231670	0.000000
-0.073275	0.548380	0.000000
0.044942	0.315092	0.000000
-0.056643	0.286376	0.000000
-0.150735	-0.262202	0.000000
-0.256671	-0.250551	0.000000
0.162092	-0.137879	0.000000
-0.652674	0.487426	0.000000
-0.495657	0.359535	0.000000
-0.292113	-0.103167	0.000000
-0.050767	0.391347	0.000000
-0.460171	-0.236307	0.000000
-0.113500	-0.295330	0.000000
-0.142240	0.339208	0.000000
-0.470559	-0.774314	0.000000
-0.567850	0.590962	0.000000
0.078870	-0.181536	0.000000
-0.681061	-0.161117	0.000000
0.961035	0.335125	0.000000
-0.230878	-0.582739	0.000000
0.114515	0.327068	0.000000
-0.023498	0.559229	0.000000
-0.641853	-0.325724	0.000000
-0.473831	-0.730828	0.000000
-0.498815	-0.462425	0.000000
-0.058558	0.055261	0.000000
-0.359213	0.097925	0.000000
-0.196947	0.689759	0.000000
-0.215042	-0.280091	0.000000
-0.382082	0.154505	0.000000
-0.159917	-0.067531	0.000000
0.104795	0.101534	0.000000
-0.565636	0.391124	0.000000
-0.001892	-0.392936	0.000000
-0.044710	-0.731568	0.000000
-0.035950	0.252072	0.000000
-0.288299	-0.856507	0.000000
-0.582914	0.881900	0.000000
-0.247332	0.014918	0.000000
-0.029743	-0.562145	0.000000
-0.140796	0.170610	0.000000
0.012771	-0.319266	0.000000
-0.629141	0.682206	0.000000
-0.184765	-0.675347	0.000000
-0.312999	0.580694	0.000000
-0.397931	-0.734646	0.000000
-0.397996	-0.217408	0.000000
-0.312061	-0.163193	0.000000
0.020685	-0.124434	0.000000
-0.315452	-0.195084	0.000000
-0.289990	0.811362	0.000000
0.058957	-0.247710	0.000000
-0.243014	0.186927	0.000000
-0.298993	0.686566	0.000000
-0.348286	-0.264606	0.000000
-0.604354	-0.556847	0.000000
-0.178957	0.594984	0.000000
0.038694	0.303710	0.000000
-0.297099	0.033478	0.000000
-0.068528	0.521923	0.000000
-0.440605	-0.115864	0.000000
0.030995	0.308228	0.000000
-0.346813	0.775416	0.000000
-0.266893	-0.679565	0.000000
-0.170591	0.133922	0.000000
-0.920563	-0.029099	0.000000
-0.107254	-0.885730	0.000000
-0.684926	-0.221334	0.000000
-0.034352	0.412878	0.000000
-0.087079	0.287432	0.000000
-0.272328	-0.758548	0.000000
0.107345	0.113409	0.000000
-0.248684	-0.185181	0.000000
-0.132657	-0.879618	0.000000
-0.655770	0.642170	0.000000
-0.055132	-0.470738	0.000000
-0.206133	0.359449	0.000000
-0.396486	0.112554	0.000000
-0.213708	-0.536358	0.000000
-0.434225	-0.388941	0.000000
-0.022233	0.430429	0.000000
-0.510847	0.512401	0.000000
-0.084463	0.440988	0.000000
-0.112857	-0.632921	0.000000
-0.270886	-0.218331	0.000000
-0.120638	-0.249130	0.000000
-0.507042	0.078393	0.000000
-0.656165	0.430390	0.000000
-0.280241	-0.400329	0.000000
-0.644438	-0.346578	0.000000
-0.317738	-0.813752	0.000000
-0.206478	0.306371	0.000000
-0.422851	-0.103734	0.000000
-0.017243	-0.611144	0.000000
-0.330588	-0.258872	0.000000
-0.629274	0.331201	0.000000
0.068781	-0.553807	0.000000
-0.347120	0.635395	0.000000
-0.215039	-0.554653	0.000000
-0.554702	0.388197	0.000000
-0.572278	-0.103396	0.000000
-0.521576	0.428196	0.000000
-0.160160	-0.155306	0.000000
-0.568738	-0.334428	0.000000
0.021186	-0.429159	0.000000
0.080384	-0.496043	0.000000
-0.419417	-0.310219	0.000000
0.129826	-0.079151	0.000000
-0.289165	0.234551	0.000000
-0.405034	-0.389743	0.000000
0.043266	0.321998	0.000000
-0.119516	0.670330	0.000000
-0.272045	0.424823	0.000000
-0.567776	0.348702	0.000000
-0.251523	-0.498695	0.000000
-0.338665	-0.188825	0.000000
-0.140401	-0.746527	0.000000
-0.466737	-0.365082	0.000000
-0.377639	0.404878	0.000000
-0.751892	-0.106197	0.000000
0.089671	-0.203549	0.000000
-0.032749	0.504986	0.000000
-0.228570	-0.675113	0.000000
-0.255201	-0.287906	0.000000
-0.310219	0.830673	0.000000
-0.218489	-0.281141	0.000000
-0.226800	-0.384973	0.000000
-0.706637	0.229620	0.000000
0.049185	-0.267328	0.000000
-0.326608	-0.497756	0.000000
-0.147713	-0.059594	0.000000
-0.663086	-0.298756	0.000000
-0.132492	-0.263214	0.000000
-0.245566	-0.331742	0.000000
-0.068886	-0.749855	0.000000
-0.030264	0.359337	0.000000
-0.405426	-0.383563	0.000000
-0.106917	0.212092	0.000000
0.007871	-0.075933	0.000000
-0.438803	-0.649429	0.000000
-0.534565	-0.484369	0.000000
0.097729	-0.028632	0.000000
-0.217644	-0.504188	0.000000
-0.201986	-0.472428	0.000000
-0.404035	-0.675578	0.000000
-0.081475	0.164940	0.000000
-0.748542	0.246501	0.000000
-0.586822	0.496848	0.000000
-0.494319	-0.175592	0.000000
-0.180312	0.501402	0.000000
-0.336238	-0.712670	0.000000
-0.320541	-0.459680	0.000000
-0.390292	0.414378	0.000000
-0.150278	-0.249819	0.000000
0.027434	0.284385	0.000000
-0.230125	-0.353133	0.000000
-0.515511	0.699504	0.000000
-0.560948	-0.419117	0.000000
-0.373300	0.709648	0.000000
-0.147844	0.482436	0.000000
-0.753368	0.237934	0.000000
0.016181	0.482821	0.000000
-0.254839	-0.456612	0.000000
-0.253202	0.528502	0.000000
0.033008	-0.113636	0.000000
-0.651828	0.533965	0.000000
-0.385594	-0.255522	0.000000
-0.418428	0.174917	0.000000
-0.917027	-0.689485	0.000000
-0.280405	-0.484881	0.000000
-0.628680	0.656914	0.000000
-0.317766	-0.764937	0.000000
-0.201473	0.201890	0.000000
-0.241202	0.173024	0.000000
-0.340257	-0.526010	0.000000
-0.458787	-0.353346	0.000000
-0.229836	0.060344	0.000000
-0.148500	-0.917933	0.000000
-0.772978	0.623624	0.000000
0.032287	-0.186065	0.000000
-0.261704	0.020624	0.000000
-0.159961	-0.621936	0.000000
-0.505707	-0.599556	0.000000
0.929012	0.356588	0.000000
-0.532559	0.571487	0.000000
-0.101715	0.215819	0.000000
-0.612083	0.938638	0.000000
-0.527800	0.633105	0.000000
0.073971	-0.002445	0.000000
-0.703850	0.868501	0.000000
-0.336357	0.008261	0.000000
-0.017798	-0.570584	0.000000
-0.014088	0.212128	0.000000
-0.223011	-0.615307	0.000000
-0.220592	0.708256	0.000000
-0.131833	0.403483	0.000000
0.096105	-0.003977	0.000000
0.078113	0.292220	0.000000
-0.154882	0.339138	0.000000
-0.887786	0.100586	0.000000
-0.591150	0.465870	0.000000
-0.929017	-0.506052	0.000000
-0.323521	-0.237438	0.000000
-0.068591	0.444968	0.000000
0.102087	0.193632	0.000000
-0.254485	0.451920	0.000000
-0.141768	-0.835468	0.000000
-0.017425	0.264454	0.000000
-0.279733	0.552869	0.000000
-0.172671	-0.044662	0.000000
-0.059810	-0.134589	0.000000
-0.134493	0.449687	0.000000
-0.653713	0.768366	0.000000
-0.271655	0.079590	0.000000
0.013347	-0.107532	0.000000
-0.421695	-0.367455	0.000000
-0.070313	-0.380659	0.000000
-0.219654	0.395455	0.000000
0.027508	0.512908	0.000000
-0.083130	-0.667480	0.000000
-0.411030	0.366610	0.000000
-0.637226	0.329778	0.000000
-0.287451	-0.111332	0.000000
0.105048	-0.332812	0.000000
0.976026	0.233491	0.000000
-0.195395	-0.035706	0.000000
-0.161185	-0.018763	0.000000
0.092719	-0.336181	0.000000
0.045796	-0.296254	0.000000
0.972292	-0.033184	0.000000
-0.648499	-0.158363	0.000000
-0.611441	-0.301660	0.000000
-0.270341	-0.741986	0.000000
-0.276265	-0.273621	0.000000
-0.159024	0.402304	0.000000
-0.419529	0.148614	0.000000
-0.778521	-0.111781	0.000000
-0.201388	-0.493174	0.000000
-0.313854	-0.289104	0.000000
-0.482734	0.403600	0.000000
-0.424487	-0.705842	0.000000
-0.002235	0.590731	0.000000
0.120721	-0.213994	0.000000
0.001787	0.413273	0.000000
-0.610021	0.778057	0.000000
-0.149060	-0.011738	0.000000
-0.766087	0.316873	0.000000
-0.631284	-0.303654	0.000000
-0.261776	0.218214	0.000000
-0.011900	0.322294	0.000000
0.047892	0.240172	0.000000
-0.570733	-0.103340	0.000000
-0.187789	-0.505052	0.000000
-0.258736	0.227662	0.000000
-0.236319	-0.531930	0.000000
-0.432468	-0.272289	0.000000
-0.056203	-0.641722	0.000000
-0.401877	0.794252	0.000000
-0.412758	0.005291	0.000000
-0.069303	0.310483	0.000000
-0.462086	0.220980	0.000000
-0.528286	0.409781	0.000000
-0.282958	0.355645	0.000000
-0.637131	-0.507400	0.000000
-0.264606	-0.149415	0.000000
-0.356066	0.659716	0.000000
-0.777867	0.265023	0.000000
-0.664390	0.661853	0.000000
-0.322670	0.283508	0.000000
-0.052717	0.517546	0.000000
-0.212097	-0.517875	0.000000
-0.424221	0.186050	0.000000
-0.367762	0.096458	0.000000
0.037681	0.043056	0.000000
-0.128556	0.430319	0.000000
0.045394	-0.294992	0.000000
0.004199	0.568232	0.000000
-0.239849	-0.366376	0.000000
-0.154482	-0.099452	0.000000
0.981490	0.004425	0.000000
-0.348359	-0.170250	0.000000
0.002834	-0.666596	0.000000
-0.115129	-0.239049	0.000000
-0.573026	-0.342270	0.000000
-0.265428	-0.288391	0.000000
0.037952	-0.437981	0.000000
-0.023329	0.626186	0.000000
-0.305840	-0.332956	0.000000
-0.015271	-0.084886	0.000000
-0.514381	-0.220587	0.000000
-0.654400	0.761047	0.000000
-0.506045	-0.432016	0.000000
-0.309593	-0.183799	0.000000
-0.402958	0.363397	0.000000
-0.380794	-0.664052	0.000000
-0.160654	-0.456939	0.000000
-0.203277	-0.292960	0.000000
-0.319768	-0.194986	0.000000
-0.000205	0.459630	0.000000
0.178636	-0.137531	0.000000
-0.323210	0.779276	0.000000
-0.556006	0.364754	0.000000
0.051466	-0.678822	0.000000
-0.134786	-0.127480	0.000000
-0.552806	-0.463907	0.000000
-0.146790	0.546472	0.000000
-0.535771	0.109602	0.000000
-0.477001	0.479194	0.000000
0.986198	0.139129	0.000000
-0.332871	0.365566	0.000000
-0.064725	0.355939	0.000000
0.037446	-0.092746	0.000000
-0.540591	0.364409	0.000000
-0.190802	0.430612	0.000000
-0.335237	0.709111	0.000000
-0.137499	-0.386451	0.000000
-0.720221	0.645979	0.000000
-0.294203	0.288142	0.000000
-0.424095	0.281495	0.000000
-0.211913	-0.681997	0.000000
-0.185765	-0.130090	0.000000
-0.367283	0.078038	0.000000
0.074498	0.312053	0.000000
-0.213558	-0.295215	0.000000
-0.390564	0.851179	0.000000
-0.321618	-0.400216	0.000000
-0.043122	-0.533783	0.000000
-0.511808	-0.011560	0.000000
-0.593407	0.393973	0.000000
0.082947	0.279569	0.000000
-0.262224	-0.339233	0.000000
-0.030786	-0.547737	0.000000
-0.533735	0.760797	0.000000
-0.782090	-0.067397	0.000000
-0.625026	0.029188	0.000000
-0.120514	-0.116579	0.000000
-0.654042	0.236902	0.000000
-0.312506	-0.419338	0.000000
-0.212613	-0.442845	0.000000
-0.239338	-0.399074	0.000000
-0.627370	0.953674	0.000000
-0.201091	0.598090	0.000000
0.091891	0.354909	0.000000
0.101747	0.343528	0.000000
-0.844071	0.164052	0.000000
-0.199651	0.685656	0.000000
-0.246367	0.585492	0.000000
-0.244694	-0.539282	0.000000
0.072444	-0.130657	0.000000
-0.010505	0.069937	0.000000
-0.631805	0.972748	0.000000
-0.412623	0.288231	0.000000
-0.024931	0.163039	0.000000
-0.354483	0.649368	0.000000
-0.169919	-0.743652	0.000000
-0.277509	-0.274889	0.000000
-0.303439	0.350892	0.000000
0.000567	-0.318841	0.000000
-0.106975	-0.075069	0.000000
-0.378471	0.848170	0.000000
-0.789560	0.562827	0.000000
-0.708990	0.094353	0.000000
-0.031790	0.023570	0.000000
-0.550276	0.057209	0.000000
-0.879355	0.257936	0.000000
-0.640599	0.228308	0.000000
-0.244554	0.374117	0.000000
-0.431007	0.283420	0.000000
-0.587753	0.085102	0.000000
-0.624271	0.344907	0.000000
-0.530049	-0.083927	0.000000
-0.152007	0.425695	0.000000
-0.384231	0.454875	0.000000
0.062669	0.045733	0.000000
-0.209875	-0.466463	0.000000
0.095612	0.243417	0.000000
-0.650849	0.642401	0.000000
0.068616	0.180749	0.000000
-0.215048	0.053985	0.000000
-0.600500	-0.177896	0.000000
-0.202799	-0.572535	0.000000
-0.307888	-0.883313	0.000000
-0.152263	0.698068	0.000000
-0.610352	0.380968	0.000000
-0.346411	0.612745	0.000000
-0.416661	-0.134726	0.000000
-0.470662	-0.627207	0.000000
-0.512694	-0.047648	0.000000
-0.637426	0.515232	0.000000
-0.616259	0.791489	0.000000
-0.222421	0.786880	0.000000
-0.353093	-0.737256	0.000000
-0.427474	-0.683669	0.000000
0.022163	0.173975	0.000000
0.068098	-0.263850	0.000000
-0.204990	-0.318773	0.000000
-0.332913	-0.169335	0.000000
0.083193	0.069305	0.000000
0.064041	0.511440	0.000000
-0.178510	-0.384457	0.000000
0.152429	0.020699	0.000000
-0.200727	0.569992	0.000000
0.088791	-0.565345	0.000000
0.972774	0.136536	0.000000
-0.089489	0.258189	0.000000
0.039938	0.334528	0.000000
-0.916295	-0.527845	0.000000
-0.267058	-0.179834	0.000000
0.121366	0.102622	0.000000
-0.214802	-0.595193	0.000000
-0.293441	-0.612549	0.000000
-0.556935	0.516007	0.000000
0.091918	-0.359090	0.000000
0.140788	-0.157787	0.000000
0.182479	-0.015011	0.000000
-0.227017	-0.235546	0.000000
-0.375003	-0.084236	0.000000
0.021171	-0.190271	0.000000
-0.140385	0.685181	0.000000
0.055474	-0.021373	0.000000
-0.229408	-0.275322	0.000000
-0.143502	-0.048575	0.000000
0.070132	0.078476	0.000000
0.023550	-0.019472	0.000000
-0.274380	-0.326245	0.000000
-0.310172	0.620261	0.000000
-0.700231	0.312973	0.000000
0.145451	0.145754	0.000000
-0.114838	-0.288261	0.000000
0.130823	-0.047107	0.000000
0.081335	-0.049048	0.000000
0.071353	0.116134	0.000000
-0.221562	0.790942	0.000000
-0.730051	0.610682	0.000000
-0.234140	-0.530549	0.000000
-0.329532	0.651695	0.000000
-0.563688	0.828775	0.000000
-0.125174	-0.577891	0.000000
-0.300951	0.817884	0.000000
0.053666	0.308720	0.000000
-0.150062	0.603657	0.000000
-0.038517	0.330426	0.000000
-0.876109	0.135333	0.000000
-0.226877	-0.598121	0.000000
-0.644570	-0.352914	0.000000
-0.053828	-0.100949	0.000000
0.120752	0.294924	0.000000
-0.131626	0.438950	0.000000
-0.174909	-0.116595	0.000000
-0.757848	-0.097246	0.000000
-0.663691	0.576270	0.000000
-0.632834	-0.080664	0.000000
-0.009211	-0.456188	0.000000
-0.283073	-0.427771	0.000000
-0.272536	0.543760	0.000000
-0.783231	0.212692	0.000000
0.114866	-0.176708	0.000000
-0.307978	-0.293244	0.000000
-0.322197	-0.316027	0.000000
-0.010539	-0.336428	0.000000
0.038336	0.214324	0.000000
-0.351725	0.862766	0.000000
-0.459830	-0.104380	0.000000
-0.078347	0.032905	0.000000
-0.036528	0.289575	0.000000
0.921977	0.496115	0.000000
-0.169622	-0.035123	0.000000
-0.727811	0.666578	0.000000
-0.720164	0.240329	0.000000
-0.064354	0.441394	0.000000
-0.127641	0.400731	0.000000
-0.157926	-0.031990	0.000000
0.096256	-0.047849	0.000000
0.047312	0.539562	0.000000
-0.268877	-0.699342	0.000000
0.095266	-0.620829	0.000000
-0.319976	-0.857228	0.000000
-0.492457	-0.099355	0.000000
0.029064	-0.160323	0.000000
-0.242115	-0.125465	0.000000
-0.367884	0.819571	0.000000
-0.243621	-0.247411	0.000000
-0.107921	-0.672093	0.000000
-0.159250	-0.889516	0.000000
-0.243954	-0.330678	0.000000
-0.116016	-0.900091	0.000000
-0.212468	-0.488663	0.000000
-0.383768	-0.412866	0.000000
-0.400656	-0.739117	0.000000
0.049420	-0.443858	0.000000
-0.694401	0.003197	0.000000
-0.275582	0.210818	0.000000
-0.172496	-0.717346	0.000000
-0.184428	0.370708	0.000000
-0.342279	-0.202705	0.000000
-0.087668	0.534658	0.000000
0.042953	0.418028	0.000000
-0.061857	0.580459	0.000000
-0.360140	-0.463210	0.000000
-0.403623	0.111758	0.000000
-0.318979	-0.072431	0.000000
0.121100	-0.062073	0.000000
-0.237475	-0.025437	0.000000
-0.238333	0.739006	0.000000
-0.317368	0.538354	0.000000
-0.041727	-0.359117	0.000000
-0.074293	0.453950	0.000000
-0.308940	-0.345242	0.000000
-0.508674	0.354410	0.000000
0.984019	0.076209	0.000000
0.003364	-0.618271	0.000000
0.078573	0.205447	0.000000
-0.909163	-0.484747	0.000000
-0.488305	-0.134462	0.000000
-0.622505	-0.445788	0.000000
-0.192785	-0.404514	0.000000
-0.408510	0.154489	0.000000
0.147526	0.261865	0.000000
-0.374204	0.800799	0.000000
-0.360135	-0.030014	0.000000
-0.231198	-0.251067	0.000000
-0.096312	-0.392955	0.000000
-0.160331	-0.389598	0.000000
-0.501390	-0.384743	0.000000
-0.146869	0.403164	0.000000
-0.556303	-0.041803	0.000000
-0.185419	0.412837	0.000000
-0.452678	0.343788	0.000000
-0.075463	-0.312702	0.000000
-0.601490	0.040202	0.000000
-0.115240	0.246330	0.000000
-0.199173	0.456427	0.000000
0.002553	0.541492	0.000000
-0.133931	0.315834	0.000000
-0.455305	0.294830	0.000000
-0.934963	-0.624505	0.000000
-0.138894	-0.825098	0.000000
-0.105147	-0.871260	0.000000
0.032220	0.366679	0.000000
-0.588747	-0.365700	0.000000
0.093684	0.056901	0.000000
-0.298879	-0.715723	0.000000
-0.255540	0.500372	0.000000
-0.918836	-0.005996	0.000000
-0.026786	0.331784	0.000000
-0.151583	-0.627186	0.000000
-0.697694	0.487517	0.000000
-0.265135	-0.279168	0.000000
-0.459649	-0.110888	0.000000
-0.514923	0.511291	0.000000
-0.403488	0.001841	0.000000
-0.769906	-0.063460	0.000000
-0.521290	0.119880	0.000000
-0.092583	-0.578385	0.000000
-0.707084	-0.177127	0.000000
-0.484605	0.655266	0.000000
-0.404754	-0.170858	0.000000
0.076104	-0.442955	0.000000
-0.627246	0.418060	0.000000
-0.778200	0.645930	0.000000
-0.284336	-0.372575	0.000000
-0.312243	0.783688	0.000000
-0.476998	-0.647027	0.000000
-0.050257	-0.360418	0.000000
-0.128356	0.412775	0.000000
-0.085676	-0.148754	0.000000
-0.431114	-0.091456	0.000000
-0.439444	0.249423	0.000000
-0.627275	0.683894	0.000000
-0.534238	-0.173804	0.000000
-0.663959	0.783023	0.000000
-0.522826	0.758642	0.000000
-0.358277	0.694993	0.000000
-0.394852	0.036475	0.000000
-0.160006	0.456306	0.000000
-0.480992	-0.682643	0.000000
0.036417	0.009322	0.000000
0.085880	-0.182428	0.000000
0.100837	-0.122312	0.000000
-0.177691	-0.180208	0.000000
-0.280244	-0.340835	0.000000
-0.420093	-0.054035	0.000000
-0.135582	0.474999	0.000000
-0.664150	-0.155385	0.000000
-0.570627	-0.333476	0.000000
-0.693137	-0.132428	0.000000
-0.317436	-0.337005	0.000000
-0.298157	0.761474	0.000000
-0.898850	0.052060	0.000000
-0.648785	0.652741	0.000000
-0.530264	-0.291541	0.000000
-0.159380	-0.636679	0.000000
-0.307520	-0.435153	0.000000
-0.426099	0.261817	0.000000
-0.215837	-0.579757	0.000000
0.965047	0.285331	0.000000
-0.397785	-0.206969	0.000000
-0.330216	0.643904	0.000000
-0.492265	0.101817	0.000000
-0.228199	-0.504686	0.000000
-0.064871	0.675029	0.000000
-0.134802	0.299895	0.000000
-0.214527	0.049303	0.000000
-0.288296	0.064654	0.000000
-0.286748	-0.136242	0.000000
-0.561210	0.568530	0.000000
-0.525520	-0.683841	0.000000
-0.266041	-0.502819	0.000000
-0.384367	0.623285	0.000000
-0.247469	0.008829	0.000000
-0.034841	-0.766078	0.000000
-0.211493	-0.708819	0.000000
0.111199	0.078887	0.000000
-0.524650	-0.660367	0.000000
-0.251665	-0.315822	0.000000
0.138143	-0.159954	0.000000
-0.246685	-0.241062	0.000000
-0.329875	0.714114	0.000000
-0.106752	-0.964537	0.000000
-0.510067	-0.355180	0.000000
0.134317	0.164488	0.000000
0.006185	0.053828	0.000000
-0.295344	0.422152	0.000000
-0.580979	-0.485814	0.000000
0.007941	0.406851	0.000000
-0.422655	-0.705285	0.000000
-0.507114	-0.091990	0.000000
0.015783	0.114297	0.000000
-0.220573	-0.451827	0.000000
-0.317082	0.822243	0.000000
-0.410551	-0.298050	0.000000
0.940152	0.423921	0.000000
-0.223111	0.468793	0.000000
0.129923	-0.152012	0.000000
-0.611092	-0.215022	0.000000
-0.218595	-0.468236	0.000000
-0.541131	0.528867	0.000000
-0.143669	0.268170	0.000000
-0.101177	0.093744	0.000000
-0.247819	-0.351534	0.000000
-0.321633	0.821819	0.000000
0.042452	-0.189804	0.000000
-0.198761	-0.355368	0.000000
-0.013524	0.370039	0.000000
-0.617387	0.732060	0.000000
-0.321941	-0.333368	0.000000
-0.344463	-0.138244	0.000000
-0.666410	-0.347951	0.000000
0.002776	0.465917	0.000000
-0.308684	-0.634898	0.000000
-0.356753	-0.040796	0.000000
0.112780	0.011891	0.000000
-0.335470	-0.542197	0.000000
-0.612962	0.724074	0.000000
-0.084098	-0.182843	0.000000
-0.204097	0.479929	0.000000
0.042401	0.340747	0.000000
-0.111724	0.319151	0.000000
-0.330810	-0.690917	0.000000
0.026239	-0.249023	0.000000
-0.095911	0.321079	0.000000
-0.587785	0.474963	0.000000
-0.596950	0.350510	0.000000
-0.248916	-0.312600	0.000000
-0.227249	0.668810	0.000000
-0.432395	-0.559068	0.000000
-0.140330	-0.112670	0.000000
-0.016246	-0.105819	0.000000
-0.331585	-0.071874	0.000000
-0.298091	-0.651568	0.000000
-0.326551	0.833491	0.000000
0.057240	-0.372479	0.000000
-0.861424	0.102806	0.000000
-0.377308	0.303297	0.000000
-0.262482	-0.702843	0.000000
-0.747578	0.388388	0.000000
-0.708314	-0.141392	0.000000
-0.311045	-0.323910	0.000000
-0.403307	-0.704785	0.000000
-0.401355	0.209319	0.000000
0.974914	-0.030125	0.000000
0.082474	-0.233627	0.000000
0.179288	-0.057838	0.000000
-0.256680	-0.324837	0.000000
-0.482556	-0.768355	0.000000
-0.527384	-0.390050	0.000000
-0.376698	0.079608	0.000000
-0.241383	0.780172	0.000000
-0.083528	0.536248	0.000000
-0.229194	-0.325490	0.000000
-0.421762	-0.256110	0.000000
-0.068647	-0.565361	0.000000
-0.541057	0.198207	0.000000
-0.087594	-0.447777	0.000000
-0.452691	0.079621	0.000000
-0.732832	-0.147514	0.000000
-0.567566	-0.363626	0.000000
0.005779	0.488404	0.000000
-0.454251	-0.672810	0.000000
-0.233033	-0.350765	0.000000
-0.207394	-0.767178	0.000000
-0.436227	-0.511640	0.000000
0.031621	0.375073	0.000000
-0.138960	0.230144	0.000000
-0.545482	-0.356246	0.000000
-0.476663	0.460601	0.000000
-0.295350	-0.774610	0.000000
-0.339398	-0.184727	0.000000
-0.629341	0.530491	0.000000
-0.203719	0.161106	0.000000
-0.239692	-0.310599	0.000000
-0.045054	0.212094	0.000000
-0.462459	-0.099651	0.000000
-0.015955	-0.288337	0.000000
0.119402	-0.065582	0.000000
-0.017572	0.334298	0.000000
-0.626462	0.572782	0.000000
-0.369436	-0.638933	0.000000
-0.455328	-0.150069	0.000000
-0.109209	0.186406	0.000000
-0.239476	0.636600	0.000000
-0.181513	-0.550333	0.000000
-0.382579	0.425050	0.000000
0.116801	0.002359	0.000000
0.007592	0.567619	0.000000
-0.777368	-0.122461	0.000000
-0.741782	0.240730	0.000000
-0.347093	-0.264250	0.000000
-0.325883	0.685390	0.000000
0.012533	0.033027	0.000000
-0.943985	0.057164	0.000000
-0.262286	0.314379	0.000000
-0.294285	-0.206947	0.000000
-0.370163	-0.227082	0.000000
-0.315372	-0.518539	0.000000
-0.363041	-0.105994	0.000000
0.054744	-0.437036	0.000000
-0.344858	-0.126353	0.000000
-0.003269	-0.533160	0.000000
-0.415563	-0.328354	0.000000
-0.817424	0.029590	0.000000
-0.211362	-0.064426	0.000000
-0.334306	-0.142290	0.000000
-0.429660	0.289006	0.000000
-0.275844	0.506541	0.000000
0.169151	-0.022149	0.000000
-0.600840	0.052456	0.000000
-0.235721	-0.293865	0.000000
-0.197106	-0.341783	0.000000
-0.140438	-0.303511	0.000000
-0.011696	0.094972	0.000000
-0.593163	0.505902	0.000000
0.004596	-0.569221	0.000000
-0.339244	-0.491009	0.000000
0.002669	-0.673919	0.000000
-0.035739	0.312534	0.000000
-0.814330	-0.277550	0.000000
-0.922259	-0.537824	0.000000
-0.315236	-0.592063	0.000000
-0.289249	-0.651237	0.000000
0.112799	0.159857	0.000000
-0.001640	0.413503	0.000000
-0.646438	0.780226	0.000000
0.074342	-0.016826	0.000000
-0.383435	-0.088862	0.000000
-0.395917	0.512733	0.000000
-0.242554	-0.502233	0.000000
-0.322666	0.036301	0.000000
-0.914948	-0.026776	0.000000
-0.610780	-0.171237	0.000000
-0.577756	-0.027066	0.000000
-0.317940	-0.314727	0.000000
-0.387038	-0.334680	0.000000
-0.127868	0.028366	0.000000
-0.167245	-0.049413	0.000000
-0.776157	-0.121748	0.000000
0.121751	0.266984	0.000000
-0.593352	0.902431	0.000000
-0.565828	-0.238827	0.000000
-0.152809	-0.124531	0.000000
-0.528402	0.119264	0.000000
-0.235883	-0.365842	0.000000
-0.014579	0.510923	0.000000
0.057521	0.232116	0.000000
-0.152182	-0.310531	0.000000
-0.121729	0.208192	0.000000
-0.282221	-0.450869	0.000000
-0.633644	0.997492	0.000000
-0.316398	-0.409355	0.000000
-0.220226	-0.299466	0.000000
-0.283990	0.606416	0.000000
0.096469	0.056198	0.000000
-0.332686	-0.214950	0.000000
-0.917370	-0.040143	0.000000
-0.616878	0.519286	0.000000
-0.302113	0.026872	0.000000
-0.474102	-0.086020	0.000000
-0.257854	0.535071	0.000000
-0.518409	-0.589458	0.000000
-0.119466	-0.472519	0.000000
-0.091668	0.226851	0.000000
-0.316191	-0.858968	0.000000
-0.311252	0.025937	0.000000
-0.621542	-0.481919	0.000000
-0.778190	-0.062603	0.000000
-0.449510	-0.321302	0.000000
-0.331076	0.253097	0.000000
-0.273501	-0.144458	0.000000
-0.113214	0.502339	0.000000
-0.281171	0.432205	0.000000
-0.146013	-0.747895	0.000000
0.023047	0.064358	0.000000
0.058305	0.260777	0.000000
-0.140164	-0.627971	0.000000
-0.223901	0.615840	0.000000
-0.396673	-0.146167	0.000000
-0.531094	0.017353	0.000000
0.001335	-0.052822	0.000000
-0.139383	0.537528	0.000000
-0.334122	0.277545	0.000000
0.186042	-0.082271	0.000000
0.094707	-0.032187	0.000000
-0.697833	-0.242771	0.000000
0.055100	-0.516171	0.000000
-0.678111	0.331945	0.000000
-0.558448	-0.279511	0.000000
-0.282144	-0.021508	0.000000
-0.206873	0.445627	0.000000
-0.373699	-0.020675	0.000000
-0.534069	-0.352872	0.000000
-0.128582	0.559238	0.000000
-0.187629	0.110082	0.000000
-0.412011	0.781934	0.000000
-0.230360	0.535329	0.000000
-0.290483	-0.097625	0.000000
0.062331	-0.058733	0.000000
-0.294573	-0.781012	0.000000
0.127747	0.196939	0.000000
-0.174410	0.313813	0.000000
-0.435793	-0.243481	0.000000
-0.278340	0.393922	0.000000
0.092109	-0.530312	0.000000
0.023497	-0.077030	0.000000
0.111189	-0.481082	0.000000
-0.284237	-0.358723	0.000000
-0.341044	0.145278	0.000000
-0.071671	0.366655	0.000000
0.151958	-0.170046	0.000000
-0.572081	0.415666	0.000000
-0.923744	0.032673	0.000000
-0.020370	-0.632732	0.000000
0.005465	-0.678965	0.000000
0.048313	-0.375088	0.000000
0.116507	0.154713	0.000000
-0.746041	-0.091104	0.000000
-0.144223	-0.179282	0.000000
-0.274198	-0.378954	0.000000
-0.366185	0.677593	0.000000
-0.040176	0.563320	0.000000
-0.487273	-0.402071	0.000000
-0.587046	0.567824	0.000000
-0.440058	-0.797763	0.000000
0.099116	-0.493558	0.000000
-0.287437	0.669498	0.000000
0.003251	0.075603	0.000000
-0.698051	0.697414	0.000000
-0.028955	0.287441	0.000000
-0.239124	-0.363269	0.000000
-0.608443	0.692085	0.000000
-0.247341	-0.029704	0.000000
-0.144418	-0.013205	0.000000
-0.099093	-0.736803	0.000000
-0.299875	-0.451651	0.000000
-0.524002	-0.048386	0.000000
-0.098448	0.481858	0.000000
-0.306732	-0.261523	0.000000
-0.173540	-0.025382	0.000000
0.083217	0.000119	0.000000
-0.351879	-0.887206	0.000000
-0.143352	0.610925	0.000000
0.182388	0.053461	0.000000
0.094600	0.171271	0.000000
-0.664840	0.709930	0.000000
-0.248113	-0.308043	0.000000
0.146442	-0.058018	0.000000
-0.039759	0.065539	0.000000
0.069687	-0.434149	0.000000
-0.903011	-0.509344	0.000000
-0.282069	0.358769	0.000000
-0.433527	-0.440170	0.000000
-0.318089	0.641884	0.000000
-0.062405	-0.135509	0.000000
-0.384084	0.308085	0.000000
-0.216362	-0.321087	0.000000
-0.361895	-0.300641	0.000000
0.046983	-0.273438	0.000000
-0.407943	-0.608643	0.000000
-0.191371	-0.338623	0.000000
-0.422491	-0.147473	0.000000
-0.263972	-0.689111	0.000000
-0.620663	0.054642	0.000000
-0.366824	-0.594118	0.000000
0.091765	-0.383120	0.000000
-0.786461	0.643872	0.000000
-0.274404	-0.103816	0.000000
-0.212528	0.205452	0.000000
-0.290114	-0.458899	0.000000
0.098636	0.031264	0.000000
-0.663379	0.655903	0.000000
0.025189	-0.299426	0.000000
-0.096655	0.073308	0.000000
-0.421884	-0.326670	0.000000
-0.832944	-0.160896	0.000000
-0.139406	-0.117332	0.000000
-0.579113	0.807630	0.000000
-0.447174	-0.369561	0.000000
-0.484329	-0.783990	0.000000
-0.726481	0.097435	0.000000
-0.183639	-0.326886	0.000000
-0.434809	-0.361972	0.000000
-0.259359	-0.139530	0.000000
-0.424059	0.308430	0.000000
-0.176700	0.717518	0.000000
-0.259536	-0.137273	0.000000
-0.494387	0.091769	0.000000
-0.811255	-0.293515	0.000000
-0.078301	0.665719	0.000000
-0.121647	0.177829	0.000000
-0.972264	-0.566610	0.000000
-0.560735	-0.124633	0.000000
-0.112424	-0.028577	0.000000
-0.123994	-0.387929	0.000000
0.083154	0.035388	0.000000
-0.098389	-0.103577	0.000000
-0.382414	0.863502	0.000000
0.077430	-0.605421	0.000000
-0.262134	-0.237769	0.000000
-0.275779	0.495069	0.000000
-0.198790	-0.634248	0.000000
-0.447222	-0.173144	0.000000
-0.572740	0.496980	0.000000
-0.162874	0.150067	0.000000
0.944951	0.411070	0.000000
-0.187091	-0.155602	0.000000
-0.390136	-0.590527	0.000000
-0.245806	-0.323518	0.000000
-0.361129	0.822320	0.000000
-0.139875	-0.616343	0.000000
0.119750	-0.289680	0.000000
-0.533635	0.774446	0.000000
-0.118152	0.374993	0.000000
-0.398413	0.321606	0.000000
-0.340687	0.761583	0.000000
-0.416481	-0.138145	0.000000
-0.364568	0.581793	0.000000
-0.053316	-0.277106	0.000000
-0.326383	-0.369608	0.000000
-0.326682	0.280796	0.000000
-0.216934	-0.094660	0.000000
-0.927324	-0.515584	0.000000
-0.016199	0.232545	0.000000
-0.916560	-0.531581	0.000000
-0.662781	0.577541	0.000000
-0.698421	-0.286504	0.000000
-0.473636	0.532125	0.000000
-0.368252	-0.152323	0.000000
-0.397688	-0.636755	0.000000
-0.016693	-0.728318	0.000000
0.082297	-0.488808	0.000000
-0.190873	-0.342502	0.000000
-0.351239	-0.218672	0.000000
-0.105724	0.269608	0.000000
-0.351197	-0.159741	0.000000
-0.132489	0.269773	0.000000
-0.348944	0.395596	0.000000
-0.564942	-0.136137	0.000000
-0.088034	-0.050912	0.000000
0.092659	0.253085	0.000000
-0.278946	-0.382081	0.000000
-0.779223	-0.109430	0.000000
0.971013	-0.002864	0.000000
-0.421566	0.233740	0.000000
0.971663	0.360431	0.000000
-0.606630	0.449594	0.000000
-0.538908	0.794533	0.000000
-0.017024	0.124748	0.000000
-0.785411	0.179711	0.000000
0.041991	-0.312586	0.000000
0.043685	0.399410	0.000000
-0.394106	-0.049765	0.000000
0.013522	0.343788	0.000000
-0.377870	-0.298668	0.000000
-0.228026	-0.518227	0.000000
-0.221896	-0.601753	0.000000
-0.660298	0.084004	0.000000
-0.121723	0.035567	0.000000
-0.216301	0.385199	0.000000
-0.299780	-0.512344	0.000000
-0.544487	0.568192	0.000000
-0.675162	0.706311	0.000000
0.033918	0.307621	0.000000
-0.182676	-0.437806	0.000000
-0.252781	0.601996	0.000000
-0.620578	-0.409971	0.000000
-0.445595	-0.748034	0.000000
-0.274399	0.405512	0.000000
-0.357425	-0.137239	0.000000
0.084488	0.153175	0.000000
-0.050310	-0.212138	0.000000
-0.603520	0.843276	0.000000
0.006755	0.535737	0.000000
-0.264983	0.494686	0.000000
-0.019551	0.474645	0.000000
0.112510	-0.225191	0.000000
0.146345	0.164125	0.000000
-0.445864	-0.078578	0.000000
-0.087865	0.462666	0.000000
-0.064906	0.237227	0.000000
-0.279680	-0.422279	0.000000
-0.109221	0.334980	0.000000
-0.333284	0.756788	0.000000
-0.075423	-0.249316	0.000000
-0.256822	0.048844	0.000000
-0.631583	0.503333	0.000000
-0.336985	-0.221368	0.000000
-0.245168	-0.536392	0.000000
0.087195	0.428973	0.000000
-0.306089	0.549945	0.000000
0.029987	-0.044490	0.000000
-0.044114	0.395926	0.000000
-0.288834	-0.522812	0.000000
0.157807	0.036395	0.000000
0.066721	-0.136407	0.000000
-0.496604	-0.683874	0.000000
0.090999	-0.516785	0.000000
-0.089254	0.191840	0.000000
-0.194664	-0.511576	0.000000
-0.179133	0.699516	0.000000
-0.732374	0.631596	0.000000
-0.307252	-0.339182	0.000000
-0.196544	-0.009123	0.000000
-0.172113	0.028262	0.000000
-0.002174	-0.295577	0.000000
-0.158709	0.488178	0.000000
-0.517198	-0.520941	0.000000
-0.001434	-0.664060	0.000000
-0.406333	-0.751871	0.000000
-0.324252	-0.605443	0.000000
-0.380868	0.304841	0.000000
-0.443558	0.267270	0.000000
0.005291	-0.399072	0.000000
0.094702	-0.271810	0.000000
-0.623718	0.533173	0.000000
0.118537	0.182343	0.000000
-0.397064	0.297806	0.000000
-0.154120	-0.764427	0.000000
0.111826	0.284508	0.000000
-0.530378	0.049212	0.000000
0.118996	-0.280715	0.000000
-0.158840	0.591893	0.000000
-0.097020	-0.063091	0.000000
-0.697082	-0.140975	0.000000
-0.026946	-0.084983	0.000000
-0.222247	-0.355879	0.000000
-0.342016	0.728165	0.000000
-0.622825	-0.031465	0.000000
-0.203072	-0.744348	0.000000
-0.383206	0.640974	0.000000
-0.763197	0.162833	0.000000
-0.338770	-0.122129	0.000000
0.118485	0.372774	0.000000
-0.308983	0.566062	0.000000
-0.476388	-0.332017	0.000000
-0.109436	-0.639146	0.000000
-0.595240	-0.228934	0.000000
-0.309826	0.656569	0.000000
-0.219248	0.240286	0.000000
-0.276322	-0.064137	0.000000
-0.213018	0.575206	0.000000
0.042200	-0.416287	0.000000
-0.225395	-0.408405	0.000000
-0.196577	0.294004	0.000000
0.069864	-0.089221	0.000000
-0.488360	-0.585701	0.000000
0.052295	0.164735	0.000000
-0.283022	-0.629184	0.000000
-0.775242	0.589008	0.000000
0.055759	0.490928	0.000000
-0.404776	0.050520	0.000000
-0.444697	-0.005940	0.000000
-0.548984	-0.212044	0.000000
-0.163500	0.468068	0.000000
-0.348518	-0.241816	0.000000
-0.164433	-0.725247	0.000000
-0.371426	-0.367716	0.000000
-0.463913	-0.452798	0.000000
-0.171903	-0.244327	0.000000
-0.400717	-0.119152	0.000000
-0.489667	0.217970	0.000000
-0.298113	0.050049	0.000000
-0.454656	-0.259612	0.000000
0.187725	-0.070581	0.000000
-0.104616	0.252327	0.000000
-0.220896	-0.140288	0.000000
-0.440202	-0.320730	0.000000
-0.670924	0.732441	0.000000
-0.594306	0.844130	0.000000
-0.292300	0.618009	0.000000
-0.238350	-0.569953	0.000000
-0.054611	-0.178840	0.000000
-0.424053	-0.042853	0.000000
-0.093686	0.167381	0.000000
-0.347436	-0.702108	0.000000
-0.461682	-0.688100	0.000000
-0.433721	-0.471420	0.000000
-0.264110	-0.196642	0.000000
0.130951	0.364348	0.000000
-0.329185	-0.516880	0.000000
-0.120393	-0.563353	0.000000
-0.305040	-0.556129	0.000000
-0.482516	-0.410023	0.000000
-0.300164	-0.545808	0.000000
-0.542711	-0.388089	0.000000
-0.866984	0.134473	0.000000
-0.581167	0.029096	0.000000
-0.234223	0.103241	0.000000
-0.391117	0.453294	0.000000
-0.399558	0.116558	0.000000
-0.317422	0.430263	0.000000
-0.280384	0.167706	0.000000
-0.208369	-0.636223	0.000000
-0.199672	-0.618139	0.000000
-0.412620	-0.338851	0.000000
-0.470638	-0.229110	0.000000
-0.035045	-0.483980	0.000000
-0.259091	-0.159106	0.000000
-0.388970	0.740247	0.000000
-0.306479	-0.365314	0.000000
-0.138753	-0.244707	0.000000
-0.602012	-0.519856	0.000000
-0.152259	-0.230055	0.000000
-0.068227	0.711696	0.000000
-0.815232	-0.277155	0.000000
-0.381671	0.326777	0.000000
-0.915943	-0.504093	0.000000
-0.553819	-0.038229	0.000000
-0.491127	0.365683	0.000000
-0.120643	-0.698398	0.000000
-0.119810	-0.236856	0.000000
-0.258494	-0.508202	0.000000
-0.004390	-0.445047	0.000000
-0.293022	-0.318322	0.000000
0.025504	-0.615423	0.000000
0.039381	0.002732	0.000000
0.153782	-0.078703	0.000000
-0.541583	0.759150	0.000000
-0.213824	-0.042083	0.000000
-0.016997	0.165096	0.000000
-0.295423	0.468256	0.000000
-0.685556	0.639409	0.000000
-0.149436	0.368091	0.000000
0.154045	-0.086666	0.000000
-0.559936	-0.527629	0.000000
0.030387	0.008817	0.000000
-0.176823	-0.532602	0.000000
0.005003	-0.709698	0.000000
0.117084	0.278382	0.000000
-0.214145	0.008953	0.000000
0.138747	0.062393	0.000000
-0.394922	-0.528557	0.000000
-0.033886	-0.519010	0.000000
-0.068974	0.230102	0.000000
-0.245077	-0.515787	0.000000
0.041255	0.133265	0.000000
-0.251059	-0.043109	0.000000
-0.798666	0.322547	0.000000
-0.396043	-0.135102	0.000000
-0.039748	-0.510419	0.000000
-0.652592	-0.311992	0.000000
-0.539083	-0.676604	0.000000
0.100734	-0.401162	0.000000
-0.422125	-0.093700	0.000000
-0.378137	-0.450711	0.000000
-0.574136	0.541875	0.000000
-0.307211	-0.080067	0.000000
0.011248	-0.646058	0.000000
-0.387121	-0.075437	0.000000
-0.140323	0.246604	0.000000
-0.213298	0.519838	0.000000
-0.184017	0.698149	0.000000
-0.311722	-0.446419	0.000000
0.099078	-0.321578	0.000000
-0.477466	0.124954	0.000000
-0.202718	-0.032105	0.000000
-0.325731	0.005657	0.000000
-0.336000	0.793287	0.000000
-0.804669	0.151314	0.000000
-0.391087	0.207012	0.000000
-0.247760	0.476375	0.000000
0.039702	0.088539	0.000000
-0.079815	-0.803177	0.000000
0.115154	-0.016893	0.000000
-0.397222	0.227877	0.000000
-0.129884	0.735041	0.000000
-0.122280	0.164800	0.000000
-0.127362	-0.454820	0.000000
-0.129763	0.477965	0.000000
-0.613875	0.451402	0.000000
-0.368269	-0.283726	0.000000
-0.129426	0.510257	0.000000
-0.556497	-0.054848	0.000000
-0.544896	-0.176656	0.000000
0.152432	0.064707	0.000000
-0.905731	-0.681688	0.000000
-0.273405	0.595018	0.000000
-0.107214	0.065348	0.000000
-0.176231	-0.675906	0.000000
-0.489108	-0.051893	0.000000
-0.932843	-0.502377	0.000000
-0.077320	0.477548	0.000000
-0.338307	-0.361390	0.000000
-0.044850	0.494266	0.000000
-0.509286	0.468915	0.000000
-0.254711	-0.249381	0.000000
-0.806994	0.037812	0.000000
-0.304048	0.409882	0.000000
-0.113324	0.155680	0.000000
-0.563989	0.602348	0.000000
-0.057541	-0.745896	0.000000
-0.190953	-0.591819	0.000000
-0.632470	0.429415	0.000000
0.045315	-0.005007	0.000000
-0.018713	0.183587	0.000000
-0.809536	-0.291857	0.000000
-0.234145	-0.075816	0.000000
-0.417832	0.115874	0.000000
-0.215541	0.564861	0.000000
0.008586	0.453151	0.000000
-0.157193	-0.588753	0.000000
0.128256	0.341605	0.000000
-0.867112	-0.014001	0.000000
-0.516530	0.575710	0.000000
-0.449260	0.295156	0.000000
-0.368619	0.847792	0.000000
0.079908	0.307254	0.000000
-0.131796	-0.323156	0.000000
0.067747	0.103147	0.000000
-0.575431	0.843311	0.000000
-0.166529	-0.626036	0.000000
-0.386193	-0.078268	0.000000
0.063057	-0.198831	0.000000
-0.070866	0.480535	0.000000
-0.068439	-0.177923	0.000000
0.165219	0.011526	0.000000
0.117192	0.127395	0.000000
-0.567097	0.829095	0.000000
-0.386699	0.391612	0.000000
-0.195712	0.496514	0.000000
-0.207356	0.416348	0.000000
-0.282283	-0.012063	0.000000
-0.465203	-0.374851	0.000000
-0.391765	-0.006996	0.000000
-0.016146	0.050351	0.000000
-0.231994	0.332518	0.000000
-0.426580	0.091761	0.000000
-0.330672	-0.242649	0.000000
-0.229129	-0.601156	0.000000
-0.532292	0.446102	0.000000
-0.283408	-0.525729	0.000000
-0.252064	0.348112	0.000000
-0.320965	0.360111	0.000000
-0.481474	-0.099043	0.000000
-0.765676	0.153389	0.000000
-0.577650	-0.293406	0.000000
-0.044772	0.487175	0.000000
-0.140256	-0.796607	0.000000
-0.022398	0.593337	0.000000
-0.175825	-0.603895	0.000000
-0.498755	-0.010171	0.000000
-0.648117	-0.128931	0.000000
-0.569141	-0.434555	0.000000
-0.661569	0.757963	0.000000
-0.545536	0.438731	0.000000
-0.811786	-0.291589	0.000000
-0.199292	-0.254689	0.000000
-0.101149	-0.548172	0.000000
0.062062	-0.043950	0.000000
-0.761563	-0.149283	0.000000
-0.152114	0.674915	0.000000
0.027506	0.048224	0.000000
-0.186702	0.439868	0.000000
0.019433	-0.246513	0.000000
-0.268428	0.395903	0.000000
-0.679040	0.444363	0.000000
-0.120348	-0.025664	0.000000
-0.620630	0.359833	0.000000
-0.320107	-0.562901	0.000000
0.080249	-0.146990	0.000000
-0.527040	-0.172304	0.000000
-0.557015	0.618390	0.000000
-0.292099	-0.433596	0.000000
-0.353041	-0.021359	0.000000
-0.053469	0.205991	0.000000
-0.469884	-0.679391	0.000000
-0.674826	0.524409	0.000000
0.923850	0.489158	0.000000
-0.290531	-0.300897	0.000000
-0.631613	-0.134900	0.000000
-0.882813	0.145176	0.000000
-0.652060	0.708897	0.000000
-0.233680	-0.626728	0.000000
0.111462	-0.139802	0.000000
-0.568666	0.678294	0.000000
-0.345263	0.414339	0.000000
-0.696556	0.627444	0.000000
-0.401228	-0.549857	0.000000
-0.006203	0.174583	0.000000
0.030180	0.455674	0.000000
-0.646891	0.419503	0.000000
-0.154518	-0.336492	0.000000
0.026774	-0.509131	0.000000
-0.290856	0.104495	0.000000
-0.458768	-0.131451	0.000000
-0.062466	0.521931	0.000000
-0.001794	-0.399896	0.000000
-0.522098	-0.658328	0.000000
-0.330896	-0.496356	0.000000
-0.716866	0.510348	0.000000
-0.338258	-0.225849	0.000000
-0.108502	-0.060378	0.000000
-0.399950	-0.364296	0.000000
-0.920557	-0.542904	0.000000
-0.021917	-0.495027	0.000000
-0.145627	-0.198463	0.000000
0.101838	-0.185712	0.000000
0.082285	0.109888	0.000000
0.089168	0.217395	0.000000
-0.173717	0.386380	0.000000
-0.021436	0.426454	0.000000
0.106789	-0.031676	0.000000
-0.257828	-0.331380	0.000000
-0.539515	0.519837	0.000000
-0.444417	0.265311	0.000000
-0.356527	0.353920	0.000000
-0.422656	-0.588630	0.000000
-0.328876	-0.483450	0.000000
-0.575308	0.494636	0.000000
-0.598808	-0.449130	0.000000
0.116946	0.021726	0.000000
0.001732	0.123210	0.000000
-0.346533	-0.740722	0.000000
-0.916477	-0.030346	0.000000
-0.311252	-0.204967	0.000000
-0.429979	-0.139906	0.000000
0.143502	0.184432	0.000000
-0.157532	-0.303653	0.000000
-0.219916	0.522784	0.000000
-0.149451	0.711041	0.000000
-0.488748	-0.337549	0.000000
-0.347491	-0.125417	0.000000
-0.786649	0.204398	0.000000
-0.364423	-0.532605	0.000000
-0.249217	-0.341323	0.000000
-0.924866	-0.517529	0.000000
-0.231911	-0.031385	0.000000
-0.116927	-0.663256	0.000000
-0.269849	0.784623	0.000000
-0.577666	0.536924	0.000000
-0.343817	-0.132818	0.000000
-0.010691	0.613602	0.000000
-0.568972	0.417721	0.000000
-0.355132	0.019193	0.000000
-0.104819	-0.038866	0.000000
-0.212889	0.479053	0.000000
-0.229591	-0.431438	0.000000
-0.678088	0.601730	0.000000
-0.399567	-0.052709	0.000000
-0.009042	-0.188146	0.000000
-0.376334	-0.414531	0.000000
-0.466295	0.143679	0.000000
-0.024689	-0.484246	0.000000
-0.291862	-0.152546	0.000000
-0.195918	0.019389	0.000000
-0.323923	-0.189927	0.000000
-0.875824	0.266304	0.000000
-0.377377	-0.079208	0.000000
-0.573840	0.571083	0.000000
-0.287890	-0.371348	0.000000
-0.408445	0.163764	0.000000
-0.020810	0.604326	0.000000
0.058795	-0.094785	0.000000
-0.496631	-0.603886	0.000000
-0.334653	0.710097	0.000000
-0.269513	-0.488108	0.000000
-0.550750	0.549553	0.000000
0.148384	0.113160	0.000000
-0.386741	-0.600752	0.000000
-0.815804	0.087416	0.000000
-0.658449	0.710754	0.000000
-0.113223	0.454899	0.000000
-0.660149	0.756404	0.000000
-0.190298	-0.043705	0.000000
-0.923868	0.363627	0.000000
-0.852894	-0.109035	0.000000
0.017684	-0.637123	0.000000
0.049814	0.061538	0.000000
-0.564465	0.478883	0.000000
-0.338037	0.436214	0.000000
-0.559458	0.446314	0.000000
-0.354509	-0.128349	0.000000
0.017204	-0.319233	0.000000
-0.232228	0.786890	0.000000
-0.223686	0.545214	0.000000
0.063153	-0.599951	0.000000
-0.485269	-0.390095	0.000000
-0.354182	-0.271434	0.000000
-0.137966	0.377990	0.000000
0.054958	-0.327298	0.000000
-0.604927	-0.223294	0.000000
0.987380	0.069893	0.000000
0.021843	-0.642899	0.000000
-0.638140	0.981583	0.000000
-0.298078	-0.112617	0.000000
-0.463832	-0.795921	0.000000
-0.160572	-0.438066	0.000000
-0.065335	-0.738988	0.000000
-0.132034	-0.338861	0.000000
-0.266311	-0.178925	0.000000
-0.703915	0.213517	0.000000
-0.200328	0.248680	0.000000
0.032625	-0.012281	0.000000
-0.261127	0.247483	0.000000
-0.120985	-0.752578	0.000000
-0.745709	0.533441	0.000000
-0.503768	-0.238444	0.000000
-0.232862	-0.293489	0.000000
-0.247508	-0.490250	0.000000
0.044553	-0.037974	0.000000
-0.174949	-0.410546	0.000000
-0.269801	0.651997	0.000000
-0.236592	0.511333	0.000000
-0.276589	-0.321845	0.000000
-0.249649	-0.006222	0.000000
0.101016	0.239283	0.000000
-0.199865	-0.303123	0.000000
-0.204021	-0.359193	0.000000
-0.071862	-0.735430	0.000000
-0.595870	-0.368819	0.000000
-0.218967	0.665905	0.000000
-0.067022	-0.166357	0.000000
-0.133764	-0.502334	0.000000
-0.014038	0.001387	0.000000
-0.588582	0.135122	0.000000
0.012598	-0.646612	0.000000
-0.412625	0.253590	0.000000
-0.006264	0.097287	0.000000
0.028838	0.258498	0.000000
-0.464553	-0.410549	0.000000
-0.330523	0.497354	0.000000
-0.070776	0.712249	0.000000
-0.057709	-0.663449	0.000000
-0.226309	0.777597	0.000000
-0.629844	0.547514	0.000000
-0.083613	-0.153656	0.000000
0.046429	-0.649998	0.000000
0.128311	-0.103502	0.000000
-0.307114	0.223641	0.000000
-0.073766	0.468609	0.000000
-0.323068	-0.780879	0.000000
-0.304398	-0.334774	0.000000
-0.077390	0.398962	0.000000
-0.747128	0.337640	0.000000
-0.359479	-0.808360	0.000000
-0.560787	-0.367549	0.000000
-0.209690	-0.789861	0.000000
-0.278063	-0.330417	0.000000
-0.030005	-0.467266	0.000000
0.066663	-0.513165	0.000000
0.054167	0.279630	0.000000
0.075217	0.171619	0.000000
-0.759960	-0.205397	0.000000
-0.276804	-0.504429	0.000000
-0.358907	0.339456	0.000000
-0.579028	0.472492	0.000000
-0.013371	-0.389368	0.000000
0.099422	-0.149505	0.000000
-0.125363	0.179490	0.000000
-0.331580	-0.730214	0.000000
-0.063636	0.130107	0.000000
-0.390253	0.808890	0.000000
-0.291813	0.595435	0.000000
0.024750	-0.308586	0.000000
-0.623286	0.599315	0.000000
-0.207830	-0.324061	0.000000
-0.352918	0.847466	0.000000
-0.790436	0.231553	0.000000
-0.320459	-0.097291	0.000000
-0.619258	0.925394	0.000000
-0.374865	-0.647226	0.000000
0.019730	0.220514	0.000000
0.076639	-0.456448	0.000000
-0.437485	-0.445475	0.000000
-0.063556	0.070389	0.000000
-0.698102	0.820215	0.000000
0.073145	0.173017	0.000000
-0.139381	-0.238293	0.000000
-0.566575	0.609963	0.000000
-0.253771	-0.382380	0.000000
0.133581	-0.058419	0.000000
-0.252279	-0.456308	0.000000
-0.186371	-0.432796	0.000000
-0.206248	-0.818975	0.000000
0.978594	0.125297	0.000000
-0.122314	0.435892	0.000000
-0.249392	-0.124686	0.000000
0.068413	0.301644	0.000000
-0.345767	0.727702	0.000000
-0.525319	-0.551312	0.000000
-0.209426	0.323834	0.000000
-0.181956	0.465384	0.000000
-0.514295	-0.072763	0.000000
-0.021249	0.133775	0.000000
-0.359833	0.736148	0.000000
-0.368780	0.645264	0.000000
-0.288131	0.506507	0.000000
-0.531540	-0.198042	0.000000
-0.473714	0.060446	0.000000
0.013476	0.353345	0.000000
-0.207606	-0.049534	0.000000
-0.426712	-0.704456	0.000000
-0.703006	0.786780	0.000000
-0.410735	-0.426605	0.000000
-0.512682	0.652801	0.000000
-0.000805	0.593142	0.000000
-0.313367	-0.355065	0.000000
-0.831083	-0.133608	0.000000
-0.355749	0.614788	0.000000
-0.169298	-0.053609	0.000000
-0.025416	0.609227	0.000000
-0.056927	-0.129472	0.000000
-0.646942	0.716602	0.000000
-0.275257	0.282219	0.000000
-0.291139	0.562401	0.000000
-0.931615	-0.655147	0.000000
-0.289024	0.717113	0.000000
-0.566787	-0.425244	0.000000
-0.500711	-0.693725	0.000000
-0.059860	0.377192	0.000000
-0.111316	0.561751	0.000000
-0.415506	0.266496	0.000000
-0.634495	0.970813	0.000000
-0.955897	0.063049	0.000000
-0.924566	-0.521823	0.000000
-0.189717	-0.268896	0.000000
-0.491940	-0.128457	0.000000
0.015463	0.087873	0.000000
-0.086810	0.619107	0.000000
-0.308201	0.700529	0.000000
-0.476735	-0.610533	0.000000
-0.629895	-0.484012	0.000000
-0.380143	0.206562	0.000000
-0.684433	-0.018485	0.000000
-0.103924	-0.551351	0.000000
-0.451381	-0.300848	0.000000
-0.385589	-0.440883	0.000000
-0.528386	0.579998	0.000000
-0.419846	0.231066	0.000000
-0.326506	0.721871	0.000000
-0.305732	-0.075537	0.000000
-0.748062	-0.233566	0.000000
-0.287573	-0.253629	0.000000
-0.505273	-0.225739	0.000000
-0.172247	-0.066230	0.000000
-0.160832	-0.390700	0.000000
0.107370	-0.293090	0.000000
-0.251512	0.492515	0.000000
-0.394748	0.176209	0.000000
-0.638726	0.520698	0.000000
0.136890	0.050836	0.000000
-0.743053	-0.176873	0.000000
-0.783113	-0.142519	0.000000
-0.250863	-0.527332	0.000000
-0.345772	-0.232742	0.000000
-0.329213	-0.307625	0.000000
-0.490251	-0.449912	0.000000
0.051891	0.289146	0.000000
-0.181820	0.173107	0.000000
-0.284421	-0.292389	0.000000
-0.382827	0.295761	0.000000
-0.710101	0.729815	0.000000
0.990814	0.080367	0.000000
-0.218802	0.434054	0.000000
-0.010732	0.133013	0.000000
-0.074177	0.230138	0.000000
-0.405163	0.374947	0.000000
-0.275252	0.430866	0.000000
-0.312177	0.008584	0.000000
-0.284092	0.577842	0.000000
-0.112420	0.200533	0.000000
-0.172529	-0.280095	0.000000
-0.188487	0.254061	0.000000
-0.027171	0.464981	0.000000
-0.534042	-0.372251	0.000000
-0.283961	-0.137089	0.000000
-0.196010	-0.605976	0.000000
0.003493	-0.209429	0.000000
-0.300985	-0.384583	0.000000
-0.314569	0.448894	0.000000
-0.261778	0.724517	0.000000
-0.044100	0.529752	0.000000
-0.040528	-0.775490	0.000000
-0.394614	-0.250274	0.000000
-0.150469	0.537123	0.000000
-0.022887	0.530428	0.000000
-0.068253	-0.085452	0.000000
-0.126343	-0.301732	0.000000
0.110641	0.220661	0.000000
0.033352	0.554513	0.000000
-0.189431	0.437739	0.000000
0.085357	-0.518160	0.000000
-0.633160	0.766586	0.000000
-0.177593	-0.598974	0.000000
0.039473	-0.220484	0.000000
-0.159454	-0.152307	0.000000
-0.092312	-0.081910	0.000000
-0.269949	-0.239661	0.000000
-0.334954	-0.234089	0.000000
-0.459445	-0.808426	0.000000
-0.125908	0.382641	0.000000
-0.065529	-0.478367	0.000000
-0.247887	0.624050	0.000000
-0.520692	0.560821	0.000000
-0.113468	-0.265695	0.000000
-0.090654	0.383426	0.000000
-0.042688	-0.362390	0.000000
-0.572612	0.299830	0.000000
-0.247248	-0.473054	0.000000
-0.245280	-0.224409	0.000000
-0.441430	-0.578140	0.000000
-0.693992	0.665418	0.000000
0.047296	-0.353343	0.000000
-0.296788	0.218132	0.000000
-0.111948	-0.180891	0.000000
0.973028	0.266728	0.000000
-0.355919	0.724909	0.000000
-0.391341	-0.728032	0.000000
-0.144089	-0.247204	0.000000
-0.205519	-0.540206	0.000000
-0.291271	-0.486668	0.000000
-0.248918	-0.389956	0.000000
-0.568540	-0.406245	0.000000
-0.243353	-0.181389	0.000000
-0.369645	-0.606502	0.000000
-0.271153	-0.311902	0.000000
-0.589154	-0.099449	0.000000
-0.276619	0.468880	0.000000
-0.727064	0.643645	0.000000
-0.306429	0.310166	0.000000
-0.119035	0.452619	0.000000
-0.265236	-0.260069	0.000000
-0.200016	0.585936	0.000000
-0.503150	-0.193740	0.000000
-0.416153	-0.323738	0.000000
0.115460	0.371727	0.000000
-0.257181	-0.329490	0.000000
-0.435043	0.574380	0.000000
-0.315815	-0.245982	0.000000
-0.381448	0.746001	0.000000
-0.402061	0.831781	0.000000
-0.515082	0.718815	0.000000
0.108239	-0.289606	0.000000
-0.795373	-0.346293	0.000000
-0.255558	0.437633	0.000000
-0.110115	0.353634	0.000000
-0.116333	-0.647511	0.000000
0.082342	-0.046048	0.000000
-0.163325	-0.609077	0.000000
-0.272201	0.626609	0.000000
-0.059500	0.026109	0.000000
-0.344092	-0.301768	0.000000
0.075910	0.515529	0.000000
-0.231039	0.370008	0.000000
0.147331	-0.175019	0.000000
-0.103770	-0.054343	0.000000
-0.440143	-0.822089	0.000000
-0.097412	-0.513703	0.000000
-0.628368	-0.373545	0.000000
-0.412430	-0.445989	0.000000
-0.331344	0.724302	0.000000
-0.177219	0.259044	0.000000
-0.031101	0.030298	0.000000
-0.250471	-0.462596	0.000000
0.958299	0.045955	0.000000
-0.339529	0.708722	0.000000
-0.405275	0.411751	0.000000
-0.029730	0.007369	0.000000
-0.216318	0.491097	0.000000
-0.036588	0.494385	0.000000
-0.307044	-0.520618	0.000000
-0.042883	0.420405	0.000000
0.035818	0.252953	0.000000
-0.101856	0.368288	0.000000
-0.261287	-0.080601	0.000000
-0.054592	0.544483	0.000000
0.059985	-0.506274	0.000000
-0.973685	-0.567587	0.000000
-0.177491	-0.395040	0.000000
-0.204421	-0.727991	0.000000
-0.463845	-0.408205	0.000000
-0.208316	-0.729472	0.000000
-0.256829	-0.120412	0.000000
-0.132283	-0.178141	0.000000
-0.051861	-0.223063	0.000000
0.170568	0.002276	0.000000
-0.279565	-0.397879	0.000000
0.121320	-0.013351	0.000000
-0.759167	-0.038101	0.000000
-0.807698	-0.258238	0.000000
-0.501855	0.519309	0.000000
-0.890649	0.103288	0.000000
-0.413874	-0.718284	0.000000
0.067582	-0.400495	0.000000
-0.569531	-0.476532	0.000000
-0.180022	-0.132036	0.000000
0.091220	0.151821	0.000000
-0.148590	0.609859	0.000000
-0.349722	-0.606160	0.000000
-0.413245	-0.053998	0.000000
-0.234136	0.130160	0.000000
-0.282963	0.519911	0.000000
-0.222888	0.041785	0.000000
-0.476316	-0.074466	0.000000
-0.339839	0.583463	0.000000
-0.631351	0.359709	0.000000
0.034838	0.063359	0.000000
-0.772377	-0.119764	0.000000
-0.239586	0.274000	0.000000
-0.249238	0.249230	0.000000
-0.103879	-0.533925	0.000000
0.038772	-0.510251	0.000000
-0.418816	0.262225	0.000000
-0.159530	-0.490751	0.000000
0.094851	0.376638	0.000000
-0.349511	0.544221	0.000000
-0.270649	-0.136617	0.000000
-0.377239	0.825746	0.000000
-0.173038	-0.118332	0.000000
-0.445586	-0.606694	0.000000
-0.257172	0.501478	0.000000
-0.065732	-0.095170	0.000000
-0.354502	0.883160	0.000000
-0.468686	-0.385416	0.000000
-0.418392	-0.103636	0.000000
-0.270719	-0.481749	0.000000
-0.275047	-0.287548	0.000000
-0.210254	0.420472	0.000000
-0.061103	0.455165	0.000000
-0.033577	0.407254	0.000000
0.025392	-0.697807	0.000000
-0.927403	0.350584	0.000000
-0.117321	-0.145678	0.000000
-0.031967	0.062550	0.000000
-0.026274	-0.207342	0.000000
-0.124275	0.468074	0.000000
-0.027144	0.437657	0.000000
-0.203260	-0.694075	0.000000
0.933663	0.453973	0.000000
-0.312609	-0.337168	0.000000
-0.006901	-0.081285	0.000000
-0.317080	0.006240	0.000000
-0.195471	-0.761739	0.000000
0.036847	-0.437672	0.000000
-0.698648	0.773236	0.000000
-0.089571	0.321061	0.000000
-0.340298	-0.536094	0.000000
-0.461656	-0.251575	0.000000
-0.416343	-0.686177	0.000000
-0.269272	-0.577872	0.000000
-0.163017	-0.190416	0.000000
-0.642854	0.769935	0.000000
0.176311	-0.046398	0.000000
-0.011620	-0.436341	0.000000
-0.129509	-0.045739	0.000000
-0.143553	-0.291903	0.000000
-0.326335	-0.465823	0.000000
-0.524594	0.605851	0.000000
-0.402377	0.212588	0.000000
0.042288	0.440273	0.000000
0.175987	-0.042701	0.000000
-0.358253	0.591010	0.000000
0.039900	-0.339433	0.000000
-0.324786	-0.853490	0.000000
0.042443	0.400550	0.000000
-0.657226	0.201144	0.000000
-0.426637	0.309958	0.000000
0.969537	0.341904	0.000000
-0.565741	0.374630	0.000000
-0.098295	0.308528	0.000000
-0.301514	0.573811	0.000000
0.010156	0.182440	0.000000
0.194236	-0.092597	0.000000
-0.651790	0.367310	0.000000
-0.274131	0.437872	0.000000
-0.534101	0.557596	0.000000
-0.453174	-0.458713	0.000000
-0.364972	0.643820	0.000000
-0.379316	0.764285	0.000000
-0.194905	-0.590501	0.000000
-0.052717	-0.331967	0.000000
-0.236727	0.615718	0.000000
-0.004803	0.132483	0.000000
-0.114026	-0.529515	0.000000
0.032523	-0.338325	0.000000
-0.230229	-0.458491	0.000000
-0.032836	0.470617	0.000000
-0.308106	-0.366061	0.000000
-0.458535	-0.161734	0.000000
-0.479589	0.409859	0.000000
0.060706	0.474812	0.000000
-0.571412	0.626272	0.000000
-0.453193	-0.416908	0.000000
-0.414438	0.748074	0.000000
-0.010375	0.153481	0.000000
-0.090853	0.263050	0.000000
-0.598393	-0.386468	0.000000
-0.306086	-0.607074	0.000000
0.178386	-0.106939	0.000000
-0.351191	0.364363	0.000000
0.043485	-0.457592	0.000000
-0.220543	0.713085	0.000000
-0.337803	-0.098258	0.000000
-0.354585	-0.108621	0.000000
-0.110431	0.713205	0.000000
-0.550913	0.565064	0.000000
-0.278742	0.755389	0.000000
-0.396399	0.669956	0.000000
-0.672724	0.706836	0.000000
0.053970	-0.513201	0.000000
-0.382922	-0.315562	0.000000
0.173235	0.027851	0.000000
-0.084657	0.476041	0.000000
0.018600	-0.384036	0.000000
0.068628	-0.550369	0.000000
-0.096020	0.597836	0.000000
-0.527274	0.204631	0.000000
0.069523	0.407175	0.000000
-0.614343	0.868538	0.000000
-0.097470	0.199143	0.000000
-0.317808	0.584347	0.000000
-0.097333	0.131382	0.000000
-0.647229	0.688508	0.000000
-0.420741	0.176292	0.000000
-0.079489	0.103643	0.000000
-0.142641	-0.856714	0.000000
-0.257819	-0.069582	0.000000
-0.728270	0.579441	0.000000
-0.380307	0.210995	0.000000
-0.215715	-0.591058	0.000000
-0.093378	-0.063051	0.000000
-0.249236	-0.122007	0.000000
0.041950	0.426864	0.000000
-0.342706	-0.104135	0.000000
0.089602	0.304762	0.000000
-0.160673	-0.614317	0.000000
-0.363359	-0.184808	0.000000
0.145689	-0.072261	0.000000
-0.487016	-0.350372	0.000000
0.058598	0.369448	0.000000
-0.219020	-0.287500	0.000000
-0.126871	-0.571049	0.000000
-0.004355	0.468719	0.000000
-0.298879	0.636911	0.000000
-0.267407	-0.284637	0.000000
-0.209950	-0.278405	0.000000
-0.079264	-0.267370	0.000000
-0.166487	-0.640798	0.000000
-0.307431	0.376217	0.000000
-0.611853	0.571253	0.000000
-0.331022	0.367392	0.000000
0.042473	-0.659678	0.000000
-0.324877	-0.290696	0.000000
0.129520	-0.044210	0.000000
-0.159803	-0.058536	0.000000
-0.244270	0.486265	0.000000
-0.734112	-0.049664	0.000000
-0.148444	0.680198	0.000000
-0.009238	-0.582917	0.000000
-0.091786	0.401384	0.000000
-0.521010	-0.575822	0.000000
-0.003102	-0.188158	0.000000
-0.379101	-0.555361	0.000000
-0.256640	-0.632668	0.000000
-0.919967	-0.532347	0.000000
-0.354561	-0.227298	0.000000
-0.478005	0.390357	0.000000
0.061312	0.441514	0.000000
-0.329726	-0.462658	0.000000
-0.769894	0.305440	0.000000
-0.334408	0.844340	0.000000
-0.160479	-0.272780	0.000000
-0.648533	-0.212666	0.000000
-0.201227	0.191137	0.000000
0.098646	0.127841	0.000000
-0.281981	0.691785	0.000000
-0.212889	0.621504	0.000000
-0.051431	-0.622523	0.000000
-0.200974	0.021490	0.000000
-0.333936	-0.318317	0.000000
-0.388102	0.080671	0.000000
-0.457822	-0.082009	0.000000
-0.592821	-0.256352	0.000000
-0.649381	0.342578	0.000000
-0.749623	-0.231854	0.000000
0.023788	0.457708	0.000000
-0.404209	-0.568986	0.000000
-0.065740	-0.228776	0.000000
0.111869	0.053718	0.000000
-0.558601	-0.066106	0.000000
-0.088631	0.545264	0.000000
-0.097183	-0.330047	0.000000
-0.202233	-0.142522	0.000000
0.052705	0.019890	0.000000
-0.531325	-0.343573	0.000000
-0.200256	-0.156695	0.000000
-0.497594	0.368733	0.000000
-0.584328	0.486835	0.000000
-0.135009	-0.323368	0.000000
0.095390	-0.076018	0.000000
-0.102689	0.172910	0.000000
0.103963	-0.488684	0.000000
0.067696	0.192853	0.000000
-0.015297	-0.053279	0.000000
-0.403906	0.320514	0.000000
-0.641879	0.479066	0.000000
-0.002061	0.436063	0.000000
-0.603153	0.746359	0.000000
-0.279235	0.191505	0.000000
-0.035583	-0.726662	0.000000
-0.189954	0.368695	0.000000
-0.308848	0.822708	0.000000
0.115976	0.387190	0.000000
-0.884297	0.097530	0.000000
-0.685669	0.280302	0.000000
-0.650522	0.783033	0.000000
-0.211151	0.786042	0.000000
-0.460796	-0.249985	0.000000
-0.258980	0.779922	0.000000
-0.337219	-0.699070	0.000000
-0.425560	0.271222	0.000000
-0.333036	0.659475	0.000000
-0.345879	-0.032815	0.000000
-0.463277	0.020391	0.000000
-0.300207	-0.795964	0.000000
-0.267891	-0.304880	0.000000
-0.578396	-0.547875	0.000000
-0.285547	-0.710397	0.000000
-0.264489	-0.249133	0.000000
0.130530	0.184315	0.000000
-0.368102	0.872198	0.000000
-0.056682	0.181711	0.000000
0.074613	-0.432400	0.000000
-0.393893	0.808670	0.000000
-0.071684	-0.154042	0.000000
-0.583950	0.866558	0.000000
-0.838131	-0.190639	0.000000
0.971131	0.366575	0.000000
0.204774	-0.029878	0.000000
-0.534437	0.374272	0.000000
-0.606262	0.904538	0.000000
-0.139957	0.630719	0.000000
0.970927	0.308428	0.000000
-0.179199	0.106020	0.000000
-0.230314	-0.440254	0.000000
-0.275073	-0.305852	0.000000
-0.647463	-0.397260	0.000000
0.085016	-0.480167	0.000000
-0.647735	0.445664	0.000000
0.100265	-0.166662	0.000000
-0.690022	0.475587	0.000000
-0.292703	0.418295	0.000000
-0.258640	0.543080	0.000000
-0.592887	0.367619	0.000000
-0.178834	-0.267866	0.000000
-0.471996	0.461540	0.000000
-0.270646	-0.378812	0.000000
-0.226028	-0.382392	0.000000
-0.091143	-0.391833	0.000000
-0.753273	0.196457	0.000000
-0.802326	0.390478	0.000000
-0.587941	-0.145144	0.000000
-0.189724	0.002301	0.000000
-0.655228	0.434005	0.000000
-0.106582	0.276775	0.000000
-0.181348	0.228835	0.000000
-0.585064	0.405027	0.000000
0.024030	-0.574469	0.000000
0.096860	-0.445873	0.000000
-0.543774	-0.278410	0.000000
-0.375653	0.853453	0.000000
0.028347	-0.662120	0.000000
-0.261692	-0.558806	0.000000
-0.129943	0.160137	0.000000
-0.925249	0.035439	0.000000
-0.397641	-0.223402	0.000000
-0.265761	0.071572	0.000000
-0.838492	-0.136786	0.000000
-0.429642	0.233005	0.000000
-0.231041	-0.283288	0.000000
0.135218	0.238412	0.000000
-0.206473	0.379275	0.000000
-0.491576	0.386065	0.000000
-0.714952	0.033216	0.000000
-0.373413	0.660830	0.000000
0.164025	-0.063120	0.000000
-0.591696	-0.205938	0.000000
-0.236643	-0.148575	0.000000
-0.281500	-0.151373	0.000000
-0.193962	0.021499	0.000000
-0.006686	0.450849	0.000000
0.066650	0.043993	0.000000
-0.089998	-0.608332	0.000000
-0.172087	0.356073	0.000000
-0.670096	0.509677	0.000000
-0.062142	-0.548344	0.000000
-0.706834	0.363288	0.000000
-0.078849	0.275982	0.000000
-0.160788	-0.164471	0.000000
-0.568557	-0.425530	0.000000
-0.663053	-0.341502	0.000000
-0.747551	0.385667	0.000000
-0.451721	-0.437979	0.000000
-0.911812	-0.689006	0.000000
-0.270846	-0.505278	0.000000
-0.609266	-0.329727	0.000000
0.108494	0.122120	0.000000
-0.294798	-0.639758	0.000000
-0.358962	0.045193	0.000000
-0.305598	-0.277620	0.000000
0.038331	-0.492209	0.000000
-0.269616	0.526729	0.000000
-0.687943	-0.012421	0.000000
-0.280062	-0.272716	0.000000
0.092687	-0.425024	0.000000
-0.625323	-0.407557	0.000000
-0.146462	-0.900736	0.000000
-0.476193	-0.533861	0.000000
-0.290346	0.792033	0.000000
-0.248972	-0.211877	0.000000
-0.280583	-0.179994	0.000000
-0.925263	-0.664525	0.000000
-0.373225	0.871211	0.000000
-0.266875	0.427474	0.000000
-0.373706	0.195149	0.000000
0.052071	0.036776	0.000000
-0.197416	-0.769202	0.000000
-0.030317	0.582651	0.000000
-0.280253	-0.199631	0.000000
-0.197346	0.045249	0.000000
-0.298867	0.688043	0.000000
-0.604472	-0.544573	0.000000
-0.578427	0.585863	0.000000
-0.014711	0.030638	0.000000
-0.085088	0.354978	0.000000
-0.706651	-0.251054	0.000000
-0.144985	0.548127	0.000000
-0.242317	0.011630	0.000000
-0.389027	0.269755	0.000000
-0.365446	0.795635	0.000000
-0.125431	-0.343728	0.000000
-0.144048	0.693423	0.000000
0.972895	-0.022600	0.000000
-0.045155	-0.698989	0.000000
-0.282781	-0.170334	0.000000
-0.219267	0.333292	0.000000
-0.064994	0.510973	0.000000
-0.120387	0.170425	0.000000
-0.875937	0.136791	0.000000
-0.650697	-0.399758	0.000000
-0.121363	0.203420	0.000000
-0.146650	0.329904	0.000000
-0.558088	0.617598	0.000000
-0.310547	-0.396263	0.000000
-0.082354	-0.053402	0.000000
0.977372	0.037889	0.000000
-0.184970	-0.577899	0.000000
-0.124890	-0.057405	0.000000
-0.555092	-0.372764	0.000000
-0.558669	-0.426641	0.000000
-0.269049	0.576974	0.000000
-0.372175	0.814108	0.000000
-0.707688	0.558663	0.000000
-0.173438	0.044875	0.000000
0.126509	-0.091136	0.000000
-0.567892	0.304397	0.000000
-0.475486	-0.323656	0.000000
-0.411028	-0.762120	0.000000
0.106821	-0.059256	0.000000
-0.209441	-0.747847	0.000000
-0.279417	-0.765180	0.000000
-0.509031	0.740543	0.000000
-0.919991	-0.525645	0.000000
-0.814361	0.027422	0.000000
0.977875	0.413465	0.000000
-0.756994	0.107059	0.000000
-0.083638	0.333533	0.000000
-0.586861	0.511901	0.000000
-0.274865	0.712313	0.000000
-0.452223	-0.067800	0.000000
-0.168152	0.459172	0.000000
-0.397103	0.060494	0.000000
-0.255955	-0.280277	0.000000
-0.479368	-0.648114	0.000000
-0.294572	0.490113	0.000000
-0.211727	-0.185429	0.000000
-0.007551	0.123901	0.000000
-0.113722	0.355765	0.000000
-0.459759	-0.712895	0.000000
-0.320618	-0.665148	0.000000
-0.680407	0.047003	0.000000
-0.502635	0.683632	0.000000
0.061657	-0.579631	0.000000
-0.146678	0.563229	0.000000
0.170146	-0.088839	0.000000
-0.320553	-0.891502	0.000000
-0.623546	0.816314	0.000000
-0.535905	-0.542411	0.000000
-0.913038	-0.693086	0.000000
-0.529128	-0.234870	0.000000
-0.361580	-0.179279	0.000000
-0.241964	0.676165	0.000000
-0.124424	-0.902170	0.000000
-0.211489	-0.877708	0.000000
0.115730	-0.051671	0.000000
-0.224731	-0.134511	0.000000
-0.835817	0.133336	0.000000
0.976367	0.227579	0.000000
-0.403278	-0.630669	0.000000
-0.148344	0.164710	0.000000
-0.691773	-0.265967	0.000000
-0.299603	0.655832	0.000000
0.029806	0.454721	0.000000
-0.425010	0.171279	0.000000
-0.710809	0.384670	0.000000
-0.403650	-0.553298	0.000000
-0.585156	0.443005	0.000000
-0.052895	0.263755	0.000000
-0.467004	0.025006	0.000000
0.020935	0.490897	0.000000
-0.596530	0.603144	0.000000
-0.919227	0.045968	0.000000
-0.008507	-0.305451	0.000000
-0.931164	-0.505697	0.000000
-0.602856	-0.048678	0.000000
-0.074813	-0.694484	0.000000
-0.415778	0.246353	0.000000
-0.252199	-0.383852	0.000000
-0.049618	-0.700730	0.000000
-0.151223	-0.785546	0.000000
-0.503543	-0.200496	0.000000
-0.368239	-0.549416	0.000000
-0.417759	-0.570104	0.000000
-0.317265	-0.635829	0.000000
-0.750094	-0.125545	0.000000
-0.332262	-0.327022	0.000000
-0.130675	-0.798424	0.000000
-0.207576	-0.819066	0.000000
-0.281209	-0.334872	0.000000
-0.026997	-0.722495	0.000000
-0.118320	0.153622	0.000000
-0.237559	-0.311280	0.000000
-0.120453	0.549052	0.000000
-0.605679	0.946863	0.000000
-0.590707	-0.415699	0.000000
-0.538402	0.689891	0.000000
-0.482411	-0.467640	0.000000
0.104503	0.181473	0.000000
-0.320715	-0.264891	0.000000
0.103995	-0.010774	0.000000
0.003595	-0.030445	0.000000
-0.290411	-0.815923	0.000000
-0.196139	0.503618	0.000000
0.970292	0.382690	0.000000
-0.165993	0.531500	0.000000
-0.600715	-0.413353	0.000000
-0.446971	-0.491035	0.000000
-0.566713	-0.480294	0.000000
0.180124	-0.132054	0.000000
-0.334617	0.382384	0.000000
-0.303446	-0.330482	0.000000
-0.528270	-0.110703	0.000000
-0.368064	-0.509432	0.000000
-0.431745	-0.282259	0.000000
-0.272131	0.426317	0.000000
-0.902021	-0.698849	0.000000
-0.567559	-0.457322	0.000000
-0.056054	-0.738724	0.000000
-0.852467	0.193418	0.000000
0.090437	-0.100140	0.000000
-0.265606	-0.443714	0.000000
-0.103095	-0.033636	0.000000
-0.103188	-0.337494	0.000000
-0.261205	-0.212173	0.000000
-0.222078	-0.267836	0.000000
-0.304775	0.763893	0.000000
-0.330694	-0.364861	0.000000
0.123993	-0.255145	0.000000
-0.241774	0.349154	0.000000
-0.661979	0.697080	0.000000
-0.255179	0.477205	0.000000
-0.730069	0.595403	0.000000
-0.198102	-0.201013	0.000000
-0.256461	-0.329762	0.000000
-0.345453	0.422565	0.000000
0.957417	0.014906	0.000000
0.969055	-0.002098	0.000000
-0.828642	-0.130744	0.000000
0.014948	-0.108572	0.000000
-0.432692	-0.259421	0.000000
-0.400299	0.384465	0.000000
-0.297252	-0.572392	0.000000
-0.006070	-0.054331	0.000000
-0.058081	0.424718	0.000000
-0.230619	-0.363057	0.000000
-0.280229	-0.404050	0.000000
-0.297160	-0.545519	0.000000
-0.395795	-0.048442	0.000000
-0.124342	-0.883996	0.000000
0.099648	0.443733	0.000000
-0.457033	-0.007659	0.000000
-0.856008	-0.144532	0.000000
-0.084692	0.269824	0.000000
-0.075393	-0.665011	0.000000
-0.003161	-0.231278	0.000000
-0.635237	-0.481621	0.000000
-0.163514	-0.569374	0.000000
-0.135522	-0.736911	0.000000
-0.269936	-0.070396	0.000000
-0.175797	0.518467	0.000000
-0.520801	-0.331592	0.000000
-0.177565	-0.027868	0.000000
-0.067826	0.501150	0.000000
-0.505825	0.520810	0.000000
-0.316149	-0.899346	0.000000
-0.287109	-0.483090	0.000000
0.034063	0.386729	0.000000
-0.311003	-0.447625	0.000000
-0.544222	-0.524614	0.000000
0.004291	0.209213	0.000000
-0.595495	0.414367	0.000000
-0.147887	-0.349777	0.000000
0.020736	0.404359	0.000000
0.039000	-0.475033	0.000000
-0.911954	-0.659121	0.000000
-0.110419	0.203738	0.000000
-0.570104	0.363309	0.000000
-0.528706	0.576834	0.000000
-0.274353	0.531401	0.000000
-0.185113	0.456937	0.000000
-0.225769	-0.467263	0.000000
-0.402664	-0.659719	0.000000
-0.245930	-0.085432	0.000000
-0.697260	-0.292003	0.000000
0.074353	0.510270	0.000000
-0.212506	-0.743963	0.000000
0.125524	0.014149	0.000000
-0.241861	-0.606800	0.000000
-0.143147	0.318612	0.000000
-0.181288	0.383059	0.000000
-0.665858	0.335285	0.000000
0.120585	0.157157	0.000000
-0.350353	-0.538694	0.000000
-0.336911	0.505992	0.000000
-0.228314	-0.289861	0.000000
0.115892	0.383621	0.000000
-0.476371	-0.144900	0.000000
0.127761	0.125599	0.000000
0.976234	0.002337	0.000000
-0.241654	-0.483044	0.000000
-0.193522	-0.285300	0.000000
0.015825	-0.161567	0.000000
-0.041614	0.592897	0.000000
-0.639064	0.727973	0.000000
-0.066297	0.310767	0.000000
-0.032083	-0.262320	0.000000
-0.051903	-0.549954	0.000000
-0.187495	0.304003	0.000000
-0.782729	-0.316046	0.000000
-0.213531	-0.336478	0.000000
-0.051019	-0.609625	0.000000
-0.338237	-0.275336	0.000000
-0.569696	0.826331	0.000000
0.093426	-0.029301	0.000000
0.032756	-0.589532	0.000000
-0.081365	-0.617013	0.000000
-0.197703	-0.434816	0.000000
-0.259105	0.089131	0.000000
-0.554716	0.636422	0.000000
-0.675372	0.776522	0.000000
-0.253926	-0.662794	0.000000
-0.406492	-0.063288	0.000000
0.104447	-0.323167	0.000000
0.059789	0.194464	0.000000
0.181327	-0.134769	0.000000
-0.617566	0.347461	0.000000
-0.385164	0.658935	0.000000
-0.601226	-0.422373	0.000000
-0.545234	0.404772	0.000000
0.002897	0.121584	0.000000
-0.328198	-0.505894	0.000000
-0.741906	-0.100832	0.000000
-0.328872	0.228915	0.000000
-0.021754	-0.470303	0.000000
-0.629840	-0.420294	0.000000
-0.115831	-0.469566	0.000000
-0.186153	-0.590071	0.000000
-0.173575	-0.610876	0.000000
-0.663279	0.912274	0.000000
-0.251275	0.173578	0.000000
-0.502486	-0.427002	0.000000
-0.893120	-0.504769	0.000000
-0.103782	-0.592148	0.000000
-0.037280	-0.427615	0.000000
-0.005373	0.281273	0.000000
-0.274720	0.566890	0.000000
-0.220717	0.231724	0.000000
0.019581	-0.728088	0.000000
-0.358734	0.899236	0.000000
-0.446304	0.546988	0.000000
-0.416729	0.165870	0.000000
-0.622267	0.938691	0.000000
-0.594223	0.892530	0.000000
-0.361800	0.149073	0.000000
-0.219356	0.151284	0.000000
-0.219284	0.528646	0.000000
-0.474312	0.071781	0.000000
-0.489546	-0.101673	0.000000
-0.032475	-0.403227	0.000000
0.038959	-0.507230	0.000000
-0.296919	-0.273162	0.000000
-0.411150	-0.576116	0.000000
-0.241984	0.392963	0.000000
-0.600525	-0.565557	0.000000
-0.311128	-0.430647	0.000000
-0.578125	0.379789	0.000000
-0.541952	-0.267360	0.000000
-0.271606	-0.223640	0.000000
0.061343	0.310721	0.000000
-0.423667	-0.206009	0.000000
-0.245202	0.474389	0.000000
-0.016154	0.509070	0.000000
-0.090929	-0.734779	0.000000
0.070598	-0.481777	0.000000
-0.558052	-0.163589	0.000000
-0.914281	-0.535023	0.000000
0.034326	0.002367	0.000000
-0.051778	-0.605649	0.000000
-0.215110	-0.355193	0.000000
-0.396063	-0.058751	0.000000
0.041103	0.232829	0.000000
0.093192	0.412231	0.000000
-0.506210	-0.414064	0.000000
-0.110833	-0.562945	0.000000
-0.185759	0.564883	0.000000
-0.766647	-0.044509	0.000000
-0.131450	-0.235106	0.000000
-0.471759	0.393533	0.000000
-0.334504	-0.450388	0.000000
-0.801027	0.373477	0.000000
-0.282720	-0.708869	0.000000
-0.215093	0.027706	0.000000
-0.011703	0.083331	0.000000
-0.878169	0.151376	0.000000
-0.586284	-0.523731	0.000000
-0.342702	-0.310663	0.000000
0.096782	0.407002	0.000000
0.975579	0.227326	0.000000
-0.272674	0.526310	0.000000
-0.007484	0.124485	0.000000
-0.238001	0.278925	0.000000
-0.016020	0.424229	0.000000
0.149836	-0.023313	0.000000
-0.056786	0.303314	0.000000
-0.389695	-0.581995	0.000000
-0.316252	0.653564	0.000000
-0.215226	-0.454344	0.000000
-0.037510	-0.505547	0.000000
-0.161616	-0.631218	0.000000
-0.267108	-0.371887	0.000000
-0.082779	-0.167204	0.000000
-0.047682	-0.717496	0.000000
-0.232833	-0.017844	0.000000
-0.020447	0.217358	0.000000
-0.360228	-0.203281	0.000000
0.111083	-0.201415	0.000000
-0.379037	0.734428	0.000000
-0.173407	-0.624001	0.000000
0.973938	0.395190	0.000000
0.033135	-0.337540	0.000000
-0.405818	-0.712275	0.000000
-0.239599	0.230247	0.000000
-0.416945	-0.000447	0.000000
-0.013723	-0.043331	0.000000
-0.654258	0.334250	0.000000
-0.265646	-0.628528	0.000000
-0.584884	-0.098450	0.000000
-0.036820	0.439978	0.000000
-0.341544	-0.622149	0.000000
-0.305639	-0.144662	0.000000
-0.458670	-0.192562	0.000000
-0.594740	0.544209	0.000000
-0.418138	-0.047860	0.000000
-0.644383	0.759748	0.000000
-0.604701	0.882891	0.000000
-0.338961	0.424693	0.000000
0.116031	0.036963	0.000000
-0.201153	0.470026	0.000000
-0.239562	0.598361	0.000000
-0.256916	-0.120171	0.000000
0.106167	0.024204	0.000000
-0.484973	-0.757122	0.000000
0.098130	-0.080812	0.000000
-0.637893	-0.491781	0.000000
-0.478273	0.584428	0.000000
0.024864	-0.443369	0.000000
-0.314493	0.621712	0.000000
-0.346726	-0.649905	0.000000
-0.096060	-0.657297	0.000000
-0.120153	-0.713756	0.000000
0.108183	0.198152	0.000000
-0.659032	0.492910	0.000000
-0.333456	-0.205295	0.000000
-0.147087	0.463637	0.000000
-0.554442	0.660014	0.000000
-0.539473	0.548597	0.000000
-0.080660	-0.507857	0.000000
-0.292615	-0.287579	0.000000
0.102429	-0.102497	0.000000
-0.250996	-0.169983	0.000000
-0.263682	-0.198374	0.000000
-0.330038	0.168762	0.000000
-0.173714	-0.478973	0.000000
0.111040	0.162495	0.000000
-0.735650	0.298652	0.000000
0.064315	-0.323307	0.000000
-0.343517	0.886751	0.000000
-0.211743	0.469894	0.000000
-0.118566	0.391610	0.000000
-0.396908	0.772275	0.000000
-0.161825	0.106845	0.000000
-0.612193	0.804092	0.000000
-0.149593	-0.369980	0.000000
-0.018247	-0.190844	0.000000
-0.324917	0.348256	0.000000
0.969398	0.346373	0.000000
-0.602174	-0.557439	0.000000
-0.031061	0.108020	0.000000
-0.155210	-0.710173	0.000000
-0.303376	-0.375785	0.000000
-0.396212	0.308071	0.000000
-0.124747	-0.151426	0.000000
-0.320853	0.154855	0.000000
-0.004970	-0.158404	0.000000
-0.363375	0.264588	0.000000
-0.197519	-0.421023	0.000000
-0.076560	0.392049	0.000000
-0.507364	0.043167	0.000000
-0.657353	0.752426	0.000000
-0.145060	0.419463	0.000000
-0.461852	0.511276	0.000000
0.105541	0.079526	0.000000
-0.464792	0.526643	0.000000
-0.267341	-0.534030	0.000000
-0.245010	0.517028	0.000000
-0.281515	0.680724	0.000000
-0.611145	0.689706	0.000000
-0.661730	0.326558	0.000000
-0.557092	0.549742	0.000000
-0.129602	0.469125	0.000000
-0.055470	0.323587	0.000000
-0.250693	0.634934	0.000000
0.066679	0.073005	0.000000
-0.647982	-0.056405	0.000000
-0.404366	0.251969	0.000000
0.048556	0.401369	0.000000
-0.229397	0.342417	0.000000
-0.327860	-0.417596	0.000000
0.017774	0.131211	0.000000
-0.218837	-0.363305	0.000000
-0.800174	0.106015	0.000000
-0.171809	-0.511286	0.000000
0.101290	0.068827	0.000000
-0.143006	-0.317411	0.000000
-0.821082	0.041051	0.000000
-0.267427	-0.640223	0.000000
-0.307552	0.689620	0.000000
-0.381337	0.140182	0.000000
-0.146025	-0.947624	0.000000
-0.378860	0.865647	0.000000
-0.002386	0.454328	0.000000
-0.200548	-0.214388	0.000000
-0.174367	-0.120901	0.000000
-0.583389	-0.268899	0.000000
0.007471	0.142558	0.000000
0.103483	0.363465	0.000000
-0.199749	-0.113587	0.000000
-0.168184	0.325758	0.000000
-0.233753	-0.099984	0.000000
-0.386163	0.851104	0.000000
-0.800704	0.087758	0.000000
-0.896251	-0.696892	0.000000
-0.088424	-0.739539	0.000000
-0.085453	-0.342982	0.000000
-0.000278	-0.353160	0.000000
-0.178578	-0.581073	0.000000
-0.566434	0.325580	0.000000
-0.487907	0.415774	0.000000
-0.258202	-0.151147	0.000000
-0.678348	0.334542	0.000000
-0.579361	0.575528	0.000000
-0.500912	-0.062116	0.000000
-0.633725	0.956219	0.000000
0.107801	-0.228742	0.000000
-0.146408	0.432855	0.000000
-0.607878	-0.250865	0.000000
-0.362540	-0.498792	0.000000
0.028729	0.428437	0.000000
-0.397449	0.090816	0.000000
-0.230519	-0.452842	0.000000
-0.199210	-0.225790	0.000000
-0.425872	0.068934	0.000000
-0.302278	-0.310521	0.000000
-0.356728	-0.496315	0.000000
-0.133121	0.283200	0.000000
-0.380644	0.898549	0.000000
-0.263094	-0.679051	0.000000
-0.542496	0.577727	0.000000
0.085313	0.365957	0.000000
-0.189787	-0.237208	0.000000
0.060304	0.404752	0.000000
-0.607875	-0.208735	0.000000
-0.251125	-0.155967	0.000000
-0.312526	-0.414014	0.000000
-0.240365	0.483725	0.000000
0.012792	0.342672	0.000000
-0.367782	-0.382237	0.000000
-0.193112	-0.708856	0.000000
0.002538	-0.405830	0.000000
-0.321239	0.013149	0.000000
-0.473323	0.388180	0.000000
0.088494	0.331767	0.000000
-0.422878	0.289284	0.000000
-0.902016	-0.693751	0.000000
-0.573376	0.388309	0.000000
-0.079057	-0.543187	0.000000
-0.105039	-0.951573	0.000000
0.069845	-0.153403	0.000000
-0.124173	0.245735	0.000000
-0.437894	-0.810170	0.000000
-0.116117	-0.324108	0.000000
-0.527469	-0.360904	0.000000
-0.196720	0.426012	0.000000
-0.271655	-0.337109	0.000000
0.010110	-0.069386	0.000000
-0.013829	-0.595397	0.000000
-0.026453	-0.490329	0.000000
-0.363176	0.786924	0.000000
0.046087	-0.443315	0.000000
0.002802	-0.430438	0.000000
-0.299336	-0.458149	0.000000
-0.909075	-0.688947	0.000000
0.127947	-0.022466	0.000000
-0.326507	-0.620465	0.000000
-0.521807	0.402083	0.000000
-0.220990	-0.153878	0.000000
-0.399726	-0.640754	0.000000
0.023301	0.170870	0.000000
-0.052234	0.316606	0.000000
-0.460111	-0.321035	0.000000
-0.624032	0.971747	0.000000
-0.180717	0.645497	0.000000
-0.549057	-0.242389	0.000000
0.970023	0.399615	0.000000
-0.900229	0.347336	0.000000
-0.532662	-0.075989	0.000000
-0.422102	-0.074796	0.000000
0.081917	-0.113327	0.000000
-0.502613	-0.378034	0.000000
-0.306809	-0.343092	0.000000
-0.008850	0.247180	0.000000
-0.289287	-0.170695	0.000000
-0.338575	-0.433559	0.000000
-0.666834	-0.347645	0.000000
-0.243841	0.020009	0.000000
-0.463498	-0.748136	0.000000
-0.090125	0.283070	0.000000
-0.558703	-0.548639	0.000000
-0.386683	-0.129211	0.000000
0.068574	-0.014916	0.000000
-0.303385	-0.249178	0.000000
-0.209359	0.264688	0.000000
0.028684	-0.118722	0.000000
-0.264190	-0.276138	0.000000
0.187778	0.018250	0.000000
-0.161467	0.457313	0.000000
-0.533231	0.463017	0.000000
0.116766	0.103290	0.000000
-0.571868	0.528702	0.000000
0.085304	-0.404310	0.000000
-0.469349	0.091874	0.000000
-0.021733	0.424739	0.000000
-0.254557	-0.361464	0.000000
0.036850	0.396881	0.000000
-0.582868	-0.095966	0.000000
-0.253007	-0.385404	0.000000
-0.248997	0.588436	0.000000
-0.611796	0.488294	0.000000
-0.305159	-0.618395	0.000000
-0.031002	0.246709	0.000000
-0.209987	0.660508	0.000000
-0.335308	-0.345322	0.000000
-0.540742	0.772579	0.000000
-0.225503	0.584653	0.000000
-0.134709	-0.835764	0.000000
-0.324117	-0.415824	0.000000
-0.389560	-0.448579	0.000000
-0.053448	0.408002	0.000000
-0.038101	-0.078896	0.000000
0.012095	0.107447	0.000000
-0.086370	-0.702040	0.000000
-0.264386	-0.267290	0.000000
-0.256622	-0.253019	0.000000
0.049541	0.203049	0.000000
-0.634186	0.949228	0.000000
-0.627061	0.445154	0.000000
0.023723	-0.362495	0.000000
-0.539835	-0.023475	0.000000
-0.264406	-0.438626	0.000000
-0.124595	0.087227	0.000000
0.043002	0.057514	0.000000
-0.913626	-0.556554	0.000000
-0.540965	-0.009534	0.000000
0.039345	0.403488	0.000000
-0.150904	-0.066498	0.000000
-0.362534	-0.408550	0.000000
-0.481724	0.426653	0.000000
-0.649260	0.370858	0.000000
-0.884370	0.118485	0.000000
-0.275631	0.673177	0.000000
-0.015846	-0.422369	0.000000
-0.302608	-0.604341	0.000000
-0.523194	0.557139	0.000000
0.084443	0.266647	0.000000
-0.836752	0.124782	0.000000
0.115238	-0.194626	0.000000
-0.297948	-0.223819	0.000000
-0.727114	-0.013079	0.000000
-0.478821	-0.401848	0.000000
-0.909598	-0.677708	0.000000
-0.937961	0.052466	0.000000
-0.560492	-0.368002	0.000000
-0.530685	-0.050927	0.000000
-0.197478	0.348578	0.000000
-0.288082	0.527728	0.000000
-0.373321	0.817504	0.000000
-0.393094	-0.113496	0.000000
-0.413775	-0.368581	0.000000
-0.019747	-0.420848	0.000000
-0.198324	-0.601376	0.000000
0.006665	-0.129906	0.000000
-0.124338	0.355530	0.000000
-0.486178	-0.770607	0.000000
-0.264132	0.450393	0.000000
0.106159	-0.529530	0.000000
0.171519	0.037312	0.000000
-0.331463	-0.184291	0.000000
-0.720350	0.111602	0.000000
-0.418320	0.250916	0.000000
-0.017527	-0.646171	0.000000
-0.139097	0.099467	0.000000
-0.224981	-0.613162	0.000000
-0.286204	-0.203965	0.000000
-0.047017	0.578119	0.000000
-0.643559	0.958855	0.000000
-0.066803	0.440464	0.000000
-0.621914	0.762148	0.000000
-0.344225	-0.198874	0.000000
0.971903	0.256344	0.000000
-0.746215	0.525168	0.000000
0.141018	0.269793	0.000000
-0.243244	-0.167916	0.000000
-0.283263	-0.433118	0.000000
-0.261784	-0.472537	0.000000
-0.763696	-0.156111	0.000000
-0.263208	-0.277272	0.000000
-0.648927	-0.174981	0.000000
-0.069819	0.299464	0.000000
-0.266503	0.653146	0.000000
-0.518632	-0.253036	0.000000
-0.490035	0.433136	0.000000
0.093858	-0.311820	0.000000
-0.006294	0.318421	0.000000
0.088580	0.447408	0.000000
-0.249537	0.543695	0.000000
-0.268103	-0.333365	0.000000
-0.186214	-0.426111	0.000000
-0.113369	0.036294	0.000000
-0.648466	0.335137	0.000000
-0.120424	-0.325511	0.000000
-0.081607	-0.141648	0.000000
-0.264878	0.488968	0.000000
-0.212673	0.447033	0.000000
-0.408237	-0.027860	0.000000
-0.077300	0.488256	0.000000
-0.786091	0.197292	0.000000
-0.263208	-0.490327	0.000000
0.189222	-0.091735	0.000000
-0.536120	0.534579	0.000000
-0.375900	-0.069744	0.000000
-0.533381	-0.024834	0.000000
0.074183	0.061093	0.000000
-0.558653	0.547535	0.000000
-0.229006	0.421646	0.000000
-0.349347	-0.262603	0.000000
-0.287893	-0.173888	0.000000
-0.796288	0.406908	0.000000
-0.626889	0.636944	0.000000
-0.109406	-0.264171	0.000000
-0.119535	-0.243687	0.000000
-0.313595	-0.463991	0.000000
-0.500902	0.364891	0.000000
0.176344	-0.003100	0.000000
-0.268453	0.272253	0.000000
-0.713386	-0.199780	0.000000
-0.135139	0.055054	0.000000
-0.304638	-0.580144	0.000000
-0.080183	0.558738	0.000000
0.149770	-0.067481	0.000000
-0.730741	0.655196	0.000000
-0.055953	0.330095	0.000000
-0.043256	0.131956	0.000000
-0.041857	-0.086005	0.000000
-0.218117	-0.382975	0.000000
-0.505988	0.418303	0.000000
-0.333610	-0.283820	0.000000
-0.550935	-0.259823	0.000000
0.143044	-0.168998	0.000000
-0.007086	-0.269231	0.000000
-0.236375	0.470338	0.000000
0.117235	-0.097086	0.000000
0.960875	-0.006901	0.000000
-0.355610	-0.145237	0.000000
-0.354657	0.813484	0.000000
-0.600341	0.390834	0.000000
-0.830731	-0.148726	0.000000
-0.614884	-0.425931	0.000000
-0.202347	0.693742	0.000000
-0.283655	0.458480	0.000000
0.049187	-0.633410	0.000000
-0.349983	-0.296590	0.000000
0.069202	0.173282	0.000000
-0.106016	-0.026844	0.000000
0.024642	0.232581	0.000000
-0.322660	0.702786	0.000000
-0.309518	-0.284865	0.000000
-0.112804	0.035071	0.000000
-0.215823	0.056983	0.000000
-0.458507	-0.421308	0.000000
0.033249	-0.424303	0.000000
0.122961	-0.160667	0.000000
-0.466796	-0.765199	0.000000
-0.363917	-0.496421	0.000000
-0.341439	-0.699778	0.000000
-0.782073	0.065322	0.000000
0.147983	-0.007206	0.000000
-0.298924	-0.304137	0.000000
-0.332969	-0.683876	0.000000
-0.021217	-0.016980	0.000000
-0.190161	-0.627927	0.000000
-0.287249	-0.620799	0.000000
0.020101	-0.361604	0.000000
-0.197385	0.694933	0.000000
-0.563403	-0.198667	0.000000
0.106952	0.333546	0.000000
-0.359241	-0.632648	0.000000
0.015941	-0.324611	0.000000
-0.402070	0.032329	0.000000
-0.561421	0.524225	0.000000
-0.022284	0.252052	0.000000
-0.427924	0.278523	0.000000
-0.004315	-0.057914	0.000000
-0.332441	0.267926	0.000000
-0.110875	0.390992	0.000000
-0.154892	0.494978	0.000000
-0.357788	-0.676525	0.000000
-0.111807	0.556641	0.000000
-0.644790	0.275374	0.000000
-0.177190	-0.476516	0.000000
-0.227465	-0.372220	0.000000
-0.050022	0.065877	0.000000
-0.334534	-0.715980	0.000000
0.108374	0.248266	0.000000
-0.423265	-0.023670	0.000000
-0.907186	-0.698848	0.000000
-0.033163	-0.437728	0.000000
0.969546	-0.101469	0.000000
-0.242128	0.466959	0.000000
0.089879	-0.493737	0.000000
0.183499	-0.099517	0.000000
-0.516298	-0.196716	0.000000
-0.295526	-0.512560	0.000000
0.105698	0.262395	0.000000
-0.579831	0.572275	0.000000
0.003988	-0.316780	0.000000
-0.015321	-0.190730	0.000000
-0.369117	0.311830	0.000000
-0.045738	0.247550	0.000000
-0.011517	-0.698730	0.000000
-0.095548	0.624274	0.000000
-0.704135	0.730780	0.000000
-0.461164	0.495267	0.000000
-0.342887	0.282308	0.000000
-0.340929	-0.583216	0.000000
-0.301426	-0.169647	0.000000
-0.544408	0.653132	0.000000
-0.075256	-0.136580	0.000000
-0.607044	0.814721	0.000000
-0.194969	-0.293042	0.000000
-0.702439	-0.133734	0.000000
-0.782134	0.178143	0.000000
-0.340412	-0.194239	0.000000
-0.425101	0.033632	0.000000
-0.068628	-0.113270	0.000000
-0.512492	0.119393	0.000000
0.008041	-0.228833	0.000000
-0.106621	0.168283	0.000000
-0.204741	-0.404696	0.000000
0.020365	0.028476	0.000000
-0.333738	0.050710	0.000000
-0.110265	-0.021962	0.000000
-0.311872	0.184840	0.000000
-0.307923	-0.687045	0.000000
-0.653216	0.531801	0.000000
-0.029077	-0.539783	0.000000
0.941268	0.419983	0.000000
-0.156185	0.655219	0.000000
-0.331872	-0.700923	0.000000
0.019111	-0.362970	0.000000
-0.650648	-0.273656	0.000000
-0.241702	-0.219373	0.000000
-0.652590	-0.293998	0.000000
-0.018894	-0.136212	0.000000
-0.019769	-0.090838	0.000000
-0.378928	-0.226862	0.000000
-0.528126	-0.182434	0.000000
-0.644720	-0.321147	0.000000
-0.299328	-0.075830	0.000000
-0.371103	0.019107	0.000000
0.940236	0.425910	0.000000
0.193237	-0.079237	0.000000
-0.580322	-0.338593	0.000000
0.096850	-0.306918	0.000000
-0.250662	-0.488366	0.000000
-0.483671	-0.684517	0.000000
-0.618200	-0.512076	0.000000
-0.820440	-0.143622	0.000000
-0.186989	-0.305626	0.000000
0.070155	0.162017	0.000000
-0.007979	-0.722433	0.000000
0.181595	-0.040086	0.000000
-0.107817	0.299840	0.000000
-0.029312	0.596599	0.000000
-0.501522	-0.667004	0.000000
-0.142500	-0.378639	0.000000
-0.284585	-0.422635	0.000000
0.941899	0.418346	0.000000
0.198888	-0.062761	0.000000
-0.261748	0.550657	0.000000
-0.029447	0.238465	0.000000
-0.315581	-0.787045	0.000000
-0.813647	-0.268803	0.000000
-0.318010	-0.483559	0.000000
-0.502240	-0.473841	0.000000
-0.777502	0.584435	0.000000
-0.033851	-0.008613	0.000000
-0.347665	-0.206880	0.000000
-0.213811	0.106567	0.000000
-0.356270	-0.371892	0.000000
-0.496722	-0.709002	0.000000
-0.063666	-0.608347	0.000000
-0.149684	-0.233143	0.000000
-0.594154	0.296854	0.000000
-0.426993	0.246692	0.000000
0.037328	-0.134719	0.000000
-0.038635	0.194834	0.000000
-0.742294	-0.195217	0.000000
-0.100392	-0.537159	0.000000
-0.411243	-0.165798	0.000000
-0.200917	0.663810	0.000000
-0.264304	0.349645	0.000000
0.084694	-0.459455	0.000000
-0.256463	0.362740	0.000000
-0.253960	0.490362	0.000000
-0.337020	-0.164897	0.000000
-0.178521	-0.236075	0.000000
-0.543714	0.542545	0.000000
-0.182714	0.407295	0.000000
-0.066596	-0.422453	0.000000
-0.204960	0.554632	0.000000
-0.491570	-0.436002	0.000000
-0.622054	0.743396	0.000000
-0.276670	-0.781952	0.000000
-0.285643	-0.350094	0.000000
-0.129547	0.346793	0.000000
-0.174958	-0.009804	0.000000
-0.092766	0.467890	0.000000
0.090590	-0.499444	0.000000
-0.139074	-0.950054	0.000000
-0.349979	-0.275172	0.000000
-0.443703	0.229868	0.000000
0.111535	0.345658	0.000000
-0.625181	-0.298859	0.000000
-0.196799	-0.547571	0.000000
-0.654882	0.340455	0.000000
-0.616702	-0.102814	0.000000
-0.462206	-0.542807	0.000000
-0.414156	-0.034724	0.000000
-0.038279	0.476877	0.000000
-0.202480	0.285614	0.000000
0.136898	-0.012742	0.000000
-0.266661	0.608647	0.000000
-0.181058	0.062226	0.000000
-0.348875	-0.893038	0.000000
-0.534734	-0.352689	0.000000
-0.418427	0.168869	0.000000
-0.115727	-0.514973	0.000000
-0.574080	0.832670	0.000000
-0.639318	0.789041	0.000000
0.046177	0.086146	0.000000
-0.116520	-0.218567	0.000000
-0.016753	0.396057	0.000000
-0.293486	0.033656	0.000000
-0.273943	-0.587104	0.000000
0.045787	0.196699	0.000000
0.059587	-0.229505	0.000000
-0.266197	-0.183594	0.000000
0.049823	-0.205722	0.000000
-0.602053	-0.437756	0.000000
-0.662683	-0.279159	0.000000
-0.262351	0.776786	0.000000
0.008221	-0.276848	0.000000
-0.088687	0.310492	0.000000
-0.111937	-0.276468	0.000000
-0.007756	-0.370646	0.000000
-0.267901	0.684451	0.000000
-0.234563	0.280740	0.000000
-0.453986	0.082819	0.000000
-0.109663	0.586316	0.000000
-0.298689	-0.393059	0.000000
-0.180094	-0.586478	0.000000
-0.067960	-0.127039	0.000000
-0.517409	-0.159344	0.000000
-0.121679	0.393266	0.000000
0.122131	0.294776	0.000000
-0.277249	0.431968	0.000000
0.106813	-0.047289	0.000000
-0.572355	-0.586351	0.000000
-0.118413	-0.324613	0.000000
-0.155057	-0.763175	0.000000
-0.411050	-0.365158	0.000000
-0.326188	0.855294	0.000000
-0.760757	-0.166132	0.000000
-0.262122	-0.278496	0.000000
-0.466307	-0.499845	0.000000
-0.426001	-0.209883	0.000000
-0.000859	0.229653	0.000000
-0.365841	0.397428	0.000000
-0.253124	0.720345	0.000000
-0.036654	-0.751148	0.000000
0.168941	0.044295	0.000000
0.184384	0.019152	0.000000
-0.374622	0.284273	0.000000
-0.253010	-0.724167	0.000000
-0.514152	-0.327401	0.000000
-0.130044	-0.337985	0.000000
-0.357120	0.759014	0.000000
-0.220389	-0.411317	0.000000
-0.252321	0.737507	0.000000
-0.171852	0.329873	0.000000
-0.017064	0.416237	0.000000
-0.118276	0.424816	0.000000
-0.378224	-0.510563	0.000000
-0.319330	0.119178	0.000000
-0.085787	-0.742449	0.000000
0.083731	-0.011256	0.000000
-0.062207	-0.639088	0.000000
-0.815392	-0.294518	0.000000
-0.227493	-0.152331	0.000000
-0.321723	0.698660	0.000000
-0.575665	-0.095928	0.000000
-0.082420	0.382873	0.000000
-0.536982	0.689796	0.000000
-0.079870	-0.136740	0.000000
-0.727430	0.277158	0.000000
-0.278987	-0.504071	0.000000
-0.187882	0.153546	0.000000
0.106271	-0.096032	0.000000
-0.372005	0.408674	0.000000
0.957093	0.015020	0.000000
0.044668	-0.476754	0.000000
-0.081522	-0.562822	0.000000
-0.648757	0.772393	0.000000
-0.239715	-0.246732	0.000000
-0.060397	-0.716658	0.000000
-0.106203	0.245207	0.000000
-0.424934	-0.671030	0.000000
-0.254345	-0.615863	0.000000
-0.431994	-0.672280	0.000000
0.084665	-0.048317	0.000000
-0.355889	-0.194282	0.000000
-0.344012	0.784949	0.000000
-0.166418	-0.124546	0.000000
-0.287030	-0.498205	0.000000
-0.338962	0.260680	0.000000
-0.202131	-0.290771	0.000000
-0.596142	-0.099768	0.000000
-0.310458	0.798711	0.000000
-0.842951	0.362910	0.000000
-0.879650	0.151388	0.000000
-0.665000	-0.299772	0.000000
-0.319389	-0.419146	0.000000
0.043227	0.418400	0.000000
-0.100663	0.478823	0.000000
0.096154	0.377883	0.000000
0.086528	-0.520798	0.000000
-0.809244	0.001552	0.000000
-0.350023	-0.261976	0.000000
0.057171	-0.279609	0.000000
-0.423183	-0.240140	0.000000
-0.216929	-0.389977	0.000000
-0.197898	0.585658	0.000000
-0.397644	0.090702	0.000000
0.046440	-0.402990	0.000000
-0.762337	0.458409	0.000000
-0.645774	0.904251	0.000000
-0.259000	-0.439205	0.000000
-0.031413	0.410318	0.000000
-0.107787	-0.030085	0.000000
-0.539886	-0.135114	0.000000
-0.335450	-0.263435	0.000000
-0.019372	-0.317804	0.000000
-0.291623	-0.840808	0.000000
-0.533293	-0.427456	0.000000
-0.242872	-0.151937	0.000000
-0.291458	-0.431767	0.000000
0.117018	-0.077747	0.000000
-0.487083	-0.141363	0.000000
-0.250573	-0.207710	0.000000
-0.361309	0.008804	0.000000
0.027649	0.006292	0.000000
0.018480	-0.491647	0.000000
-0.240181	0.601537	0.000000
0.016267	-0.571198	0.000000
-0.232576	-0.327484	0.000000
-0.005153	-0.357030	0.000000
-0.348291	0.005805	0.000000
-0.910401	-0.508345	0.000000
-0.556030	-0.595185	0.000000
0.000049	-0.420151	0.000000
-0.130199	-0.678618	0.000000
-0.250861	-0.340698	0.000000
-0.590275	0.899157	0.000000
-0.178320	0.509556	0.000000
-0.277523	-0.483496	0.000000
0.084015	0.269173	0.000000
-0.545962	0.542289	0.000000
0.957600	0.395687	0.000000
-0.228317	-0.427056	0.000000
-0.328235	0.860357	0.000000
-0.475653	-0.358146	0.000000
-0.547121	0.530916	0.000000
-0.530119	-0.245183	0.000000
-0.380282	0.877332	0.000000
-0.273569	-0.419481	0.000000
-0.164969	-0.773952	0.000000
-0.077066	0.356104	0.000000
-0.299998	-0.376272	0.000000
-0.385643	0.035275	0.000000
-0.338392	0.053018	0.000000
-0.391166	-0.144177	0.000000
-0.667340	-0.151717	0.000000
-0.342630	-0.784121	0.000000
-0.183709	-0.531917	0.000000
0.051146	-0.268600	0.000000
-0.729810	-0.253920	0.000000
-0.445987	-0.589654	0.000000
-0.720191	0.604072	0.000000
-0.387975	-0.593357	0.000000
0.152545	-0.057149	0.000000
-0.065272	-0.747832	0.000000
-0.244064	-0.472144	0.000000
-0.327593	-0.263801	0.000000
-0.053274	-0.214399	0.000000
0.178120	-0.027482	0.000000
-0.356868	-0.444952	0.000000
0.048620	0.147604	0.000000
-0.193857	-0.446521	0.000000
0.090295	-0.029400	0.000000
-0.169730	-0.145061	0.000000
-0.429666	-0.684774	0.000000
-0.336104	0.798885	0.000000
-0.333258	-0.671134	0.000000
0.004799	-0.399139	0.000000
-0.616412	0.448561	0.000000
-0.262075	0.221910	0.000000
0.088530	0.309842	0.000000
-0.543954	0.544913	0.000000
-0.317941	-0.583357	0.000000
-0.535866	0.582483	0.000000
-0.257465	-0.493741	0.000000
0.028683	0.324384	0.000000
-0.354640	-0.304000	0.000000
-0.652745	-0.122166	0.000000
-0.186569	0.472261	0.000000
-0.350659	0.815566	0.000000
-0.280988	-0.775753	0.000000
-0.477189	-0.330800	0.000000
-0.607699	-0.196919	0.000000
-0.241885	0.587675	0.000000
-0.154344	0.576172	0.000000
-0.078501	0.041601	0.000000
-0.816825	-0.061940	0.000000
-0.051879	-0.771001	0.000000
-0.033189	0.372570	0.000000
-0.407816	-0.005751	0.000000
-0.387395	-0.224753	0.000000
0.013194	0.349277	0.000000
-0.065337	0.193109	0.000000
-0.958185	0.073923	0.000000
0.067678	0.318569	0.000000
-0.546666	-0.145743	0.000000
-0.352878	0.806350	0.000000
-0.007267	0.145186	0.000000
-0.253828	-0.603043	0.000000
0.116086	0.102828	0.000000
-0.216184	-0.184526	0.000000
-0.894624	-0.022471	0.000000
0.968115	0.330639	0.000000
-0.308852	0.507446	0.000000
0.143426	-0.102445	0.000000
0.116204	-0.058314	0.000000
-0.080155	-0.109985	0.000000
-0.210353	0.115352	0.000000
-0.570561	0.130626	0.000000
-0.176401	0.500726	0.000000
-0.884639	0.133057	0.000000
-0.275952	-0.224882	0.000000
-0.177992	-0.234396	0.000000
0.035854	0.332781	0.000000
-0.254924	-0.254737	0.000000
-0.272865	-0.260105	0.000000
-0.355324	-0.450136	0.000000
-0.815245	0.156880	0.000000
-0.347855	0.322949	0.000000
-0.343211	-0.390183	0.000000
-0.425887	-0.463634	0.000000
-0.253699	0.076181	0.000000
-0.639959	0.941672	0.000000
-0.312032	-0.435153	0.000000
-0.611904	-0.465910	0.000000
-0.832730	-0.107597	0.000000
-0.284456	0.630986	0.000000
-0.143026	0.507679	0.000000
-0.598040	0.029427	0.000000
-0.148906	0.539207	0.000000
-0.355255	-0.004126	0.000000
-0.502847	-0.501507	0.000000
-0.246093	-0.405707	0.000000
-0.096965	-0.542456	0.000000
-0.362226	-0.133645	0.000000
-0.047701	0.063279	0.000000
-0.601987	0.522984	0.000000
-0.650411	0.263636	0.000000
-0.293590	0.437175	0.000000
-0.570017	0.128668	0.000000
-0.260838	-0.208081	0.000000
0.159127	0.099322	0.000000
-0.030507	0.008329	0.000000
-0.222234	-0.444384	0.000000
-0.411387	-0.781341	0.000000
-0.035592	0.018809	0.000000
-0.360181	-0.344404	0.000000
-0.195374	-0.014284	0.000000
-0.520268	0.769879	0.000000
-0.645238	-0.323184	0.000000
-0.287574	0.164807	0.000000
0.022014	0.128318	0.000000
-0.059790	-0.287063	0.000000
-0.353654	-0.606566	0.000000
-0.136264	-0.930434	0.000000
-0.505482	-0.630121	0.000000
-0.205736	0.551933	0.000000
-0.493431	0.158089	0.000000
-0.560944	-0.067109	0.000000
-0.298597	0.008361	0.000000
-0.277928	-0.456099	0.000000
-0.406603	0.021062	0.000000
-0.230921	-0.374826	0.000000
-0.411814	0.754641	0.000000
-0.741275	0.229638	0.000000
-0.356926	0.751769	0.000000
-0.242006	-0.386454	0.000000
0.144184	-0.069586	0.000000
-0.107409	-0.640778	0.000000
-0.464194	-0.549569	0.000000
-0.522391	0.064865	0.000000
-0.347092	-0.535988	0.000000
-0.876603	0.141212	0.000000
-0.213021	-0.196229	0.000000
-0.341371	0.879992	0.000000
0.105941	-0.531590	0.000000
-0.448933	-0.767724	0.000000
0.002632	0.131297	0.000000
0.073474	0.281403	0.000000
-0.347462	-0.662324	0.000000
0.111969	0.425258	0.000000
-0.127344	0.015866	0.000000
-0.002606	0.203276	0.000000
0.208217	-0.013407	0.000000
-0.658433	0.907245	0.000000
-0.057592	-0.594902	0.000000
-0.181875	-0.006771	0.000000
-0.165595	-0.110160	0.000000
-0.269949	0.153027	0.000000
-0.037436	0.429335	0.000000
-0.713812	-0.062457	0.000000
-0.415737	0.250206	0.000000
-0.260227	0.427930	0.000000
-0.064146	-0.714068	0.000000
-0.356072	-0.690223	0.000000
0.038070	-0.325200	0.000000
-0.027729	0.315620	0.000000
-0.327237	-0.372506	0.000000
-0.483005	-0.316157	0.000000
-0.676131	0.695157	0.000000
-0.543992	-0.275297	0.000000
-0.304979	0.031044	0.000000
0.030849	-0.387819	0.000000
-0.168410	-0.254678	0.000000
-0.317497	-0.269813	0.000000
-0.356354	-0.777316	0.000000
-0.266391	0.258110	0.000000
-0.297611	-0.239327	0.000000
-0.013235	-0.203468	0.000000
-0.923997	0.076556	0.000000
-0.205898	-0.026729	0.000000
-0.438097	-0.444818	0.000000
-0.335877	-0.685238	0.000000
-0.019096	-0.462486	0.000000
0.970190	0.299942	0.000000
0.055940	-0.506678	0.000000
-0.266974	-0.484166	0.000000
-0.407431	-0.118123	0.000000
-0.257623	0.586526	0.000000
-0.005541	0.386662	0.000000
-0.564104	0.366961	0.000000
0.035336	0.026853	0.000000
-0.326645	0.424881	0.000000
-0.637978	0.518436	0.000000
-0.305011	0.064516	0.000000
-0.097859	0.143020	0.000000
-0.423444	0.141672	0.000000
-0.100441	0.379001	0.000000
-0.377851	-0.297917	0.000000
-0.383356	0.047908	0.000000
-0.415248	0.389587	0.000000
-0.012311	-0.389648	0.000000
0.101850	0.222943	0.000000
-0.161798	0.156030	0.000000
-0.004588	-0.238637	0.000000
-0.677305	-0.337977	0.000000
0.178719	-0.032049	0.000000
-0.504007	0.394640	0.000000
-0.729862	0.076147	0.000000
-0.025530	-0.188988	0.000000
-0.022657	-0.455504	0.000000
0.164391	0.018991	0.000000
-0.287162	-0.207136	0.000000
-0.393550	0.058128	0.000000
-0.151345	-0.450950	0.000000
-0.679815	0.726906	0.000000
-0.595598	0.837880	0.000000
-0.926034	-0.521497	0.000000
-0.139334	0.621419	0.000000
-0.615582	-0.494993	0.000000
0.078659	0.061167	0.000000
-0.426371	0.629198	0.000000
0.100637	-0.298930	0.000000
0.111037	-0.545614	0.000000
0.003757	0.435306	0.000000
-0.419859	0.135097	0.000000
-0.025794	0.228667	0.000000
-0.561073	-0.038104	0.000000
-0.170139	0.384603	0.000000
-0.477531	-0.326213	0.000000
-0.300836	-0.533848	0.000000
-0.116860	-0.603615	0.000000
-0.546602	0.079040	0.000000
-0.410472	0.114777	0.000000
-0.146701	-0.073894	0.000000
-0.273887	-0.435989	0.000000
-0.159543	-0.091274	0.000000
-0.552688	-0.192751	0.000000
-0.551252	0.172761	0.000000
-0.088776	0.433970	0.000000
-0.283955	-0.688045	0.000000
-0.172514	0.134646	0.000000
0.086964	-0.600214	0.000000
-0.338093	-0.474766	0.000000
-0.780334	0.367442	0.000000
-0.145277	0.244515	0.000000
-0.331484	-0.077402	0.000000
-0.203933	0.389943	0.000000
-0.094138	0.313046	0.000000
-0.299621	-0.445830	0.000000
-0.112872	0.080365	0.000000
-0.529595	0.736394	0.000000
0.041179	-0.211028	0.000000
-0.547059	0.560813	0.000000
0.041071	0.359495	0.000000
-0.810828	-0.291213	0.000000
-0.392008	0.851827	0.000000
0.169403	-0.133920	0.000000
-0.166781	0.664513	0.000000
-0.204419	-0.789351	0.000000
-0.000478	0.033615	0.000000
-0.457592	0.504683	0.000000
0.104316	-0.500146	0.000000
-0.242679	0.686655	0.000000
-0.569827	0.502909	0.000000
-0.742855	0.156175	0.000000
-0.124347	0.632028	0.000000
-0.678071	0.646534	0.000000
-0.386852	-0.040484	0.000000
-0.466495	0.294025	0.000000
-0.631611	0.957436	0.000000
0.053041	-0.151418	0.000000
-0.356833	0.078193	0.000000
-0.034991	0.344542	0.000000
0.037829	-0.305960	0.000000
-0.350043	-0.071856	0.000000
-0.318659	0.565408	0.000000
-0.629436	-0.316871	0.000000
-0.492756	0.605840	0.000000
-0.182574	-0.236078	0.000000
-0.303625	0.773337	0.000000
-0.618533	-0.237414	0.000000
-0.498511	-0.023002	0.000000
0.087518	0.049413	0.000000
0.152013	-0.140583	0.000000
-0.642645	0.966436	0.000000
-0.442375	-0.280486	0.000000
-0.446545	-0.719205	0.000000
-0.044626	0.002703	0.000000
-0.684500	0.634782	0.000000
0.089225	-0.042555	0.000000
-0.143987	0.164731	0.000000
-0.198346	-0.343241	0.000000
-0.216509	-0.593505	0.000000
0.087162	-0.444432	0.000000
-0.648421	0.258961	0.000000
-0.760047	0.518980	0.000000
-0.412707	-0.067118	0.000000
-0.387020	0.340569	0.000000
-0.378620	0.753828	0.000000
-0.528857	0.527204	0.000000
-0.321454	-0.607921	0.000000
-0.180367	0.544383	0.000000
-0.008602	-0.656211	0.000000
-0.537787	0.569246	0.000000
-0.178431	0.600969	0.000000
-0.109816	-0.571250	0.000000
-0.315533	0.540288	0.000000
-0.279052	-0.512376	0.000000
0.046349	-0.131293	0.000000
-0.577665	0.452829	0.000000
-0.359224	-0.195261	0.000000
-0.302634	-0.757516	0.000000
-0.204438	-0.661363	0.000000
-0.069652	0.564905	0.000000
-0.284066	-0.753427	0.000000
-0.743251	0.480302	0.000000
0.934884	0.447201	0.000000
-0.639718	0.973231	0.000000
-0.130995	0.460956	0.000000
0.142361	-0.235851	0.000000
-0.048839	0.352856	0.000000
-0.326305	0.118832	0.000000
-0.198460	0.536102	0.000000
0.129625	0.360029	0.000000
-0.399343	0.354167	0.000000
-0.508613	0.033092	0.000000
-0.454538	0.317510	0.000000
-0.382706	0.052209	0.000000
0.023452	-0.423932	0.000000
-0.080346	-0.504921	0.000000
-0.502560	-0.501140	0.000000
-0.222473	0.708766	0.000000
-0.281972	-0.553933	0.000000
-0.184719	0.434750	0.000000
-0.349040	0.878761	0.000000
-0.312545	0.353691	0.000000
-0.095863	-0.544534	0.000000
-0.370359	-0.224906	0.000000
-0.230289	-0.395322	0.000000
-0.230877	-0.437218	0.000000
-0.706397	-0.219517	0.000000
-0.394397	0.031949	0.000000
-0.313222	0.088997	0.000000
-0.188453	-0.052587	0.000000
0.050207	0.263325	0.000000
-0.234411	0.320641	0.000000
0.963231	0.004320	0.000000
-0.348760	0.389427	0.000000
-0.495275	0.270071	0.000000
-0.304345	-0.227121	0.000000
-0.040964	0.553922	0.000000
-0.685734	0.520379	0.000000
-0.546307	-0.245868	0.000000
-0.770454	0.212144	0.000000
-0.297045	-0.116666	0.000000
0.183539	0.021675	0.000000
-0.351488	-0.064826	0.000000
-0.318738	-0.245502	0.000000
-0.966999	-0.578039	0.000000
-0.529601	0.112302	0.000000
-0.799286	0.020708	0.000000
-0.364654	0.869875	0.000000
-0.319556	-0.702895	0.000000
-0.197415	-0.320511	0.000000
-0.119216	-0.353342	0.000000
-0.302611	-0.255670	0.000000
-0.730275	-0.082303	0.000000
-0.329892	-0.220286	0.000000
0.004884	-0.150403	0.000000
0.018746	-0.359855	0.000000
-0.571444	0.611728	0.000000
0.057115	-0.118440	0.000000
-0.163137	0.337257	0.000000
-0.373783	0.233038	0.000000
-0.300030	-0.783499	0.000000
0.071320	-0.318084	0.000000
-0.314413	-0.498935	0.000000
-0.300993	0.062447	0.000000
-0.317958	0.769838	0.000000
-0.968724	-0.577321	0.000000
-0.122066	-0.945624	0.000000
0.078240	-0.534039	0.000000
-0.693213	-0.080070	0.000000
-0.235942	-0.405008	0.000000
0.025450	-0.237480	0.000000
-0.037068	0.329091	0.000000
0.200558	-0.107145	0.000000
-0.123479	0.376386	0.000000
-0.498037	0.484118	0.000000
-0.275152	-0.245105	0.000000
-0.433954	0.066809	0.000000
-0.370338	0.679382	0.000000
-0.199262	-0.571750	0.000000
-0.426158	0.135452	0.000000
-0.593675	0.379740	0.000000
0.042769	-0.626864	0.000000
-0.238546	-0.156715	0.000000
-0.134804	0.078995	0.000000
-0.166450	-0.637250	0.000000
0.080077	-0.105139	0.000000
0.043146	-0.012648	0.000000
-0.277216	-0.474285	0.000000
0.986418	0.029896	0.000000
-0.450975	0.133617	0.000000
0.090217	0.326853	0.000000
0.023102	0.101375	0.000000
-0.594491	0.820074	0.000000
-0.142078	0.126016	0.000000
-0.260502	-0.695487	0.000000
-0.332121	0.248628	0.000000
-0.158074	0.440603	0.000000
-0.061064	-0.458789	0.000000
-0.352687	0.251301	0.000000
-0.321928	-0.102991	0.000000
-0.441923	0.273005	0.000000
-0.274794	0.421800	0.000000
-0.511598	-0.453025	0.000000
-0.061937	-0.402554	0.000000
0.000078	-0.498898	0.000000
0.030810	0.188864	0.000000
-0.064600	-0.236147	0.000000
0.127303	0.217189	0.000000
-0.406077	-0.562511	0.000000
-0.227608	-0.241057	0.000000
-0.056174	-0.067464	0.000000
-0.319885	-0.532256	0.000000
0.189923	-0.107074	0.000000
-0.228506	0.166094	0.000000
-0.949372	0.054599	0.000000
-0.312945	-0.397140	0.000000
-0.316128	0.314211	0.000000
-0.264910	0.742901	0.000000
-0.260876	0.188003	0.000000
-0.585568	-0.040908	0.000000
0.082005	-0.170679	0.000000
-0.294883	-0.246180	0.000000
-0.080115	-0.195212	0.000000
-0.201609	-0.363792	0.000000
-0.601264	-0.171703	0.000000
0.007226	0.511464	0.000000
-0.083247	0.718113	0.000000
-0.108974	-0.973338	0.000000
-0.257059	0.106554	0.000000
-0.548507	-0.508056	0.000000
-0.662565	0.653359	0.000000
-0.646368	0.967870	0.000000
-0.251874	-0.156920	0.000000
0.008334	-0.718070	0.000000
-0.266498	-0.566747	0.000000
-0.236740	-0.307511	0.000000
-0.068332	0.448128	0.000000
-0.355944	0.762112	0.000000
-0.327469	-0.168189	0.000000
-0.207843	-0.608696	0.000000
0.101516	-0.099945	0.000000
-0.579945	-0.090551	0.000000
-0.116290	0.285973	0.000000
-0.282533	0.437637	0.000000
-0.025642	0.303741	0.000000
-0.125990	-0.161461	0.000000
-0.487306	-0.708718	0.000000
0.010738	-0.308117	0.000000
-0.585534	0.873141	0.000000
-0.412066	-0.739230	0.000000
-0.294084	0.656505	0.000000
-0.730144	-0.124649	0.000000
0.126559	-0.043490	0.000000
0.004081	-0.336938	0.000000
-0.971486	-0.568999	0.000000
-0.399059	-0.517764	0.000000
-0.016780	-0.356253	0.000000
-0.396063	-0.738256	0.000000
-0.201705	-0.372753	0.000000
-0.354420	0.522697	0.000000
-0.908966	0.031624	0.000000
-0.128789	0.634136	0.000000
-0.061752	-0.201661	0.000000
-0.693729	0.865977	0.000000
-0.293905	-0.502055	0.000000
0.022751	0.135058	0.000000
0.027447	-0.414030	0.000000
0.132920	-0.035820	0.000000
-0.223258	-0.807151	0.000000
0.078108	-0.552331	0.000000
-0.614662	-0.393214	0.000000
-0.566639	0.835522	0.000000
-0.018430	-0.201202	0.000000
0.188882	-0.104769	0.000000
-0.402833	-0.327842	0.000000
-0.156428	-0.177749	0.000000
-0.037649	-0.765206	0.000000
-0.146349	0.352929	0.000000
-0.687770	0.429343	0.000000
-0.196096	0.314447	0.000000
-0.446939	-0.121254	0.000000
-0.264521	-0.194904	0.000000
-0.108396	0.542372	0.000000
-0.172965	0.687875	0.000000
-0.109312	-0.327322	0.000000
-0.618186	-0.287115	0.000000
-0.052273	-0.235652	0.000000
-0.180009	0.528617	0.000000
-0.580885	0.585766	0.000000
-0.367614	-0.291735	0.000000
-0.331272	-0.498221	0.000000
-0.365957	-0.325555	0.000000
-0.253631	-0.605018	0.000000
-0.387827	-0.440422	0.000000
-0.749516	0.507716	0.000000
0.106259	0.425186	0.000000
-0.107407	-0.130097	0.000000
-0.344618	-0.263574	0.000000
-0.145591	0.026873	0.000000
-0.112980	-0.096017	0.000000
-0.526312	0.754281	0.000000
-0.222226	0.110691	0.000000
-0.471364	0.226075	0.000000
0.130541	-0.149770	0.000000
-0.072818	-0.077356	0.000000
-0.666675	0.284372	0.000000
-0.389632	-0.688042	0.000000
-0.922228	-0.028995	0.000000
-0.639118	0.410676	0.000000
-0.009155	0.585503	0.000000
-0.163867	0.598914	0.000000
-0.388295	-0.788457	0.000000
0.130279	0.069115	0.000000
-0.418178	0.004473	0.000000
-0.249369	-0.161942	0.000000
0.059521	0.333174	0.000000
-0.648666	0.983479	0.000000
-0.338242	-0.280694	0.000000
-0.329259	-0.404819	0.000000
-0.003728	0.137003	0.000000
-0.206031	-0.327860	0.000000
-0.358217	0.872405	0.000000
-0.379344	0.168052	0.000000
-0.181381	-0.536055	0.000000
0.009489	0.081885	0.000000
0.051015	0.084809	0.000000
-0.441653	-0.463163	0.000000
-0.240790	0.552660	0.000000
-0.004993	0.481995	0.000000
-0.318104	0.615843	0.000000
-0.615232	-0.320147	0.000000
-0.186152	-0.079860	0.000000
-0.430219	-0.698159	0.000000
-0.251946	-0.535664	0.000000
-0.898605	-0.693384	0.000000
-0.270151	-0.461487	0.000000
-0.166259	-0.622171	0.000000
-0.500158	-0.470650	0.000000
-0.630895	0.943258	0.000000
-0.379450	0.757838	0.000000
-0.398703	-0.769250	0.000000
-0.551987	0.544562	0.000000
-0.327706	0.807495	0.000000
-0.503382	0.318718	0.000000
-0.854971	0.077157	0.000000
-0.539378	0.582828	0.000000
-0.373689	-0.669286	0.000000
-0.865762	0.124732	0.000000
-0.352164	0.022941	0.000000
0.096382	-0.543511	0.000000
0.046995	0.111971	0.000000
-0.452442	-0.476502	0.000000
-0.198128	0.100590	0.000000
-0.614292	0.717169	0.000000
-0.451554	0.105045	0.000000
-0.376953	-0.234264	0.000000
0.002723	0.119395	0.000000
0.985497	0.035310	0.000000
-0.655033	0.214819	0.000000
-0.064735	0.358600	0.000000
-0.123028	-0.042320	0.000000
-0.726652	0.383482	0.000000
-0.636746	0.729535	0.000000
-0.179222	0.469297	0.000000
-0.429342	0.245821	0.000000
-0.432952	0.401104	0.000000
-0.230260	-0.359518	0.000000
0.039123	0.512484	0.000000
-0.294508	0.208681	0.000000
-0.381666	-0.583221	0.000000
-0.158310	0.013806	0.000000
-0.269622	0.509705	0.000000
-0.111940	-0.940926	0.000000
-0.352158	-0.392006	0.000000
-0.294552	-0.106129	0.000000
-0.135266	-0.264476	0.000000
-0.416189	0.265245	0.000000
-0.176962	0.096909	0.000000
-0.226972	0.661663	0.000000
0.059094	-0.663976	0.000000
-0.262892	0.468018	0.000000
-0.004797	0.537343	0.000000
-0.196469	-0.151698	0.000000
-0.515716	-0.588817	0.000000
-0.612291	0.574559	0.000000
-0.586775	0.495124	0.000000
-0.307554	0.177818	0.000000
-0.755071	-0.046058	0.000000
-0.009412	-0.455814	0.000000
-0.259352	-0.485297	0.000000
-0.331520	-0.438751	0.000000
-0.580303	0.082531	0.000000
-0.587301	-0.361120	0.000000
0.069474	0.439893	0.000000
-0.196122	-0.352937	0.000000
0.003752	-0.146660	0.000000
0.012835	0.009555	0.000000
-0.704975	0.607259	0.000000
0.065479	-0.461536	0.000000
0.028714	0.408036	0.000000
-0.259893	-0.242488	0.000000
-0.911772	-0.489243	0.000000
-0.024572	-0.114156	0.000000
-0.421454	-0.742541	0.000000
-0.225169	0.676754	0.000000
-0.312100	-0.263104	0.000000
-0.092157	0.310733	0.000000
0.050027	-0.452337	0.000000
-0.000225	-0.257187	0.000000
-0.619462	-0.322173	0.000000
-0.191099	-0.329073	0.000000
-0.139643	0.116475	0.000000
0.067212	0.367248	0.000000
0.088913	0.380566	0.000000
-0.654665	0.293873	0.000000
-0.607276	-0.364347	0.000000
-0.584049	-0.088902	0.000000
-0.231052	-0.260352	0.000000
-0.617556	0.505203	0.000000
0.142163	-0.015000	0.000000
-0.205893	0.728910	0.000000
-0.319909	-0.895659	0.000000
-0.225310	-0.486254	0.000000
-0.553495	0.565335	0.000000
-0.353543	-0.215646	0.000000
-0.147582	0.503926	0.000000
0.961476	-0.004504	0.000000
-0.653288	-0.204971	0.000000
-0.254682	-0.491094	0.000000
0.014750	0.112488	0.000000
-0.004976	0.190615	0.000000
-0.750269	0.013835	0.000000
-0.034602	-0.091276	0.000000
-0.080508	-0.042707	0.000000
-0.128642	-0.501032	0.000000
-0.360684	-0.008105	0.000000
-0.255681	0.432721	0.000000
0.000606	-0.367867	0.000000
0.166959	-0.046501	0.000000
-0.619052	0.485924	0.000000
-0.329192	-0.268140	0.000000
0.116473	0.023612	0.000000
-0.330062	0.246608	0.000000
-0.216869	-0.522956	0.000000
-0.564022	-0.366340	0.000000
-0.477415	-0.298290	0.000000
0.077205	-0.393057	0.000000
-0.250960	-0.499708	0.000000
-0.184281	-0.569961	0.000000
-0.295009	-0.327092	0.000000
-0.304810	0.360568	0.000000
0.202018	-0.115272	0.000000
-0.550001	-0.096214	0.000000
0.186781	-0.139913	0.000000
-0.531527	0.318356	0.000000
-0.316501	-0.507537	0.000000
-0.333274	-0.447514	0.000000
-0.211550	-0.474669	0.000000
-0.095124	0.697435	0.000000
-0.301396	0.025426	0.000000
0.041290	0.401110	0.000000
-0.212665	0.477487	0.000000
0.021292	0.365693	0.000000
-0.241125	-0.344893	0.000000
0.076188	0.026912	0.000000
-0.205311	-0.409575	0.000000
-0.119099	0.619339	0.000000
0.038283	-0.200760	0.000000
-0.246143	0.782772	0.000000
-0.346589	-0.857756	0.000000
-0.258504	-0.412284	0.000000
-0.622447	-0.274334	0.000000
-0.405088	-0.315505	0.000000
0.047736	-0.025455	0.000000
-0.678591	0.783408	0.000000
-0.116374	0.217680	0.000000
-0.542467	0.497873	0.000000
-0.200153	-0.555168	0.000000
-0.340374	0.829577	0.000000
-0.704120	0.497275	0.000000
-0.231317	-0.562096	0.000000
-0.014798	0.257153	0.000000
-0.134508	-0.819490	0.000000
-0.439889	-0.680022	0.000000
-0.123866	0.438003	0.000000
-0.626776	0.915482	0.000000
-0.229534	0.471566	0.000000
-0.533249	0.733027	0.000000
-0.525905	0.429875	0.000000
-0.314369	0.457934	0.000000
-0.122219	-0.260786	0.000000
-0.465954	-0.309091	0.000000
-0.098073	0.053113	0.000000
-0.397274	0.304507	0.000000
-0.254207	-0.544728	0.000000
-0.421232	0.290862	0.000000
-0.224044	-0.387825	0.000000
0.019279	-0.443769	0.000000
-0.672914	-0.306986	0.000000
-0.552665	-0.183688	0.000000
-0.093075	-0.066627	0.000000
-0.348437	0.513452	0.000000
-0.368052	0.852672	0.000000
0.075424	0.293241	0.000000
-0.536166	0.791018	0.000000
0.106764	-0.281237	0.000000
-0.434979	-0.302555	0.000000
-0.543039	-0.220407	0.000000
-0.935058	0.052415	0.000000
-0.267352	-0.215263	0.000000
-0.114755	-0.265078	0.000000
-0.404752	-0.265270	0.000000
0.034320	-0.690645	0.000000
-0.709741	0.022500	0.000000
-0.086279	-0.720820	0.000000
-0.067002	0.324699	0.000000
-0.284871	0.816679	0.000000
-0.601716	0.832905	0.000000
0.113932	0.312728	0.000000
-0.115134	0.171677	0.000000
-0.159510	-0.042093	0.000000
-0.237419	0.164648	0.000000
-0.746395	0.532700	0.000000
-0.712601	0.633266	0.000000
0.983738	0.102758	0.000000
-0.179508	0.383234	0.000000
-0.079448	0.435893	0.000000
-0.701101	0.312351	0.000000
-0.652123	-0.411311	0.000000
-0.256527	-0.175070	0.000000
-0.910702	-0.693606	0.000000
-0.201130	0.014399	0.000000
-0.010235	-0.112830	0.000000
-0.148025	-0.230909	0.000000
-0.212013	0.577240	0.000000
-0.518216	0.500316	0.000000
-0.203666	-0.431043	0.000000
0.044252	0.258893	0.000000
-0.235372	0.484226	0.000000
-0.368488	-0.084808	0.000000
-0.276637	0.407513	0.000000
0.113207	-0.248487	0.000000
0.056663	0.373498	0.000000
-0.257504	0.017829	0.000000
-0.311826	-0.851259	0.000000
-0.297059	-0.107219	0.000000
-0.465112	0.004553	0.000000
-0.460251	-0.762708	0.000000
0.090135	0.278179	0.000000
-0.507147	0.718823	0.000000
-0.199878	-0.468310	0.000000
-0.149187	-0.321448	0.000000
-0.283337	-0.353913	0.000000
-0.205150	-0.517801	0.000000
-0.417797	-0.355288	0.000000
0.007041	0.071141	0.000000
-0.322104	-0.676495	0.000000
-0.523869	-0.352620	0.000000
-0.657901	0.340171	0.000000
-0.627504	-0.400975	0.000000
-0.049732	-0.041298	0.000000
-0.369986	0.311293	0.000000
-0.645755	0.728511	0.000000
-0.240523	0.769264	0.000000
-0.014209	-0.127611	0.000000
-0.440071	0.275259	0.000000
-0.661497	0.560477	0.000000
-0.099818	0.308908	0.000000
0.047693	0.070096	0.000000
-0.326914	-0.263169	0.000000
-0.353916	0.805149	0.000000
0.191575	0.003011	0.000000
-0.377073	-0.201054	0.000000
-0.337119	-0.360371	0.000000
0.016721	0.274581	0.000000
-0.211650	0.498644	0.000000
-0.320937	-0.078460	0.000000
-0.148513	0.679881	0.000000
-0.358182	0.499912	0.000000
-0.098124	0.530526	0.000000
-0.537377	0.598607	0.000000
-0.266634	-0.369464	0.000000
-0.282812	0.552963	0.000000
-0.304008	0.609578	0.000000
-0.179550	-0.077894	0.000000
-0.040981	0.305293	0.000000
-0.372929	-0.633071	0.000000
-0.079710	-0.737427	0.000000
-0.415355	0.157755	0.000000
0.123716	0.064315	0.000000
-0.530741	-0.066518	0.000000
0.123344	-0.128835	0.000000
-0.327115	-0.279790	0.000000
-0.291616	-0.870239	0.000000
-0.214263	-0.480374	0.000000
-0.003665	0.006218	0.000000
0.092884	-0.361684	0.000000
-0.375181	0.362255	0.000000
-0.056902	0.191946	0.000000
0.035838	-0.581886	0.000000
0.124444	-0.023757	0.000000
-0.215426	-0.301565	0.000000
-0.695924	0.018585	0.000000
-0.219667	-0.716419	0.000000
-0.300168	0.759561	0.000000
-0.320508	-0.281456	0.000000
-0.236308	-0.346996	0.000000
-0.647139	-0.277103	0.000000
-0.638685	-0.331813	0.000000
-0.475203	0.192862	0.000000
-0.450204	-0.688699	0.000000
-0.347807	-0.290313	0.000000
-0.557936	0.535695	0.000000
-0.171753	-0.455123	0.000000
-0.420323	0.387469	0.000000
-0.759920	0.463942	0.000000
-0.688946	0.409408	0.000000
-0.248264	-0.149763	0.000000
-0.139108	-0.833248	0.000000
0.098990	0.420465	0.000000
-0.259081	-0.226831	0.000000
-0.510065	-0.364364	0.000000
-0.194383	0.202638	0.000000
-0.152707	-0.878628	0.000000
-0.059817	0.022929	0.000000
-0.506147	-0.340796	0.000000
0.138745	0.199941	0.000000
-0.480370	0.367349	0.000000
-0.012204	0.615716	0.000000
-0.172787	-0.621284	0.000000
-0.149264	0.202320	0.000000
-0.734019	-0.118862	0.000000
0.089323	-0.529054	0.000000
0.178175	0.017224	0.000000
-0.309010	-0.173362	0.000000
0.976368	0.241973	0.000000
-0.418220	0.240942	0.000000
-0.554096	-0.382011	0.000000
0.076491	-0.001812	0.000000
-0.055959	-0.158387	0.000000
-0.124649	-0.052386	0.000000
-0.042615	-0.611133	0.000000
-0.069724	0.321378	0.000000
-0.115887	0.277976	0.000000
-0.686613	0.685138	0.000000
-0.225031	0.415384	0.000000
0.133913	0.020997	0.000000
-0.571733	-0.197006	0.000000
-0.274697	0.553613	0.000000
-0.214419	-0.519070	0.000000
-0.356416	-0.184571	0.000000
-0.291544	-0.731996	0.000000
-0.581782	0.341046	0.000000
-0.213077	-0.367128	0.000000
-0.290049	0.571200	0.000000
-0.481266	0.297342	0.000000
-0.607278	0.366451	0.000000
-0.355726	-0.464724	0.000000
-0.434429	-0.499193	0.000000
-0.583561	-0.195335	0.000000
-0.215049	0.398810	0.000000
0.983924	0.036606	0.000000
-0.203138	-0.679532	0.000000
-0.244058	-0.548908	0.000000
-0.478263	-0.317357	0.000000
-0.020363	0.336159	0.000000
-0.675734	0.532528	0.000000
-0.261544	-0.250011	0.000000
-0.093711	-0.744384	0.000000
-0.111486	-0.971454	0.000000
-0.606596	0.596776	0.000000
-0.227516	0.103919	0.000000
-0.466153	-0.759407	0.000000
-0.213856	0.503358	0.000000
-0.416723	0.674707	0.000000
-0.188295	-0.639995	0.000000
-0.836156	-0.191697	0.000000
-0.213678	-0.094413	0.000000
-0.401838	-0.296549	0.000000
-0.364940	0.773513	0.000000
-0.214643	0.588217	0.000000
-0.216439	0.619381	0.000000
-0.483752	-0.633557	0.000000
-0.397718	0.292303	0.000000
-0.372531	0.838476	0.000000
-0.878065	0.054813	0.000000
-0.232122	-0.309566	0.000000
-0.206728	0.398519	0.000000
0.039253	-0.037048	0.000000
0.104456	-0.506747	0.000000
-0.419963	-0.791366	0.000000
-0.146332	0.190672	0.000000
-0.442089	-0.172180	0.000000
-0.564828	0.636009	0.000000
-0.239009	-0.185819	0.000000
-0.423635	-0.156201	0.000000
-0.288867	-0.160773	0.000000
-0.271188	-0.336106	0.000000
-0.308678	0.607774	0.000000
0.107603	0.340394	0.000000
0.033461	0.373510	0.000000
-0.076946	0.103241	0.000000
-0.066746	0.178256	0.000000
-0.465966	-0.594339	0.000000
-0.154954	0.388236	0.000000
-0.293987	-0.300941	0.000000
-0.236288	-0.179959	0.000000
-0.216425	-0.514436	0.000000
-0.303846	-0.110830	0.000000
0.032360	0.349341	0.000000
0.099196	0.264771	0.000000
-0.407071	0.213033	0.000000
0.098613	0.447675	0.000000
-0.530482	0.586612	0.000000
-0.407673	-0.347934	0.000000
-0.154242	0.411131	0.000000
-0.312939	0.725025	0.000000
-0.704634	0.045005	0.000000
0.021313	-0.310032	0.000000
-0.208268	-0.862589	0.000000
0.202233	-0.064056	0.000000
-0.181712	-0.139037	0.000000
0.094939	-0.483720	0.000000
-0.663828	-0.287172	0.000000
-0.291196	-0.682240	0.000000
0.092376	-0.470705	0.000000
-0.820622	-0.265953	0.000000
-0.189312	-0.636335	0.000000
-0.042724	-0.728961	0.000000
-0.078837	-0.223962	0.000000
-0.016443	-0.057070	0.000000
-0.088453	-0.612593	0.000000
0.966538	0.139282	0.000000
-0.154251	-0.862657	0.000000
-0.554908	0.006404	0.000000
-0.602689	-0.007712	0.000000
-0.626085	-0.109534	0.000000
0.007856	-0.068720	0.000000
0.097885	0.003046	0.000000
-0.300374	-0.585911	0.000000
0.052790	0.027551	0.000000
-0.290188	-0.354360	0.000000
-0.693281	0.582372	0.000000
-0.272854	-0.743772	0.000000
-0.288083	0.243722	0.000000
-0.485546	-0.583566	0.000000
-0.245818	-0.208324	0.000000
-0.470146	-0.125262	0.000000
-0.227010	0.240901	0.000000
-0.570471	0.545110	0.000000
-0.309229	-0.151881	0.000000
0.197084	-0.034850	0.000000
-0.563481	0.617574	0.000000
-0.199042	-0.158132	0.000000
0.023698	-0.425131	0.000000
-0.245640	0.628159	0.000000
0.052458	-0.050833	0.000000
0.009724	0.066166	0.000000
-0.181513	-0.559292	0.000000
-0.219961	-0.522136	0.000000
-0.368205	-0.096418	0.000000
-0.077880	0.577713	0.000000
-0.342253	-0.619078	0.000000
0.006613	-0.568340	0.000000
-0.158210	-0.600129	0.000000
-0.921056	-0.526174	0.000000
-0.489949	-0.534867	0.000000
-0.343518	-0.143327	0.000000
-0.003016	-0.027409	0.000000
-0.261896	0.575230	0.000000
-0.285254	-0.292333	0.000000
-0.321025	-0.189696	0.000000
0.064117	0.319247	0.000000
-0.199441	-0.583087	0.000000
-0.079346	0.427806	0.000000
-0.354531	0.832590	0.000000
0.007549	0.176719	0.000000
-0.053832	0.398189	0.000000
-0.775407	0.051703	0.000000
-0.310849	-0.572343	0.000000
-0.164830	0.641591	0.000000
-0.368603	-0.291659	0.000000
-0.077794	-0.222485	0.000000
-0.419166	-0.230885	0.000000
-0.409629	-0.382363	0.000000
-0.024553	0.461153	0.000000
-0.194693	0.136587	0.000000
-0.308757	-0.176388	0.000000
-0.712831	0.687574	0.000000
-0.014199	-0.699135	0.000000
-0.310734	-0.311215	0.000000
0.191930	-0.056104	0.000000
-0.095845	0.446960	0.000000
-0.162209	-0.356122	0.000000
-0.305617	0.536866	0.000000
0.027597	0.332367	0.000000
-0.499882	-0.676909	0.000000
-0.236835	-0.576472	0.000000
-0.020898	0.605246	0.000000
-0.242698	-0.477274	0.000000
-0.583565	0.777041	0.000000
0.973844	0.112162	0.000000
-0.748015	0.486755	0.000000
0.093439	0.428545	0.000000
-0.194646	0.077696	0.000000
0.059944	-0.501253	0.000000
-0.273181	-0.197482	0.000000
-0.116972	-0.920857	0.000000
-0.778538	0.265626	0.000000
-0.396091	0.014967	0.000000
-0.816145	-0.313890	0.000000
0.024448	-0.415675	0.000000
-0.353542	0.441169	0.000000
-0.393536	0.117812	0.000000
-0.094263	-0.090809	0.000000
0.110908	0.295267	0.000000
-0.437057	-0.170023	0.000000
-0.264534	0.755245	0.000000
-0.070989	0.029130	0.000000
-0.272662	-0.360504	0.000000
0.047454	-0.147307	0.000000
-0.457022	-0.782833	0.000000
-0.724179	-0.088031	0.000000
-0.036059	0.355830	0.000000
-0.607903	-0.070288	0.000000
-0.044184	-0.421301	0.000000
0.093601	-0.469169	0.000000
-0.330058	-0.633671	0.000000
-0.561225	0.073258	0.000000
-0.273156	-0.440316	0.000000
-0.068081	0.345407	0.000000
-0.380826	-0.249261	0.000000
-0.473949	-0.554830	0.000000
-0.412033	0.176889	0.000000
-0.639356	-0.093663	0.000000
-0.631796	0.823174	0.000000
-0.414839	0.741031	0.000000
-0.370643	0.328192	0.000000
-0.777239	-0.095648	0.000000
-0.005157	0.611936	0.000000
-0.286675	-0.679425	0.000000
-0.620839	-0.458614	0.000000
-0.079116	0.449576	0.000000
-0.216490	-0.199146	0.000000
-0.114359	-0.285569	0.000000
0.148820	-0.124999	0.000000
-0.388494	-0.488784	0.000000
-0.238856	-0.394741	0.000000
0.086878	0.402061	0.000000
-0.171599	0.348259	0.000000
0.130211	-0.102348	0.000000
-0.415234	0.354988	0.000000
-0.310945	-0.454130	0.000000
-0.233470	0.016586	0.000000
-0.702367	-0.144312	0.000000
-0.363326	-0.735423	0.000000
-0.047807	-0.727013	0.000000
-0.018092	0.284118	0.000000
-0.231572	-0.375157	0.000000
-0.079822	0.119355	0.000000
-0.169921	-0.305869	0.000000
-0.082817	0.172703	0.000000
0.050818	-0.034250	0.000000
-0.073446	-0.278663	0.000000
-0.001286	0.488959	0.000000
-0.196096	0.510373	0.000000
0.119372	-0.011741	0.000000
-0.065612	0.650789	0.000000
-0.111264	-0.661153	0.000000
-0.048272	-0.659563	0.000000
-0.220168	-0.383033	0.000000
-0.304217	-0.003125	0.000000
-0.398223	0.259180	0.000000
-0.435119	0.356958	0.000000
0.975716	0.142987	0.000000
-0.254934	-0.316059	0.000000
-0.191517	0.529391	0.000000
-0.611051	0.707130	0.000000
-0.302001	0.700864	0.000000
-0.637536	0.769868	0.000000
-0.192186	-0.397260	0.000000
0.017559	-0.481172	0.000000
-0.550480	0.354564	0.000000
-0.364659	0.390621	0.000000
-0.284833	-0.680536	0.000000
-0.120935	-0.217844	0.000000
-0.064203	-0.172385	0.000000
-0.068782	-0.624966	0.000000
-0.180901	0.135244	0.000000
-0.298149	-0.761261	0.000000
-0.195214	-0.250407	0.000000
0.189231	-0.055321	0.000000
-0.109633	-0.079806	0.000000
-0.081743	0.372325	0.000000
-0.338933	0.871417	0.000000
-0.219808	-0.462322	0.000000
-0.402382	-0.740129	0.000000
-0.604183	0.729734	0.000000
-0.739755	-0.137370	0.000000
-0.502205	-0.127631	0.000000
-0.102980	0.296581	0.000000
-0.255972	-0.405261	0.000000
-0.746070	0.293343	0.000000
-0.220797	-0.187284	0.000000
-0.698034	-0.221705	0.000000
-0.733142	-0.147942	0.000000
-0.738048	-0.240999	0.000000
-0.570897	0.465091	0.000000
-0.225136	-0.513375	0.000000
-0.231328	-0.478252	0.000000
-0.496376	0.374254	0.000000
0.059799	0.055006	0.000000
-0.467982	0.118046	0.000000
0.017512	-0.075465	0.000000
0.040993	0.444689	0.000000
-0.243578	-0.263113	0.000000
-0.624702	0.208910	0.000000
-0.222624	-0.438109	0.000000
-0.747517	0.322676	0.000000
-0.010946	0.248554	0.000000
-0.021534	-0.482439	0.000000
-0.540688	-0.357010	0.000000
-0.349561	0.258743	0.000000
-0.172848	-0.015397	0.000000
-0.655379	0.557043	0.000000
-0.549893	-0.152945	0.000000
-0.252262	-0.704478	0.000000
-0.206451	-0.523301	0.000000
-0.423461	0.196775	0.000000
0.118656	-0.135399	0.000000
-0.339323	0.890781	0.000000
-0.246264	-0.323055	0.000000
-0.301654	-0.732932	0.000000
-0.257647	0.445194	0.000000
-0.269332	-0.687520	0.000000
0.074163	-0.135372	0.000000
-0.421302	0.345896	0.000000
-0.326765	0.788898	0.000000
-0.964053	-0.574807	0.000000
-0.182740	-0.227372	0.000000
0.081504	0.155939	0.000000
-0.075167	-0.749707	0.000000
0.206282	-0.032897	0.000000
-0.439337	-0.707121	0.000000
-0.273556	-0.420067	0.000000
-0.480102	-0.589432	0.000000
-0.245366	-0.539486	0.000000
-0.223634	-0.378609	0.000000
-0.243407	0.375636	0.000000
-0.520004	-0.335594	0.000000
-0.234945	0.012941	0.000000
-0.194758	0.604130	0.000000
-0.411360	-0.103572	0.000000
-0.875678	-0.055060	0.000000
-0.341853	-0.052024	0.000000
-0.379450	-0.074753	0.000000
0.025899	-0.276563	0.000000
-0.378300	-0.628619	0.000000
-0.697656	0.495676	0.000000
-0.325189	-0.677508	0.000000
0.108123	-0.025754	0.000000
-0.397115	-0.109985	0.000000
0.087266	-0.471924	0.000000
-0.079575	0.361632	0.000000
-0.098951	-0.038338	0.000000
-0.879012	0.257633	0.000000
-0.250005	-0.470005	0.000000
0.068982	0.271909	0.000000
-0.030962	0.422583	0.000000
-0.211441	-0.757079	0.000000
-0.180572	0.346677	0.000000
-0.346168	-0.282948	0.000000
0.942242	0.424723	0.000000
0.065122	0.351968	0.000000
-0.066803	0.406251	0.000000
-0.100250	-0.530257	0.000000
0.096051	0.231948	0.000000
0.156081	-0.090130	0.000000
-0.147588	0.549000	0.000000
-0.475265	-0.603920	0.000000
-0.286490	-0.197774	0.000000
-0.133820	-0.148373	0.000000
-0.111512	-0.510185	0.000000
-0.316861	-0.568551	0.000000
-0.077770	0.454644	0.000000
-0.295114	0.712101	0.000000
0.131310	0.043427	0.000000
-0.532267	0.031510	0.000000
-0.159198	-0.344887	0.000000
-0.598526	0.163001	0.000000
-0.357440	0.127822	0.000000
-0.341120	0.070589	0.000000
-0.730736	0.600424	0.000000
-0.620668	-0.510911	0.000000
0.096252	-0.393231	0.000000
-0.068718	0.450789	0.000000
0.089022	-0.213285	0.000000
0.017401	0.326139	0.000000
-0.539955	-0.308049	0.000000
-0.432345	0.405464	0.000000
0.196849	-0.014672	0.000000
-0.461600	-0.392742	0.000000
-0.752956	0.036065	0.000000
-0.387053	0.750442	0.000000
-0.146694	0.094662	0.000000
-0.424049	0.318295	0.000000
-0.285865	0.202748	0.000000
-0.099187	-0.379359	0.000000
-0.383973	0.562191	0.000000
-0.072158	-0.742097	0.000000
-0.410773	-0.204458	0.000000
0.032409	0.325367	0.000000
-0.488009	-0.644594	0.000000
0.016727	0.171022	0.000000
-0.257261	0.055353	0.000000
0.971972	0.286312	0.000000
-0.507123	0.300717	0.000000
-0.328134	-0.519470	0.000000
-0.669246	0.818018	0.000000
0.095267	-0.049304	0.000000
-0.560755	0.384924	0.000000
0.084190	0.262736	0.000000
0.061006	-0.080658	0.000000
0.126411	0.182971	0.000000
-0.104928	0.246859	0.000000
-0.364187	-0.316245	0.000000
-0.917061	-0.686513	0.000000
-0.293675	0.216417	0.000000
-0.614441	0.370829	0.000000
-0.834141	-0.195075	0.000000
-0.342019	-0.671741	0.000000
-0.260911	0.536871	0.000000
-0.690301	-0.307566	0.000000
-0.320201	-0.336741	0.000000
0.052424	-0.288993	0.000000
-0.192640	-0.202722	0.000000
-0.227373	-0.550932	0.000000
-0.432378	0.295514	0.000000
-0.730648	0.629162	0.000000
-0.304969	-0.179853	0.000000
-0.216048	0.520082	0.000000
-0.059647	0.312708	0.000000
-0.273443	0.535063	0.000000
-0.288445	0.442325	0.000000
-0.678051	0.407012	0.000000
-0.049853	0.141882	0.000000
0.011499	-0.332711	0.000000
-0.023917	0.573553	0.000000
-0.065124	0.269115	0.000000
-0.245982	-0.272838	0.000000
-0.382092	0.324136	0.000000
-0.458651	-0.457357	0.000000
-0.284543	0.679218	0.000000
-0.237854	-0.345644	0.000000
-0.684572	0.583791	0.000000
-0.183976	-0.196619	0.000000
0.075919	0.371352	0.000000
-0.028727	-0.570764	0.000000
-0.035366	-0.702193	0.000000
0.039064	-0.364188	0.000000
-0.740790	-0.103616	0.000000
-0.288052	0.666692	0.000000
-0.570207	0.597317	0.000000
-0.123956	0.745832	0.000000
-0.481958	-0.591484	0.000000
-0.310114	0.069017	0.000000
-0.315651	-0.008389	0.000000
0.058447	-0.457923	0.000000
-0.415939	-0.153441	0.000000
-0.138764	-0.739124	0.000000
-0.285480	-0.431160	0.000000
-0.596979	0.364800	0.000000
-0.309233	-0.772336	0.000000
-0.652650	0.906196	0.000000
-0.131217	0.212256	0.000000
-0.233848	0.227851	0.000000
-0.226493	0.661970	0.000000
-0.265807	0.474903	0.000000
-0.282557	-0.194368	0.000000
-0.558671	-0.401446	0.000000
-0.572469	-0.281706	0.000000
-0.010767	0.554687	0.000000
-0.535289	0.393006	0.000000
-0.226474	-0.212110	0.000000
-0.061955	0.573509	0.000000
-0.296346	-0.357140	0.000000
-0.551556	-0.581352	0.000000
-0.083008	-0.063302	0.000000
-0.320012	-0.454239	0.000000
-0.468390	-0.480420	0.000000
-0.201274	-0.706857	0.000000
0.023442	0.474795	0.000000
0.076800	-0.536264	0.000000
-0.053207	0.487908	0.000000
0.077336	0.507686	0.000000
0.029666	-0.359367	0.000000
-0.839559	0.010359	0.000000
-0.139842	-0.955797	0.000000
0.083576	0.229939	0.000000
-0.337171	0.259852	0.000000
-0.052055	-0.562328	0.000000
-0.535844	0.420754	0.000000
-0.044174	0.591964	0.000000
0.035671	0.368737	0.000000
-0.297175	-0.668054	0.000000
0.094240	-0.303664	0.000000
-0.368577	0.779800	0.000000
-0.824945	-0.179138	0.000000
-0.185658	0.303840	0.000000
-0.329349	-0.165864	0.000000
-0.659525	0.714107	0.000000
-0.034241	0.403668	0.000000
-0.348186	-0.044990	0.000000
-0.189962	-0.230505	0.000000
-0.091268	-0.032932	0.000000
-0.166731	-0.478094	0.000000
-0.301713	0.777210	0.000000
0.015178	0.445281	0.000000
-0.115545	-0.303949	0.000000
-0.435638	-0.814815	0.000000
-0.212730	-0.512727	0.000000
-0.033108	-0.251079	0.000000
-0.323671	0.310688	0.000000
0.184899	-0.054354	0.000000
-0.655090	-0.419604	0.000000
0.023505	0.380507	0.000000
-0.489167	-0.017971	0.000000
0.117075	-0.122394	0.000000
-0.309055	-0.209074	0.000000
-0.477084	0.092929	0.000000
-0.618169	-0.430910	0.000000
-0.305305	-0.300341	0.000000
-0.160455	-0.764728	0.000000
0.090017	-0.160909	0.000000
0.106629	0.253832	0.000000
0.033518	-0.621189	0.000000
-0.545872	-0.211239	0.000000
-0.920527	-0.531304	0.000000
-0.259251	0.442638	0.000000
-0.319211	0.247417	0.000000
-0.006710	0.147604	0.000000
0.139069	0.104719	0.000000
0.005281	-0.593639	0.000000
-0.020231	0.155092	0.000000
-0.337696	-0.407088	0.000000
0.975116	0.224248	0.000000
-0.935959	-0.643059	0.000000
-0.564058	-0.511159	0.000000
-0.590400	-0.576355	0.000000
0.122085	-0.031456	0.000000
-0.564789	0.588834	0.000000
0.045756	0.420253	0.000000
-0.554243	0.536142	0.000000
-0.002639	-0.453930	0.000000
-0.201932	-0.572230	0.000000
-0.405532	-0.057966	0.000000
-0.454751	0.039356	0.000000
-0.995140	-0.521047	0.000000
-0.114757	-0.542902	0.000000
0.097407	-0.336282	0.000000
-0.137526	0.317981	0.000000
0.074448	-0.221818	0.000000
-0.521834	-0.503769	0.000000
-0.362950	0.844492	0.000000
-0.484369	-0.387635	0.000000
-0.359751	-0.054860	0.000000
0.068961	0.376482	0.000000
-0.781264	0.330845	0.000000
0.051268	-0.426370	0.000000
-0.684199	0.028560	0.000000
-0.286373	-0.227639	0.000000
-0.175338	0.361501	0.000000
-0.312471	-0.593921	0.000000
-0.524202	0.673945	0.000000
0.047246	0.144425	0.000000
-0.018932	0.229189	0.000000
-0.269580	0.356711	0.000000
-0.525332	0.138870	0.000000
-0.175250	-0.571004	0.000000
-0.165788	0.633670	0.000000
-0.353051	-0.259371	0.000000
-0.012602	0.084403	0.000000
-0.037078	0.415231	0.000000
-0.463583	-0.785443	0.000000
0.046747	-0.666793	0.000000
-0.598252	0.262634	0.000000
-0.215129	0.715462	0.000000
0.974754	-0.052344	0.000000
-0.113533	0.689855	0.000000
-0.267209	-0.145089	0.000000
-0.235697	0.243466	0.000000
0.065551	-0.447489	0.000000
-0.393678	-0.744642	0.000000
-0.139527	0.539181	0.000000
-0.539793	-0.631450	0.000000
-0.132183	-0.954640	0.000000
-0.170422	-0.023937	0.000000
-0.612186	0.765011	0.000000
0.052941	-0.327248	0.000000
0.096480	-0.518934	0.000000
-0.280811	0.575820	0.000000
-0.034151	-0.770458	0.000000
-0.022683	-0.590919	0.000000
-0.593728	0.846245	0.000000
0.015584	0.537700	0.000000
-0.112249	0.207899	0.000000
-0.160205	-0.743359	0.000000
-0.312730	0.460664	0.000000
-0.461573	-0.479093	0.000000
-0.139479	0.716571	0.000000
-0.333379	-0.712376	0.000000
0.006522	0.002679	0.000000
-0.189479	0.369803	0.000000
-0.032473	-0.163437	0.000000
-0.563054	-0.483676	0.000000
-0.101631	0.571073	0.000000
0.106624	-0.514231	0.000000
-0.240887	0.331999	0.000000
0.056803	0.416666	0.000000
-0.568696	0.476556	0.000000
-0.303926	0.669251	0.000000
-0.524803	0.670160	0.000000
-0.909958	0.090025	0.000000
-0.631383	-0.434830	0.000000
-0.308373	0.550642	0.000000
0.028467	-0.641644	0.000000
-0.255192	0.506857	0.000000
-0.056012	0.196231	0.000000
-0.023868	0.131192	0.000000
-0.596090	0.049499	0.000000
-0.230384	0.698159	0.000000
-0.043780	0.408938	0.000000
0.005611	-0.598714	0.000000
-0.283880	0.628330	0.000000
-0.346073	0.010286	0.000000
-0.222594	-0.676434	0.000000
0.018421	0.405919	0.000000
-0.362051	-0.046823	0.000000
0.032715	-0.664518	0.000000
0.935095	0.330566	0.000000
-0.393889	0.871502	0.000000
-0.442816	-0.617687	0.000000
0.162040	-0.023690	0.000000
0.107691	-0.123050	0.000000
-0.342513	0.817302	0.000000
-0.530678	0.421834	0.000000
-0.111192	-0.275786	0.000000
-0.148550	-0.604080	0.000000
-0.288163	-0.060666	0.000000
-0.631314	-0.274574	0.000000
0.033398	0.165916	0.000000
-0.398133	0.261026	0.000000
-0.583364	0.904721	0.000000
-0.312910	-0.411864	0.000000
-0.258373	-0.322603	0.000000
-0.349761	0.857012	0.000000
-0.114270	0.594475	0.000000
-0.327334	0.181213	0.000000
-0.079501	0.152839	0.000000
-0.523072	0.567970	0.000000
-0.681503	-0.350931	0.000000
-0.311080	-0.480850	0.000000
-0.634261	0.680611	0.000000
-0.302869	0.464273	0.000000
0.062155	-0.464009	0.000000
-0.397465	0.866267	0.000000
0.104970	0.129387	0.000000
0.045779	-0.237579	0.000000
-0.522645	0.286922	0.000000
-0.277466	0.564911	0.000000
-0.489522	0.480121	0.000000
-0.203259	-0.459285	0.000000
-0.376798	0.306729	0.000000
-0.017117	0.559481	0.000000
-0.511965	-0.662491	0.000000
-0.282525	-0.377391	0.000000
-0.580102	0.502944	0.000000
-0.374736	0.042887	0.000000
-0.281314	-0.276935	0.000000
-0.134718	-0.559273	0.000000
0.038285	-0.179935	0.000000
-0.121516	-0.975625	0.000000
-0.177416	0.652706	0.000000
-0.729884	0.652374	0.000000
-0.887412	0.257761	0.000000
-0.233311	-0.384598	0.000000
0.136440	0.056973	0.000000
-0.557338	-0.421229	0.000000
-0.823686	-0.200678	0.000000
-0.026093	-0.024252	0.000000
-0.781195	0.167377	0.000000
-0.588528	-0.353472	0.000000
-0.364862	0.863558	0.000000
-0.026720	0.148866	0.000000
-0.744498	-0.078555	0.000000
-0.546463	0.640540	0.000000
-0.286726	-0.181814	0.000000
-0.535146	0.129426	0.000000
0.069868	0.197175	0.000000
-0.770286	0.330334	0.000000
-0.359015	0.790923	0.000000
0.164426	-0.036281	0.000000
0.140203	0.166757	0.000000
0.169871	0.027146	0.000000
-0.250909	-0.684414	0.000000
-0.115689	0.476365	0.000000
-0.271778	0.396128	0.000000
-0.012735	0.588110	0.000000
-0.030581	-0.180706	0.000000
-0.314736	-0.633617	0.000000
-0.301106	-0.487373	0.000000
-0.188047	-0.186428	0.000000
-0.343447	-0.601093	0.000000
-0.392415	-0.013265	0.000000
-0.602041	-0.226458	0.000000
-0.590136	0.500779	0.000000
-0.257713	-0.513217	0.000000
-0.160284	0.534910	0.000000
-0.326823	-0.871667	0.000000
0.072658	-0.479304	0.000000
-0.679920	0.353626	0.000000
-0.378304	-0.136749	0.000000
-0.387345	-0.667757	0.000000
-0.457785	-0.423343	0.000000
-0.014080	-0.514449	0.000000
-0.338202	-0.231892	0.000000
0.053881	0.547145	0.000000
0.054676	-0.003276	0.000000
-0.330343	-0.651620	0.000000
-0.474793	-0.042340	0.000000
-0.052990	0.060334	0.000000
-0.447086	-0.747300	0.000000
-0.580776	0.587690	0.000000
0.088125	0.173788	0.000000
-0.424504	-0.225596	0.000000
-0.336177	0.841103	0.000000
0.085165	-0.023028	0.000000
-0.196517	0.268794	0.000000
-0.147699	0.030355	0.000000
-0.303219	0.627384	0.000000
-0.296891	-0.246798	0.000000
-0.029578	-0.701692	0.000000
-0.161697	0.334390	0.000000
0.014598	-0.549182	0.000000
-0.068865	0.537091	0.000000
-0.189142	-0.266893	0.000000
-0.272659	0.767186	0.000000
-0.361644	0.274832	0.000000
-0.075697	-0.674078	0.000000
-0.263776	-0.658929	0.000000
-0.198692	0.496063	0.000000
-0.143322	-0.843058	0.000000
-0.534075	0.463466	0.000000
-0.254535	0.720128	0.000000
-0.278587	0.234446	0.000000
-0.255246	0.013232	0.000000
-0.133523	-0.629080	0.000000
-0.722626	-0.209577	0.000000
-0.539617	0.802620	0.000000
-0.267831	-0.313614	0.000000
-0.266737	0.478566	0.000000
-0.057502	-0.308250	0.000000
-0.462044	-0.328010	0.000000
0.066089	0.246342	0.000000
-0.323333	-0.291903	0.000000
-0.083160	-0.210707	0.000000
0.014625	-0.019790	0.000000
-0.344539	0.114996	0.000000
-0.907836	-0.548875	0.000000
-0.604896	-0.273930	0.000000
-0.012195	0.183891	0.000000
-0.476298	0.044433	0.000000
-0.069242	0.089720	0.000000
0.069546	0.480548	0.000000
-0.588629	0.293886	0.000000
0.085492	-0.083781	0.000000
-0.114222	0.376604	0.000000
0.029627	-0.213594	0.000000
-0.257879	0.725362	0.000000
-0.124587	-0.759186	0.000000
0.055544	0.262454	0.000000
-0.834591	-0.195896	0.000000
-0.257220	-0.337133	0.000000
-0.665792	-0.302719	0.000000
-0.195028	-0.075329	0.000000
-0.019046	0.567746	0.000000
-0.011138	0.541643	0.000000
0.000479	0.187473	0.000000
0.055007	-0.030956	0.000000
-0.142135	0.066472	0.000000
-0.986728	-0.535563	0.000000
0.091516	-0.249566	0.000000
-0.251719	-0.339037	0.000000
-0.169310	-0.006617	0.000000
-0.400448	0.163212	0.000000
-0.266421	-0.483205	0.000000
0.075196	-0.115550	0.000000
-0.212295	-0.619237	0.000000
0.051969	-0.243148	0.000000
-0.377138	0.110452	0.000000
-0.165270	0.572333	0.000000
-0.281832	0.000559	0.000000
-0.619902	0.362268	0.000000
-0.495624	-0.023810	0.000000
-0.242169	-0.460776	0.000000
0.972085	0.405472	0.000000
-0.618549	-0.405342	0.000000
0.051897	0.111925	0.000000
-0.496029	-0.508892	0.000000
-0.188566	0.648405	0.000000
-0.008324	-0.336782	0.000000
-0.352171	-0.681524	0.000000
0.025419	-0.378467	0.000000
-0.017249	0.265014	0.000000
-0.402298	-0.200523	0.000000
-0.072956	0.421771	0.000000
-0.615850	-0.144338	0.000000
-0.088442	-0.653348	0.000000
-0.531698	-0.161830	0.000000
-0.065685	-0.124082	0.000000
-0.394091	-0.297349	0.000000
-0.284819	-0.540054	0.000000
-0.328428	-0.096368	0.000000
-0.590903	-0.342833	0.000000
-0.085688	-0.532352	0.000000
-0.408817	0.042267	0.000000
-0.217181	-0.405353	0.000000
0.048603	-0.317695	0.000000
-0.305528	-0.805824	0.000000
-0.324611	-0.805893	0.000000
-0.087777	0.307859	0.000000
-0.032293	-0.436182	0.000000
-0.283843	-0.062351	0.000000
-0.666172	0.525242	0.000000
-0.357460	0.739962	0.000000
-0.368188	-0.035586	0.000000
-0.145504	-0.752480	0.000000
-0.580161	0.500425	0.000000
-0.286273	-0.390100	0.000000
-0.132334	-0.219726	0.000000
-0.471043	-0.744377	0.000000
0.109381	0.122519	0.000000
-0.112506	0.032225	0.000000
-0.074597	-0.338182	0.000000
0.156106	-0.095145	0.000000
-0.650266	-0.227116	0.000000
-0.689631	0.157549	0.000000
-0.280013	-0.564002	0.000000
-0.443113	0.511952	0.000000
0.121780	-0.083149	0.000000
-0.165337	0.220934	0.000000
-0.076520	0.312775	0.000000
-0.253507	0.297874	0.000000
-0.086810	-0.085531	0.000000
-0.301761	-0.270893	0.000000
-0.279608	-0.527425	0.000000
0.177768	0.053311	0.000000
-0.374187	-0.645600	0.000000
-0.179974	0.295762	0.000000
-0.242018	-0.627265	0.000000
-0.270455	-0.406510	0.000000
-0.037621	-0.735928	0.000000
-0.500581	-0.283948	0.000000
-0.516818	-0.157958	0.000000
-0.104308	-0.000681	0.000000
-0.444978	-0.145778	0.000000
-0.049879	-0.232569	0.000000
-0.532552	0.402155	0.000000
-0.163111	-0.450031	0.000000
-0.757798	0.218933	0.000000
-0.197338	-0.517934	0.000000
0.028272	0.358665	0.000000
-0.381784	0.294006	0.000000
0.101010	-0.479653	0.000000
0.077832	-0.203027	0.000000
-0.296853	0.036930	0.000000
-0.096662	0.482706	0.000000
-0.693870	0.587129	0.000000
-0.074672	-0.674459	0.000000
-0.255451	-0.410262	0.000000
-0.261494	-0.360611	0.000000
-0.311442	0.740010	0.000000
-0.074276	0.384351	0.000000
-0.157081	0.398844	0.000000
0.066620	0.055567	0.000000
-0.550606	0.410330	0.000000
-0.188237	0.264693	0.000000
-0.336412	-0.873745	0.000000
0.010512	-0.269645	0.000000
-0.420132	0.242773	0.000000
-0.396560	0.177188	0.000000
-0.272964	-0.300372	0.000000
-0.292401	0.487083	0.000000
-0.294056	0.685696	0.000000
-0.298248	-0.460108	0.000000
-0.580594	-0.532707	0.000000
-0.270968	-0.131562	0.000000
-0.152599	-0.210282	0.000000
0.113487	-0.220467	0.000000
-0.261306	-0.361453	0.000000
-0.484479	0.137502	0.000000
-0.596368	0.028183	0.000000
-0.394924	-0.813320	0.000000
-0.706372	0.509074	0.000000
-0.139362	0.479222	0.000000
0.157738	0.041447	0.000000
-0.482530	-0.299769	0.000000
0.192081	-0.041736	0.000000
-0.406984	-0.540628	0.000000
-0.000174	-0.377502	0.000000
-0.003893	-0.333392	0.000000
-0.347926	0.213462	0.000000
0.078892	-0.148323	0.000000
-0.202614	-0.019445	0.000000
0.034783	0.280528	0.000000
-0.582562	0.547518	0.000000
-0.253298	-0.379983	0.000000
-0.543120	0.555515	0.000000
-0.214279	0.415965	0.000000
-0.112874	-0.105324	0.000000
-0.786822	0.185166	0.000000
0.131644	0.234223	0.000000
-0.248610	-0.277494	0.000000
-0.142873	0.401852	0.000000
-0.387035	0.738803	0.000000
-0.163838	-0.460338	0.000000
-0.110075	-0.012359	0.000000
-0.626401	0.952333	0.000000
-0.455297	-0.317426	0.000000
-0.291317	-0.063698	0.000000
0.023714	0.246471	0.000000
-0.073485	0.363694	0.000000
-0.125215	-0.420801	0.000000
0.036456	-0.699365	0.000000
-0.550535	0.812348	0.000000
-0.060892	-0.717506	0.000000
-0.273461	0.562253	0.000000
-0.281293	-0.667478	0.000000
-0.463547	-0.684981	0.000000
0.192216	-0.036443	0.000000
-0.289968	-0.457635	0.000000
-0.834122	0.164144	0.000000
-0.420536	-0.087989	0.000000
0.114175	-0.119753	0.000000
-0.359323	0.206466	0.000000
-0.586710	0.881982	0.000000
-0.196363	-0.390623	0.000000
-0.055087	0.241412	0.000000
-0.437296	-0.643667	0.000000
-0.328695	0.127746	0.000000
-0.515680	-0.112057	0.000000
-0.202869	0.135777	0.000000
0.183674	-0.122448	0.000000
-0.596227	0.550416	0.000000
-0.589461	0.706930	0.000000
-0.572604	0.492075	0.000000
-0.556181	-0.324447	0.000000
0.080462	0.227039	0.000000
-0.027599	0.596534	0.000000
-0.287062	0.718395	0.000000
-0.336102	0.780610	0.000000
-0.308596	0.708849	0.000000
-0.066328	0.112457	0.000000
-0.153465	-0.365399	0.000000
0.118026	0.425967	0.000000
0.073312	-0.494047	0.000000
-0.301663	0.707436	0.000000
-0.254300	-0.292690	0.000000
-0.275038	0.129075	0.000000
-0.099237	-0.145951	0.000000
-0.572589	0.579376	0.000000
-0.276152	-0.574621	0.000000
-0.072417	0.395568	0.000000
-0.534330	-0.043872	0.000000
-0.575857	-0.165494	0.000000
-0.344322	0.338923	0.000000
-0.387822	0.798724	0.000000
-0.762342	0.208623	0.000000
-0.059028	-0.394207	0.000000
-0.293508	-0.059235	0.000000
-0.394188	-0.275075	0.000000
0.123023	0.352710	0.000000
-0.835434	-0.182951	0.000000
-0.317913	-0.325856	0.000000
-0.213544	-0.243431	0.000000
-0.482401	0.412118	0.000000
-0.204713	-0.247125	0.000000
-0.091021	0.408152	0.000000
-0.248100	-0.253167	0.000000
-0.232235	-0.001984	0.000000
-0.352036	-0.635917	0.000000
0.120413	-0.062209	0.000000
-0.052030	-0.128203	0.000000
-0.581777	0.819078	0.000000
-0.149746	-0.133123	0.000000
-0.117072	-0.361669	0.000000
0.073133	0.490154	0.000000
-0.899487	-0.678315	0.000000
-0.976744	-0.553271	0.000000
-0.607306	-0.206907	0.000000
-0.238361	0.425424	0.000000
-0.341970	0.759869	0.000000
-0.591108	0.736313	0.000000
-0.996818	-0.514833	0.000000
-0.298748	-0.072018	0.000000
-0.001050	-0.163507	0.000000
0.079335	0.170442	0.000000
-0.276675	-0.680770	0.000000
-0.882723	0.255628	0.000000
-0.149648	-0.885976	0.000000
-0.191899	-0.224992	0.000000
-0.178100	0.225826	0.000000
-0.432994	-0.345335	0.000000
-0.401597	-0.686889	0.000000
0.123128	0.294730	0.000000
-0.340391	-0.220034	0.000000
-0.703447	0.386139	0.000000
-0.146622	-0.323646	0.000000
-0.255833	-0.229461	0.000000
-0.847538	-0.134311	0.000000
-0.833282	0.117931	0.000000
-0.140232	-0.854074	0.000000
0.012703	0.122676	0.000000
-0.096713	0.264403	0.000000
-0.061676	-0.283531	0.000000
-0.059552	-0.015406	0.000000
-0.217342	-0.622516	0.000000
-0.267927	-0.409263	0.000000
0.012396	0.506170	0.000000
-0.344655	-0.610426	0.000000
-0.400830	0.182117	0.000000
-0.307046	-0.280836	0.000000
-0.493219	0.025671	0.000000
-0.543198	0.371741	0.000000
-0.230055	-0.363752	0.000000
-0.371223	-0.356940	0.000000
-0.122221	0.285697	0.000000
0.112015	0.361011	0.000000
-0.365963	-0.087893	0.000000
-0.412649	0.119038	0.000000
-0.527505	-0.525232	0.000000
-0.250423	0.663082	0.000000
0.076389	0.000445	0.000000
0.087535	-0.634873	0.000000
-0.308266	-0.074649	0.000000
-0.649424	0.766559	0.000000
-0.641557	0.967505	0.000000
-0.411421	-0.765524	0.000000
-0.355027	-0.720101	0.000000
-0.761044	0.663075	0.000000
-0.531954	-0.433749	0.000000
-0.330756	-0.297061	0.000000
0.069699	-0.416782	0.000000
-0.633122	-0.494610	0.000000
-0.232172	-0.538865	0.000000
-0.332964	0.796001	0.000000
-0.304689	-0.169429	0.000000
-0.782180	0.647812	0.000000
-0.491676	0.622262	0.000000
-0.666581	-0.289457	0.000000
-0.184974	0.224366	0.000000
-0.416188	-0.390815	0.000000
0.083824	0.069266	0.000000
-0.603950	0.788321	0.000000
-0.282540	-0.525392	0.000000
-0.601135	-0.475127	0.000000
-0.237199	-0.590881	0.000000
-0.926220	-0.517163	0.000000
-0.359629	0.343546	0.000000
-0.368366	0.918642	0.000000
-0.415366	0.178631	0.000000
-0.273719	-0.000273	0.000000
-0.297860	-0.164340	0.000000
0.074387	0.062633	0.000000
-0.374471	0.651843	0.000000
-0.397616	0.051395	0.000000
-0.287871	-0.284091	0.000000
-0.694962	0.100315	0.000000
-0.024130	-0.091058	0.000000
-0.118786	0.480572	0.000000
-0.226344	-0.184350	0.000000
-0.132684	-0.687654	0.000000
-0.130369	0.621245	0.000000
-0.111902	-0.971486	0.000000
-0.098061	-0.221722	0.000000
-0.288886	0.259757	0.000000
-0.593905	0.682371	0.000000
-0.335041	-0.010043	0.000000
-0.055324	-0.224528	0.000000
-0.133053	-0.779942	0.000000
0.105551	0.118311	0.000000
-0.158769	-0.356777	0.000000
-0.408996	0.287715	0.000000
-0.651424	0.819635	0.000000
-0.205159	0.726833	0.000000
-0.066658	0.161073	0.000000
-0.088464	0.445878	0.000000
0.195750	-0.048118	0.000000
-0.223907	0.768663	0.000000
0.082648	0.040757	0.000000
0.164490	0.112139	0.000000
-0.570217	0.627668	0.000000
-0.511803	-0.556032	0.000000
-0.321783	-0.351674	0.000000
-0.510087	0.134002	0.000000
0.006577	-0.309034	0.000000
-0.134127	0.741372	0.000000
-0.130492	-0.958099	0.000000
-0.217496	0.267981	0.000000
-0.522311	0.523381	0.000000
-0.256831	-0.299455	0.000000
-0.288801	-0.597766	0.000000
-0.788731	0.450857	0.000000
-0.375239	0.430868	0.000000
-0.227269	0.342302	0.000000
-0.261697	0.392957	0.000000
0.077413	-0.135429	0.000000
-0.071908	0.171586	0.000000
-0.327218	0.419121	0.000000
-0.552561	0.254717	0.000000
-0.205174	-0.650049	0.000000
-0.503959	-0.655297	0.000000
-0.502211	0.664164	0.000000
-0.338337	0.752984	0.000000
-0.642291	0.817593	0.000000
-0.072320	0.382866	0.000000
-0.202679	0.715406	0.000000
-0.196358	-0.268712	0.000000
-0.322565	0.546039	0.000000
-0.320484	-0.567033	0.000000
-0.123731	0.112020	0.000000
-0.478867	-0.550030	0.000000
-0.425462	0.345151	0.000000
-0.606279	0.372887	0.000000
-0.016918	-0.392182	0.000000
-0.048776	0.356725	0.000000
-0.061340	-0.119684	0.000000
-0.225180	0.353906	0.000000
0.030478	0.498802	0.000000
-0.125298	0.443910	0.000000
-0.342634	0.718946	0.000000
-0.289850	-0.343665	0.000000
-0.272524	0.536620	0.000000
0.082899	0.095635	0.000000
-0.175288	-0.111236	0.000000
0.110636	-0.441089	0.000000
-0.167583	-0.825620	0.000000
-0.706646	0.607483	0.000000
-0.124932	0.104593	0.000000
-0.538242	0.308035	0.000000
-0.145625	0.472089	0.000000
-0.277960	-0.174197	0.000000
-0.833687	-0.196810	0.000000
-0.308500	-0.605982	0.000000
-0.913525	-0.535941	0.000000
0.130344	-0.020522	0.000000
-0.301585	-0.222140	0.000000
-0.083667	0.093342	0.000000
-0.461750	-0.655569	0.000000
-0.187003	-0.281027	0.000000
-0.339707	-0.176157	0.000000
-0.205608	0.589441	0.000000
0.021204	0.414615	0.000000
-0.376796	-0.332809	0.000000
0.976203	0.218600	0.000000
-0.910775	0.095638	0.000000
-0.399960	-0.504930	0.000000
-0.221830	0.560967	0.000000
-0.099437	0.273427	0.000000
-0.530016	0.558076	0.000000
-0.352814	-0.357151	0.000000
0.045590	-0.045613	0.000000
-0.299748	0.565757	0.000000
-0.561634	0.344417	0.000000
-0.394653	-0.541919	0.000000
-0.423910	-0.434090	0.000000
-0.034074	-0.456783	0.000000
-0.459841	-0.634016	0.000000
-0.133953	-0.916261	0.000000
-0.502338	0.679408	0.000000
-0.263240	0.806717	0.000000
0.118781	0.272885	0.000000
-0.061760	-0.198918	0.000000
-0.471905	-0.690177	0.000000
-0.331751	0.682159	0.000000
-0.578455	-0.055324	0.000000
-0.227885	0.225525	0.000000
-0.095383	0.453843	0.000000
-0.414829	-0.398781	0.000000
-0.006916	0.476809	0.000000
-0.485846	-0.629713	0.000000
0.018798	0.417791	0.000000
-0.218117	-0.333350	0.000000
-0.149544	-0.645350	0.000000
-0.551604	0.516519	0.000000
-0.483794	-0.225154	0.000000
-0.149500	0.091126	0.000000
-0.966247	-0.560144	0.000000
0.968502	-0.007968	0.000000
-0.299866	-0.086590	0.000000
-0.673983	0.521685	0.000000
-0.346335	-0.275295	0.000000
-0.708625	0.508443	0.000000
-0.468125	-0.212125	0.000000
-0.162199	0.538729	0.000000
-0.375485	-0.035903	0.000000
-0.181080	-0.314345	0.000000
-0.138252	-0.762245	0.000000
-0.279569	0.651635	0.000000
-0.344033	-0.434924	0.000000
-0.334047	0.088263	0.000000
-0.570749	0.252797	0.000000
-0.351186	-0.236905	0.000000
-0.251868	-0.246422	0.000000
-0.601269	0.309913	0.000000
-0.206085	-0.602437	0.000000
-0.413839	-0.110949	0.000000
-0.923812	-0.024535	0.000000
-0.258788	0.616347	0.000000
-0.792557	-0.185557	0.000000
-0.356498	-0.282942	0.000000
-0.132399	0.457993	0.000000
-0.087792	-0.531975	0.000000
-0.013137	0.147685	0.000000
0.175614	-0.002450	0.000000
-0.406879	0.232009	0.000000
-0.431161	0.301176	0.000000
-0.730204	0.647082	0.000000
-0.518342	0.408412	0.000000
-0.043135	0.176124	0.000000
-0.334193	-0.107211	0.000000
-0.322261	-0.353177	0.000000
-0.396239	-0.659908	0.000000
-0.322063	0.708128	0.000000
-0.301175	-0.538371	0.000000
-0.666324	-0.400458	0.000000
-0.226164	0.367290	0.000000
-0.448724	-0.634267	0.000000
-0.603215	0.389736	0.000000
-0.953931	0.079944	0.000000
-0.672846	0.694504	0.000000
-0.516864	-0.600948	0.000000
-0.406447	-0.579584	0.000000
0.037436	0.213335	0.000000
-0.423831	0.241760	0.000000
-0.310666	-0.406895	0.000000
0.115937	-0.205787	0.000000
0.964565	0.396809	0.000000
-0.175334	0.731566	0.000000
-0.352725	-0.200522	0.000000
-0.293831	-0.282075	0.000000
-0.373066	-0.618398	0.000000
-0.243672	-0.692696	0.000000
0.083946	0.070035	0.000000
-0.192667	-0.376035	0.000000
-0.239160	0.013768	0.000000
0.087666	-0.550812	0.000000
-0.267646	-0.397353	0.000000
-0.150671	-0.877032	0.000000
-0.284397	-0.449886	0.000000
-0.281219	0.241660	0.000000
0.005272	-0.626707	0.000000
-0.043416	0.400170	0.000000
-0.812834	-0.282372	0.000000
-0.160581	-0.263146	0.000000
-0.456273	-0.407975	0.000000
0.052596	-0.506707	0.000000
-0.626203	0.598536	0.000000
-0.150307	0.435569	0.000000
-0.154803	-0.349978	0.000000
-0.300478	-0.188184	0.000000
-0.037230	0.687359	0.000000
-0.204201	-0.298851	0.000000
-0.128018	0.364416	0.000000
-0.221397	-0.321628	0.000000
-0.025503	0.074178	0.000000
-0.017933	0.601536	0.000000
0.134858	0.215194	0.000000
-0.296002	-0.617205	0.000000
-0.125815	-0.854513	0.000000
0.049022	0.046067	0.000000
-0.016969	-0.032243	0.000000
-0.339154	-0.355663	0.000000
-0.260008	-0.678574	0.000000
-0.381780	0.895733	0.000000
-0.587766	0.882968	0.000000
-0.326679	-0.483045	0.000000
-0.207595	-0.399339	0.000000
-0.362923	-0.216025	0.000000
-0.071495	-0.204616	0.000000
-0.241520	0.517085	0.000000
-0.516431	0.712073	0.000000
-0.382652	0.839079	0.000000
0.968989	-0.108060	0.000000
-0.473140	0.476233	0.000000
-0.656190	0.769700	0.000000
-0.596983	0.889444	0.000000
-0.323232	-0.605583	0.000000
-0.832202	-0.135564	0.000000
-0.921285	-0.531310	0.000000
-0.139598	0.477195	0.000000
-0.230196	0.014914	0.000000
-0.052779	-0.683956	0.000000
-0.186893	-0.276229	0.000000
-0.367309	0.254397	0.000000
-0.173804	0.592509	0.000000
-0.628108	0.390431	0.000000
-0.208424	0.332088	0.000000
-0.405273	0.234286	0.000000
-0.656936	-0.076322	0.000000
0.107742	-0.299421	0.000000
0.057236	-0.539703	0.000000
-0.671243	-0.411444	0.000000
-0.293509	0.728800	0.000000
-0.175133	0.260697	0.000000
-0.790766	0.505665	0.000000
-0.221124	-0.353742	0.000000
-0.164645	0.681061	0.000000
-0.753930	0.222120	0.000000
-0.826926	-0.167071	0.000000
-0.365919	-0.045867	0.000000
-0.885755	0.256472	0.000000
-0.257317	0.018475	0.000000
0.189946	-0.065768	0.000000
0.051864	0.077055	0.000000
0.037681	-0.548610	0.000000
-0.195307	-0.609938	0.000000
-0.283548	-0.445833	0.000000
-0.248327	0.258851	0.000000
0.017445	-0.054718	0.000000
0.102329	-0.044212	0.000000
-0.206327	0.644927	0.000000
0.203554	-0.073308	0.000000
-0.370501	0.128706	0.000000
0.060325	-0.366250	0.000000
-0.013487	-0.400852	0.000000
-0.145889	-0.489387	0.000000
-0.783771	0.564010	0.000000
-0.200164	-0.703900	0.000000
-0.530014	0.444195	0.000000
-0.091573	-0.206487	0.000000
-0.032746	0.519679	0.000000
-0.485854	-0.046234	0.000000
0.172421	0.009374	0.000000
-0.373105	0.765706	0.000000
-0.080895	0.154854	0.000000
-0.246874	0.614667	0.000000
0.000936	0.433763	0.000000
-0.307764	-0.822398	0.000000
-0.384905	-0.386080	0.000000
-0.006736	-0.611235	0.000000
-0.018798	0.558519	0.000000
-0.251045	-0.527535	0.000000
-0.280995	-0.594118	0.000000
-0.057551	0.101809	0.000000
-0.832974	-0.201326	0.000000
-0.405321	0.057287	0.000000
-0.309365	-0.628175	0.000000
0.100282	0.031277	0.000000
-0.262319	0.743651	0.000000
-0.255792	0.429540	0.000000
-0.530453	-0.180802	0.000000
-0.071849	0.511130	0.000000
-0.537182	0.388621	0.000000
-0.309889	-0.725142	0.000000
-0.061375	0.515783	0.000000
-0.310725	-0.106924	0.000000
0.009278	-0.119303	0.000000
-0.291412	-0.567613	0.000000
-0.132008	0.489905	0.000000
-0.225649	0.226268	0.000000
-0.450870	0.108238	0.000000
-0.626959	0.395706	0.000000
-0.336692	-0.468937	0.000000
-0.569927	-0.390931	0.000000
-0.634504	-0.313553	0.000000
0.112047	-0.169489	0.000000
-0.416747	-0.702022	0.000000
-0.279493	-0.395848	0.000000
-0.022947	-0.120805	0.000000
0.970748	-0.036956	0.000000
-0.954846	0.047328	0.000000
-0.240113	0.678669	0.000000
-0.256342	-0.154120	0.000000
-0.195161	-0.251865	0.000000
-0.255634	-0.092800	0.000000
0.133865	0.300557	0.000000
-0.427948	0.497475	0.000000
0.087703	-0.235804	0.000000
-0.587892	0.680643	0.000000
-0.566195	0.787917	0.000000
0.089221	-0.396962	0.000000
-0.138219	0.254795	0.000000
-0.082844	0.326008	0.000000
-0.342874	-0.325011	0.000000
-0.552672	0.440606	0.000000
-0.712731	0.642682	0.000000
-0.147455	0.249682	0.000000
-0.042197	0.113124	0.000000
-0.147919	-0.240328	0.000000
-0.732135	0.240201	0.000000
0.088082	0.116975	0.000000
-0.532437	0.428100	0.000000
-0.495302	0.072453	0.000000
-0.017571	0.602457	0.000000
-0.497909	0.632084	0.000000
-0.116990	-0.294241	0.000000
-0.336878	-0.434451	0.000000
-0.207410	-0.488561	0.000000
-0.321168	-0.178121	0.000000
-0.070434	0.372763	0.000000
0.041052	-0.286864	0.000000
-0.301129	-0.629490	0.000000
-0.508082	0.562792	0.000000
-0.382056	0.312997	0.000000
-0.239382	-0.375749	0.000000
-0.269008	0.598841	0.000000
-0.096557	0.300632	0.000000
-0.096591	-0.085529	0.000000
-0.027765	0.656966	0.000000
-0.366482	0.888356	0.000000
0.018085	-0.418910	0.000000
-0.211542	-0.683421	0.000000
-0.307437	0.454389	0.000000
-0.270855	0.482855	0.000000
-0.393507	0.796200	0.000000
0.974504	0.235808	0.000000
-0.589122	-0.517384	0.000000
-0.837907	0.062386	0.000000
-0.485019	0.450085	0.000000
0.026574	-0.030476	0.000000
-0.298317	-0.215397	0.000000
0.125961	0.332109	0.000000
-0.569042	-0.112080	0.000000
-0.220970	-0.069702	0.000000
0.966004	-0.010191	0.000000
-0.097443	0.458237	0.000000
-0.122819	0.742674	0.000000
-0.206183	-0.454770	0.000000
-0.182521	0.561438	0.000000
-0.035126	0.122025	0.000000
-0.427790	-0.383615	0.000000
-0.796606	0.142143	0.000000
-0.271687	-0.225517	0.000000
-0.131747	-0.173910	0.000000
-0.612961	0.953352	0.000000
-0.124724	0.748788	0.000000
-0.197026	-0.075535	0.000000
-0.273735	0.511374	0.000000
-0.239933	-0.482835	0.000000
-0.175478	-0.660601	0.000000
-0.131043	0.417183	0.000000
-0.569045	-0.286951	0.000000
-0.364424	-0.519344	0.000000
0.062730	-0.265647	0.000000
-0.665841	0.101435	0.000000
-0.504793	-0.469186	0.000000
-0.107855	-0.113866	0.000000
-0.229226	-0.269614	0.000000
-0.408072	0.186437	0.000000
-0.286955	0.317260	0.000000
-0.068566	0.168926	0.000000
-0.383182	0.322852	0.000000
-0.199871	-0.399747	0.000000
-0.067812	0.168693	0.000000
-0.513212	0.590251	0.000000
0.027922	-0.409546	0.000000
-0.088607	0.525841	0.000000
-0.368123	-0.238827	0.000000
-0.380868	-0.613559	0.000000
-0.040550	0.491673	0.000000
-0.338389	-0.679897	0.000000
-0.492280	-0.062231	0.000000
-0.354942	-0.493778	0.000000
-0.592367	-0.557435	0.000000
-0.379923	-0.379429	0.000000
-0.098673	-0.422187	0.000000
-0.218066	-0.409689	0.000000
-0.420415	-0.058599	0.000000
-0.288534	-0.273988	0.000000
-0.008790	0.414289	0.000000
-0.151689	0.156196	0.000000
0.102205	-0.540667	0.000000
-0.082586	0.104706	0.000000
-0.274125	0.617939	0.000000
-0.043537	-0.371819	0.000000
-0.153737	-0.617663	0.000000
-0.103442	0.555738	0.000000
-0.344571	-0.287627	0.000000
-0.200978	0.464790	0.000000
-0.071112	0.338941	0.000000
0.051672	-0.663470	0.000000
-0.487899	0.018058	0.000000
-0.058888	0.468630	0.000000
0.112790	-0.062838	0.000000
-0.376717	0.730207	0.000000
-0.210473	-0.295969	0.000000
-0.333701	-0.748013	0.000000
-0.365378	-0.017597	0.000000
0.079854	-0.461812	0.000000
-0.229222	0.489046	0.000000
-0.888924	-0.686354	0.000000
0.103338	-0.063634	0.000000
0.073177	0.229799	0.000000
-0.332208	-0.290637	0.000000
-0.302314	-0.425180	0.000000
-0.016020	0.386123	0.000000
-0.109268	-0.393646	0.000000
-0.323370	-0.824070	0.000000
-0.261192	0.070858	0.000000
-0.060769	0.115441	0.000000
-0.572656	0.452118	0.000000
-0.470886	0.556415	0.000000
-0.007240	-0.267500	0.000000
-0.523917	-0.410738	0.000000
-0.345391	-0.372173	0.000000
-0.717268	-0.231260	0.000000
-0.208272	0.566273	0.000000
-0.577572	0.512450	0.000000
-0.693280	0.700067	0.000000
-0.471806	-0.268574	0.000000
-0.495808	-0.669273	0.000000
-0.414163	0.068432	0.000000
-0.474332	0.053887	0.000000
-0.287736	-0.694256	0.000000
-0.659996	0.520072	0.000000
-0.355792	0.798919	0.000000
0.075642	0.117250	0.000000
-0.218574	-0.015157	0.000000
-0.252381	-0.710485	0.000000
-0.339174	-0.119077	0.000000
-0.696658	0.674372	0.000000
-0.707872	0.714691	0.000000
-0.782694	-0.073749	0.000000
-0.203920	-0.416727	0.000000
0.012301	0.525784	0.000000
0.063953	-0.313277	0.000000
-0.084113	-0.538421	0.000000
-0.191351	-0.095163	0.000000
-0.338833	-0.646145	0.000000
-0.395344	-0.305786	0.000000
-0.884484	0.208929	0.000000
-0.109205	0.649923	0.000000
0.136131	0.269916	0.000000
-0.213464	0.516747	0.000000
-0.330868	0.225637	0.000000
0.076133	0.212426	0.000000
-0.272120	0.230137	0.000000
-0.283394	-0.386400	0.000000
-0.254907	-0.052917	0.000000
-0.465781	-0.741044	0.000000
-0.458596	-0.114156	0.000000
-0.070226	-0.621417	0.000000
-0.467227	-0.000147	0.000000
-0.082379	0.406486	0.000000
0.029150	0.108732	0.000000
-0.260191	0.728916	0.000000
0.191570	-0.026359	0.000000
-0.264607	-0.426171	0.000000
-0.048738	0.452597	0.000000
-0.902035	0.346485	0.000000
-0.493276	-0.010278	0.000000
-0.558273	0.142938	0.000000
-0.182484	-0.373928	0.000000
-0.187528	0.544133	0.000000
0.027049	0.158030	0.000000
-0.496934	0.622174	0.000000
-0.651128	-0.149055	0.000000
-0.067101	-0.372313	0.000000
0.110013	-0.114327	0.000000
-0.274644	0.427500	0.000000
-0.126338	-0.970248	0.000000
-0.333402	-0.390747	0.000000
0.046590	0.348729	0.000000
-0.663844	0.843226	0.000000
-0.319819	-0.754667	0.000000
0.092982	0.057543	0.000000
-0.366436	0.895148	0.000000
-0.352124	-0.115460	0.000000
-0.401276	-0.605229	0.000000
-0.008272	0.450617	0.000000
-0.063059	0.532614	0.000000
-0.114799	0.540104	0.000000
-0.446492	-0.332028	0.000000
-0.226090	-0.055573	0.000000
0.039807	0.403468	0.000000
-0.637356	0.432772	0.000000
-0.323542	-0.248967	0.000000
-0.482703	-0.540636	0.000000
-0.619347	0.649348	0.000000
-0.266090	0.452786	0.000000
-0.236600	0.700970	0.000000
-0.128150	-0.209910	0.000000
-0.188991	-0.449194	0.000000
-0.395134	0.847685	0.000000
-0.157302	0.647267	0.000000
-0.052642	0.419524	0.000000
-0.141773	0.330801	0.000000
0.085966	-0.277528	0.000000
-0.112753	-0.974932	0.000000
-0.407187	0.102112	0.000000
-0.294365	-0.202052	0.000000
-0.365466	0.199120	0.000000
0.084925	-0.426535	0.000000
-0.214057	-0.341629	0.000000
-0.142187	-0.120948	0.000000
0.128440	0.114775	0.000000
-0.143166	0.655260	0.000000
-0.429685	-0.802411	0.000000
0.060471	-0.477555	0.000000
-0.271480	-0.070808	0.000000
-0.583376	0.352902	0.000000
-0.443308	-0.748048	0.000000
-0.604305	0.945807	0.000000
-0.260788	-0.421642	0.000000
-0.148877	0.086000	0.000000
-0.312047	0.107621	0.000000
-0.550072	0.370604	0.000000
0.080320	-0.059303	0.000000
-0.245183	0.408966	0.000000
0.017454	0.055802	0.000000
-0.150350	-0.564244	0.000000
-0.747507	0.243960	0.000000
-0.222515	0.586449	0.000000
-0.312891	-0.196036	0.000000
-0.349065	-0.090654	0.000000
0.126638	-0.160245	0.000000
-0.277206	0.703717	0.000000
-0.438658	-0.555104	0.000000
-0.304607	-0.411810	0.000000
-0.297680	-0.414947	0.000000
-0.006702	-0.664882	0.000000
-0.110019	0.413627	0.000000
0.014407	0.333433	0.000000
-0.295431	-0.338393	0.000000
-0.121082	0.030617	0.000000
-0.234741	0.526680	0.000000
-0.232012	-0.328851	0.000000
-0.342590	0.217304	0.000000
-0.537894	0.575948	0.000000
-0.401410	0.285265	0.000000
0.011763	-0.181656	0.000000
0.158085	0.049381	0.000000
0.013091	0.051332	0.000000
-0.232908	-0.058037	0.000000
-0.181397	-0.653749	0.000000
-0.655790	-0.327793	0.000000
-0.199670	-0.128067	0.000000
-0.318752	-0.428827	0.000000
-0.033426	-0.585892	0.000000
-0.621135	-0.148498	0.000000
-0.095433	-0.038003	0.000000
-0.275001	0.619034	0.000000
-0.355321	0.876860	0.000000
-0.009975	0.520418	0.000000
-0.030268	0.568916	0.000000
-0.343273	-0.633462	0.000000
-0.465035	0.497995	0.000000
-0.244124	-0.445963	0.000000
-0.279205	-0.515539	0.000000
-0.253204	-0.364586	0.000000
-0.498660	0.449483	0.000000
-0.387740	-0.745614	0.000000
0.102985	0.091122	0.000000
-0.176045	-0.492974	0.000000
0.065399	0.271211	0.000000
-0.116025	-0.333814	0.000000
0.003348	0.113892	0.000000
-0.745426	-0.223877	0.000000
-0.042259	0.234617	0.000000
-0.178048	0.554586	0.000000
-0.865240	0.109924	0.000000
-0.276489	-0.577453	0.000000
-0.645805	-0.208802	0.000000
-0.148627	0.554692	0.000000
-0.254688	-0.457689	0.000000
-0.265170	0.003413	0.000000
-0.008332	0.197636	0.000000
-0.219225	-0.577463	0.000000
0.016883	-0.372790	0.000000
-0.231122	-0.602006	0.000000
-0.047874	0.431869	0.000000
-0.434988	0.286250	0.000000
0.171172	-0.063878	0.000000
-0.323237	-0.281092	0.000000
-0.407569	-0.036284	0.000000
-0.036465	0.579883	0.000000
-0.296141	0.784615	0.000000
-0.675901	0.116553	0.000000
-0.502054	0.338914	0.000000
0.141407	0.294405	0.000000
0.159446	0.097002	0.000000
-0.160772	-0.629324	0.000000
-0.936155	0.101662	0.000000
-0.561589	0.566965	0.000000
-0.408471	-0.775457	0.000000
-0.499602	0.710953	0.000000
-0.551406	0.562808	0.000000
-0.292325	-0.333124	0.000000
-0.132920	-0.111475	0.000000
-0.311604	0.233062	0.000000
-0.295601	-0.166179	0.000000
0.054191	0.306612	0.000000
-0.484534	-0.126770	0.000000
-0.066278	0.216509	0.000000
-0.186844	-0.662934	0.000000
-0.633989	0.498101	0.000000
-0.137654	-0.310934	0.000000
-0.288536	-0.752644	0.000000
-0.068349	0.201616	0.000000
-0.742910	0.344270	0.000000
-0.273469	-0.355676	0.000000
-0.577668	0.389944	0.000000
-0.508297	0.379566	0.000000
-0.187648	0.313063	0.000000
-0.288076	0.499455	0.000000
-0.327827	-0.274053	0.000000
0.199210	-0.032440	0.000000
-0.609458	0.888160	0.000000
-0.735695	-0.077363	0.000000
-0.579496	0.551695	0.000000
-0.540385	0.430425	0.000000
-0.067738	0.394102	0.000000
-0.402211	0.132639	0.000000
-0.105445	0.170093	0.000000
-0.230909	-0.324343	0.000000
-0.429040	-0.449296	0.000000
-0.352676	-0.066174	0.000000
-0.294740	-0.459907	0.000000
0.175021	0.012699	0.000000
-0.054654	-0.576309	0.000000
-0.351550	-0.041616	0.000000
-0.498640	0.674300	0.000000
-0.315254	-0.522893	0.000000
-0.336190	0.141228	0.000000
-0.013174	0.449567	0.000000
0.118147	0.288488	0.000000
0.042492	-0.175619	0.000000
0.099348	-0.503454	0.000000
-0.388807	-0.473994	0.000000
-0.707371	0.286657	0.000000
-0.276689	0.299536	0.000000
-0.200966	-0.642957	0.000000
-0.248133	-0.313403	0.000000
-0.149517	-0.919477	0.000000
-0.845371	-0.134679	0.000000
-0.918849	-0.677799	0.000000
-0.427362	0.198709	0.000000
-0.602552	0.850787	0.000000
-0.473371	-0.538518	0.000000
-0.170385	-0.721783	0.000000
-0.609340	0.622117	0.000000
0.044132	0.182564	0.000000
-0.282194	-0.512023	0.000000
-0.617844	-0.413874	0.000000
-0.045362	0.606010	0.000000
-0.068660	-0.323962	0.000000
-0.374242	0.793983	0.000000
-0.353635	0.639620	0.000000
-0.497245	-0.684785	0.000000
0.028110	-0.343141	0.000000
0.022447	-0.387849	0.000000
-0.051889	0.628064	0.000000
-0.591641	0.377474	0.000000
-0.615652	0.001371	0.000000
-0.577184	0.597126	0.000000
-0.049641	0.541827	0.000000
-0.312497	-0.031139	0.000000
-0.317025	-0.483998	0.000000
-0.468260	-0.342784	0.000000
0.035316	-0.412324	0.000000
-0.614606	0.357297	0.000000
-0.127671	0.442555	0.000000
0.055794	0.424365	0.000000
-0.224024	-0.665940	0.000000
0.073893	-0.288401	0.000000
-0.215548	-0.154306	0.000000
-0.223382	-0.579676	0.000000
-0.091666	0.659902	0.000000
-0.314927	0.699452	0.000000
-0.715543	-0.003954	0.000000
-0.268753	-0.218453	0.000000
-0.234256	0.378289	0.000000
0.085590	-0.441136	0.000000
-0.101487	0.152933	0.000000
-0.190234	-0.567202	0.000000
-0.271195	-0.233351	0.000000
-0.068653	0.369338	0.000000
0.132087	0.030190	0.000000
-0.209833	-0.863811	0.000000
-0.332804	0.002529	0.000000
-0.204601	-0.618984	0.000000
0.109219	0.118702	0.000000
-0.299011	0.761984	0.000000
0.032151	-0.694876	0.000000
-0.068828	-0.210188	0.000000
0.088534	-0.021532	0.000000
-0.485883	-0.281123	0.000000
-0.619087	0.540319	0.000000
-0.594656	0.637344	0.000000
-0.138132	-0.952855	0.000000
-0.233419	0.135672	0.000000
-0.138600	-0.900124	0.000000
-0.028911	-0.065391	0.000000
-0.759189	-0.000820	0.000000
-0.045565	-0.057290	0.000000
-0.437435	-0.750333	0.000000
-0.315934	0.445615	0.000000
-0.532594	-0.429754	0.000000
-0.306433	0.564630	0.000000
-0.294648	-0.499398	0.000000
-0.192238	-0.235545	0.000000
0.041601	-0.070178	0.000000
-0.387236	-0.002363	0.000000
-0.228325	0.561365	0.000000
-0.555331	-0.050024	0.000000
-0.128390	0.381062	0.000000
-0.578028	0.580031	0.000000
-0.148266	-0.307231	0.000000
-0.331361	0.254664	0.000000
-0.895961	0.136544	0.000000
0.985542	0.147135	0.000000
-0.144553	-0.874799	0.000000
-0.650333	-0.212254	0.000000
-0.240798	0.058208	0.000000
-0.165962	-0.392269	0.000000
-0.394418	0.826569	0.000000
-0.490604	-0.403833	0.000000
-0.801177	0.394379	0.000000
-0.088610	-0.625848	0.000000
0.081680	-0.078638	0.000000
-0.445201	-0.700166	0.000000
-0.195130	-0.636395	0.000000
-0.499977	0.689018	0.000000
-0.938266	-0.617511	0.000000
-0.175901	0.367050	0.000000
-0.267403	-0.376468	0.000000
0.109939	-0.509199	0.000000
0.983950	0.139135	0.000000
-0.352497	0.739786	0.000000
-0.200080	0.149597	0.000000
0.087100	-0.264775	0.000000
-0.053674	0.231251	0.000000
-0.110058	-0.771235	0.000000
0.010398	-0.469150	0.000000
-0.841227	-0.096059	0.000000
-0.180640	-0.492254	0.000000
-0.295011	-0.050435	0.000000
-0.192477	0.018523	0.000000
-0.303511	-0.278257	0.000000
-0.330055	0.477203	0.000000
-0.152202	0.329285	0.000000
-0.249386	-0.269959	0.000000
-0.833731	-0.201327	0.000000
-0.680988	-0.323805	0.000000
-0.412323	0.091757	0.000000
-0.142363	-0.720457	0.000000
-0.781459	-0.021147	0.000000
-0.292283	-0.292674	0.000000
0.106664	0.090560	0.000000
-0.851241	-0.124397	0.000000
-0.366188	-0.677929	0.000000
-0.398082	0.079245	0.000000
-0.259131	0.249255	0.000000
-0.225293	0.596698	0.000000
-0.104571	-0.509039	0.000000
-0.279312	-0.019368	0.000000
-0.101681	-0.235829	0.000000
-0.237237	-0.256767	0.000000
-0.036040	-0.715755	0.000000
-0.507179	-0.675509	0.000000
-0.070680	-0.738872	0.000000
-0.172521	-0.431717	0.000000
-0.298501	-0.117672	0.000000
-0.201687	-0.183503	0.000000
-0.343762	-0.711661	0.000000
-0.388898	0.871482	0.000000
0.080501	-0.584203	0.000000
-0.146863	-0.086989	0.000000
-0.518454	-0.379033	0.000000
0.181765	-0.057956	0.000000
0.086936	-0.007455	0.000000
0.098730	0.262480	0.000000
0.033686	-0.450450	0.000000
-0.086203	0.228375	0.000000
-0.055991	-0.796682	0.000000
-0.230278	0.384469	0.000000
0.050320	-0.612262	0.000000
-0.096171	0.119636	0.000000
-0.788358	-0.270548	0.000000
-0.288215	-0.159494	0.000000
-0.750489	-0.122670	0.000000
-0.397195	-0.479940	0.000000
0.087459	-0.147555	0.000000
-0.015644	0.101995	0.000000
-0.141655	-0.691450	0.000000
0.105838	0.234185	0.000000
-0.303133	-0.830471	0.000000
-0.668747	0.305475	0.000000
-0.333916	0.429305	0.000000
-0.514132	-0.080611	0.000000
-0.299285	-0.169581	0.000000
0.164839	0.064907	0.000000
0.118360	0.273984	0.000000
-0.173443	0.255594	0.000000
-0.156209	-0.106026	0.000000
-0.241765	0.454312	0.000000
-0.518995	-0.416432	0.000000
-0.353206	0.849406	0.000000
-0.390924	0.219868	0.000000
-0.293224	0.297359	0.000000
-0.199633	-0.560370	0.000000
0.006612	0.243727	0.000000
-0.157010	0.721905	0.000000
-0.726389	0.248055	0.000000
-0.067557	0.242711	0.000000
-0.674564	-0.272672	0.000000
-0.370503	-0.372528	0.000000
-0.544281	0.108888	0.000000
-0.425234	-0.242640	0.000000
0.082430	-0.511463	0.000000
-0.670587	0.526411	0.000000
-0.065132	-0.689927	0.000000
-0.467151	-0.341695	0.000000
-0.906294	-0.513012	0.000000
-0.205209	0.031239	0.000000
0.127597	-0.218038	0.000000
-0.251905	-0.224447	0.000000
-0.495880	-0.499771	0.000000
-0.441089	-0.655872	0.000000
-0.439782	-0.425105	0.000000
-0.227446	0.033729	0.000000
-0.100132	0.216672	0.000000
-0.242520	-0.372908	0.000000
-0.481676	-0.769866	0.000000
-0.450881	-0.293461	0.000000
-0.223131	-0.055353	0.000000
-0.281136	-0.047716	0.000000
-0.008874	-0.123456	0.000000
-0.275859	-0.040300	0.000000
-0.262471	0.713755	0.000000
-0.430066	-0.373137	0.000000
-0.269691	-0.469119	0.000000
-0.399509	-0.238164	0.000000
0.062697	0.057983	0.000000
-0.649343	0.817287	0.000000
-0.404539	0.203900	0.000000
0.073640	-0.323641	0.000000
-0.421493	0.101922	0.000000
0.113431	-0.093478	0.000000
0.112407	-0.326291	0.000000
-0.267875	0.264286	0.000000
-0.430319	0.330720	0.000000
-0.688038	-0.304750	0.000000
-0.417941	-0.306867	0.000000
0.122097	-0.009476	0.000000
-0.505354	0.108931	0.000000
-0.799043	0.178604	0.000000
-0.342583	-0.855956	0.000000
0.034915	-0.281013	0.000000
-0.280355	-0.218288	0.000000
-0.346490	-0.102345	0.000000
-0.236981	0.259058	0.000000
0.085062	-0.290399	0.000000
-0.298892	0.222258	0.000000
-0.028452	0.426142	0.000000
-0.182909	-0.494881	0.000000
-0.918204	0.065151	0.000000
0.046799	-0.113237	0.000000
-0.019853	0.455907	0.000000
-0.339078	0.061112	0.000000
-0.286479	-0.847858	0.000000
-0.217736	0.268132	0.000000
0.042736	0.367171	0.000000
-0.125368	0.723700	0.000000
-0.112796	-0.968512	0.000000
-0.078513	0.457271	0.000000
-0.042855	0.231668	0.000000
-0.051912	0.505633	0.000000
-0.348375	-0.551834	0.000000
-0.629224	0.521482	0.000000
-0.909033	0.330197	0.000000
-0.279992	-0.265907	0.000000
-0.380423	-0.001596	0.000000
-0.066955	-0.427818	0.000000
-0.327975	-0.370430	0.000000
-0.595430	-0.470520	0.000000
-0.617784	0.471700	0.000000
-0.391531	0.807066	0.000000
-0.382245	-0.363530	0.000000
-0.523030	-0.630694	0.000000
-0.547169	-0.423785	0.000000
-0.019861	0.219009	0.000000
-0.288843	-0.744792	0.000000
-0.217663	-0.622971	0.000000
-0.601511	0.593743	0.000000
0.077229	-0.297699	0.000000
-0.324171	-0.312608	0.000000
-0.177350	0.380075	0.000000
-0.635874	0.773764	0.000000
-0.166452	-0.048211	0.000000
-0.063256	0.322316	0.000000
0.053690	0.197815	0.000000
-0.626966	0.827701	0.000000
-0.075888	0.613464	0.000000
-0.278428	-0.491221	0.000000
-0.015369	0.100039	0.000000
-0.187479	-0.229372	0.000000
-0.367019	0.740772	0.000000
-0.346718	-0.101812	0.000000
0.070727	-0.425009	0.000000
-0.237862	-0.370763	0.000000
0.020392	0.448174	0.000000
-0.696332	0.036508	0.000000
-0.469026	-0.575096	0.000000
-0.212191	-0.273695	0.000000
-0.826917	0.145500	0.000000
-0.252826	-0.308330	0.000000
-0.261298	0.347561	0.000000
-0.384237	-0.162667	0.000000
0.103426	-0.516145	0.000000
-0.198287	0.172894	0.000000
-0.155582	-0.612947	0.000000
-0.250076	-0.519701	0.000000
-0.590294	0.270400	0.000000
-0.397472	-0.739838	0.000000
-0.273861	0.481707	0.000000
-0.417082	-0.769461	0.000000
-0.370475	0.298871	0.000000
-0.312311	-0.476310	0.000000
0.028247	-0.027224	0.000000
-0.649723	-0.430020	0.000000
-0.398671	-0.120074	0.000000
-0.283471	-0.214754	0.000000
-0.116452	0.285250	0.000000
-0.261144	-0.188896	0.000000
-0.600105	-0.377538	0.000000
-0.640672	0.753215	0.000000
